player_id,season_name,n_clubs,n_leagues,chronology_known,clubs_ordered,leagues_ordered,cross_league
261,V3_2025_26,2,2,True,Hibernian FC → Swindon Town,Premiership → League Two,True
339,V3_2025_26,2,2,True,Derby County → Rapid Vienna,Championship → Admiral Bundesliga,True
340,V3_2025_26,2,1,True,Sheffield Wednesday → Millwall FC,Championship,False
795,V3_2025_26,2,2,True,Oxford United → Stevenage FC,Championship → League One,True
798,V3_2025_26,2,2,True,Los Angeles FC → LOSC Lille,Major League Soccer → Ligue 1,True
822,V3_2025_26,2,2,True,Wrexham AFC → Derry City,Championship → Premier Division,True
827,V3_2025_26,2,1,True,Al-Duhail SC → Al-Wakrah SC,Stars League,False
853,V3_2025_26,2,2,True,D.C. United → Al-Wahda FC,Major League Soccer → UAE Pro League,True
871,V3_2025_26,2,1,True,Bandirma Spor → Igdir FK,1. Lig,False
1001,V3_2025_26,2,2,True,San Diego FC → Hull City,Major League Soccer → Championship,True
1004,V3_2025_26,2,2,False,Sociedade Esportiva Palmeiras + Fulham FC,Serie A + Premier League,True
1022,V3_2025_26,2,1,True,Sheffield United → Birmingham City,Championship,False
1109,V3_2025_26,2,2,True,Charlotte FC → Derby County,Major League Soccer → Championship,True
1123,V3_2025_26,2,1,True,Cruzeiro Esporte Clube → Associação Chapecoense de Futebol,Serie A,False
1155,V3_2025_26,2,1,True,West Ham United → Burnley FC,Premier League,False
1193,V3_2025_26,2,2,True,Al-Ittihad Club → Fenerbahce,Pro League → Super Lig,True
1244,V3_2025_26,2,2,True,Sport Club Internacional → CF Pachuca,Serie A → Liga MX,True
1358,V3_2025_26,2,2,True,ACF Fiorentina → FC Schalke 04,Serie A → 2. Bundesliga,True
1380,V3_2025_26,2,2,True,Watford FC → Panathinaikos,Championship → Super League,True
1421,V3_2025_26,2,2,True,Olympiacos Piraeus → FC Nantes,Super League → Ligue 1,True
1441,V3_2025_26,2,2,True,Beşiktaş JK → Sport Club Corinthians Paulista,Super Lig → Serie A,True
1442,V3_2025_26,2,1,True,Falkirk FC → Livingston FC,Premiership,False
1452,V3_2025_26,2,1,True,CA River Plate → CA Vélez Sarsfield,Liga Profesional de Fútbol,False
1466,V3_2025_26,2,2,True,Toronto FC → Waterford FC,Major League Soccer → Premier Division,True
1625,V3_2025_26,2,2,True,Fatih Karagümrük → Port Vale FC,Super Lig → League One,True
1651,V3_2025_26,2,2,True,Real Oviedo → CF Pachuca,La Liga → Liga MX,True
1673,V3_2025_26,2,1,True,Birmingham City → Portsmouth FC,Championship,False
1685,V3_2025_26,2,1,True,Queens Park Rangers → Norwich City,Championship,False
1876,V3_2025_26,2,1,True,CA Boca Juniors → Racing Club,Liga Profesional de Fútbol,False
2318,V3_2025_26,2,1,True,Stockport County → Wigan Athletic,League One,False
2337,V3_2025_26,2,2,True,Real Salt Lake City → Dundee United FC,Major League Soccer → Premiership,True
2536,V3_2025_26,2,1,True,Tranmere Rovers → Bristol Rovers,League Two,False
2712,V3_2025_26,2,2,True,Southampton FC → Western Sydney Wanderers,Championship → A-League Men,True
2876,V3_2025_26,2,1,True,Molde FK → KFUM-Kameratene Oslo,Eliteserien,False
2951,V3_2025_26,2,2,True,Southampton FC → Wolverhampton Wanderers,Championship → Premier League,True
2985,V3_2025_26,2,2,True,Newcastle United → Leicester City,Premier League → Championship,True
2999,V3_2025_26,2,1,True,Luton Town → Wycombe Wanderers,League One,False
3043,V3_2025_26,2,1,True,Wrexham AFC → Charlton Athletic,Championship,False
3139,V3_2025_26,2,2,True,Beşiktaş JK → Aston Villa,Super Lig → Premier League,True
3179,V3_2025_26,2,2,True,Atlanta United FC → Reading FC,Major League Soccer → League One,True
3184,V3_2025_26,2,1,True,Chengdu Rongcheng → Shenzhen Peng City,Super League,False
3230,V3_2025_26,2,2,False,Stockport County + Derby County,League One + Championship,True
3267,V3_2025_26,2,2,True,Hull City → Luton Town,Championship → League One,True
3300,V3_2025_26,2,1,False,West Bromwich Albion + Southampton FC,Championship,False
3385,V3_2025_26,2,2,True,Levadiakos → Kilmarnock FC,Super League → Premiership,True
3398,V3_2025_26,2,2,True,Oxford United → Barnsley FC,Championship → League One,True
3433,V3_2025_26,2,1,True,Chesterfield FC → Accrington Stanley,League Two,False
3665,V3_2025_26,2,2,True,Sakaryaspor → AE Larisa,1. Lig → Super League,True
4107,V3_2025_26,2,2,False,Doncaster Rovers + Wrexham AFC,League One + Championship,True
4161,V3_2025_26,2,1,True,Audax Italiano → Club Universidad de Chile,Primera Division,False
4207,V3_2025_26,2,2,False,Burton Albion + Wrexham AFC,League One + Championship,True
4254,V3_2025_26,2,2,True,Ajax Amsterdam → Sunderland AFC,Eredivisie → Premier League,True
4277,V3_2025_26,2,2,True,Sunderland AFC → Birmingham City,Premier League → Championship,True
4317,V3_2025_26,2,1,True,FC Cincinnati → Real Salt Lake City,Major League Soccer,False
4323,V3_2025_26,2,2,True,Preston North End → Reading FC,Championship → League One,True
4439,V3_2025_26,2,1,False,Deportivo Alavés + Villarreal CF,La Liga,False
4479,V3_2025_26,2,2,False,CD Tondela + Alanyaspor,Liga Portugal + Super Lig,True
4507,V3_2025_26,2,1,True,West Bromwich Albion → Ipswich Town,Championship,False
4583,V3_2025_26,2,2,False,Hibernian FC + Middlesbrough FC,Premiership + Championship,True
4599,V3_2025_26,2,2,True,Panserraikos → Avs Futebol,Super League → Liga Portugal,True
4613,V3_2025_26,2,2,True,Rangers FC → Sheffield United,Premiership → Championship,True
4637,V3_2025_26,2,2,True,OGC Nice → Juventus FC,Ligue 1 → Serie A,True
4842,V3_2025_26,2,2,False,Galatasaray + Manchester City,Super Lig + Premier League,True
4978,V3_2025_26,2,1,True,Stockport County → Exeter City,League One,False
5071,V3_2025_26,2,2,True,Union Saint-Gilloise → Le Havre AC,Pro League → Ligue 1,True
5321,V3_2025_26,2,2,True,Atalanta BC → Atlético de Madrid,Serie A → La Liga,True
5558,V3_2025_26,2,1,True,Grimsby Town → Barrow AFC,League Two,False
5935,V3_2025_26,2,1,True,Blackpool FC → Bradford City,League One,False
6042,V3_2025_26,2,1,True,Real Zaragoza → Cultural Leonesa,La Liga 2,False
6087,V3_2025_26,2,2,False,FC Midtjylland + AFC Bournemouth,Superliga + Premier League,True
6230,V3_2025_26,2,2,True,Eintracht Braunschweig → FK Partizan Belgrade,2. Bundesliga → Super Liga,True
6301,V3_2025_26,2,2,True,Stade Rennais FC → FC Porto,Ligue 1 → Liga Portugal,True
6316,V3_2025_26,2,1,True,Qingdao Hainiu → Chengdu Rongcheng,Super League,False
6361,V3_2025_26,2,2,True,Kocaelispor → Igdir FK,Super Lig → 1. Lig,True
6377,V3_2025_26,2,2,True,Luton Town → Sheffield Wednesday,League One → Championship,True
6470,V3_2025_26,2,2,True,Derby County → Reading FC,Championship → League One,True
6513,V3_2025_26,2,1,True,Charlton Athletic → Southampton FC,Championship,False
6649,V3_2025_26,2,1,True,Swindon Town → Newport County,League Two,False
7055,V3_2025_26,2,2,True,CD Tondela → FC Zürich,Liga Portugal → Super League,True
7206,V3_2025_26,2,2,True,Kuopion Palloseura → FK Haugesund,Veikkausliiga → Eliteserien,True
7250,V3_2025_26,2,1,True,Bristol City → Wrexham AFC,Championship,False
7278,V3_2025_26,2,2,True,Luton Town → Portsmouth FC,League One → Championship,True
7296,V3_2025_26,2,2,True,Dalian Yingbo → Sport Club Corinthians Paulista,Super League → Serie A,True
7309,V3_2025_26,2,1,True,Wycombe Wanderers → AFC Wimbledon,League One,False
7316,V3_2025_26,2,1,True,Bolton Wanderers → Stockport County,League One,False
7570,V3_2025_26,2,1,True,Stockport County → Barnsley FC,League One,False
7636,V3_2025_26,2,1,True,Blackburn Rovers → Derby County,Championship,False
7643,V3_2025_26,2,1,True,Crystal Palace → Arsenal FC,Premier League,False
7802,V3_2025_26,2,1,True,Parma Calcio 1913 → US Cremonese,Serie A,False
7835,V3_2025_26,2,1,False,Derby County + Southampton FC,Championship,False
7909,V3_2025_26,2,2,True,Derby County → Milton Keynes Dons,Championship → League Two,True
7958,V3_2025_26,2,2,True,Sheffield United → Bröndby IF,Championship → Superliga,True
8047,V3_2025_26,2,1,False,West Bromwich Albion + Birmingham City,Championship,False
8264,V3_2025_26,2,2,True,Derby County → Bolton Wanderers,Championship → League One,True
8333,V3_2025_26,2,1,True,San Diego FC → Charlotte FC,Major League Soccer,False
8688,V3_2025_26,2,2,True,Plymouth Argyle → AC Horsens,League One → First Division,True
8740,V3_2025_26,2,1,True,Ipswich Town → Derby County,Championship,False
8872,V3_2025_26,2,2,True,Cheltenham Town → Doncaster Rovers,League Two → League One,True
8900,V3_2025_26,2,2,True,Bradford City → Grimsby Town,League One → League Two,True
8934,V3_2025_26,3,2,False,Port Vale FC + Luton Town + West Bromwich Albion,League One + Championship,True
9138,V3_2025_26,2,1,True,Bradford City → Doncaster Rovers,League One,False
9529,V3_2025_26,2,1,True,Bolton Wanderers → Wycombe Wanderers,League One,False
9555,V3_2025_26,2,1,True,Crawley Town → Barnet FC,League Two,False
9557,V3_2025_26,2,1,True,Oldham Athletic → Bristol Rovers,League Two,False
9658,V3_2025_26,2,2,False,Barnsley FC + Wrexham AFC,League One + Championship,True
10897,V3_2025_26,2,2,True,Wycombe Wanderers → Salford City,League One → League Two,True
12139,V3_2025_26,2,1,True,Wigan Athletic → Bradford City,League One,False
12216,V3_2025_26,2,1,True,Ipswich Town → Portsmouth FC,Championship,False
12227,V3_2025_26,2,2,True,Bradford City → Dundee FC,League One → Premiership,True
12352,V3_2025_26,2,1,True,SJK Seinäjoki → IF Gnistan,Veikkausliiga,False
12445,V3_2025_26,2,2,True,Leyton Orient → Gillingham FC,League One → League Two,True
12483,V3_2025_26,2,2,True,Derby County → Bradford City,Championship → League One,True
12514,V3_2025_26,2,2,True,Leicester City → Leeds United,Championship → Premier League,True
12594,V3_2025_26,2,1,True,St. Patrick's Athletic → Shamrock Rovers,Premier Division,False
13489,V3_2025_26,2,1,True,Blackburn Rovers → Wrexham AFC,Championship,False
13887,V3_2025_26,2,1,True,Cambridge United → Crawley Town,League Two,False
13892,V3_2025_26,2,2,False,AC Oulu + FC Tatran Presov,Veikkausliiga + Niké Liga,True
14302,V3_2025_26,3,3,True,Houston Dynamo FC → Doncaster Rovers → Aberdeen FC,Major League Soccer → League One → Premiership,True
15128,V3_2025_26,2,1,True,Derby County → Portsmouth FC,Championship,False
19821,V3_2025_26,2,1,True,Puskás Akadémia FC → Diósgyőri VTK,NB I,False
20401,V3_2025_26,2,1,True,Barnet FC → Notts County,League Two,False
20506,V3_2025_26,2,2,True,Millwall FC → Plymouth Argyle,Championship → League One,True
21995,V3_2025_26,2,1,True,Walsall FC → Barrow AFC,League Two,False
22660,V3_2025_26,2,1,True,Shrewsbury Town → Newport County,League Two,False
24613,V3_2025_26,2,2,True,Los Angeles Galaxy → FC Copenhagen,Major League Soccer → Superliga,True
24840,V3_2025_26,2,1,True,Igdir FK → Serik Spor,1. Lig,False
25063,V3_2025_26,2,2,True,Atlanta United FC → Cracovia,Major League Soccer → Ekstraklasa,True
25081,V3_2025_26,2,2,True,Livingston FC → Kayserispor,Premiership → Super Lig,True
25087,V3_2025_26,2,1,True,Stade Rennais FC → Olympique Lyon,Ligue 1,False
25096,V3_2025_26,2,1,True,Atlas Guadalajara → CF Monterrey,Liga MX,False
25120,V3_2025_26,2,1,True,Genoa CFC → US Cremonese,Serie A,False
25123,V3_2025_26,2,2,True,Le Havre AC → PEC Zwolle,Ligue 1 → Eredivisie,True
25137,V3_2025_26,2,2,True,Esporte Clube Bahia → CA Independiente,Serie A → Liga Profesional de Fútbol,True
25146,V3_2025_26,2,2,True,Kocaelispor → Sivasspor,Super Lig → 1. Lig,True
25160,V3_2025_26,2,2,True,Al-Kholood Club → Al-Ahli SC,Pro League → Stars League,True
25162,V3_2025_26,2,2,True,CA Osasuna → 1.FSV Mainz 05,La Liga → Bundesliga,True
25234,V3_2025_26,2,1,True,Basaksehir FK → Konyaspor,Super Lig,False
25414,V3_2025_26,2,2,True,FC Twente Enschede → FC Arouca,Eredivisie → Liga Portugal,True
25489,V3_2025_26,2,2,True,Fenerbahce → Real Betis Balompié,Super Lig → La Liga,True
25515,V3_2025_26,2,2,True,Gaziantep FK → FC Volendam,Super Lig → Eredivisie,True
25578,V3_2025_26,2,2,True,BK Häcken → Korona Kielce,Allsvenskan → Ekstraklasa,True
25609,V3_2025_26,2,2,False,Angers SCO + Ajax Amsterdam,Ligue 1 + Eredivisie,True
25610,V3_2025_26,2,1,False,SG Dynamo Dresden + Fortuna Düsseldorf,2. Bundesliga,False
25635,V3_2025_26,2,2,True,Górnik Zabrze → CFR Cluj,Ekstraklasa → Superliga,True
25636,V3_2025_26,2,2,True,FC Inter Turku → FK Liepaja,Veikkausliiga → Virsliga,True
25709,V3_2025_26,2,2,True,VfL Wolfsburg → Beşiktaş JK,Bundesliga → Super Lig,True
25734,V3_2025_26,2,2,True,NEC Nijmegen → LOSC Lille,Eredivisie → Ligue 1,True
25768,V3_2025_26,2,2,True,GAIS → FK Liepaja,Allsvenskan → Virsliga,True
25796,V3_2025_26,2,1,True,Bodrum FK → Corum FK,1. Lig,False
25826,V3_2025_26,2,1,True,FC Twente Enschede → Sparta Rotterdam,Eredivisie,False
26025,V3_2025_26,2,2,True,Zenit St. Petersburg → Clube Atlético Mineiro,Premier League → Serie A,True
26033,V3_2025_26,2,2,True,RSC Anderlecht → Ajax Amsterdam,Pro League → Eredivisie,True
26155,V3_2025_26,2,2,True,Bröndby IF → Real Salt Lake City,Superliga → Major League Soccer,True
26360,V3_2025_26,2,2,True,Los Angeles FC → Qingdao Hainiu,Major League Soccer → Super League,True
26687,V3_2025_26,2,2,True,OGC Nice → FC Porto,Ligue 1 → Liga Portugal,True
26835,V3_2025_26,2,1,True,Club Cienciano → Deportivo Garcilaso,Primera Division,False
26895,V3_2025_26,2,2,True,US Cremonese → Palermo FC,Serie A → Serie B,True
26955,V3_2025_26,2,2,True,Leicester City → AS Monaco,Championship → Ligue 1,True
26965,V3_2025_26,2,2,True,Beşiktaş JK → Rosenborg BK,Super Lig → Eliteserien,True
27234,V3_2025_26,2,2,True,Blackpool FC → Excelsior Rotterdam,League One → Eredivisie,True
28212,V3_2025_26,2,1,True,NEC Nijmegen → Sparta Rotterdam,Eredivisie,False
28278,V3_2025_26,2,1,True,Sariyer → Istanbulspor,1. Lig,False
28288,V3_2025_26,2,1,True,Diósgyőri VTK → Ferencvárosi TC,NB I,False
28570,V3_2025_26,2,1,True,Istanbulspor → Igdir FK,1. Lig,False
28646,V3_2025_26,2,1,True,FC Rapid 1923 → CFR Cluj,Superliga,False
28669,V3_2025_26,2,2,True,Vaasan Palloseura → TOP Oss,Veikkausliiga → Eerste Divisie,True
30107,V3_2025_26,2,1,True,Go Ahead Eagles → Feyenoord Rotterdam,Eredivisie,False
30264,V3_2025_26,2,2,True,1.FC Magdeburg → FC St. Pauli,2. Bundesliga → Bundesliga,True
30328,V3_2025_26,2,1,True,São Paulo Futebol Clube → Club Athletico Paranaense,Serie A,False
30618,V3_2025_26,2,1,True,Panserraikos → Kifisia FC,Super League,False
30701,V3_2025_26,2,2,True,Hammarby IF → Al-Kholood Club,Allsvenskan → Pro League,True
30871,V3_2025_26,2,1,True,Club Alianza Lima → Sport Boys Association,Primera Division,False
31346,V3_2025_26,2,1,True,1.FC Nuremberg → Arminia Bielefeld,2. Bundesliga,False
31439,V3_2025_26,2,2,True,SSC Napoli → Galatasaray,Serie A → Super Lig,True
31504,V3_2025_26,2,2,True,Borussia Dortmund → Brighton & Hove Albion,Bundesliga → Premier League,True
31532,V3_2025_26,2,2,True,West Ham United → AC Milan,Premier League → Serie A,True
31638,V3_2025_26,2,2,True,Shimizu S-Pulse → Vissel Kobe,J1 League → J1 100 Year Vision League,True
31823,V3_2025_26,2,2,True,RB Leipzig → San Jose Earthquakes,Bundesliga → Major League Soccer,True
31854,V3_2025_26,2,1,True,Eyüpspor → Kasimpasa,Super Lig,False
31876,V3_2025_26,2,1,True,SC Paderborn 07 → 1.FC Nuremberg,2. Bundesliga,False
32116,V3_2025_26,2,2,True,FC Zürich → Atromitos Athens,Super League,True
32130,V3_2025_26,2,2,True,Urawa Red Diamonds → Beerschot VA,J1 League → Challenger Pro League,True
32141,V3_2025_26,2,2,False,FK Partizan Belgrade + KAA Gent,Super Liga + Pro League,True
32159,V3_2025_26,2,2,True,Bologna FC 1909 → Paris FC,Serie A → Ligue 1,True
32226,V3_2025_26,2,2,True,CA Boca Juniors → Club Alianza Lima,Liga Profesional de Fútbol → Primera Division,True
32272,V3_2025_26,2,2,True,Eyüpspor → Igdir FK,Super Lig → 1. Lig,True
32340,V3_2025_26,2,1,True,Sporting Kansas City → Los Angeles Galaxy,Major League Soccer,False
32361,V3_2025_26,2,2,True,Bröndby IF → FC Augsburg,Superliga → Bundesliga,True
32390,V3_2025_26,2,2,True,Olympique Marseille → US Sassuolo,Ligue 1 → Serie A,True
32395,V3_2025_26,2,2,True,VfL Bochum → Hibernian FC,2. Bundesliga → Premiership,True
32482,V3_2025_26,2,2,True,Panathinaikos → Fatih Karagümrük,Super League → Super Lig,True
32508,V3_2025_26,2,2,True,CF América → RC Lens,Liga MX → Ligue 1,True
32533,V3_2025_26,2,1,True,Asociación Deportiva Tarma → Alianza Universidad,Primera Division,False
32535,V3_2025_26,2,2,True,Real Oviedo → Hertha BSC,La Liga → 2. Bundesliga,True
32577,V3_2025_26,2,1,True,CR Flamengo → Sport Club Corinthians Paulista,Serie A,False
32579,V3_2025_26,2,2,True,Hamburger SV → Holstein Kiel,Bundesliga → 2. Bundesliga,True
32621,V3_2025_26,2,2,True,St. Louis CITY SC → Rapid Vienna,Major League Soccer → Admiral Bundesliga,True
32672,V3_2025_26,2,2,True,Red Bull New York → FC Zürich,Major League Soccer → Super League,True
32725,V3_2025_26,2,2,False,SV Darmstadt 98 + FC Toulouse,2. Bundesliga + Ligue 1,True
32776,V3_2025_26,2,1,True,KV Mechelen → Royal Charleroi SC,Pro League,False
33037,V3_2025_26,2,1,True,Holstein Kiel → FC Schalke 04,2. Bundesliga,False
33707,V3_2025_26,2,1,True,Al-Shamal SC → Al-Sailiya SC,Stars League,False
33716,V3_2025_26,2,2,True,AS Roma → Aston Villa,Serie A → Premier League,True
33727,V3_2025_26,2,2,True,FC Augsburg → Újpest FC,Bundesliga → NB I,True
33770,V3_2025_26,3,2,False,1.FSV Mainz 05 + Como 1907 + Bologna FC 1909,Bundesliga + Serie A,True
33850,V3_2025_26,2,2,True,New York City FC → Molde FK,Major League Soccer → Eliteserien,True
34098,V3_2025_26,2,2,True,Konyaspor → Corum FK,Super Lig → 1. Lig,True
34706,V3_2025_26,2,2,True,Charlton Athletic → Port Vale FC,Championship → League One,True
35038,V3_2025_26,2,1,True,Molde FK → Viking FK,Eliteserien,False
35218,V3_2025_26,2,1,True,FC Augsburg → 1.FSV Mainz 05,Bundesliga,False
35264,V3_2025_26,2,1,True,Inter Miami CF → Atlanta United FC,Major League Soccer,False
35305,V3_2025_26,2,2,True,Hatayspor → Kayserispor,1. Lig → Super Lig,True
35574,V3_2025_26,2,2,True,Inter Milan → Olympique Marseille,Serie A → Ligue 1,True
35873,V3_2025_26,2,2,True,Red Bull Salzburg → 1.FC Kaiserslautern,Admiral Bundesliga → 2. Bundesliga,True
37659,V3_2025_26,2,1,True,Esporte Clube Bahia → São Paulo Futebol Clube,Serie A,False
41155,V3_2025_26,2,1,True,IF Gnistan → FC Lahti,Veikkausliiga,False
41547,V3_2025_26,2,1,False,Minnesota United FC + Inter Miami CF,Major League Soccer,False
42507,V3_2025_26,2,1,True,Beijing Guoan → Chongqing Tonglianglong,Super League,False
42980,V3_2025_26,2,2,True,Eyüpspor → Sakaryaspor,Super Lig → 1. Lig,True
46695,V3_2025_26,2,1,True,Kashiwa Reysol → Sanfrecce Hiroshima,J1 League,False
47584,V3_2025_26,2,1,True,Sakaryaspor → Corum FK,1. Lig,False
48532,V3_2025_26,2,1,True,St. Louis CITY SC → Los Angeles Galaxy,Major League Soccer,False
49186,V3_2025_26,2,1,True,Hapoel Petah Tikva → Ihud Bnei Sakhnin,Ligat ha'Al,False
50897,V3_2025_26,2,1,True,Club Cienciano → Deportivo Garcilaso,Primera Division,False
52294,V3_2025_26,2,2,True,LASK → FC Zürich,Admiral Bundesliga → Super League,True
52500,V3_2025_26,2,1,True,Udinese Calcio → Hellas Verona,Serie A,False
52639,V3_2025_26,2,2,True,Kocaelispor → Amed SK,Super Lig → 1. Lig,True
52645,V3_2025_26,2,2,True,1.FC Slovacko → Nyíregyháza Spartacus,Chance Liga → NB I,True
52731,V3_2025_26,2,1,True,Puskás Akadémia FC → Újpest FC,NB I,False
52779,V3_2025_26,2,2,True,IFK Norrköping → KR Reykjavík,Allsvenskan → Besta deild,True
52792,V3_2025_26,2,1,True,Shabab Al-Ahli Club → FC Baniyas,UAE Pro League,False
52801,V3_2025_26,2,1,True,NK Istra 1961 → HNK Hajduk Split,1. HNL,False
52903,V3_2025_26,2,2,True,Ferencvárosi TC → AEK Athens,NB I → Super League,True
53557,V3_2025_26,2,2,True,Kasimpasa → Pogon Szczecin,Super Lig → Ekstraklasa,True
54042,V3_2025_26,2,2,True,FC St. Gallen 1879 → SK Sturm Graz,Super League → Admiral Bundesliga,True
54220,V3_2025_26,2,2,True,Yokohama FC → Mito HollyHock,J1 League → J1 100 Year Vision League,True
55342,V3_2025_26,2,1,True,SCR Altach → TSV Hartberg,Admiral Bundesliga,False
61072,V3_2025_26,2,1,True,KV Mechelen → Union Saint-Gilloise,Pro League,False
61365,V3_2025_26,2,2,True,FC Lausanne-Sport → Oud-Heverlee Leuven,Super League → Pro League,True
61942,V3_2025_26,2,1,True,Atlanta United FC → Columbus Crew,Major League Soccer,False
62024,V3_2025_26,2,1,True,FCSB → FCV Farul Constanta,Superliga,False
62181,V3_2025_26,2,2,False,Paris FC + Real Sociedad,Ligue 1 + La Liga,True
62279,V3_2025_26,2,2,True,Swansea City → Maccabi Haifa,Championship → Ligat ha'Al,True
62355,V3_2025_26,2,1,True,Henan FC → Dalian Yingbo,Super League,False
62368,V3_2025_26,2,2,True,KV Mechelen → Antalyaspor,Pro League → Super Lig,True
62468,V3_2025_26,2,1,True,CA River Plate → Club Estudiantes de La Plata,Liga Profesional de Fútbol,False
62597,V3_2025_26,2,2,True,AIK → Atromitos Athens,Allsvenskan → Super League,True
62701,V3_2025_26,2,1,True,Zeleziarne Podbrezova → MFK Skalica,Niké Liga,False
62774,V3_2025_26,2,2,True,Bodrum FK → Damac FC,1. Lig → Pro League,True
62852,V3_2025_26,2,2,True,Union Saint-Gilloise → 1.FC Köln,Pro League → Bundesliga,True
62860,V3_2025_26,2,1,True,Al-Arabi SC → Umm Salal SC,Stars League,False
62871,V3_2025_26,2,2,True,Sevilla FC → SL Benfica,La Liga → Liga Portugal,True
62896,V3_2025_26,2,2,True,Malmö FF → Urawa Red Diamonds,Allsvenskan → J1 League,True
62898,V3_2025_26,2,2,True,FC Copenhagen → Widzew Lodz,Superliga → Ekstraklasa,True
62905,V3_2025_26,2,2,True,Genoa CFC → Dalian Yingbo,Serie A → Super League,True
62908,V3_2025_26,2,2,True,Kasimpasa → Bandirma Spor,Super Lig → 1. Lig,True
62945,V3_2025_26,2,2,True,Igdir FK → Eyüpspor,1. Lig → Super Lig,True
62947,V3_2025_26,2,2,True,Samsunspor → Chongqing Tonglianglong,Super Lig → Super League,True
62955,V3_2025_26,2,1,True,Millonarios FC → Independiente Santa Fe,Liga BetPlay,False
62963,V3_2025_26,2,2,True,Eyüpspor → Corum FK,Super Lig → 1. Lig,True
62973,V3_2025_26,2,1,True,Zalaegerszegi TE FC → Diósgyőri VTK,NB I,False
62989,V3_2025_26,2,2,False,Al-Riyadh SC + Real Valladolid CF,Pro League + La Liga 2,True
63166,V3_2025_26,2,1,True,KAA Gent → Cercle Brugge,Pro League,False
63213,V3_2025_26,2,2,False,Rio Ave FC + Aris Thessaloniki,Liga Portugal + Super League,True
64170,V3_2025_26,3,2,True,FCV Dender EH → Vancouver Whitecaps FC → Sint-Truidense VV,Pro League → Major League Soccer,True
64188,V3_2025_26,2,2,True,Red Star Belgrade → Samsunspor,Super Liga → Super Lig,True
64234,V3_2025_26,2,2,True,Hatayspor → Qingdao Hainiu,1. Lig → Super League,True
65386,V3_2025_26,2,2,True,RWDM Brussels → FCV Dender EH,Challenger Pro League → Pro League,True
65637,V3_2025_26,2,2,True,KVC Westerlo → Francs Borains,Pro League → Challenger Pro League,True
67948,V3_2025_26,2,2,False,Hull City + Beşiktaş JK,Championship + Super Lig,True
70214,V3_2025_26,2,2,True,FK Partizan Belgrade → Malmö FF,Super Liga → Allsvenskan,True
73297,V3_2025_26,2,2,True,Portland Timbers → Hapoel Haifa,Major League Soccer → Ligat ha'Al,True
73602,V3_2025_26,2,2,True,Zhejiang FC → Umm Salal SC,Super League → Stars League,True
73844,V3_2025_26,2,1,True,NK Varazdin → Slaven Belupo Koprivnica,1. HNL,False
73932,V3_2025_26,2,1,True,HNK Hajduk Split → NK Osijek,1. HNL,False
74008,V3_2025_26,2,2,True,AIK → Shenzhen Peng City,Allsvenskan → Super League,True
74197,V3_2025_26,2,2,True,CFR Cluj → HNK Vukovar 1991,Superliga → 1. HNL,True
74222,V3_2025_26,2,2,True,Club A.B.B. → Universidad Técnica de Cajamarca,Liga De Futbol Prof → Primera Division,True
75226,V3_2025_26,2,2,True,Vitória Guimarães SC → Samsunspor,Liga Portugal → Super Lig,True
79709,V3_2025_26,2,2,True,Widzew Lodz → FK Dukla Prague,Ekstraklasa → Chance Liga,True
79920,V3_2025_26,2,1,True,Bohemians Prague 1905 → FK Mlada Boleslav,Chance Liga,False
80151,V3_2025_26,2,1,True,Spartak Trnava → MFK Skalica,Niké Liga,False
80172,V3_2025_26,2,2,False,FC Zlin + Cracovia,Chance Liga + Ekstraklasa,True
80228,V3_2025_26,2,2,True,KRC Genk → FC Viktoria Plzen,Pro League → Chance Liga,True
80261,V3_2025_26,2,1,True,FC Viktoria Plzen → Bohemians Prague 1905,Chance Liga,False
80590,V3_2025_26,2,1,True,FK Teplice → FC Hradec Kralove,Chance Liga,False
80619,V3_2025_26,2,2,True,AC Sparta Praha → Górnik Zabrze,Chance Liga → Ekstraklasa,True
80691,V3_2025_26,2,1,True,FK Jablonec → 1.FC Slovacko,Chance Liga,False
80813,V3_2025_26,2,1,True,FC Hradec Kralove → FK Teplice,Chance Liga,False
80890,V3_2025_26,2,2,True,1.FC Nuremberg → FK Mlada Boleslav,2. Bundesliga → Chance Liga,True
80902,V3_2025_26,2,2,True,Girona FC → Wolverhampton Wanderers,La Liga → Premier League,True
81589,V3_2025_26,2,1,False,FC Tatran Presov + Slovan Bratislava,Niké Liga,False
81598,V3_2025_26,2,1,True,FK Jablonec → SK Sigma Olomouc,Chance Liga,False
81641,V3_2025_26,2,2,False,MFK Ruzomberok + FC Hradec Kralove,Niké Liga + Chance Liga,True
81983,V3_2025_26,2,1,True,FC Slovan Liberec → FK Pardubice,Chance Liga,False
82080,V3_2025_26,2,1,True,FC Banik Ostrava → Bohemians Prague 1905,Chance Liga,False
82370,V3_2025_26,2,2,True,Caykur Rizespor → FC Banik Ostrava,Super Lig → Chance Liga,True
83478,V3_2025_26,2,2,True,KA Akureyri → HB Köge,Besta deild → First Division,True
83799,V3_2025_26,2,2,True,Breidablik Kópavogur → HB Köge,Besta deild → First Division,True
84011,V3_2025_26,2,1,True,Aris Thessaloniki → AE Larisa,Super League,False
84136,V3_2025_26,2,2,True,Philadelphia Union → FC Midtjylland,Major League Soccer → Superliga,True
84168,V3_2025_26,2,2,True,Colorado Rapids → Kalba FC,Major League Soccer → UAE Pro League,True
84225,V3_2025_26,2,1,True,Boldklubben af 1893 → Lyngby Boldklub,First Division,False
84306,V3_2025_26,2,2,True,Kristiansund BK → Hilleröd Fodbold,Eliteserien → First Division,True
84444,V3_2025_26,2,2,True,IF Elfsborg → Lyngby Boldklub,Allsvenskan → First Division,True
84471,V3_2025_26,2,2,True,FC Banik Ostrava → Kristiansund BK,Chance Liga → Eliteserien,True
84491,V3_2025_26,2,2,True,Union Saint-Gilloise → FC St. Pauli,Pro League → Bundesliga,True
84511,V3_2025_26,2,2,False,Bryne FK + Cracovia,Eliteserien + Ekstraklasa,True
84557,V3_2025_26,2,2,True,Mjällby AIF → FC Nordsjaelland,Allsvenskan → Superliga,True
84602,V3_2025_26,2,1,True,Aarhus GF → FC Copenhagen,Superliga,False
84615,V3_2025_26,2,2,False,Djurgårdens IF + Preston North End,Allsvenskan + Championship,True
85511,V3_2025_26,2,2,True,AIK → Aalborg BK,Allsvenskan → First Division,True
85609,V3_2025_26,2,1,True,Nyíregyháza Spartacus → Diósgyőri VTK,NB I,False
85654,V3_2025_26,2,1,True,FH Hafnarfjördur → ÍA Akranes,Besta deild,False
87122,V3_2025_26,2,1,True,Hilleröd Fodbold → AC Horsens,First Division,False
89038,V3_2025_26,2,1,True,Bohemians Prague 1905 → FC Banik Ostrava,Chance Liga,False
89256,V3_2025_26,2,2,True,FC Sion → Dynamo Moscow,Super League → Premier League,True
91461,V3_2025_26,2,1,True,Minnesota United FC → Chicago Fire FC,Major League Soccer,False
91599,V3_2025_26,2,1,True,Ilves Tampere → FC KTP,Veikkausliiga,False
91629,V3_2025_26,2,1,True,Inter Miami CF → Austin FC,Major League Soccer,False
91879,V3_2025_26,2,1,True,FF Jaro → IF Gnistan,Veikkausliiga,False
92193,V3_2025_26,2,2,True,Östers IF → CFR Cluj,Allsvenskan → Superliga,True
92278,V3_2025_26,2,2,True,Columbus Crew → HJK Helsinki,Major League Soccer → Veikkausliiga,True
92361,V3_2025_26,2,2,True,HJK Helsinki → Van Spor FK,Veikkausliiga → 1. Lig,True
93512,V3_2025_26,2,1,True,Tianjin Jinmen Tiger → Shenzhen Peng City,Super League,False
93932,V3_2025_26,2,1,True,SJK Seinäjoki → AC Oulu,Veikkausliiga,False
93948,V3_2025_26,2,1,True,Al-Ittihad Club → Al-Hilal SFC,Pro League,False
95597,V3_2025_26,2,2,True,Eyüpspor → Corum FK,Super Lig → 1. Lig,True
95694,V3_2025_26,2,2,True,Olympique Marseille → AC Milan,Ligue 1 → Serie A,True
95711,V3_2025_26,2,1,True,Shanghai Shenhua → Chongqing Tonglianglong,Super League,False
95776,V3_2025_26,2,2,True,Olympique Marseille → Sevilla FC,Ligue 1 → La Liga,True
95792,V3_2025_26,2,2,True,Fluminense Football Club → FC Porto,Serie A → Liga Portugal,True
95896,V3_2025_26,2,2,True,Fenerbahce → Spartak Moscow,Super Lig → Premier League,True
95932,V3_2025_26,2,1,True,Amed SK → Sariyer,1. Lig,False
96091,V3_2025_26,2,2,True,Club León FC → Minnesota United FC,Liga MX → Major League Soccer,True
96113,V3_2025_26,2,1,True,Red Star FC → SC Bastia,Ligue 2,False
96201,V3_2025_26,2,2,False,Alanyaspor + FC Augsburg,Super Lig + Bundesliga,True
96297,V3_2025_26,2,2,True,Changchun Yatai → Maccabi Netanya,Super League → Ligat ha'Al,True
96411,V3_2025_26,2,1,True,Cruzeiro Esporte Clube → Mirassol Futebol Clube (SP),Serie A,False
96417,V3_2025_26,2,2,True,Queens Park Rangers → Grasshopper Club Zurich,Championship → Super League,True
96422,V3_2025_26,2,2,True,Charlotte FC → Wellington Phoenix,Major League Soccer → A-League Men,True
96463,V3_2025_26,2,2,True,Atlas Guadalajara → São Paulo Futebol Clube,Liga MX → Serie A,True
96571,V3_2025_26,2,2,True,Stade Reims → CD Tondela,Ligue 2 → Liga Portugal,True
96612,V3_2025_26,2,2,True,CFR Cluj → Hapoel Tel Aviv,Superliga → Ligat ha'Al,True
96635,V3_2025_26,2,1,True,Al-Sailiya SC → Al-Shamal SC,Stars League,False
96661,V3_2025_26,2,2,True,Al-Fateh SC → Al-Arabi SC,Pro League → Stars League,True
96691,V3_2025_26,2,2,False,Basaksehir FK + Olympique Marseille,Super Lig + Ligue 1,True
96755,V3_2025_26,2,2,True,FC Krasnodar → LOSC Lille,Premier League → Ligue 1,True
96792,V3_2025_26,2,2,True,Crystal Palace → RC Lens,Premier League → Ligue 1,True
96826,V3_2025_26,2,1,True,Stade Brestois 29 → Paris FC,Ligue 1,False
96936,V3_2025_26,2,1,True,Racing Santander → Real Valladolid CF,La Liga 2,False
96962,V3_2025_26,2,2,True,1.FSV Mainz 05 → Stade Rennais FC,Bundesliga → Ligue 1,True
96964,V3_2025_26,2,2,True,Petrolul Ploiesti → Eyüpspor,Superliga → Super Lig,True
97087,V3_2025_26,2,2,True,SS Lazio → Fenerbahce,Serie A → Super Lig,True
97255,V3_2025_26,2,2,True,CD América de Cali → CA River Plate,Liga BetPlay → Liga Profesional de Fútbol,True
98885,V3_2025_26,2,2,True,Almere City FC → USL Dunkerque,Eerste Divisie → Ligue 2,True
99019,V3_2025_26,2,1,True,FC Universitatea Cluj → FCSB,Superliga,False
99060,V3_2025_26,2,2,True,Kocaelispor → Sivasspor,Super Lig → 1. Lig,True
99173,V3_2025_26,2,2,False,KAA Gent + FC Nantes,Pro League + Ligue 1,True
100379,V3_2025_26,2,2,True,VfL Bochum → FC Nantes,2. Bundesliga → Ligue 1,True
100590,V3_2025_26,3,3,True,CFR Cluj → Panetolikos → Beijing Guoan,Superliga → Super League,True
100604,V3_2025_26,2,2,True,Getafe CF → Al-Okhdood Club,La Liga → Pro League,True
101641,V3_2025_26,2,2,True,Stade Reims → Standard Liège,Ligue 2 → Pro League,True
101643,V3_2025_26,2,2,True,FCSB → Qingdao Hainiu,Superliga → Super League,True
101987,V3_2025_26,2,1,True,Stade Reims → Amiens SC,Ligue 2,False
102633,V3_2025_26,2,1,True,FC Dinamo 1948 → UTA Arad,Superliga,False
103140,V3_2025_26,2,1,True,FCV Dender EH → Royal Charleroi SC,Pro League,False
108656,V3_2025_26,2,2,True,Slovan Bratislava → Wisla Plock,Niké Liga → Ekstraklasa,True
108988,V3_2025_26,2,1,True,AE Larisa → Asteras Aktor,Super League,False
109390,V3_2025_26,2,1,True,Club Atlético Belgrano → Instituto ACC,Liga Profesional de Fútbol,False
109871,V3_2025_26,2,2,True,Sport Club do Recife → CD Santa Clara,Serie A → Liga Portugal,True
109916,V3_2025_26,2,2,True,Racing Club → FC Nizhniy Novgorod,Liga Profesional de Fútbol → Premier League,True
111743,V3_2025_26,2,2,True,FC Banik Ostrava → Levadiakos,Chance Liga → Super League,True
112979,V3_2025_26,2,2,True,FK Csikszereda Miercurea Ciuc → Kazincbarcikai SC,Superliga → NB I,True
114115,V3_2025_26,2,1,True,Paksi FC → Ferencvárosi TC,NB I,False
114179,V3_2025_26,2,1,True,Philadelphia Union → Columbus Crew,Major League Soccer,False
114185,V3_2025_26,2,1,True,Sporting Kansas City → Toronto FC,Major League Soccer,False
114937,V3_2025_26,2,1,True,MTK Budapest → Paksi FC,NB I,False
117857,V3_2025_26,2,1,True,Fram Reykjavík → Breidablik Kópavogur,Besta deild,False
118096,V3_2025_26,2,1,True,KR Reykjavík → Thór Akureyri,Besta deild,False
118490,V3_2025_26,2,2,True,Meizhou Hakka → Víkingur Reykjavík,Super League → Besta deild,True
118581,V3_2025_26,2,1,True,Stjarnan Gardabaer → Valur Reykjavík,Besta deild,False
118648,V3_2025_26,2,2,True,Cracovia → AE Larisa,Ekstraklasa → Super League,True
118726,V3_2025_26,3,2,True,Halmstads BK → KA Akureyri → Stjarnan Gardabaer,Allsvenskan → Besta deild,True
118811,V3_2025_26,2,2,False,Vålerenga Fotball Elite + FC Utrecht,Eliteserien + Eredivisie,True
118894,V3_2025_26,2,1,True,UMF Afturelding → Fram Reykjavík,Besta deild,False
118995,V3_2025_26,2,1,True,Vestri Ísafjördur → Thór Akureyri,Besta deild,False
118998,V3_2025_26,2,2,True,Halmstads BK → ÍA Akranes,Allsvenskan → Besta deild,True
119027,V3_2025_26,2,2,True,Birmingham City → Go Ahead Eagles,Championship → Eredivisie,True
119175,V3_2025_26,2,2,True,Birmingham City → NEC Nijmegen,Championship → Eredivisie,True
119634,V3_2025_26,2,2,True,Strømsgodset IF → Samsunspor,Eliteserien → Super Lig,True
119637,V3_2025_26,2,2,True,Preston North End → Hannover 96,Championship → 2. Bundesliga,True
119959,V3_2025_26,2,2,True,Hertha BSC → SK Brann,2. Bundesliga → Eliteserien,True
120081,V3_2025_26,2,1,True,KA Akureyri → Breidablik Kópavogur,Besta deild,False
120163,V3_2025_26,2,1,True,Sparta Rotterdam → SC Telstar,Eredivisie,False
120207,V3_2025_26,2,1,True,Orlando City SC → CF Montréal,Major League Soccer,False
120797,V3_2025_26,2,1,True,KA Akureyri → Keflavík ÍF,Besta deild,False
121240,V3_2025_26,2,1,True,Bohemian Football Club → Dundalk FC,Premier Division,False
121309,V3_2025_26,2,1,True,Bohemian Football Club → Dundalk FC,Premier Division,False
121786,V3_2025_26,2,1,True,Sligo Rovers → Derry City,Premier Division,False
121791,V3_2025_26,2,1,True,Port Vale FC → Plymouth Argyle,League One,False
121794,V3_2025_26,2,1,True,Drogheda United FC → Derry City,Premier Division,False
121893,V3_2025_26,2,1,True,Derry City → Sligo Rovers,Premier Division,False
122090,V3_2025_26,2,1,True,Ipswich Town → Sheffield United,Championship,False
123690,V3_2025_26,2,2,True,Kilmarnock FC → St. Patrick's Athletic,Premiership → Premier Division,True
124015,V3_2025_26,2,1,True,Hapoel Beer Sheva → Hapoel Haifa,Ligat ha'Al,False
125015,V3_2025_26,2,1,False,FC Ashdod + Maccabi Tel Aviv,Ligat ha'Al,False
125149,V3_2025_26,2,2,True,Granada CF → FC Blau-Weiss Linz,La Liga 2 → Admiral Bundesliga,True
125166,V3_2025_26,2,1,True,Sport Huancayo → Universidad Técnica de Cajamarca,Primera Division,False
125482,V3_2025_26,3,3,False,ACF Fiorentina + Villarreal CF + Tottenham Hotspur,Serie A + La Liga + Premier League,True
125561,V3_2025_26,2,1,True,Hapoel Tel Aviv → Hapoel Haifa,Ligat ha'Al,False
125609,V3_2025_26,2,1,True,Gamba Osaka → Machida Zelvia,J1 League,False
125677,V3_2025_26,2,1,True,Ihud Bnei Sakhnin → Maccabi Bnei Reineh,Ligat ha'Al,False
126554,V3_2025_26,2,1,True,Maccabi Bnei Reineh → Hapoel Haifa,Ligat ha'Al,False
126725,V3_2025_26,2,1,False,Sport Club do Recife + Ceará Sporting Club,Serie A,False
128545,V3_2025_26,2,1,True,KSC Lokeren → Patro Eisden Maasmechelen,Challenger Pro League,False
128853,V3_2025_26,2,2,True,Orlando City SC → Junior FC,Major League Soccer → Liga BetPlay,True
128877,V3_2025_26,2,2,True,CA Sarmiento (Junin) → Coquimbo Unido,Liga Profesional de Fútbol → Primera Division,True
128909,V3_2025_26,2,1,True,CA Lanús → Gimnasia y Esgrima de Mendoza,Liga Profesional de Fútbol,False
128975,V3_2025_26,2,2,True,Toronto FC → Delfino Pescara 1936,Major League Soccer → Serie B,True
129010,V3_2025_26,2,2,False,Spezia Calcio + US Cremonese,Serie B + Serie A,True
129150,V3_2025_26,2,1,True,AC Monza → Calcio Padova,Serie B,False
129167,V3_2025_26,2,2,True,Nashville SC → Delfino Pescara 1936,Major League Soccer → Serie B,True
129405,V3_2025_26,2,1,True,CA Talleres → Defensa y Justicia,Liga Profesional de Fútbol,False
129429,V3_2025_26,2,2,True,Toronto FC → Bologna FC 1909,Major League Soccer → Serie A,True
129471,V3_2025_26,2,2,True,US Cremonese → Club Atlético Belgrano,Serie A → Liga Profesional de Fútbol,True
129507,V3_2025_26,2,1,True,Grêmio Foot-Ball Porto Alegrense → Botafogo de Futebol e Regatas,Serie A,False
129515,V3_2025_26,2,1,True,AC Monza → US Avellino 1912,Serie B,False
129596,V3_2025_26,2,2,True,San Jose Earthquakes → Club Tijuana,Major League Soccer → Liga MX,True
129605,V3_2025_26,2,2,True,SS Lazio → Celta de Vigo,Serie A → La Liga,True
129624,V3_2025_26,2,1,True,Juventus FC → ACF Fiorentina,Serie A,False
129637,V3_2025_26,2,1,True,Esporte Clube Juventude → Club Athletico Paranaense,Serie A,False
129658,V3_2025_26,2,1,True,CF América → Tigres UANL,Liga MX,False
129757,V3_2025_26,2,2,True,Grêmio Foot-Ball Porto Alegrense → UD Almería,Serie A → La Liga 2,True
129778,V3_2025_26,2,2,True,Spezia Calcio → Fatih Karagümrük,Serie B → Super Lig,True
129790,V3_2025_26,2,2,True,Mazatlán FC → Al-Najma SC,Liga MX → Pro League,True
129812,V3_2025_26,2,2,True,Sharjah FC → Sivasspor,UAE Pro League → 1. Lig,True
129822,V3_2025_26,3,2,True,CR Flamengo → Zenit St. Petersburg → Cruzeiro Esporte Clube,Serie A → Premier League,True
129968,V3_2025_26,2,1,True,Cagliari Calcio → US Cremonese,Serie A,False
129993,V3_2025_26,2,1,True,CA Newell's Old Boys → Defensa y Justicia,Liga Profesional de Fútbol,False
130024,V3_2025_26,2,1,True,Fortaleza Esporte Clube → Sport Club Corinthians Paulista,Serie A,False
130120,V3_2025_26,2,1,True,Real Sociedad → Valencia CF,La Liga,False
130154,V3_2025_26,2,1,True,Mantova 1911 → SSC Bari,Serie B,False
130184,V3_2025_26,2,2,True,US Cremonese → Modena FC,Serie A → Serie B,True
130198,V3_2025_26,2,2,True,Beşiktaş JK → AEK Athens,Super Lig → Super League,True
130216,V3_2025_26,2,2,True,Frosinone Calcio → Fatih Karagümrük,Serie B → Super Lig,True
130266,V3_2025_26,2,1,True,Cruzeiro Esporte Clube → Santos FC,Serie A,False
131834,V3_2025_26,2,2,True,Sport Club Corinthians Paulista → Sharjah FC,Serie A → UAE Pro League,True
131943,V3_2025_26,2,1,True,SSC Bari → Cesena FC,Serie B,False
131955,V3_2025_26,2,2,True,ACF Fiorentina → Aris Thessaloniki,Serie A → Super League,True
131963,V3_2025_26,2,2,False,Cesena FC + US Cremonese,Serie B + Serie A,True
132004,V3_2025_26,2,2,False,Cesena FC + Como 1907,Serie B + Serie A,True
132027,V3_2025_26,2,1,True,SSC Bari → AC Reggiana 1919,Serie B,False
132231,V3_2025_26,2,1,True,Modena FC → Calcio Padova,Serie B,False
132249,V3_2025_26,2,1,True,US Lecce → US Cremonese,Serie A,False
132303,V3_2025_26,2,2,False,Spezia Calcio + US Cremonese,Serie B + Serie A,True
132680,V3_2025_26,2,1,True,UC Sampdoria → Spezia Calcio,Serie B,False
133031,V3_2025_26,2,1,True,Carrarese Calcio 1908 → UC Sampdoria,Serie B,False
133035,V3_2025_26,2,1,True,Spezia Calcio → SSC Bari,Serie B,False
133127,V3_2025_26,2,2,True,Galatasaray → Udinese Calcio,Super Lig → Serie A,True
133218,V3_2025_26,2,1,False,Cagliari Calcio + Como 1907,Serie A,False
133364,V3_2025_26,2,2,True,Olympiacos Piraeus → Parma Calcio 1913,Super League → Serie A,True
133543,V3_2025_26,2,1,True,Club Deportivo Oriente Petrolero → Club Independiente Petrolero,Liga De Futbol Prof,False
133562,V3_2025_26,2,2,True,CA River Plate → Al-Wasl SC,Liga Profesional de Fútbol → UAE Pro League,True
133593,V3_2025_26,2,1,True,Unión Española → CD Ñublense,Primera Division,False
133680,V3_2025_26,2,2,True,US Sassuolo → UC Sampdoria,Serie A → Serie B,True
133708,V3_2025_26,2,1,True,Spezia Calcio → UC Sampdoria,Serie B,False
133710,V3_2025_26,2,2,True,Club Cienciano → Deportivo Pereira,Primera Division → Liga BetPlay,True
133805,V3_2025_26,3,2,False,AC Monza + Parma Calcio 1913 + Como 1907,Serie B + Serie A,True
133975,V3_2025_26,2,1,True,Modena FC → FC Empoli,Serie B,False
134119,V3_2025_26,2,2,True,CF Montréal → Cesena FC,Major League Soccer → Serie B,True
137833,V3_2025_26,2,2,True,Riga FC → FC Hradec Kralove,Virsliga → Chance Liga,True
140824,V3_2025_26,2,2,True,FC Winterthur → FK Liepaja,Super League → Virsliga,True
142218,V3_2025_26,2,1,True,Igdir FK → Sivasspor,1. Lig,False
142463,V3_2025_26,2,1,True,SK Sigma Olomouc → 1.FC Slovacko,Chance Liga,False
149597,V3_2025_26,2,1,True,Galway United FC → Dundalk FC,Premier Division,False
150832,V3_2025_26,2,2,True,Djurgårdens IF → Al-Okhdood Club,Allsvenskan → Pro League,True
150876,V3_2025_26,2,1,True,Molde FK → FK Haugesund,Eliteserien,False
150936,V3_2025_26,2,2,True,Urawa Red Diamonds → Al-Nasr SC (UAE),J1 League → UAE Pro League,True
151073,V3_2025_26,2,1,True,Molde FK → Viking FK,Eliteserien,False
151107,V3_2025_26,2,2,True,Austin FC → Deportes La Serena,Major League Soccer → Primera Division,True
151115,V3_2025_26,2,2,True,Degerfors IF → UMF Afturelding,Allsvenskan → Besta deild,True
151121,V3_2025_26,3,2,True,IFK Göteborg → Sarpsborg 08 FF → Hamarkameratene,Allsvenskan → Eliteserien,True
151127,V3_2025_26,2,2,True,Vancouver Whitecaps FC → Sarpsborg 08 FF,Major League Soccer → Eliteserien,True
151210,V3_2025_26,2,2,True,Viking FK → Konyaspor,Eliteserien → Super Lig,True
151299,V3_2025_26,2,2,True,Viborg FF → Vålerenga Fotball Elite,Superliga → Eliteserien,True
151319,V3_2025_26,2,2,True,Tromsø IL → IFK Värnamo,Eliteserien → Allsvenskan,True
151445,V3_2025_26,2,1,True,Malmö FF → IF Brommapojkarna,Allsvenskan,False
151452,V3_2025_26,2,1,True,San Jose Earthquakes → San Diego FC,Major League Soccer,False
151590,V3_2025_26,2,1,True,Philadelphia Union → Los Angeles Galaxy,Major League Soccer,False
151646,V3_2025_26,2,1,True,Rosenborg BK → IK Start,Eliteserien,False
151690,V3_2025_26,2,2,True,Toronto FC → Sarpsborg 08 FF,Major League Soccer → Eliteserien,True
152422,V3_2025_26,2,1,True,Hamarkameratene → KFUM-Kameratene Oslo,Eliteserien,False
152474,V3_2025_26,2,2,True,BK Häcken → Brisbane Roar,Allsvenskan → A-League Men,True
152879,V3_2025_26,2,1,True,Rosenborg BK → Lillestrøm SK,Eliteserien,False
152908,V3_2025_26,2,1,True,Bryne FK → KFUM-Kameratene Oslo,Eliteserien,False
152979,V3_2025_26,2,2,True,Molde FK → Aalborg BK,Eliteserien → First Division,True
153021,V3_2025_26,2,1,True,FK Bodø/Glimt → Sarpsborg 08 FF,Eliteserien,False
153109,V3_2025_26,2,2,True,Royal Charleroi SC → SK Brann,Pro League → Eliteserien,True
153126,V3_2025_26,2,1,True,Molde FK → SK Brann,Eliteserien,False
153412,V3_2025_26,2,1,True,Bryne FK → Kristiansund BK,Eliteserien,False
155460,V3_2025_26,2,2,True,FC Midtjylland → Udinese Calcio,Superliga → Serie A,True
155643,V3_2025_26,2,1,True,Zaglebie Lubin → GKS Katowice,Ekstraklasa,False
156180,V3_2025_26,2,2,True,Fenerbahce → Stade Rennais FC,Super Lig → Ligue 1,True
156888,V3_2025_26,2,2,True,Genclerbirligi Ankara → Serik Spor,Super Lig → 1. Lig,True
157081,V3_2025_26,2,2,True,Houston Dynamo FC → Zaglebie Lubin,Major League Soccer → Ekstraklasa,True
157831,V3_2025_26,2,2,True,Újpest FC → GKS Katowice,NB I → Ekstraklasa,True
158927,V3_2025_26,2,1,True,CA River Plate → AA Argentinos Juniors,Liga Profesional de Fútbol,False
159145,V3_2025_26,2,2,True,Qingdao Hainiu → Khor Fakkan SSC,Super League → UAE Pro League,True
159372,V3_2025_26,2,2,True,LOSC Lille → Columbus Crew,Ligue 1 → Major League Soccer,True
159402,V3_2025_26,2,2,True,Beşiktaş JK → SL Benfica,Super Lig → Liga Portugal,True
159435,V3_2025_26,2,2,True,Vitória Guimarães SC → Al-Rayyan SC,Liga Portugal → Stars League,True
159493,V3_2025_26,2,2,True,Deportivo Toluca → Houston Dynamo FC,Liga MX → Major League Soccer,True
159659,V3_2025_26,2,1,True,CD Palestino → Deportes Concepción,Primera Division,False
159756,V3_2025_26,2,2,True,Gaziantep FK → Hapoel Tel Aviv,Super Lig → Ligat ha'Al,True
159868,V3_2025_26,2,1,True,Asociación Deportiva Tarma → FBC Melgar,Primera Division,False
159895,V3_2025_26,2,1,True,Santos FC → Sport Club do Recife,Serie A,False
160048,V3_2025_26,2,2,True,CF Pachuca → Wuhan Three Towns,Liga MX → Super League,True
160094,V3_2025_26,2,1,False,Santos FC + Mirassol Futebol Clube (SP),Serie A,False
160193,V3_2025_26,2,1,True,Club Alianza Lima → FC Cajamarca,Primera Division,False
160219,V3_2025_26,2,1,True,Rionegro Águilas → Junior FC,Liga BetPlay,False
160249,V3_2025_26,2,1,True,Serik Spor → Bandirma Spor,1. Lig,False
160256,V3_2025_26,2,2,True,Changchun Yatai → AE Larisa,Super League,True
160336,V3_2025_26,3,2,True,Atlanta United FC → St. Louis CITY SC → Hapoel Tel Aviv,Major League Soccer → Ligat ha'Al,True
160346,V3_2025_26,2,1,True,Shanghai Port → Henan FC,Super League,False
160950,V3_2025_26,2,2,True,Urawa Red Diamonds → V-Varen Nagasaki,J1 League → J1 100 Year Vision League,True
160956,V3_2025_26,2,2,True,Al-Hilal SFC → FC Barcelona,Pro League → La Liga,True
161258,V3_2025_26,2,1,True,Nashville SC → Los Angeles FC,Major League Soccer,False
161320,V3_2025_26,2,2,True,Colorado Rapids → FC Nantes,Major League Soccer → Ligue 1,True
161523,V3_2025_26,2,1,False,Mirassol Futebol Clube (SP) + Clube de Regatas Vasco da Gama,Serie A,False
162007,V3_2025_26,2,2,True,Esporte Clube Juventude → Deportivo Cali,Serie A → Liga BetPlay,True
162101,V3_2025_26,2,1,True,Amed SK → Erzurumspor FK,1. Lig,False
162177,V3_2025_26,2,2,True,Real Salt Lake City → Konyaspor,Major League Soccer → Super Lig,True
162216,V3_2025_26,2,2,True,CF América → Fatih Karagümrük,Liga MX → Super Lig,True
162748,V3_2025_26,2,2,True,Hamburger SV → Beijing Guoan,Bundesliga → Super League,True
162841,V3_2025_26,2,2,True,Moreirense FC → Kifisia FC,Liga Portugal → Super League,True
162871,V3_2025_26,2,2,True,Eintracht Frankfurt → FC Copenhagen,Bundesliga → Superliga,True
162872,V3_2025_26,2,2,True,Beijing Guoan → Al-Najma SC,Super League → Pro League,True
163016,V3_2025_26,2,1,True,Chengdu Rongcheng → Shandong Taishan,Super League,False
163029,V3_2025_26,2,2,True,Club Universidad de Chile → Millonarios FC,Primera Division → Liga BetPlay,True
163046,V3_2025_26,2,2,True,CD Santa Clara → Radomiak Radom,Liga Portugal → Ekstraklasa,True
163157,V3_2025_26,2,1,True,Zhejiang FC → Liaoning Tieren,Super League,False
163181,V3_2025_26,2,2,True,CR Flamengo → UNAM Pumas,Serie A → Liga MX,True
163210,V3_2025_26,2,2,True,SL Benfica → Burnley FC,Liga Portugal → Premier League,True
163907,V3_2025_26,2,2,True,Aris Thessaloniki → Shandong Taishan,Super League,True
164135,V3_2025_26,2,2,True,Moreirense FC → Tianjin Jinmen Tiger,Liga Portugal → Super League,True
164918,V3_2025_26,2,1,True,AFC Unirea 04 Slobozia → FC Metaloglobus Bucharest,Superliga,False
165211,V3_2025_26,2,2,True,Universitatea Craiova → Panserraikos,Superliga → Super League,True
165351,V3_2025_26,2,1,True,Deportes La Serena → CD Palestino,Primera Division,False
165633,V3_2025_26,2,2,True,FCSB → Al-Ain FC,Superliga → UAE Pro League,True
165648,V3_2025_26,2,1,True,Eyüpspor → Gaziantep FK,Super Lig,False
165702,V3_2025_26,2,2,True,Aris Thessaloniki → FC Rapid 1923,Super League → Superliga,True
167149,V3_2025_26,2,1,True,SC Otelul Galati → FK Csikszereda Miercurea Ciuc,Superliga,False
167914,V3_2025_26,2,1,True,AFC Unirea 04 Slobozia → FC Hermannstadt,Superliga,False
169972,V3_2025_26,2,2,True,FC Zürich → OFK Beograd,Super League → Super Liga,True
170211,V3_2025_26,2,1,True,Lokomotiv Moscow → CSKA Moscow,Premier League,False
171966,V3_2025_26,2,2,True,PAOK Thessaloniki → Kayserispor,Super League → Super Lig,True
172232,V3_2025_26,2,2,True,Parma Calcio 1913 → AC Monza,Serie A → Serie B,True
172951,V3_2025_26,2,1,True,Red Bull New York → San Diego FC,Major League Soccer,False
173059,V3_2025_26,2,2,True,Millwall FC → Aberdeen FC,Championship → Premiership,True
173802,V3_2025_26,2,2,True,FC Haka → Waterford FC,Veikkausliiga → Premier Division,True
173870,V3_2025_26,2,1,True,Derry City → Dundalk FC,Premier Division,False
174157,V3_2025_26,2,2,True,Wrexham AFC → Huddersfield Town,Championship → League One,True
174199,V3_2025_26,2,1,True,Stockport County → Wigan Athletic,League One,False
174296,V3_2025_26,2,1,True,Birmingham City → Charlton Athletic,Championship,False
177631,V3_2025_26,2,2,True,Sporting Kansas City → Cultural Leonesa,Major League Soccer → La Liga 2,True
177654,V3_2025_26,2,1,True,Atromitos Athens → Levadiakos,Super League,False
177715,V3_2025_26,2,2,False,CD Mirandés + Deportivo Alavés,La Liga 2 + La Liga,True
177744,V3_2025_26,2,2,True,Raków Częstochowa → FC Banik Ostrava,Ekstraklasa → Chance Liga,True
178048,V3_2025_26,2,2,True,Akhmat Grozny → FK TSC Backa Topola,Premier League → Super Liga,True
178058,V3_2025_26,2,2,True,Rubin Kazan → Real Zaragoza,Premier League → La Liga 2,True
178069,V3_2025_26,2,1,True,Zeleziarne Podbrezova → FC Tatran Presov,Niké Liga,False
179740,V3_2025_26,2,2,True,AE Larisa → FK Radnicki 1923 Kragujevac,Super League → Super Liga,True
181049,V3_2025_26,2,1,True,SK Sigma Olomouc → 1.FC Slovacko,Chance Liga,False
181218,V3_2025_26,2,1,True,Piast Gliwice → GKS Katowice,Ekstraklasa,False
181308,V3_2025_26,2,2,True,FC Rapid 1923 → DAC Dunajska Streda,Superliga → Niké Liga,True
181337,V3_2025_26,2,1,True,FC Banik Ostrava → SK Slavia Prague,Chance Liga,False
181468,V3_2025_26,2,2,True,FC Banik Ostrava → Pyramids FC,Chance Liga → Premier League,True
181490,V3_2025_26,2,2,True,Górnik Zabrze → DAC Dunajska Streda,Ekstraklasa → Niké Liga,True
182628,V3_2025_26,2,1,True,Botafogo de Futebol e Regatas → Sociedade Esportiva Palmeiras,Serie A,False
182905,V3_2025_26,2,2,True,Alanyaspor → Slovan Bratislava,Super Lig → Niké Liga,True
182986,V3_2025_26,2,2,True,AC Reggiana 1919 → NK Istra 1961,Serie B → 1. HNL,True
183344,V3_2025_26,2,2,True,Ajman Club → Bodrum FK,UAE Pro League → 1. Lig,True
183503,V3_2025_26,2,2,True,Al-Okhdood Club → Konyaspor,Pro League → Super Lig,True
185611,V3_2025_26,2,1,True,Junior FC → Deportivo Pereira,Liga BetPlay,False
186159,V3_2025_26,2,2,True,ACF Fiorentina → Al-Hilal SFC,Serie A → Pro League,True
186354,V3_2025_26,2,1,True,Granada CF → Real Zaragoza,La Liga 2,False
186475,V3_2025_26,2,1,True,Tigres UANL → FC Juárez,Liga MX,False
186488,V3_2025_26,2,1,True,Racing Club → CA San Lorenzo de Almagro,Liga Profesional de Fútbol,False
186509,V3_2025_26,2,2,True,Sport Club Corinthians Paulista → Gil Vicente FC,Serie A → Liga Portugal,True
186535,V3_2025_26,2,1,True,Club Cienciano → Club Juan Pablo II College,Primera Division,False
186567,V3_2025_26,2,2,True,Fatih Karagümrük → CD Palestino,Super Lig → Primera Division,True
186741,V3_2025_26,2,2,True,Maccabi Haifa → Jagiellonia Bialystok,Ligat ha'Al → Ekstraklasa,True
186921,V3_2025_26,2,2,True,CA River Plate → Fatih Karagümrük,Liga Profesional de Fútbol → Super Lig,True
186982,V3_2025_26,2,2,True,Fenerbahce → Al-Ittihad Club,Super Lig → Pro League,True
186994,V3_2025_26,2,1,True,San Jose Earthquakes → Nashville SC,Major League Soccer,False
187009,V3_2025_26,2,1,True,CA Vélez Sarsfield → CA Central Córdoba (SdE),Liga Profesional de Fútbol,False
187074,V3_2025_26,2,2,True,Granada CF → Aris Thessaloniki,La Liga 2 → Super League,True
187277,V3_2025_26,2,2,True,Sport Club Internacional → CA Huracán,Serie A → Liga Profesional de Fútbol,True
188060,V3_2025_26,2,2,True,Shandong Taishan → Albacete Balompié,Super League → La Liga 2,True
188443,V3_2025_26,2,1,True,CA Rosario Central → CA Sarmiento (Junin),Liga Profesional de Fútbol,False
189286,V3_2025_26,2,1,True,Celta de Vigo → Girona FC,La Liga,False
189401,V3_2025_26,2,2,True,Blooming Santa Cruz → Club Juan Pablo II College,Liga De Futbol Prof → Primera Division,True
189825,V3_2025_26,2,2,True,Grêmio Foot-Ball Porto Alegrense → CA Talleres,Serie A → Liga Profesional de Fútbol,True
189896,V3_2025_26,2,2,True,Sporting Kansas City → SD Huesca,Major League Soccer → La Liga 2,True
189937,V3_2025_26,2,1,False,Radomiak Radom + Jagiellonia Bialystok,Ekstraklasa,False
190049,V3_2025_26,2,1,True,Atlético de Madrid → CA Osasuna,La Liga,False
190998,V3_2025_26,2,1,True,Panathinaikos → PAOK Thessaloniki,Super League,False
191035,V3_2025_26,2,2,True,AIK → Chicago Fire FC,Allsvenskan → Major League Soccer,True
191264,V3_2025_26,3,3,False,Aberdeen FC + FC Utrecht + Bologna FC 1909,Premiership + Eredivisie + Serie A,True
191847,V3_2025_26,2,2,True,Rosenborg BK → El Masry SC,Eliteserien → Premier League,True
192045,V3_2025_26,2,1,True,IF Elfsborg → Halmstads BK,Allsvenskan,False
192858,V3_2025_26,2,1,True,Club Cienciano → Alianza Universidad,Primera Division,False
193048,V3_2025_26,2,2,True,BK Häcken → Fredrikstad FK,Allsvenskan → Eliteserien,True
193095,V3_2025_26,2,1,True,Vestri Ísafjördur → KA Akureyri,Besta deild,False
193106,V3_2025_26,2,1,True,Hammarby IF → IF Brommapojkarna,Allsvenskan,False
193941,V3_2025_26,2,1,True,AIK → IF Elfsborg,Allsvenskan,False
196567,V3_2025_26,2,2,True,Sandefjord Fotball → IFK Göteborg,Eliteserien → Allsvenskan,True
197278,V3_2025_26,2,2,True,Hamarkameratene → Panetolikos,Eliteserien → Super League,True
198062,V3_2025_26,2,2,False,Inter Milan + Manchester City,Serie A + Premier League,True
198182,V3_2025_26,2,2,True,Toronto FC → Cracovia,Major League Soccer → Ekstraklasa,True
198424,V3_2025_26,2,2,True,BSC Young Boys → Valencia CF,Super League → La Liga,True
198743,V3_2025_26,2,2,True,Toronto FC → SV Darmstadt 98,Major League Soccer → 2. Bundesliga,True
199482,V3_2025_26,2,1,True,1.FC Kaiserslautern → SpVgg Greuther Fürth,2. Bundesliga,False
200135,V3_2025_26,2,2,True,Antalyaspor → Igdir FK,Super Lig → 1. Lig,True
200994,V3_2025_26,2,1,True,Amed SK → Sariyer,1. Lig,False
201148,V3_2025_26,2,2,True,Hatayspor → Kasimpasa,1. Lig → Super Lig,True
201232,V3_2025_26,2,1,True,Corum FK → Sariyer,1. Lig,False
201444,V3_2025_26,2,1,True,Fenerbahce → Kasimpasa,Super Lig,False
201503,V3_2025_26,3,2,True,Kocaelispor → Corum FK → Van Spor FK,Super Lig → 1. Lig,True
201676,V3_2025_26,2,1,True,Gaziantep FK → Kayserispor,Super Lig,False
201712,V3_2025_26,2,1,True,Konyaspor → Trabzonspor,Super Lig,False
202002,V3_2025_26,3,2,True,Los Angeles FC → Fenerbahce → Beşiktaş JK,Major League Soccer → Super Lig,True
202503,V3_2025_26,2,2,True,Göztepe → Corum FK,Super Lig → 1. Lig,True
202601,V3_2025_26,2,1,True,Serik Spor → Boluspor,1. Lig,False
202620,V3_2025_26,2,1,True,Eyüpspor → Gaziantep FK,Super Lig,False
202738,V3_2025_26,2,1,True,Beşiktaş JK → Gaziantep FK,Super Lig,False
203385,V3_2025_26,2,1,True,Serik Spor → Van Spor FK,1. Lig,False
203404,V3_2025_26,2,2,True,Genclerbirligi Ankara → Corum FK,Super Lig → 1. Lig,True
203462,V3_2025_26,2,1,True,Kayserispor → Beşiktaş JK,Super Lig,False
203965,V3_2025_26,2,1,True,Hatayspor → Bandirma Spor,1. Lig,False
203978,V3_2025_26,2,1,True,Hatayspor → Bandirma Spor,1. Lig,False
204211,V3_2025_26,2,2,True,Sariyer → Fatih Karagümrük,1. Lig → Super Lig,True
204936,V3_2025_26,2,2,True,Clube de Regatas Vasco da Gama → Panserraikos,Serie A → Super League,True
205343,V3_2025_26,2,1,True,Cruzeiro Esporte Clube → Clube Atlético Mineiro,Serie A,False
205450,V3_2025_26,2,2,False,FK Jablonec + RC Strasbourg Alsace,Chance Liga + Ligue 1,True
205933,V3_2025_26,2,2,True,Olympiacos Piraeus → Olympique Lyon,Super League → Ligue 1,True
211295,V3_2025_26,2,1,True,CA Rosario Central → CA Independiente,Liga Profesional de Fútbol,False
212133,V3_2025_26,2,2,True,Universitario de Deportes → CA Sarmiento (Junin),Primera Division → Liga Profesional de Fútbol,True
212274,V3_2025_26,2,2,True,Club Universidad de Chile → AA Argentinos Juniors,Primera Division → Liga Profesional de Fútbol,True
212289,V3_2025_26,2,1,True,CA Newell's Old Boys → Club Atlético Platense,Liga Profesional de Fútbol,False
212529,V3_2025_26,2,1,True,Universitario de Vinto → Gualberto Villarroel San José,Liga De Futbol Prof,False
212636,V3_2025_26,2,1,True,Club Atlético Tucumán → CA Barracas Central,Liga Profesional de Fútbol,False
212928,V3_2025_26,2,1,True,San Antonio Bulo Bulo → Club Aurora,Liga De Futbol Prof,False
213078,V3_2025_26,2,2,True,Defensa y Justicia → Deportes La Serena,Liga Profesional de Fútbol → Primera Division,True
213144,V3_2025_26,2,2,True,CA San Martín (San Juan) → Rionegro Águilas,Liga Profesional de Fútbol → Liga BetPlay,True
213155,V3_2025_26,2,2,True,Fortaleza Esporte Clube → Club Universidad de Chile,Serie A → Primera Division,True
213181,V3_2025_26,2,2,True,Club Sporting Cristal → Bolívar La Paz,Primera Division → Liga De Futbol Prof,True
213304,V3_2025_26,2,2,True,CA River Plate → Atlético Nacional,Liga Profesional de Fútbol → Liga BetPlay,True
213434,V3_2025_26,2,1,True,Club The Strongest → Club Always Ready,Liga De Futbol Prof,False
213472,V3_2025_26,2,1,True,CA Central Córdoba (SdE) → Instituto ACC,Liga Profesional de Fútbol,False
213583,V3_2025_26,2,1,True,CA River Plate → Club Atlético Tigre,Liga Profesional de Fútbol,False
213683,V3_2025_26,2,1,True,CA Unión (Santa Fe) → CA Barracas Central,Liga Profesional de Fútbol,False
213720,V3_2025_26,2,2,True,Club Sporting Cristal → CA Sarmiento (Junin),Primera Division → Liga Profesional de Fútbol,True
213870,V3_2025_26,2,2,True,Club Atlético Tucumán → Audax Italiano,Liga Profesional de Fútbol → Primera Division,True
213919,V3_2025_26,2,2,True,CA Lanús → Puebla FC,Liga Profesional de Fútbol → Liga MX,True
213949,V3_2025_26,2,1,True,CA Nacional Potosí → Bolívar La Paz,Liga De Futbol Prof,False
213977,V3_2025_26,2,1,True,Club The Strongest → Club Always Ready,Liga De Futbol Prof,False
214224,V3_2025_26,2,1,True,CA River Plate → Club de Gimnasia y Esgrima La Plata,Liga Profesional de Fútbol,False
214360,V3_2025_26,2,1,True,CD O'Higgins → Unión La Calera,Primera Division,False
214553,V3_2025_26,2,1,True,CA Unión (Santa Fe) → CA Sarmiento (Junin),Liga Profesional de Fútbol,False
214556,V3_2025_26,2,2,True,CA Talleres → Levadiakos,Liga Profesional de Fútbol → Super League,True
214683,V3_2025_26,2,2,True,CD América de Cali → CA Aldosivi,Liga BetPlay → Liga Profesional de Fútbol,True
214722,V3_2025_26,2,1,True,Unión La Calera → Unión Española,Primera Division,False
214753,V3_2025_26,2,1,True,Instituto ACC → CA Aldosivi,Liga Profesional de Fútbol,False
214777,V3_2025_26,3,2,True,Cruzeiro Esporte Clube → São Paulo Futebol Clube → Deportivo Cali,Serie A → Liga BetPlay,True
214872,V3_2025_26,2,2,False,Club Atlético Tucumán + Sport Club do Recife,Liga Profesional de Fútbol + Serie A,True
214908,V3_2025_26,2,1,True,Club Atlético Belgrano → Club Atlético Tucumán,Liga Profesional de Fútbol,False
214977,V3_2025_26,2,1,True,CA River Plate → CA Vélez Sarsfield,Liga Profesional de Fútbol,False
215018,V3_2025_26,2,2,True,CA Sarmiento (Junin) → Cusco FC,Liga Profesional de Fútbol → Primera Division,True
215082,V3_2025_26,2,1,True,Club Atlético Tigre → CA Huracán,Liga Profesional de Fútbol,False
215160,V3_2025_26,2,2,True,CA Newell's Old Boys → Panetolikos,Liga Profesional de Fútbol → Super League,True
215175,V3_2025_26,2,1,True,Ayacucho FC → Sport Huancayo,Primera Division,False
215256,V3_2025_26,2,1,True,CA Talleres → CA Unión (Santa Fe),Liga Profesional de Fútbol,False
215266,V3_2025_26,2,1,True,Racing Club → Club de Gimnasia y Esgrima La Plata,Liga Profesional de Fútbol,False
215336,V3_2025_26,2,1,True,CA Unión (Santa Fe) → Club Atlético Tucumán,Liga Profesional de Fútbol,False
215345,V3_2025_26,2,1,True,Deportes Limache → CD Palestino,Primera Division,False
215360,V3_2025_26,2,1,True,Racing Club → CA River Plate,Liga Profesional de Fútbol,False
215430,V3_2025_26,2,1,True,Club de Gimnasia y Esgrima La Plata → Club Atlético Belgrano,Liga Profesional de Fútbol,False
215532,V3_2025_26,2,2,True,Juventus FC → Atlético de Madrid,Serie A → La Liga,True
215613,V3_2025_26,3,1,True,AA Argentinos Juniors → CA Sarmiento (Junin) → Gimnasia y Esgrima de Mendoza,Liga Profesional de Fútbol,False
215910,V3_2025_26,2,2,True,Instituto ACC → Deportes La Serena,Liga Profesional de Fútbol → Primera Division,True
216686,V3_2025_26,2,2,True,Instituto ACC → Bolívar La Paz,Liga Profesional de Fútbol → Liga De Futbol Prof,True
217005,V3_2025_26,2,1,True,Sociedade Esportiva Palmeiras → Grêmio Foot-Ball Porto Alegrense,Serie A,False
217486,V3_2025_26,2,2,True,Shimizu S-Pulse → Bandirma Spor,J1 League → 1. Lig,True
217719,V3_2025_26,2,2,True,Mirassol Futebol Clube (SP) → Club Sporting Cristal,Serie A → Primera Division,True
217738,V3_2025_26,2,1,True,Esporte Clube Juventude → Associação Chapecoense de Futebol,Serie A,False
218062,V3_2025_26,2,1,True,Ceará Sporting Club → Clube do Remo (PA),Serie A,False
218138,V3_2025_26,2,2,True,Defensa y Justicia → Rionegro Águilas,Liga Profesional de Fútbol → Liga BetPlay,True
218201,V3_2025_26,2,1,True,CA Central Córdoba (SdE) → Club Atlético Platense,Liga Profesional de Fútbol,False
218357,V3_2025_26,2,2,True,Sport Club do Recife → Houston Dynamo FC,Serie A → Major League Soccer,True
218446,V3_2025_26,2,1,True,Yokohama F. Marinos → Kashima Antlers,J1 League,False
218489,V3_2025_26,2,1,True,São Paulo Futebol Clube → Fluminense Football Club,Serie A,False
218585,V3_2025_26,2,1,True,Esporte Clube Vitória → Coritiba Foot Ball Club,Serie A,False
218597,V3_2025_26,2,1,True,Sociedade Esportiva Palmeiras → Santos FC,Serie A,False
218779,V3_2025_26,2,2,True,Vissel Kobe → Machida Zelvia,J1 League → J1 100 Year Vision League,True
218803,V3_2025_26,2,1,True,Fluminense Football Club → Esporte Clube Bahia,Serie A,False
218813,V3_2025_26,2,1,True,Fortaleza Esporte Clube → Clube do Remo (PA),Serie A,False
218892,V3_2025_26,2,1,False,Ceará Sporting Club + Mirassol Futebol Clube (SP),Serie A,False
218999,V3_2025_26,2,1,True,Sport Club do Recife → Associação Chapecoense de Futebol,Serie A,False
219279,V3_2025_26,2,2,True,Sport Club Corinthians Paulista → CA Boca Juniors,Serie A → Liga Profesional de Fútbol,True
219386,V3_2025_26,2,2,True,Kyoto Sanga → Gil Vicente FC,J1 League → Liga Portugal,True
219398,V3_2025_26,2,1,True,Clube Atlético Mineiro → Fluminense Football Club,Serie A,False
219402,V3_2025_26,2,1,True,Esporte Clube Vitória → Mirassol Futebol Clube (SP),Serie A,False
219416,V3_2025_26,2,2,True,FC Tokyo → Kyoto Sanga,J1 League → J1 100 Year Vision League,True
219425,V3_2025_26,2,2,True,Grêmio Foot-Ball Porto Alegrense → Deportivo Cali,Serie A → Liga BetPlay,True
219452,V3_2025_26,2,1,True,Fluminense Football Club → Coritiba Foot Ball Club,Serie A,False
219468,V3_2025_26,2,2,True,Cerezo Osaka → Clube do Remo (PA),J1 League → Serie A,True
219497,V3_2025_26,2,2,False,Sociedade Esportiva Palmeiras + CF América,Serie A + Liga MX,True
219512,V3_2025_26,2,2,True,Sporting CP → CSKA Moscow,Liga Portugal → Premier League,True
219554,V3_2025_26,2,1,True,Fluminense Football Club → Coritiba Foot Ball Club,Serie A,False
219604,V3_2025_26,2,1,True,Sport Club Corinthians Paulista → Clube Atlético Mineiro,Serie A,False
219696,V3_2025_26,2,2,True,Al-Wakrah SC → Santos FC,Stars League → Serie A,True
219704,V3_2025_26,2,1,True,Fortaleza Esporte Clube → Esporte Clube Vitória,Serie A,False
219710,V3_2025_26,2,2,True,Kashiwa Reysol → Vissel Kobe,J1 League → J1 100 Year Vision League,True
219722,V3_2025_26,2,1,True,Atlético de San Luis → CF América,Liga MX,False
219737,V3_2025_26,2,2,True,Cerezo Osaka → Shanghai Shenhua,J1 League → Super League,True
219748,V3_2025_26,2,2,True,Shanghai Shenhua → Mirassol Futebol Clube (SP),Super League → Serie A,True
219793,V3_2025_26,2,1,True,Botafogo de Futebol e Regatas → São Paulo Futebol Clube,Serie A,False
219820,V3_2025_26,2,1,True,Mirassol Futebol Clube (SP) → São Paulo Futebol Clube,Serie A,False
219888,V3_2025_26,2,2,True,Yokohama F. Marinos → Qatar SC,J1 League → Stars League,True
219925,V3_2025_26,2,2,True,San Jose Earthquakes → Mirassol Futebol Clube (SP),Major League Soccer → Serie A,True
219976,V3_2025_26,2,1,True,Mirassol Futebol Clube (SP) → São Paulo Futebol Clube,Serie A,False
220009,V3_2025_26,2,2,True,Santos FC → Houston Dynamo FC,Serie A → Major League Soccer,True
220052,V3_2025_26,2,2,True,West Ham United → CR Flamengo,Premier League → Serie A,True
220331,V3_2025_26,2,2,True,Fluminense Football Club → CF América,Serie A → Liga MX,True
221244,V3_2025_26,2,2,True,CD Universidad Católica → Deportivo Garcilaso,Primera Division,True
221408,V3_2025_26,2,1,True,Sport Club Corinthians Paulista → Grêmio Foot-Ball Porto Alegrense,Serie A,False
221468,V3_2025_26,2,1,True,Sociedade Esportiva Palmeiras → Cruzeiro Esporte Clube,Serie A,False
222347,V3_2025_26,2,1,True,Fortaleza Esporte Clube → Clube do Remo (PA),Serie A,False
223059,V3_2025_26,2,1,True,Club Jorge Wilstermann → Club A.B.B.,Liga De Futbol Prof,False
223162,V3_2025_26,2,2,True,Yokohama FC → Mirassol Futebol Clube (SP),J1 League → Serie A,True
223542,V3_2025_26,2,1,True,Fortaleza Esporte Clube → Associação Chapecoense de Futebol,Serie A,False
223656,V3_2025_26,2,1,True,Clube Atlético Mineiro → Santos FC,Serie A,False
223664,V3_2025_26,2,1,True,Cruzeiro Esporte Clube → Grêmio Foot-Ball Porto Alegrense,Serie A,False
223679,V3_2025_26,2,1,True,Fortaleza Esporte Clube → Coritiba Foot Ball Club,Serie A,False
223705,V3_2025_26,2,1,True,Fortaleza Esporte Clube → Coritiba Foot Ball Club,Serie A,False
223832,V3_2025_26,2,1,True,Shanghai Port → Chengdu Rongcheng,Super League,False
223853,V3_2025_26,2,1,True,Ceará Sporting Club → Coritiba Foot Ball Club,Serie A,False
225000,V3_2025_26,2,1,True,Nottingham Forest → Aston Villa,Premier League,False
225238,V3_2025_26,2,1,True,Fenerbahce → Kasimpasa,Super Lig,False
226731,V3_2025_26,2,1,True,Mirassol Futebol Clube (SP) → Cruzeiro Esporte Clube,Serie A,False
226787,V3_2025_26,2,2,False,Qingdao West Coast + Esporte Clube Bahia,Super League + Serie A,True
226913,V3_2025_26,2,1,True,Esporte Clube Juventude → Esporte Clube Vitória,Serie A,False
226993,V3_2025_26,2,2,True,Santos FC → V-Varen Nagasaki,Serie A → J1 100 Year Vision League,True
227043,V3_2025_26,2,1,True,Sport Club do Recife → Mirassol Futebol Clube (SP),Serie A,False
230293,V3_2025_26,2,1,True,Shonan Bellmare → Yokohama FC,J1 League,False
231753,V3_2025_26,2,2,True,CSKA Moscow → Al-Jazira Club,Premier League → UAE Pro League,True
231850,V3_2025_26,2,2,True,Göztepe → Sakaryaspor,Super Lig → 1. Lig,True
232860,V3_2025_26,2,1,True,Audax Italiano → Deportes Concepción,Primera Division,False
232970,V3_2025_26,2,1,True,CD Everton → Unión La Calera,Primera Division,False
233137,V3_2025_26,2,1,True,Club Deportes Iquique → Deportes Concepción,Primera Division,False
233348,V3_2025_26,2,1,True,CSD Colo-Colo → CD Everton,Primera Division,False
233543,V3_2025_26,2,1,True,CD Palestino → Universidad de Concepción,Primera Division,False
233742,V3_2025_26,2,1,True,Club Deportes Iquique → Deportes Limache,Primera Division,False
233816,V3_2025_26,2,2,True,CSD Colo-Colo → Club Alianza Lima,Primera Division,True
233868,V3_2025_26,2,2,True,Universitario de Deportes → Millonarios FC,Primera Division → Liga BetPlay,True
233878,V3_2025_26,2,2,True,CD Ñublense → Erzurumspor FK,Primera Division → 1. Lig,True
234034,V3_2025_26,2,1,True,Unión La Calera → CD Ñublense,Primera Division,False
234413,V3_2025_26,2,1,True,Deportes Limache → Deportes Concepción,Primera Division,False
234583,V3_2025_26,2,1,True,Unión Española → Deportes Concepción,Primera Division,False
234725,V3_2025_26,2,1,True,CD Everton → CSD Colo-Colo,Primera Division,False
234728,V3_2025_26,2,1,True,Club Alianza Lima → FC Cajamarca,Primera Division,False
234743,V3_2025_26,2,1,True,CD Ñublense → CD Universidad Católica,Primera Division,False
234959,V3_2025_26,2,2,True,Clube de Regatas Vasco da Gama → Deportes Limache,Serie A → Primera Division,True
235213,V3_2025_26,2,1,True,CD O'Higgins → Deportes Limache,Primera Division,False
235273,V3_2025_26,2,1,True,Deportivo Pereira → Millonarios FC,Liga BetPlay,False
235454,V3_2025_26,2,1,True,Internacional de Bogotá → Alianza FC,Liga BetPlay,False
235820,V3_2025_26,2,1,True,Independiente Medellín → Asociación Deportivo Pasto,Liga BetPlay,False
236162,V3_2025_26,2,2,True,CA Boca Juniors → Independiente Medellín,Liga Profesional de Fútbol → Liga BetPlay,True
236217,V3_2025_26,2,1,True,Rionegro Águilas → Asociación Deportivo Pasto,Liga BetPlay,False
236307,V3_2025_26,2,1,True,Alianza Universidad → Sport Huancayo,Primera Division,False
236325,V3_2025_26,2,1,True,Huachipato FC → CD Universidad Católica,Primera Division,False
236349,V3_2025_26,2,2,False,Deportivo Cali + CA Barracas Central,Liga BetPlay + Liga Profesional de Fútbol,True
236366,V3_2025_26,2,1,True,Deportes Tolima → Deportivo Cali,Liga BetPlay,False
236379,V3_2025_26,2,1,True,Deportivo Cali → Llaneros FC,Liga BetPlay,False
236448,V3_2025_26,2,1,True,Junior FC → Independiente Medellín,Liga BetPlay,False
236554,V3_2025_26,2,1,True,Universitario de Vinto → CA Nacional Potosí,Liga De Futbol Prof,False
236582,V3_2025_26,2,1,True,Deportivo Binacional → Deportivo Moquegua,Primera Division,False
236775,V3_2025_26,2,1,True,Internacional de Bogotá → Deportivo Cali,Liga BetPlay,False
236806,V3_2025_26,2,1,True,Fortaleza CEIF → Rionegro Águilas,Liga BetPlay,False
236942,V3_2025_26,2,2,True,Llaneros FC → Club Aurora,Liga BetPlay → Liga De Futbol Prof,True
237005,V3_2025_26,2,2,True,San Jose Earthquakes → Atlético Nacional,Major League Soccer → Liga BetPlay,True
237014,V3_2025_26,2,1,True,Asociación Deportivo Pasto → Deportivo Pereira,Liga BetPlay,False
237019,V3_2025_26,2,1,True,Rionegro Águilas → Independiente Medellín,Liga BetPlay,False
237036,V3_2025_26,3,1,True,Deportivo Cali → Deportivo Pereira → Independiente Santa Fe,Liga BetPlay,False
237113,V3_2025_26,2,1,True,Atlético Bucaramanga → Once Caldas,Liga BetPlay,False
237145,V3_2025_26,2,1,True,Rionegro Águilas → Deportivo Cali,Liga BetPlay,False
237188,V3_2025_26,2,1,True,Asociación Deportivo Pasto → Once Caldas,Liga BetPlay,False
237204,V3_2025_26,3,1,True,Rionegro Águilas → Junior FC → Atlético Bucaramanga,Liga BetPlay,False
237213,V3_2025_26,2,2,True,Defensa y Justicia → Santos Laguna,Liga Profesional de Fútbol → Liga MX,True
237229,V3_2025_26,3,1,True,Independiente Santa Fe → Deportivo Pereira → Cúcuta Deportivo,Liga BetPlay,False
237252,V3_2025_26,2,1,True,Atlético Bucaramanga → Jaguares de Córdoba,Liga BetPlay,False
237301,V3_2025_26,2,1,True,Deportivo Cali → Independiente Medellín,Liga BetPlay,False
237316,V3_2025_26,2,1,True,RC Lens → FC Nantes,Ligue 1,False
237318,V3_2025_26,2,1,True,Deportes Tolima → Millonarios FC,Liga BetPlay,False
237366,V3_2025_26,2,1,True,Boyacá Chicó FC → Rionegro Águilas,Liga BetPlay,False
237414,V3_2025_26,2,1,True,Atlético Bucaramanga → Internacional de Bogotá,Liga BetPlay,False
237684,V3_2025_26,2,1,True,Independiente Santa Fe → Deportivo Pereira,Liga BetPlay,False
237696,V3_2025_26,2,1,True,CD América de Cali → Once Caldas,Liga BetPlay,False
237735,V3_2025_26,3,1,True,Deportivo Cali → Deportivo Pereira → Cúcuta Deportivo,Liga BetPlay,False
237747,V3_2025_26,2,1,True,Llaneros FC → Rionegro Águilas,Liga BetPlay,False
237751,V3_2025_26,2,1,True,Universitario de Vinto → CA Nacional Potosí,Liga De Futbol Prof,False
237789,V3_2025_26,2,2,True,Unión Magdalena → CA Nacional Potosí,Liga BetPlay → Liga De Futbol Prof,True
237803,V3_2025_26,2,1,True,Universidad Técnica de Cajamarca → CD Los Chankas,Primera Division,False
237819,V3_2025_26,2,1,True,Alianza FC → Rionegro Águilas,Liga BetPlay,False
237839,V3_2025_26,2,1,True,Independiente Santa Fe → Jaguares de Córdoba,Liga BetPlay,False
237880,V3_2025_26,2,2,True,Mazatlán FC → UD Las Palmas,Liga MX → La Liga 2,True
237888,V3_2025_26,2,1,True,Atlético Nacional → Internacional de Bogotá,Liga BetPlay,False
237936,V3_2025_26,2,2,True,Austin FC → Independiente Santa Fe,Major League Soccer → Liga BetPlay,True
237938,V3_2025_26,2,2,True,Deportivo Pereira → Club The Strongest,Liga BetPlay → Liga De Futbol Prof,True
237951,V3_2025_26,2,1,True,Deportivo Pereira → Boyacá Chicó FC,Liga BetPlay,False
237954,V3_2025_26,2,1,True,Internacional de Bogotá → Cúcuta Deportivo,Liga BetPlay,False
237972,V3_2025_26,2,2,True,Asociación Deportivo Pasto → Real Potosí,Liga BetPlay → Liga De Futbol Prof,True
237982,V3_2025_26,3,2,True,Millonarios FC → Bolívar La Paz → Independiente Medellín,Liga BetPlay → Liga De Futbol Prof,True
237993,V3_2025_26,2,1,True,Alianza FC → Jaguares de Córdoba,Liga BetPlay,False
238062,V3_2025_26,2,1,True,Atlético Bucaramanga → Llaneros FC,Liga BetPlay,False
238085,V3_2025_26,2,1,True,Deportivo Pereira → Llaneros FC,Liga BetPlay,False
238104,V3_2025_26,2,1,True,Deportivo Pereira → Junior FC,Liga BetPlay,False
238106,V3_2025_26,2,1,True,Rionegro Águilas → Independiente Santa Fe,Liga BetPlay,False
238142,V3_2025_26,2,2,True,Llaneros FC → San Antonio Bulo Bulo,Liga BetPlay → Liga De Futbol Prof,True
238144,V3_2025_26,2,2,True,CD América de Cali → Racing Club,Liga BetPlay → Liga Profesional de Fútbol,True
238148,V3_2025_26,2,2,True,FC Juárez → CA Talleres,Liga MX → Liga Profesional de Fútbol,True
238159,V3_2025_26,2,1,True,Atlético Bucaramanga → Asociación Deportivo Pasto,Liga BetPlay,False
238195,V3_2025_26,2,2,True,Burgos CF → Rubin Kazan,La Liga 2 → Premier League,True
238227,V3_2025_26,2,2,True,CA Independiente → UNAM Pumas,Liga Profesional de Fútbol → Liga MX,True
238251,V3_2025_26,2,2,True,CD Everton → Asociación Deportivo Pasto,Primera Division → Liga BetPlay,True
238290,V3_2025_26,2,2,True,Sport Club do Recife → CF Pachuca,Serie A → Liga MX,True
238310,V3_2025_26,2,2,True,Envigado FC → Blooming Santa Cruz,Liga BetPlay → Liga De Futbol Prof,True
238323,V3_2025_26,2,1,True,Deportivo Pereira → Junior FC,Liga BetPlay,False
238348,V3_2025_26,2,1,True,Independiente Medellín → Fortaleza CEIF,Liga BetPlay,False
238447,V3_2025_26,2,2,True,Independiente Medellín → FC Juárez,Liga BetPlay → Liga MX,True
238449,V3_2025_26,2,1,True,Independiente Medellín → Deportes Tolima,Liga BetPlay,False
238657,V3_2025_26,2,1,True,Asociación Deportivo Pasto → Deportivo Pereira,Liga BetPlay,False
238981,V3_2025_26,2,1,True,Rionegro Águilas → Asociación Deportivo Pasto,Liga BetPlay,False
239700,V3_2025_26,2,1,True,Atlético Nacional → Atlético Bucaramanga,Liga BetPlay,False
239730,V3_2025_26,2,1,True,Asociación Deportivo Pasto → Atlético Bucaramanga,Liga BetPlay,False
240086,V3_2025_26,2,1,True,Millonarios FC → Llaneros FC,Liga BetPlay,False
240322,V3_2025_26,3,1,True,Deportes Tolima → Alianza FC → Jaguares de Córdoba,Liga BetPlay,False
240336,V3_2025_26,2,1,True,Deportes Tolima → CD América de Cali,Liga BetPlay,False
240351,V3_2025_26,2,2,True,Alianza FC → Asociación Deportiva Tarma,Liga BetPlay → Primera Division,True
240360,V3_2025_26,3,1,True,Millonarios FC → Independiente Medellín → Deportes Tolima,Liga BetPlay,False
240386,V3_2025_26,2,2,True,CA Talleres → Club Athletico Paranaense,Liga Profesional de Fútbol → Serie A,True
240459,V3_2025_26,3,2,True,Atlético Bucaramanga → CA Banfield → Cúcuta Deportivo,Liga BetPlay → Liga Profesional de Fútbol,True
240864,V3_2025_26,3,1,True,Alianza FC → Unión Magdalena → Jaguares de Córdoba,Liga BetPlay,False
240886,V3_2025_26,2,1,True,Deportivo Cali → Envigado FC,Liga BetPlay,False
241037,V3_2025_26,2,1,True,Junior FC → Alianza FC,Liga BetPlay,False
241172,V3_2025_26,2,1,True,Deportes Tolima → Llaneros FC,Liga BetPlay,False
241254,V3_2025_26,2,2,True,Atlético Nacional → Club Athletico Paranaense,Liga BetPlay → Serie A,True
241519,V3_2025_26,2,1,True,CD América de Cali → Junior FC,Liga BetPlay,False
241542,V3_2025_26,2,1,True,Fortaleza CEIF → Boyacá Chicó FC,Liga BetPlay,False
242484,V3_2025_26,2,2,True,Millonarios FC → Puebla FC,Liga BetPlay → Liga MX,True
244493,V3_2025_26,2,2,True,Sporting Gijón → CA Huracán,La Liga 2 → Liga Profesional de Fútbol,True
245257,V3_2025_26,2,2,True,Atlético Nacional → Mazatlán FC,Liga BetPlay → Liga MX,True
245396,V3_2025_26,2,1,True,Universitario de Deportes → Club Alianza Lima,Primera Division,False
246281,V3_2025_26,2,1,True,Club Cienciano → Sport Huancayo,Primera Division,False
249993,V3_2025_26,2,2,True,Toronto FC → Al-Najma SC,Major League Soccer → Pro League,True
250633,V3_2025_26,2,1,True,Club The Strongest → Club Deportivo Oriente Petrolero,Liga De Futbol Prof,False
251652,V3_2025_26,2,1,True,Hapoel Haifa → Hapoel Beer Sheva,Ligat ha'Al,False
252509,V3_2025_26,2,1,True,CD Cruz Azul → Deportivo Guadalajara,Liga MX,False
253204,V3_2025_26,2,1,True,CF Monterrey → Atlas Guadalajara,Liga MX,False
253469,V3_2025_26,2,2,True,FC Juárez → CD Everton,Liga MX → Primera Division,True
253754,V3_2025_26,2,2,True,CD Cruz Azul → PAOK Thessaloniki,Liga MX → Super League,True
253785,V3_2025_26,2,2,False,FBC Melgar + FC Juárez,Primera Division + Liga MX,True
253862,V3_2025_26,2,1,True,Querétaro FC → Club Tijuana,Liga MX,False
254052,V3_2025_26,2,2,False,Fenerbahce + West Ham United,Super Lig + Premier League,True
254081,V3_2025_26,2,2,True,West Ham United → Valencia CF,Premier League → La Liga,True
254102,V3_2025_26,2,1,True,Club Necaxa → Club León FC,Liga MX,False
254119,V3_2025_26,2,1,True,CF Monterrey → Club León FC,Liga MX,False
254155,V3_2025_26,2,2,True,CSD Colo-Colo → Club León FC,Primera Division → Liga MX,True
254181,V3_2025_26,2,1,True,Puebla FC → Santos Laguna,Liga MX,False
254222,V3_2025_26,2,1,True,Puebla FC → Deportivo Guadalajara,Liga MX,False
254339,V3_2025_26,2,1,True,Mazatlán FC → Club León FC,Liga MX,False
254491,V3_2025_26,2,1,True,Tigres UANL → UNAM Pumas,Liga MX,False
256442,V3_2025_26,2,1,True,Vancouver Whitecaps FC → CF Montréal,Major League Soccer,False
257243,V3_2025_26,2,1,True,Tigres UANL → Deportivo Toluca,Liga MX,False
257278,V3_2025_26,2,1,True,Coquimbo Unido → Universidad de Concepción,Primera Division,False
257671,V3_2025_26,2,1,True,Instituto ACC → Gimnasia y Esgrima de Mendoza,Liga Profesional de Fútbol,False
257756,V3_2025_26,2,2,True,CD Godoy Cruz Antonio Tomba → FBC Melgar,Liga Profesional de Fútbol → Primera Division,True
257840,V3_2025_26,2,2,True,CA River Plate → Portland Timbers,Liga Profesional de Fútbol → Major League Soccer,True
257864,V3_2025_26,2,2,True,Fortaleza Esporte Clube → CA Boca Juniors,Serie A → Liga Profesional de Fútbol,True
257877,V3_2025_26,2,2,True,Querétaro FC → CA Barracas Central,Liga MX → Liga Profesional de Fútbol,True
257929,V3_2025_26,2,1,True,Club Jorge Wilstermann → Gualberto Villarroel San José,Liga De Futbol Prof,False
257945,V3_2025_26,2,2,True,Damac FC → Atlético de San Luis,Pro League → Liga MX,True
258037,V3_2025_26,2,2,True,CD Palestino → CA Sarmiento (Junin),Primera Division → Liga Profesional de Fútbol,True
258070,V3_2025_26,2,1,True,Club Aurora → Club Deportivo Guabirá,Liga De Futbol Prof,False
258143,V3_2025_26,2,1,True,Club Atlético Platense → CA Talleres,Liga Profesional de Fútbol,False
258336,V3_2025_26,2,1,True,Deportivo Garcilaso → Deportivo Moquegua,Primera Division,False
258496,V3_2025_26,2,1,True,Deportivo Binacional → Alianza Universidad,Primera Division,False
258619,V3_2025_26,2,1,True,Club Alianza Lima → Sport Boys Association,Primera Division,False
258724,V3_2025_26,2,1,True,Club Juan Pablo II College → Alianza Universidad,Primera Division,False
258841,V3_2025_26,2,1,True,Deportivo Garcilaso → Asociación Deportiva Tarma,Primera Division,False
258843,V3_2025_26,2,1,True,Club Atlético Grau → Sport Huancayo,Primera Division,False
258874,V3_2025_26,2,1,True,Alianza Atlético Sullana → Comerciantes Unidos,Primera Division,False
258880,V3_2025_26,2,1,True,Club Cienciano → Club Alianza Lima,Primera Division,False
258882,V3_2025_26,2,1,True,Alianza Atlético Sullana → Deportivo Garcilaso,Primera Division,False
258889,V3_2025_26,2,2,True,Club Alianza Lima → Sakaryaspor,Primera Division → 1. Lig,True
259239,V3_2025_26,2,2,True,Atlanta United FC → Club Sporting Cristal,Major League Soccer → Primera Division,True
259241,V3_2025_26,2,1,True,CD Los Chankas → Cusco FC,Primera Division,False
259245,V3_2025_26,2,1,True,Sport Huancayo → CD Los Chankas,Primera Division,False
259252,V3_2025_26,2,1,True,Sport Boys Association → Club Cienciano,Primera Division,False
259256,V3_2025_26,2,1,True,Alianza Universidad → Deportivo Moquegua,Primera Division,False
259258,V3_2025_26,2,1,True,Alianza Atlético Sullana → Comerciantes Unidos,Primera Division,False
259266,V3_2025_26,2,1,True,Ayacucho FC → Deportivo Moquegua,Primera Division,False
259279,V3_2025_26,2,2,True,Deportivo Garcilaso → Ironi Kiryat Shmona,Primera Division → Ligat ha'Al,True
259304,V3_2025_26,2,1,True,Sport Huancayo → Comerciantes Unidos,Primera Division,False
259324,V3_2025_26,2,1,True,FBC Melgar → Comerciantes Unidos,Primera Division,False
259336,V3_2025_26,2,1,True,Club Juan Pablo II College → Sport Boys Association,Primera Division,False
259338,V3_2025_26,2,1,True,Comerciantes Unidos → Club Cienciano,Primera Division,False
259339,V3_2025_26,3,1,True,Asociación Deportiva Tarma → Alianza Universidad → Club Juan Pablo II College,Primera Division,False
259344,V3_2025_26,2,1,True,Universidad Técnica de Cajamarca → Deportivo Moquegua,Primera Division,False
259350,V3_2025_26,2,2,True,Club Aurora → Deportivo Moquegua,Liga De Futbol Prof → Primera Division,True
259374,V3_2025_26,3,1,True,Universitario de Deportes → Asociación Deportiva Tarma → Sport Boys Association,Primera Division,False
259375,V3_2025_26,2,1,True,Deportivo Garcilaso → FC Cajamarca,Primera Division,False
259395,V3_2025_26,2,1,True,Alianza Universidad → Universidad Técnica de Cajamarca,Primera Division,False
259424,V3_2025_26,2,1,True,Deportivo Binacional → Ayacucho FC,Primera Division,False
259451,V3_2025_26,2,1,True,Ayacucho FC → Asociación Deportiva Tarma,Primera Division,False
259456,V3_2025_26,2,2,True,Club Sporting Cristal → Ironi Kiryat Shmona,Primera Division → Ligat ha'Al,True
259462,V3_2025_26,2,1,True,Alianza Universidad → Sport Huancayo,Primera Division,False
259471,V3_2025_26,2,1,False,Universidad Técnica de Cajamarca + FC Cajamarca,Primera Division,False
259472,V3_2025_26,2,1,True,Universidad Técnica de Cajamarca → Club Juan Pablo II College,Primera Division,False
259474,V3_2025_26,2,1,True,Ayacucho FC → Comerciantes Unidos,Primera Division,False
259478,V3_2025_26,2,1,True,Club Cienciano → Asociación Deportiva Tarma,Primera Division,False
259558,V3_2025_26,2,1,True,Asociación Deportiva Tarma → Club Cienciano,Primera Division,False
259627,V3_2025_26,2,1,True,CD Los Chankas → Universidad Técnica de Cajamarca,Primera Division,False
259686,V3_2025_26,2,1,True,Alianza Atlético Sullana → Sport Boys Association,Primera Division,False
259688,V3_2025_26,2,1,True,Alianza Universidad → CD Los Chankas,Primera Division,False
259944,V3_2025_26,2,1,True,Club Atlético Grau → Cusco FC,Primera Division,False
259960,V3_2025_26,2,1,True,Club Atlético Grau → Sport Boys Association,Primera Division,False
260024,V3_2025_26,2,1,True,Ayacucho FC → Universidad Técnica de Cajamarca,Primera Division,False
260028,V3_2025_26,2,1,True,Ayacucho FC → Sport Huancayo,Primera Division,False
260064,V3_2025_26,2,1,True,Comerciantes Unidos → FC Cajamarca,Primera Division,False
260072,V3_2025_26,2,1,True,Asociación Deportiva Tarma → Club Cienciano,Primera Division,False
260497,V3_2025_26,2,1,True,Club Universidad de Chile → Unión Española,Primera Division,False
260629,V3_2025_26,2,1,True,CD Cruz Azul → Club Tijuana,Liga MX,False
260655,V3_2025_26,2,2,True,Once Caldas → Universitario de Vinto,Liga BetPlay → Liga De Futbol Prof,True
260789,V3_2025_26,2,1,True,Asociación Deportivo Pasto → Internacional de Bogotá,Liga BetPlay,False
260840,V3_2025_26,2,2,True,CA Boca Juniors → Celtic FC,Liga Profesional de Fútbol → Premiership,True
260854,V3_2025_26,2,2,True,CD Palestino → CA Aldosivi,Primera Division → Liga Profesional de Fútbol,True
260879,V3_2025_26,3,3,True,CD Everton → Sport Club do Recife → CA Newell's Old Boys,Primera Division → Serie A → Liga Profesional de Fútbol,True
260901,V3_2025_26,2,1,True,AA Argentinos Juniors → CA Sarmiento (Junin),Liga Profesional de Fútbol,False
260903,V3_2025_26,2,1,True,Red Bull New York → Portland Timbers,Major League Soccer,False
261057,V3_2025_26,3,1,True,Independiente Medellín → Deportivo Cali → Rionegro Águilas,Liga BetPlay,False
261907,V3_2025_26,2,1,True,Los Angeles Galaxy → New England Revolution,Major League Soccer,False
262053,V3_2025_26,2,2,True,Chicago Fire FC → Pogon Szczecin,Major League Soccer → Ekstraklasa,True
262076,V3_2025_26,2,1,True,Nashville SC → Toronto FC,Major League Soccer,False
262216,V3_2025_26,2,2,True,Feyenoord Rotterdam → Southampton FC,Eredivisie → Championship,True
262274,V3_2025_26,2,2,True,Leeds United → ACF Fiorentina,Premier League → Serie A,True
262283,V3_2025_26,2,2,True,FC Dallas → Fluminense Football Club,Major League Soccer → Serie A,True
262544,V3_2025_26,2,1,True,Red Bull New York → Toronto FC,Major League Soccer,False
262587,V3_2025_26,2,1,True,Los Angeles Galaxy → Austin FC,Major League Soccer,False
275831,V3_2025_26,2,1,True,Orlando City SC → FC Cincinnati,Major League Soccer,False
276754,V3_2025_26,2,2,True,FC Dallas → Tigres UANL,Major League Soccer → Liga MX,True
283177,V3_2025_26,2,1,True,CD Real Tomayapo → Gualberto Villarroel San José,Liga De Futbol Prof,False
284475,V3_2025_26,2,1,True,Botafogo de Futebol e Regatas → Fluminense Football Club,Serie A,False
285774,V3_2025_26,2,2,True,CD Universidad Católica → Atlético Nacional,Primera Division → Liga BetPlay,True
286059,V3_2025_26,2,1,True,Santos FC → Fluminense Football Club,Serie A,False
286667,V3_2025_26,2,2,True,BSC Young Boys → St. Louis CITY SC,Super League → Major League Soccer,True
288070,V3_2025_26,2,1,True,Orbit College FC → Durban City Football Club,Premier League,False
288341,V3_2025_26,2,1,True,Mamelodi Sundowns FC → Stellenbosch FC,Premier League,False
289041,V3_2025_26,2,1,True,AmaZulu FC → Orbit College FC,Premier League,False
289101,V3_2025_26,2,1,True,Orlando Pirates → Stellenbosch FC,Premier League,False
289398,V3_2025_26,2,2,True,Wolverhampton Wanderers → Paris FC,Premier League → Ligue 1,True
292446,V3_2025_26,2,1,True,Pyramids FC → Ittihad Alexandria SC,Premier League,False
293666,V3_2025_26,2,1,True,Al Ahly FC → Ittihad Alexandria SC,Premier League,False
293885,V3_2025_26,2,1,True,Harras El Hodoud → Ghazl El Mahalla,Premier League,False
293892,V3_2025_26,2,1,True,Harras El Hodoud → Pharco FC,Premier League,False
294720,V3_2025_26,2,1,True,Moreirense FC → Casa Pia AC,Liga Portugal,False
295231,V3_2025_26,2,2,True,RSCA Futures → RAAL La Louvière,Challenger Pro League → Pro League,True
295471,V3_2025_26,2,2,True,Eyüpspor → Shanghai Port,Super Lig → Super League,True
301189,V3_2025_26,2,1,True,Al-Rayyan SC → Al-Shahania SC,Stars League,False
301560,V3_2025_26,2,1,True,Al-Rayyan SC → Al-Wakrah SC,Stars League,False
301795,V3_2025_26,2,1,False,Al-Ahli SC + Al-Arabi SC,Stars League,False
302142,V3_2025_26,2,1,True,Qatar SC → Al-Sailiya SC,Stars League,False
302509,V3_2025_26,2,1,True,Al-Wakrah SC → Umm Salal SC,Stars League,False
302766,V3_2025_26,2,2,True,Al-Dhafra FC → Al-Duhail SC,UAE Pro League → Stars League,True
303634,V3_2025_26,2,1,True,Al-Sadd SC → Al-Shamal SC,Stars League,False
304099,V3_2025_26,2,1,True,Al-Hilal SFC → Al-Shabab FC,Pro League,False
304106,V3_2025_26,2,1,True,Al-Qadsiah FC → Al-Taawoun FC,Pro League,False
304117,V3_2025_26,2,1,True,Al-Taawoun FC → Al-Hilal SFC,Pro League,False
309593,V3_2025_26,2,1,True,Cerezo Osaka → Shonan Bellmare,J1 League,False
309667,V3_2025_26,2,2,True,Vissel Kobe → Shimizu S-Pulse,J1 League → J1 100 Year Vision League,True
310108,V3_2025_26,3,2,True,Shonan Bellmare → Shimizu S-Pulse → Machida Zelvia,J1 League → J1 100 Year Vision League,True
310151,V3_2025_26,2,2,True,Vissel Kobe → Kashiwa Reysol,J1 League → J1 100 Year Vision League,True
310155,V3_2025_26,2,1,True,Urawa Red Diamonds → Sanfrecce Hiroshima,J1 League,False
310200,V3_2025_26,2,2,True,Machida Zelvia → Macarthur FC,J1 League → A-League Men,True
310245,V3_2025_26,2,2,True,Avispa Fukuoka → Melbourne City FC,J1 League → A-League Men,True
312116,V3_2025_26,2,1,True,Qingdao West Coast → Zhejiang FC,Super League,False
312127,V3_2025_26,3,1,True,Shandong Taishan → Changchun Yatai → Qingdao West Coast,Super League,False
312496,V3_2025_26,2,1,True,Dalian Yingbo → Chongqing Tonglianglong,Super League,False
312538,V3_2025_26,2,1,True,Shandong Taishan → Dalian Yingbo,Super League,False
312629,V3_2025_26,2,1,True,Chengdu Rongcheng → Yunnan Yukun,Super League,False
312651,V3_2025_26,2,1,True,Shandong Taishan → Yunnan Yukun,Super League,False
312677,V3_2025_26,2,1,True,Shandong Taishan → Tianjin Jinmen Tiger,Super League,False
312791,V3_2025_26,2,1,True,Chengdu Rongcheng → Shenzhen Peng City,Super League,False
312827,V3_2025_26,2,1,True,Shanghai Port → Dalian Yingbo,Super League,False
312841,V3_2025_26,2,1,True,Yunnan Yukun → Dalian Yingbo,Super League,False
312908,V3_2025_26,2,1,True,Shenzhen Peng City → Qingdao Hainiu,Super League,False
313043,V3_2025_26,2,1,False,Qingdao West Coast + Zhejiang FC,Super League,False
313049,V3_2025_26,2,1,True,Shanghai Port → Dalian Yingbo,Super League,False
313099,V3_2025_26,2,1,True,Shanghai Port → Yunnan Yukun,Super League,False
314129,V3_2025_26,2,1,True,Shenzhen Peng City → Qingdao Hainiu,Super League,False
318784,V3_2025_26,3,3,False,Urawa Red Diamonds + 1.FC Magdeburg + AJ Auxerre,J1 100 Year Vision League + 2. Bundesliga + Ligue 1,True
318948,V3_2025_26,2,1,True,Kashiwa Reysol → Albirex Niigata,J1 League,False
319112,V3_2025_26,2,2,True,FC Tokyo → Fagiano Okayama,J1 League → J1 100 Year Vision League,True
319231,V3_2025_26,2,2,True,Cerezo Osaka → V-Varen Nagasaki,J1 League → J1 100 Year Vision League,True
319285,V3_2025_26,2,1,True,Kawasaki Frontale → Kashiwa Reysol,J1 League,False
319597,V3_2025_26,2,2,True,Avispa Fukuoka → Sanfrecce Hiroshima,J1 League → J1 100 Year Vision League,True
324282,V3_2025_26,2,1,True,Stellenbosch FC → Orlando Pirates,Premier League,False
324539,V3_2025_26,2,2,True,FK TSC Backa Topola → Wellington Phoenix,Super Liga → A-League Men,True
328413,V3_2025_26,2,2,True,Once Caldas → Club Deportivo Oriente Petrolero,Liga BetPlay → Liga De Futbol Prof,True
328419,V3_2025_26,2,1,True,Club Aurora → Universitario de Vinto,Liga De Futbol Prof,False
331385,V3_2025_26,2,2,False,Milton Keynes Dons + Hibernian FC,League Two + Premiership,True
332283,V3_2025_26,2,1,False,Burton Albion + Wycombe Wanderers,League One,False
333391,V3_2025_26,3,2,True,Fortaleza Esporte Clube → CD Godoy Cruz Antonio Tomba → CA Rosario Central,Serie A → Liga Profesional de Fútbol,True
333419,V3_2025_26,2,1,True,Club de Gimnasia y Esgrima La Plata → CA Barracas Central,Liga Profesional de Fútbol,False
333481,V3_2025_26,2,1,True,Tigres UANL → CD Cruz Azul,Liga MX,False
333498,V3_2025_26,3,2,True,AA Argentinos Juniors → CD O'Higgins → CSD Colo-Colo,Liga Profesional de Fútbol → Primera Division,True
333499,V3_2025_26,2,2,True,UD Almería → CA Vélez Sarsfield,La Liga 2 → Liga Profesional de Fútbol,True
333532,V3_2025_26,2,1,True,CD Cruz Azul → Club Necaxa,Liga MX,False
333536,V3_2025_26,2,2,True,CSD Colo-Colo → Defensa y Justicia,Primera Division → Liga Profesional de Fútbol,True
333543,V3_2025_26,2,2,True,CA Vélez Sarsfield → Houston Dynamo FC,Liga Profesional de Fútbol → Major League Soccer,True
333559,V3_2025_26,2,1,True,CA Talleres → Club Atlético Tigre,Liga Profesional de Fútbol,False
333609,V3_2025_26,2,2,True,Santos FC → CA Independiente,Serie A → Liga Profesional de Fútbol,True
333651,V3_2025_26,2,1,True,Club de Gimnasia y Esgrima La Plata → Club Atlético Platense,Liga Profesional de Fútbol,False
333667,V3_2025_26,2,1,True,Club Atlético Belgrano → CA Unión (Santa Fe),Liga Profesional de Fútbol,False
333670,V3_2025_26,2,1,True,CA Rosario Central → CA Unión (Santa Fe),Liga Profesional de Fútbol,False
333689,V3_2025_26,2,1,True,Club Estudiantes de La Plata → CA Boca Juniors,Liga Profesional de Fútbol,False
333696,V3_2025_26,2,1,True,CA Central Córdoba (SdE) → Club Atlético Platense,Liga Profesional de Fútbol,False
333700,V3_2025_26,2,1,True,Club Atlético Tucumán → CA San Martín (San Juan),Liga Profesional de Fútbol,False
333722,V3_2025_26,2,1,True,San Diego FC → Houston Dynamo FC,Major League Soccer,False
333728,V3_2025_26,2,2,True,Club Atlético Tigre → Universitario de Deportes,Liga Profesional de Fútbol → Primera Division,True
333729,V3_2025_26,3,3,True,Club León FC → São Paulo Futebol Clube → Club Atlético Belgrano,Liga MX → Serie A → Liga Profesional de Fútbol,True
333730,V3_2025_26,2,2,True,Clube Atlético Mineiro → Valencia CF,Serie A → La Liga,True
333745,V3_2025_26,2,1,True,CA San Martín (San Juan) → CA Banfield,Liga Profesional de Fútbol,False
333773,V3_2025_26,2,1,True,Defensa y Justicia → CA Rosario Central,Liga Profesional de Fútbol,False
333775,V3_2025_26,2,2,True,Club Always Ready → FC Cajamarca,Liga De Futbol Prof → Primera Division,True
333777,V3_2025_26,2,1,True,CA Independiente → Club Atlético Belgrano,Liga Profesional de Fútbol,False
333825,V3_2025_26,2,1,True,Club Atlético Grau → Club Cienciano,Primera Division,False
333856,V3_2025_26,2,1,True,Fortaleza Esporte Clube → Esporte Clube Vitória,Serie A,False
333861,V3_2025_26,2,2,True,Blooming Santa Cruz → Coquimbo Unido,Liga De Futbol Prof → Primera Division,True
333873,V3_2025_26,2,1,True,Club Atlético Tigre → Instituto ACC,Liga Profesional de Fútbol,False
333883,V3_2025_26,3,2,True,Club Atlético Belgrano → Club Atlético Tucumán → Deportes Concepción,Liga Profesional de Fútbol → Primera Division,True
333895,V3_2025_26,2,1,True,CA Huracán → AA Estudiantes (Río Cuarto),Liga Profesional de Fútbol,False
333914,V3_2025_26,2,1,True,Club Atlético Platense → CA Central Córdoba (SdE),Liga Profesional de Fútbol,False
333946,V3_2025_26,2,2,True,CA Aldosivi → San Antonio Bulo Bulo,Liga Profesional de Fútbol → Liga De Futbol Prof,True
333957,V3_2025_26,2,1,True,Al-Jazira Club → Al-Nasr SC (UAE),UAE Pro League,False
334023,V3_2025_26,2,1,True,Club de Gimnasia y Esgrima La Plata → Club Atlético Tucumán,Liga Profesional de Fútbol,False
334036,V3_2025_26,2,2,True,CA Talleres → Deportivo Cali,Liga Profesional de Fútbol → Liga BetPlay,True
334044,V3_2025_26,2,2,True,CA Central Córdoba (SdE) → Clube do Remo (PA),Liga Profesional de Fútbol → Serie A,True
334160,V3_2025_26,2,2,False,CA Rosario Central + Independiente Santa Fe,Liga Profesional de Fútbol + Liga BetPlay,True
334200,V3_2025_26,2,1,True,Instituto ACC → CA Aldosivi,Liga Profesional de Fútbol,False
335244,V3_2025_26,3,1,True,CA Huracán → CA Independiente → CA Newell's Old Boys,Liga Profesional de Fútbol,False
335563,V3_2025_26,2,1,True,Club Juan Pablo II College → Sport Boys Association,Primera Division,False
335684,V3_2025_26,2,2,True,Defensa y Justicia → CF Pachuca,Liga Profesional de Fútbol → Liga MX,True
335691,V3_2025_26,2,1,True,CA Huracán → Instituto ACC,Liga Profesional de Fútbol,False
335725,V3_2025_26,2,2,True,CA Talleres → Independiente Santa Fe,Liga Profesional de Fútbol → Liga BetPlay,True
335739,V3_2025_26,2,1,True,CA Barracas Central → CA San Lorenzo de Almagro,Liga Profesional de Fútbol,False
335745,V3_2025_26,2,1,False,CA Huracán + CA Boca Juniors,Liga Profesional de Fútbol,False
335749,V3_2025_26,2,2,True,Orlando City SC → Atlas Guadalajara,Major League Soccer → Liga MX,True
337457,V3_2025_26,2,1,True,Granada CF → Deportivo A Coruña,La Liga 2,False
338158,V3_2025_26,2,1,True,FC KTP → SJK Seinäjoki,Veikkausliiga,False
338208,V3_2025_26,2,2,True,Hamburger SV → Maccabi Tel Aviv,Bundesliga → Ligat ha'Al,True
338382,V3_2025_26,2,2,True,Slovan Bratislava → Zhejiang FC,Niké Liga → Super League,True
340204,V3_2025_26,2,1,True,Coventry City → Wrexham AFC,Championship,False
348323,V3_2025_26,2,2,True,SCR Altach → FC Kosice,Admiral Bundesliga → Niké Liga,True
352236,V3_2025_26,2,2,True,BFC Daugavpils → FK Dukla Prague,Virsliga → Chance Liga,True
361090,V3_2025_26,2,2,True,Stade Brestois 29 → AS Saint-Étienne,Ligue 1 → Ligue 2,True
361906,V3_2025_26,2,2,False,Royal Charleroi SC + FC Metz,Pro League + Ligue 1,True
362741,V3_2025_26,2,1,True,Hellas Verona → Torino FC,Serie A,False
362772,V3_2025_26,2,2,True,Fortuna Sittard → Servette FC,Eredivisie → Super League,True
364593,V3_2025_26,2,2,True,St. Mirren FC → Shamrock Rovers,Premiership → Premier Division,True
368786,V3_2025_26,2,1,True,Spezia Calcio → FC Empoli,Serie B,False
368953,V3_2025_26,2,1,True,Palermo FC → UC Sampdoria,Serie B,False
369900,V3_2025_26,2,1,True,Hamarkameratene → Lillestrøm SK,Eliteserien,False
371386,V3_2025_26,2,2,True,FC Porto → Los Angeles FC,Liga Portugal → Major League Soccer,True
377250,V3_2025_26,2,1,True,Krylya Sovetov Samara → FC Sochi,Premier League,False
378629,V3_2025_26,2,2,True,West Ham United → AC Sparta Praha,Premier League → Chance Liga,True
378812,V3_2025_26,2,2,True,Barnsley FC → Wrexham AFC,League One → Championship,True
380232,V3_2025_26,2,2,True,RCD Mallorca → CD Leganés,La Liga → La Liga 2,True
380631,V3_2025_26,2,2,True,Burgos CF → Tianjin Jinmen Tiger,La Liga 2 → Super League,True
380967,V3_2025_26,2,2,True,Maccabi Bnei Reineh → Sakaryaspor,Ligat ha'Al → 1. Lig,True
383556,V3_2025_26,2,2,True,HNK Hajduk Split → FC Andorra,1. HNL → La Liga 2,True
392420,V3_2025_26,2,1,True,Igdir FK → Sariyer,1. Lig,False
392853,V3_2025_26,2,1,True,Igdir FK → Sakaryaspor,1. Lig,False
393776,V3_2025_26,2,1,True,CA San Martín (San Juan) → CA Central Córdoba (SdE),Liga Profesional de Fútbol,False
394147,V3_2025_26,3,1,True,Club Deportivo Guabirá → CD Real Tomayapo → Real Oruro,Liga De Futbol Prof,False
394293,V3_2025_26,2,1,True,Alianza Atlético Sullana → Deportivo Garcilaso,Primera Division,False
394823,V3_2025_26,2,1,True,CD Ñublense → Deportes Limache,Primera Division,False
395241,V3_2025_26,2,2,True,Club Universidad de Chile → Santos Laguna,Primera Division → Liga MX,True
396364,V3_2025_26,3,1,True,AA Argentinos Juniors → Instituto ACC → CA Aldosivi,Liga Profesional de Fútbol,False
397682,V3_2025_26,2,1,True,Deportivo Garcilaso → Club Juan Pablo II College,Primera Division,False
397691,V3_2025_26,2,1,True,Club Atlético Tucumán → CA Unión (Santa Fe),Liga Profesional de Fútbol,False
398178,V3_2025_26,2,1,True,Club Independiente Petrolero → CA Nacional Potosí,Liga De Futbol Prof,False
401887,V3_2025_26,2,1,True,Deportes La Serena → CD Cobresal,Primera Division,False
402077,V3_2025_26,2,2,True,CA Independiente → Burgos CF,Liga Profesional de Fútbol → La Liga 2,True
402106,V3_2025_26,2,1,True,CD Cobresal → Deportes Concepción,Primera Division,False
402187,V3_2025_26,2,1,True,Huachipato FC → Coquimbo Unido,Primera Division,False
402331,V3_2025_26,2,2,True,CD Universidad Católica → Club Atlético Tigre,Primera Division → Liga Profesional de Fútbol,True
402333,V3_2025_26,2,2,True,Fortaleza Esporte Clube → Toronto FC,Serie A → Major League Soccer,True
402488,V3_2025_26,2,1,True,CD Ñublense → Unión La Calera,Primera Division,False
402877,V3_2025_26,2,1,True,Deportes La Serena → CD Ñublense,Primera Division,False
403134,V3_2025_26,2,1,True,Unión Española → CD Cobresal,Primera Division,False
403484,V3_2025_26,2,2,True,Fortaleza Esporte Clube → CD América de Cali,Serie A → Liga BetPlay,True
403681,V3_2025_26,3,2,True,Fortaleza CEIF → Asociación Deportivo Pasto → Universidad Técnica de Cajamarca,Liga BetPlay → Primera Division,True
403793,V3_2025_26,2,1,True,Unión Magdalena → Alianza FC,Liga BetPlay,False
404497,V3_2025_26,2,1,True,Rionegro Águilas → Junior FC,Liga BetPlay,False
407780,V3_2025_26,2,1,True,Club Aurora → Universitario de Vinto,Liga De Futbol Prof,False
408981,V3_2025_26,2,1,True,FC Cincinnati → San Diego FC,Major League Soccer,False
409137,V3_2025_26,2,1,True,CF Montréal → Chicago Fire FC,Major League Soccer,False
411876,V3_2025_26,2,1,True,Girona FC → Real Sociedad,La Liga,False
411967,V3_2025_26,2,1,True,Universitario de Vinto → Club The Strongest,Liga De Futbol Prof,False
411969,V3_2025_26,2,1,True,Club Jorge Wilstermann → San Antonio Bulo Bulo,Liga De Futbol Prof,False
412433,V3_2025_26,2,1,True,HNK Rijeka → HNK Gorica,1. HNL,False
416927,V3_2025_26,2,1,True,Cerezo Osaka → Albirex Niigata,J1 League,False
416929,V3_2025_26,2,2,True,Nagoya Grampus → Avispa Fukuoka,J1 League → J1 100 Year Vision League,True
418253,V3_2025_26,2,2,True,Eintracht Braunschweig → Grasshopper Club Zurich,2. Bundesliga → Super League,True
418410,V3_2025_26,2,2,True,Philadelphia Union → Birmingham City,Major League Soccer → Championship,True
419347,V3_2025_26,3,1,True,San Antonio Bulo Bulo → Club Aurora → Real Oruro,Liga De Futbol Prof,False
419625,V3_2025_26,3,1,True,Club Deportivo Guabirá → CD Real Tomayapo → Club Independiente Petrolero,Liga De Futbol Prof,False
419973,V3_2025_26,2,1,True,Club Aurora → San Antonio Bulo Bulo,Liga De Futbol Prof,False
420087,V3_2025_26,2,1,True,Club Deportivo Oriente Petrolero → CD Real Tomayapo,Liga De Futbol Prof,False
430004,V3_2025_26,2,1,True,CA Newell's Old Boys → CA Barracas Central,Liga Profesional de Fútbol,False
430015,V3_2025_26,2,1,True,Real Oruro → Real Potosí,Liga De Futbol Prof,False
430019,V3_2025_26,2,2,True,Club Universidad de Chile → CA Lanús,Primera Division → Liga Profesional de Fútbol,True
430021,V3_2025_26,3,1,True,FC Cincinnati → Houston Dynamo FC → Atlanta United FC,Major League Soccer,False
430034,V3_2025_26,2,1,True,CA Sarmiento (Junin) → AA Argentinos Juniors,Liga Profesional de Fútbol,False
430143,V3_2025_26,2,1,True,Yokohama F. Marinos → Vissel Kobe,J1 League,False
430158,V3_2025_26,2,1,True,CA Nacional Potosí → Club Independiente Petrolero,Liga De Futbol Prof,False
430163,V3_2025_26,2,1,True,Club Independiente Petrolero → CD Real Tomayapo,Liga De Futbol Prof,False
430167,V3_2025_26,2,1,True,San Antonio Bulo Bulo → Club Deportivo Guabirá,Liga De Futbol Prof,False
430229,V3_2025_26,2,1,True,CA Nacional Potosí → San Antonio Bulo Bulo,Liga De Futbol Prof,False
430272,V3_2025_26,2,2,True,Avispa Fukuoka → V-Varen Nagasaki,J1 League → J1 100 Year Vision League,True
430273,V3_2025_26,2,2,True,Tokyo Verdy → V-Varen Nagasaki,J1 League → J1 100 Year Vision League,True
430365,V3_2025_26,2,1,True,Ceará Sporting Club → Mirassol Futebol Clube (SP),Serie A,False
430387,V3_2025_26,2,1,True,Universidad Técnica de Cajamarca → Alianza Atlético Sullana,Primera Division,False
432263,V3_2025_26,2,1,True,HJK Helsinki → Vaasan Palloseura,Veikkausliiga,False
432706,V3_2025_26,2,1,True,Stade Reims → EA Guingamp,Ligue 2,False
432720,V3_2025_26,2,2,True,AS Saint-Étienne → AE Larisa,Ligue 2 → Super League,True
432782,V3_2025_26,2,2,True,Sivasspor → Atromitos Athens,1. Lig → Super League,True
432832,V3_2025_26,2,2,True,FC Augsburg → BSC Young Boys,Bundesliga → Super League,True
432912,V3_2025_26,2,2,True,Leicester City → Al-Duhail SC,Championship → Stars League,True
433131,V3_2025_26,2,2,True,Legia Warszawa → Aris Thessaloniki,Ekstraklasa → Super League,True
433156,V3_2025_26,2,2,True,Chicago Fire FC → Cádiz CF,Major League Soccer → La Liga 2,True
433363,V3_2025_26,2,2,True,FK IMT Belgrad → Grenoble Foot 38,Super Liga → Ligue 2,True
433713,V3_2025_26,2,1,True,Grenoble Foot 38 → USL Dunkerque,Ligue 2,False
433785,V3_2025_26,2,1,True,Petrolul Ploiesti → CFR Cluj,Superliga,False
433807,V3_2025_26,2,1,True,Zaglebie Lubin → Raków Częstochowa,Ekstraklasa,False
434243,V3_2025_26,3,3,False,AJ Auxerre + Al-Taawoun FC + AFC Bournemouth,Ligue 1 + Pro League + Premier League,True
435908,V3_2025_26,2,1,True,AC Reggiana 1919 → Palermo FC,Serie B,False
436041,V3_2025_26,2,2,True,Elche CF → Granada CF,La Liga → La Liga 2,True
436090,V3_2025_26,3,1,False,SSC Bari + Mantova 1911 + AC Reggiana 1919,Serie B,False
436159,V3_2025_26,2,1,True,Pisa Sporting Club → US Sassuolo,Serie A,False
436267,V3_2025_26,2,1,True,US Catanzaro → US Avellino 1912,Serie B,False
438149,V3_2025_26,2,1,True,CD Ñublense → Audax Italiano,Primera Division,False
443528,V3_2025_26,2,1,True,Club Necaxa → CD Cruz Azul,Liga MX,False
443632,V3_2025_26,2,2,True,CD América de Cali → Coquimbo Unido,Liga BetPlay → Primera Division,True
443676,V3_2025_26,2,2,True,FBC Melgar → Universidad de Concepción,Primera Division,True
444157,V3_2025_26,2,1,True,Club Cienciano → Club Alianza Lima,Primera Division,False
444184,V3_2025_26,2,2,True,Club Atlético Tucumán → Querétaro FC,Liga Profesional de Fútbol → Liga MX,True
444737,V3_2025_26,2,1,True,Universitario de Vinto → Blooming Santa Cruz,Liga De Futbol Prof,False
446364,V3_2025_26,2,1,True,CD Leganés → UD Almería,La Liga 2,False
446999,V3_2025_26,2,2,True,Asteras Aktor → Krylya Sovetov Samara,Super League → Premier League,True
447092,V3_2025_26,2,2,True,CF América → Real Betis Balompié,Liga MX → La Liga,True
447134,V3_2025_26,2,2,True,Real Valladolid CF → FC Arouca,La Liga 2 → Liga Portugal,True
447197,V3_2025_26,2,2,True,Real Oviedo → Burgos CF,La Liga → La Liga 2,True
447240,V3_2025_26,2,2,True,Hellas Verona → Valencia CF,Serie A → La Liga,True
447283,V3_2025_26,2,2,True,Avs Futebol → Tianjin Jinmen Tiger,Liga Portugal → Super League,True
447491,V3_2025_26,2,1,True,Sevilla FC → Villarreal CF,La Liga,False
447692,V3_2025_26,2,2,True,ACSC FC Arges → Keflavík ÍF,Superliga → Besta deild,True
448372,V3_2025_26,2,2,True,GNK Dinamo Zagreb → Elche CF,1. HNL → La Liga,True
448450,V3_2025_26,2,2,True,Cultural Leonesa → Henan FC,La Liga 2 → Super League,True
452753,V3_2025_26,2,1,True,Chengdu Rongcheng → Shanghai Shenhua,Super League,False
452786,V3_2025_26,2,1,True,SV Ried → Grazer AK 1902,Admiral Bundesliga,False
452898,V3_2025_26,2,2,True,Deportes Limache → AA Estudiantes (Río Cuarto),Primera Division → Liga Profesional de Fútbol,True
452932,V3_2025_26,2,1,True,Zamalek SC → Pyramids FC,Premier League,False
452982,V3_2025_26,2,2,True,US Lecce → Elche CF,Serie A → La Liga,True
453036,V3_2025_26,2,1,True,Henan FC → Yunnan Yukun,Super League,False
455748,V3_2025_26,2,1,True,Sport Club Corinthians Paulista → Sport Club Internacional,Serie A,False
455774,V3_2025_26,2,2,True,Toronto FC → FK Bodø/Glimt,Major League Soccer → Eliteserien,True
455798,V3_2025_26,2,2,False,Tromsø IL + NEC Nijmegen,Eliteserien + Eredivisie,True
455810,V3_2025_26,2,2,True,CF Monterrey → Inter Miami CF,Liga MX → Major League Soccer,True
456067,V3_2025_26,2,2,False,Southampton FC + Brentford FC,Championship + Premier League,True
456274,V3_2025_26,2,2,True,Deportivo Cali → CA San Lorenzo de Almagro,Liga BetPlay → Liga Profesional de Fútbol,True
456275,V3_2025_26,2,2,True,Sport Club Internacional → Hertha BSC,Serie A → 2. Bundesliga,True
456276,V3_2025_26,2,2,True,CR Flamengo → CA River Plate,Serie A → Liga Profesional de Fútbol,True
456279,V3_2025_26,2,1,True,CD Cobresal → Audax Italiano,Primera Division,False
456348,V3_2025_26,2,1,True,Club Cienciano → Deportivo Garcilaso,Primera Division,False
456883,V3_2025_26,2,2,True,Motherwell FC → Bristol Rovers,Premiership → League Two,True
458461,V3_2025_26,2,2,True,Sport Club do Recife → Hapoel Tel Aviv,Serie A → Ligat ha'Al,True
458682,V3_2025_26,2,1,True,Wolverhampton Wanderers → Crystal Palace,Premier League,False
458796,V3_2025_26,2,1,True,CD Everton → Audax Italiano,Primera Division,False
458800,V3_2025_26,2,1,True,FC Sochi → Rubin Kazan,Premier League,False
458907,V3_2025_26,2,1,True,SV 07 Elversberg → SG Dynamo Dresden,2. Bundesliga,False
458971,V3_2025_26,2,2,True,Asociación Deportiva Tarma → CA Aldosivi,Primera Division → Liga Profesional de Fútbol,True
459833,V3_2025_26,2,1,True,Sport Club Internacional → CR Flamengo,Serie A,False
460080,V3_2025_26,2,2,True,OFI Crete → Hapoel Jerusalem,Super League → Ligat ha'Al,True
460091,V3_2025_26,2,1,True,Once Caldas → Internacional de Bogotá,Liga BetPlay,False
460145,V3_2025_26,2,1,True,Kashiwa Reysol → Albirex Niigata,J1 League,False
460203,V3_2025_26,2,1,True,SK Super Nova → Ogre United,Virsliga,False
460493,V3_2025_26,2,2,True,Yokohama FC → Fagiano Okayama,J1 League → J1 100 Year Vision League,True
460601,V3_2025_26,2,2,True,FC Orenburg → NK Osijek,Premier League → 1. HNL,True
460800,V3_2025_26,2,1,True,Club Alianza Lima → FC Cajamarca,Primera Division,False
461496,V3_2025_26,2,2,True,AEK Athens → Caykur Rizespor,Super League → Super Lig,True
461664,V3_2025_26,2,2,True,CF Pachuca → Rayo Vallecano,Liga MX → La Liga,True
462329,V3_2025_26,2,2,True,Östers IF → Hapoel Haifa,Allsvenskan → Ligat ha'Al,True
462340,V3_2025_26,2,1,True,FC Rapid 1923 → UTA Arad,Superliga,False
462395,V3_2025_26,2,1,True,Ilves Tampere → IF Gnistan,Veikkausliiga,False
462583,V3_2025_26,2,1,True,Unión Española → CD Cobresal,Primera Division,False
462584,V3_2025_26,2,1,True,Ayacucho FC → Comerciantes Unidos,Primera Division,False
462848,V3_2025_26,2,1,True,Club Atlético Tigre → Gimnasia y Esgrima de Mendoza,Liga Profesional de Fútbol,False
463065,V3_2025_26,2,1,True,Changchun Yatai → Dalian Yingbo,Super League,False
463976,V3_2025_26,2,2,True,Al-Riyadh SC → Sakaryaspor,Pro League → 1. Lig,True
464014,V3_2025_26,2,2,True,SJK Seinäjoki → FK Haugesund,Veikkausliiga → Eliteserien,True
464015,V3_2025_26,2,1,True,Corum FK → Sariyer,1. Lig,False
464190,V3_2025_26,2,2,True,Aberdeen FC → FK Radnicki 1923 Kragujevac,Premiership → Super Liga,True
464742,V3_2025_26,2,1,True,Red Bull New York → Minnesota United FC,Major League Soccer,False
464833,V3_2025_26,2,1,True,IF Gnistan → Kuopion Palloseura,Veikkausliiga,False
465116,V3_2025_26,2,1,True,FK Auda → Riga FC,Virsliga,False
465814,V3_2025_26,2,1,True,Huachipato FC → Unión La Calera,Primera Division,False
465886,V3_2025_26,2,1,True,Chengdu Rongcheng → Liaoning Tieren,Super League,False
466068,V3_2025_26,2,1,True,FC Nizhniy Novgorod → FC Krasnodar,Premier League,False
466431,V3_2025_26,2,2,True,CD Real Tomayapo → IF Gnistan,Liga De Futbol Prof → Veikkausliiga,True
466578,V3_2025_26,2,1,True,São Paulo Futebol Clube → Botafogo de Futebol e Regatas,Serie A,False
466586,V3_2025_26,2,2,True,Club de Gimnasia y Esgrima La Plata → Volos FC,Liga Profesional de Fútbol → Super League,True
467450,V3_2025_26,2,2,True,Atlético Nacional → Club Athletico Paranaense,Liga BetPlay → Serie A,True
468330,V3_2025_26,2,1,True,Alianza Universidad → CD Los Chankas,Primera Division,False
468332,V3_2025_26,2,1,True,CD Los Chankas → Asociación Deportiva Tarma,Primera Division,False
468354,V3_2025_26,2,1,True,Deportes La Serena → Unión La Calera,Primera Division,False
468392,V3_2025_26,2,1,True,Unión La Calera → Deportes Concepción,Primera Division,False
468451,V3_2025_26,2,1,True,Club Necaxa → Club León FC,Liga MX,False
468627,V3_2025_26,2,1,True,Club Sporting Cristal → Club Alianza Lima,Primera Division,False
468629,V3_2025_26,2,1,True,Alianza Universidad → Alianza Atlético Sullana,Primera Division,False
468633,V3_2025_26,2,1,True,Club Atlético Grau → Comerciantes Unidos,Primera Division,False
468726,V3_2025_26,2,2,True,Alianza Atlético Sullana → AFC Unirea 04 Slobozia,Primera Division → Superliga,True
470503,V3_2025_26,2,1,True,CD América de Cali → Independiente Medellín,Liga BetPlay,False
470519,V3_2025_26,2,1,True,Audax Italiano → Coquimbo Unido,Primera Division,False
470689,V3_2025_26,2,1,True,Unión Española → Deportes La Serena,Primera Division,False
470775,V3_2025_26,2,1,True,Once Caldas → Millonarios FC,Liga BetPlay,False
470863,V3_2025_26,2,2,True,CA Barracas Central → Universidad de Concepción,Liga Profesional de Fútbol → Primera Division,True
470958,V3_2025_26,3,2,True,Hammarby IF → Albirex Niigata → Västerås SK,Allsvenskan → J1 League,True
471409,V3_2025_26,2,1,True,Huachipato FC → CD Cobresal,Primera Division,False
471488,V3_2025_26,2,2,True,Urawa Red Diamonds → Sanfrecce Hiroshima,J1 League → J1 100 Year Vision League,True
471727,V3_2025_26,2,2,False,CD Everton + CA Vélez Sarsfield,Primera Division + Liga Profesional de Fútbol,True
471761,V3_2025_26,2,2,True,Club Universidad de Chile → Club Atlético Grau,Primera Division,True
472599,V3_2025_26,3,1,True,Comerciantes Unidos → Club Juan Pablo II College → Asociación Deportiva Tarma,Primera Division,False
472850,V3_2025_26,2,1,True,Red Bull New York → D.C. United,Major League Soccer,False
473947,V3_2025_26,2,2,True,Yokohama F. Marinos → Shimizu S-Pulse,J1 League → J1 100 Year Vision League,True
477002,V3_2025_26,2,2,True,Tromsø IL → Real Valladolid CF,Eliteserien → La Liga 2,True
488070,V3_2025_26,2,2,True,Wigan Athletic → Milton Keynes Dons,League One → League Two,True
504866,V3_2025_26,2,2,False,SS Juve Stabia + Como 1907,Serie B + Serie A,True
505040,V3_2025_26,2,1,True,Cesena FC → Spezia Calcio,Serie B,False
506092,V3_2025_26,2,2,True,Atlanta United FC → Bröndby IF,Major League Soccer → Superliga,True
508813,V3_2025_26,2,2,True,FC Porto → Cagliari Calcio,Liga Portugal → Serie A,True
511606,V3_2025_26,2,1,True,Independiente Santa Fe → Deportes Tolima,Liga BetPlay,False
512134,V3_2025_26,2,1,True,Llaneros FC → CD América de Cali,Liga BetPlay,False
512385,V3_2025_26,2,1,True,Asociación Deportivo Pasto → Jaguares de Córdoba,Liga BetPlay,False
512560,V3_2025_26,2,2,True,Olympique Marseille → Beşiktaş JK,Ligue 1 → Super Lig,True
513036,V3_2025_26,2,2,True,Club The Strongest → CD Los Chankas,Liga De Futbol Prof → Primera Division,True
516291,V3_2025_26,2,2,True,West Ham United → Olympique Marseille,Premier League → Ligue 1,True
517241,V3_2025_26,2,1,True,Club Jorge Wilstermann → Club Independiente Petrolero,Liga De Futbol Prof,False
517259,V3_2025_26,2,1,True,San Antonio Bulo Bulo → Club Aurora,Liga De Futbol Prof,False
517264,V3_2025_26,2,1,True,Club Jorge Wilstermann → CD Real Tomayapo,Liga De Futbol Prof,False
518399,V3_2025_26,2,1,True,Gualberto Villarroel San José → CD Real Tomayapo,Liga De Futbol Prof,False
518526,V3_2025_26,2,1,True,Esporte Clube Juventude → Clube do Remo (PA),Serie A,False
518650,V3_2025_26,2,1,True,Colorado Rapids → Toronto FC,Major League Soccer,False
518751,V3_2025_26,2,1,True,Portsmouth FC → Preston North End,Championship,False
518827,V3_2025_26,2,1,False,Club Independiente Petrolero + CA Nacional Potosí,Liga De Futbol Prof,False
518834,V3_2025_26,2,1,True,San Antonio Bulo Bulo → Real Oruro,Liga De Futbol Prof,False
518835,V3_2025_26,2,1,True,Club The Strongest → Club Deportivo Oriente Petrolero,Liga De Futbol Prof,False
522621,V3_2025_26,2,1,True,CA Unión (Santa Fe) → Racing Club,Liga Profesional de Fútbol,False
522622,V3_2025_26,2,1,True,CA Huracán → CA Lanús,Liga Profesional de Fútbol,False
523963,V3_2025_26,2,2,True,Rosenborg BK → Lyngby Boldklub,Eliteserien → First Division,True
524055,V3_2025_26,2,2,True,SS Lazio → West Ham United,Serie A → Premier League,True
524308,V3_2025_26,2,2,True,IFK Göteborg → GKS Katowice,Allsvenskan → Ekstraklasa,True
524432,V3_2025_26,2,1,True,Deportivo Cali → Internacional de Bogotá,Liga BetPlay,False
524600,V3_2025_26,2,2,True,Club Atlético Platense → Millonarios FC,Liga Profesional de Fútbol → Liga BetPlay,True
524849,V3_2025_26,2,1,True,Angers SCO → Olympique Marseille,Ligue 1,False
524852,V3_2025_26,2,2,True,FC Banik Ostrava → Maccabi Bnei Reineh,Chance Liga → Ligat ha'Al,True
525334,V3_2025_26,2,1,True,Zhejiang FC → Shenzhen Peng City,Super League,False
526252,V3_2025_26,2,1,True,Club A.B.B. → Gualberto Villarroel San José,Liga De Futbol Prof,False
526255,V3_2025_26,2,1,True,Club Jorge Wilstermann → Real Oruro,Liga De Futbol Prof,False
527270,V3_2025_26,2,1,True,CD Real Tomayapo → CA Nacional Potosí,Liga De Futbol Prof,False
527271,V3_2025_26,2,1,True,San Antonio Bulo Bulo → Universitario de Vinto,Liga De Futbol Prof,False
527274,V3_2025_26,3,1,True,San Antonio Bulo Bulo → Club Aurora → Real Oruro,Liga De Futbol Prof,False
527512,V3_2025_26,2,1,True,San Antonio Bulo Bulo → Club The Strongest,Liga De Futbol Prof,False
527513,V3_2025_26,2,1,True,CD Real Tomayapo → Blooming Santa Cruz,Liga De Futbol Prof,False
527519,V3_2025_26,2,1,True,Blooming Santa Cruz → Club Deportivo Guabirá,Liga De Futbol Prof,False
528889,V3_2025_26,2,1,True,AC Oulu → FC Lahti,Veikkausliiga,False
529502,V3_2025_26,2,2,True,Levante UD → Angers SCO,La Liga → Ligue 1,True
529553,V3_2025_26,2,2,True,Royal Charleroi SC → Watford FC,Pro League → Championship,True
529627,V3_2025_26,3,3,False,Kisvárda FC + Grenoble Foot 38 + Stade Brestois 29,NB I + Ligue 2 + Ligue 1,True
529880,V3_2025_26,2,2,True,LASK → Eyüpspor,Admiral Bundesliga → Super Lig,True
530193,V3_2025_26,2,2,True,Sariyer → FK Radnik Surdulica,1. Lig → Super Liga,True
530758,V3_2025_26,2,2,True,Getafe CF → Granada CF,La Liga → La Liga 2,True
530843,V3_2025_26,2,2,True,RC Lens → Real Salt Lake City,Ligue 1 → Major League Soccer,True
531490,V3_2025_26,2,1,True,Bolívar La Paz → Club Deportivo Oriente Petrolero,Liga De Futbol Prof,False
532358,V3_2025_26,2,1,True,Sevilla FC → Elche CF,La Liga,False
532816,V3_2025_26,2,1,True,Gualberto Villarroel San José → Club Deportivo Oriente Petrolero,Liga De Futbol Prof,False
532817,V3_2025_26,2,1,True,Club The Strongest → Real Potosí,Liga De Futbol Prof,False
532821,V3_2025_26,2,1,True,Universitario de Vinto → Real Oruro,Liga De Futbol Prof,False
532822,V3_2025_26,2,1,True,CD Real Tomayapo → Club A.B.B.,Liga De Futbol Prof,False
533021,V3_2025_26,2,1,True,Clube de Regatas Vasco da Gama → Mirassol Futebol Clube (SP),Serie A,False
533172,V3_2025_26,2,1,True,Ceará Sporting Club → Sport Club Corinthians Paulista,Serie A,False
533182,V3_2025_26,2,1,True,Middlesbrough FC → Bristol City,Championship,False
533761,V3_2025_26,3,1,True,Club A.B.B. → Real Oruro → Club Deportivo Oriente Petrolero,Liga De Futbol Prof,False
533905,V3_2025_26,2,2,True,Levante UD → Jagiellonia Bialystok,La Liga → Ekstraklasa,True
533954,V3_2025_26,2,2,True,Club Atlético Belgrano → Universitario de Deportes,Liga Profesional de Fútbol → Primera Division,True
533987,V3_2025_26,2,1,True,Gualberto Villarroel San José → San Antonio Bulo Bulo,Liga De Futbol Prof,False
534383,V3_2025_26,2,2,True,SL Benfica → Fenerbahce,Liga Portugal → Super Lig,True
534522,V3_2025_26,2,1,True,Universitario de Vinto → Club A.B.B.,Liga De Futbol Prof,False
534684,V3_2025_26,2,1,True,CD Real Tomayapo → CA Nacional Potosí,Liga De Futbol Prof,False
535499,V3_2025_26,2,1,True,Deportivo Toluca → UNAM Pumas,Liga MX,False
537027,V3_2025_26,2,1,True,FK Mlada Boleslav → FK Teplice,Chance Liga,False
537068,V3_2025_26,2,1,True,Chengdu Rongcheng → Liaoning Tieren,Super League,False
537108,V3_2025_26,2,2,True,Brentford FC → Coventry City,Premier League → Championship,True
537186,V3_2025_26,2,2,True,Córdoba CF → Widzew Lodz,La Liga 2 → Ekstraklasa,True
537246,V3_2025_26,2,2,True,Waterford FC → RKC Waalwijk,Premier Division → Eerste Divisie,True
537374,V3_2025_26,2,2,True,RAAL La Louvière → HNK Gorica,Pro League → 1. HNL,True
537429,V3_2025_26,2,2,True,Spartak Moscow → Sporting CP,Premier League → Liga Portugal,True
537465,V3_2025_26,2,2,True,Bradford City → Walsall FC,League One → League Two,True
537577,V3_2025_26,2,2,True,Le Mans FC → Volos FC,Ligue 2 → Super League,True
537660,V3_2025_26,2,2,True,Aris Thessaloniki → FC Juárez,Super League → Liga MX,True
537706,V3_2025_26,2,1,True,Vestri Ísafjördur → Keflavík ÍF,Besta deild,False
537758,V3_2025_26,2,2,True,Aston Villa → AS Roma,Premier League → Serie A,True
537763,V3_2025_26,2,1,True,Vestri Ísafjördur → Stjarnan Gardabaer,Besta deild,False
537852,V3_2025_26,2,1,False,AC Reggiana 1919 + SSC Bari,Serie B,False
538022,V3_2025_26,2,1,True,Derry City → Bohemian Football Club,Premier Division,False
538449,V3_2025_26,2,2,True,West Bromwich Albion → Bologna FC 1909,Championship → Serie A,True
538457,V3_2025_26,2,1,False,FK Mladost Lucani + FK Cukaricki,Super Liga,False
538481,V3_2025_26,2,1,True,FK Radnicki 1923 Kragujevac → FK Vojvodina Novi Sad,Super Liga,False
538539,V3_2025_26,2,2,True,Újpest FC → FK Csikszereda Miercurea Ciuc,NB I → Superliga,True
538609,V3_2025_26,2,1,True,FK Teplice → FK Jablonec,Chance Liga,False
539554,V3_2025_26,2,1,True,Huddersfield Town → Plymouth Argyle,League One,False
539993,V3_2025_26,2,2,True,RB Leipzig → Juventus FC,Bundesliga → Serie A,True
540010,V3_2025_26,2,2,True,Oxford United → Northampton Town,Championship → League One,True
540118,V3_2025_26,2,1,True,Hapoel Beer Sheva → FC Ashdod,Ligat ha'Al,False
540173,V3_2025_26,2,2,True,GNK Dinamo Zagreb → Torino FC,1. HNL → Serie A,True
540248,V3_2025_26,2,2,True,Al-Arabi SC → Panathinaikos,Stars League → Super League,True
540290,V3_2025_26,2,1,True,Millwall FC → Sheffield United,Championship,False
540482,V3_2025_26,2,2,True,Lincoln City → Dundee FC,League One → Premiership,True
540672,V3_2025_26,2,1,True,Celtic FC → Motherwell FC,Premiership,False
544959,V3_2025_26,2,2,True,Botafogo de Futebol e Regatas → Al-Rayyan SC,Serie A → Stars League,True
581025,V3_2025_26,2,2,True,Leyton Orient → Barnet FC,League One → League Two,True
581043,V3_2025_26,2,2,True,Sheffield Wednesday → BSC Young Boys,Championship → Super League,True
581046,V3_2025_26,2,2,False,Peterborough United + Wrexham AFC,League One + Championship,True
581062,V3_2025_26,2,1,True,Ipswich Town → Wrexham AFC,Championship,False
581113,V3_2025_26,2,2,True,Middlesbrough FC → Bolton Wanderers,Championship → League One,True
581141,V3_2025_26,2,2,True,Bradford City → Aberdeen FC,League One → Premiership,True
581142,V3_2025_26,2,2,True,AJ Auxerre → Cardiff City,Ligue 1 → League One,True
581154,V3_2025_26,2,1,True,Notts County → Crawley Town,League Two,False
581235,V3_2025_26,2,2,False,Salford City + Leyton Orient,League Two + League One,True
586846,V3_2025_26,2,2,True,Olympique Marseille → Rangers FC,Ligue 1 → Premiership,True
600674,V3_2025_26,2,1,True,Halmstads BK → Mjällby AIF,Allsvenskan,False
608285,V3_2025_26,2,2,True,Olympique Marseille → Wolverhampton Wanderers,Ligue 1 → Premier League,True
608345,V3_2025_26,2,1,True,CD O'Higgins → Universidad de Concepción,Primera Division,False
667318,V3_2025_26,2,2,True,Viking FK → Brisbane Roar,Eliteserien → A-League Men,True
688925,V3_2025_26,2,1,True,FC RFS → SK Super Nova,Virsliga,False
689048,V3_2025_26,2,1,True,CD América de Cali → Junior FC,Liga BetPlay,False
741528,V3_2025_26,2,2,True,Hamburger SV → SV 07 Elversberg,Bundesliga → 2. Bundesliga,True
741584,V3_2025_26,2,1,True,Philadelphia Union → D.C. United,Major League Soccer,False
741664,V3_2025_26,2,1,True,CD Godoy Cruz Antonio Tomba → Club de Gimnasia y Esgrima La Plata,Liga Profesional de Fútbol,False
749543,V3_2025_26,2,2,True,Ferencvárosi TC → Melbourne City FC,NB I → A-League Men,True
751437,V3_2025_26,2,2,True,CSKA Moscow → Genclerbirligi Ankara,Premier League → Super Lig,True
751551,V3_2025_26,2,2,True,Al-Najma SC → Real Zaragoza,Pro League → La Liga 2,True
761076,V3_2025_26,2,1,True,Chicago Fire FC → FC Cincinnati,Major League Soccer,False
766260,V3_2025_26,2,1,True,Beitar Jerusalem → FC Ashdod,Ligat ha'Al,False
766590,V3_2025_26,2,2,True,Casa Pia AC → Clube do Remo (PA),Liga Portugal → Serie A,True
784369,V3_2025_26,2,2,True,Widzew Lodz → NK Osijek,Ekstraklasa → 1. HNL,True
784557,V3_2025_26,2,2,True,Antalyaspor → Bodrum FK,Super Lig → 1. Lig,True
784792,V3_2025_26,2,2,True,RAAL La Louvière → KSC Lokeren,Pro League → Challenger Pro League,True
784809,V3_2025_26,2,1,True,FK Auda → Riga FC,Virsliga,False
785205,V3_2025_26,2,2,True,Royal Charleroi SC → Wisla Plock,Pro League → Ekstraklasa,True
785373,V3_2025_26,3,2,True,Fluminense Football Club → Wolverhampton Wanderers → Sociedade Esportiva Palmeiras,Serie A → Premier League,True
785595,V3_2025_26,2,1,True,Wuhan Three Towns → Yunnan Yukun,Super League,False
785923,V3_2025_26,2,1,True,Fredrikstad FK → Hamarkameratene,Eliteserien,False
785924,V3_2025_26,2,2,True,AJ Auxerre → FC Lausanne-Sport,Ligue 1 → Super League,True
785955,V3_2025_26,2,2,True,Hilleröd Fodbold → Universitatea Craiova,First Division → Superliga,True
785971,V3_2025_26,2,1,True,Colorado Rapids → Portland Timbers,Major League Soccer,False
785988,V3_2025_26,2,1,True,Galway United FC → Sligo Rovers,Premier Division,False
785997,V3_2025_26,2,2,True,Cracovia → AE Larisa,Ekstraklasa → Super League,True
786171,V3_2025_26,2,2,True,Hamarkameratene → SpVgg Greuther Fürth,Eliteserien → 2. Bundesliga,True
786227,V3_2025_26,2,2,True,Notts County → Derry City,League Two → Premier Division,True
786229,V3_2025_26,2,1,True,Sligo Rovers → Waterford FC,Premier Division,False
786371,V3_2025_26,2,1,True,Derry City → Bohemian Football Club,Premier Division,False
786711,V3_2025_26,2,1,True,Deportivo Cali → Asociación Deportivo Pasto,Liga BetPlay,False
786791,V3_2025_26,2,2,True,CA Nacional Potosí → Boyacá Chicó FC,Liga De Futbol Prof → Liga BetPlay,True
786884,V3_2025_26,2,1,True,Alianza FC → Once Caldas,Liga BetPlay,False
788070,V3_2025_26,2,2,True,Real Salt Lake City → Auckland FC,Major League Soccer → A-League Men,True
788851,V3_2025_26,2,2,True,Qingdao West Coast → Esporte Clube Vitória,Super League → Serie A,True
883058,V3_2025_26,2,2,True,Mirassol Futebol Clube (SP) → Maccabi Netanya,Serie A → Ligat ha'Al,True
883145,V3_2025_26,2,1,True,Club The Strongest → Bolívar La Paz,Liga De Futbol Prof,False
896368,V3_2025_26,2,2,True,Al-Riyadh SC → Al-Dhafra FC,Pro League → UAE Pro League,True
932310,V3_2025_26,2,1,True,Alianza Atlético Sullana → Sport Boys Association,Primera Division,False
932374,V3_2025_26,2,1,True,Club Atlético Platense → AA Estudiantes (Río Cuarto),Liga Profesional de Fútbol,False
1030165,V3_2025_26,2,2,True,Club Atlético Tigre → Bohemians Prague 1905,Liga Profesional de Fútbol → Chance Liga,True
1122865,V3_2025_26,2,1,True,Boluspor → Amed SK,1. Lig,False
1122923,V3_2025_26,2,2,True,Samsunspor → Sint-Truidense VV,Super Lig → Pro League,True
1314153,V3_2025_26,2,1,True,Riga FC → FC RFS,Virsliga,False
1356266,V3_2025_26,2,1,True,Eyüpspor → Gaziantep FK,Super Lig,False
1452319,V3_2025_26,2,2,True,Hammarby IF → Liaoning Tieren,Allsvenskan → Super League,True
1452374,V3_2025_26,2,1,True,Bryne FK → KFUM-Kameratene Oslo,Eliteserien,False
1452457,V3_2025_26,2,2,True,GNK Dinamo Zagreb → FC Schalke 04,1. HNL → 2. Bundesliga,True
1452638,V3_2025_26,2,1,True,CA Rosario Central → CS Independiente Rivadavia,Liga Profesional de Fútbol,False
1452891,V3_2025_26,2,2,True,FC Cincinnati → Clube de Regatas Vasco da Gama,Major League Soccer → Serie A,True
1477578,V3_2025_26,2,2,True,Sarpsborg 08 FF → Notts County,Eliteserien → League Two,True
1477653,V3_2025_26,2,2,True,Sariyer → Pau FC,1. Lig → Ligue 2,True
1478312,V3_2025_26,2,2,True,HJK Helsinki → FC Volendam,Veikkausliiga → Eredivisie,True
1479090,V3_2025_26,2,2,True,KV Mechelen → Venezia FC,Pro League → Serie B,True
1479311,V3_2025_26,2,1,True,CA Newell's Old Boys → Instituto ACC,Liga Profesional de Fútbol,False
1479356,V3_2025_26,2,1,True,Östers IF → BK Häcken,Allsvenskan,False
1479701,V3_2025_26,2,2,True,Újpest FC → FCSB,NB I → Superliga,True
1480407,V3_2025_26,2,1,True,Igdir FK → Sivasspor,1. Lig,False
1481206,V3_2025_26,2,2,True,Qingdao Hainiu → Kisvárda FC,Super League → NB I,True
1481638,V3_2025_26,2,2,True,CA Central Córdoba (SdE) → Querétaro FC,Liga Profesional de Fútbol → Liga MX,True
1483864,V3_2025_26,2,2,True,IFK Värnamo → Portsmouth FC,Allsvenskan → Championship,True
1484883,V3_2025_26,2,2,True,Sönderjyske Fodbold → SK Brann,Superliga → Eliteserien,True
1485257,V3_2025_26,2,1,True,Bodrum FK → Amed SK,1. Lig,False
1485418,V3_2025_26,2,2,True,Wisla Plock → Hellas Verona,Ekstraklasa → Serie A,True
1489214,V3_2025_26,2,2,True,Ceará Sporting Club → Moreirense FC,Serie A → Liga Portugal,True
1490540,V3_2025_26,2,2,True,Colorado Rapids → Red Star FC,Major League Soccer → Ligue 2,True
1491376,V3_2025_26,2,2,True,Shenzhen Peng City → Austria Vienna,Super League → Admiral Bundesliga,True
1491606,V3_2025_26,2,1,True,CA San Lorenzo de Almagro → CA Boca Juniors,Liga Profesional de Fútbol,False
1494212,V3_2025_26,2,2,True,Clube de Regatas Vasco da Gama → Aris Thessaloniki,Serie A → Super League,True
1494244,V3_2025_26,2,2,True,Rio Ave FC → Birmingham City,Liga Portugal → Championship,True
1494245,V3_2025_26,2,2,True,Atlético de Madrid → Tottenham Hotspur,La Liga → Premier League,True
1494302,V3_2025_26,2,1,True,Newport County → Crawley Town,League Two,False
1494388,V3_2025_26,2,1,True,Middlesbrough FC → Southampton FC,Championship,False
1494444,V3_2025_26,2,1,True,Fleetwood Town → Bromley FC,League Two,False
1494547,V3_2025_26,2,2,True,Port Vale FC → Fleetwood Town,League One → League Two,True
1494566,V3_2025_26,2,2,True,Sligo Rovers → Exeter City,Premier Division → League One,True
1494712,V3_2025_26,2,2,True,Olympique Marseille → Brighton & Hove Albion,Ligue 1 → Premier League,True
1495691,V3_2025_26,3,1,True,Orlando City SC → Colorado Rapids → St. Louis CITY SC,Major League Soccer,False
1497104,V3_2025_26,2,1,True,Hamarkameratene → KFUM-Kameratene Oslo,Eliteserien,False
1498100,V3_2025_26,2,1,True,Beijing Guoan → Shanghai Port,Super League,False
1498548,V3_2025_26,2,2,True,Nottingham Forest → Beşiktaş JK,Premier League → Super Lig,True
1501044,V3_2025_26,2,2,True,IK Sirius → FH Hafnarfjördur,Allsvenskan → Besta deild,True
1503030,V3_2025_26,3,2,True,Club de Gimnasia y Esgrima La Plata → CA Lanús → Fluminense Football Club,Liga Profesional de Fútbol → Serie A,True
1503270,V3_2025_26,2,1,False,CD Real Tomayapo + Gualberto Villarroel San José,Liga De Futbol Prof,False
1503619,V3_2025_26,2,1,True,Club Deportes Iquique → CD Cobresal,Primera Division,False
1504508,V3_2025_26,2,1,True,Magesi FC → Stellenbosch FC,Premier League,False
1505502,V3_2025_26,2,2,True,Jong KAA Gent → KAA Gent,Challenger Pro League → Pro League,True
1507167,V3_2025_26,2,2,True,FC Dallas → Kocaelispor,Major League Soccer → Super Lig,True
1511345,V3_2025_26,3,1,False,Club Always Ready + Club A.B.B. + Club The Strongest,Liga De Futbol Prof,False
1511348,V3_2025_26,2,1,True,San Antonio Bulo Bulo → Club Aurora,Liga De Futbol Prof,False
1525033,V3_2025_26,2,2,True,FK Haugesund → Dundee United FC,Eliteserien → Premiership,True
1525101,V3_2025_26,2,1,False,Shenzhen Peng City + Shanghai Shenhua,Super League,False
1548028,V3_2025_26,2,2,True,Wolverhampton Wanderers → LASK,Premier League → Admiral Bundesliga,True
1548164,V3_2025_26,2,2,True,Club Universidad de Chile → Instituto ACC,Primera Division → Liga Profesional de Fútbol,True
1548370,V3_2025_26,2,2,True,Mjällby AIF → Zulte Waregem,Allsvenskan → Pro League,True
1548377,V3_2025_26,2,1,True,Bryne FK → Tromsø IL,Eliteserien,False
1548453,V3_2025_26,2,1,True,Beijing Guoan → Chengdu Rongcheng,Super League,False
1548625,V3_2025_26,2,1,False,FC Tatran Presov + Spartak Trnava,Niké Liga,False
1685328,V3_2025_26,2,2,True,VfL Wolfsburg → Rangers FC,Bundesliga → Premiership,True
1846902,V3_2025_26,2,1,True,Mazatlán FC → Atlético de San Luis,Liga MX,False
1872573,V3_2025_26,2,1,True,Legia Warszawa → GKS Katowice,Ekstraklasa,False
1872650,V3_2025_26,2,2,True,Huddersfield Town → Milton Keynes Dons,League One → League Two,True
2158445,V3_2025_26,2,1,True,Querétaro FC → UNAM Pumas,Liga MX,False
2158634,V3_2025_26,2,1,True,Al-Taawoun FC → Al-Qadsiah FC,Pro League,False
2170278,V3_2025_26,2,2,True,FC Viktoria Plzen → Slovan Bratislava,Chance Liga → Niké Liga,True
2178533,V3_2025_26,2,1,True,Shelbourne FC → Dundalk FC,Premier Division,False
2178650,V3_2025_26,2,2,True,FC St. Gallen 1879 → Karlsruher SC,Super League → 2. Bundesliga,True
2206568,V3_2025_26,2,2,True,Servette FC → Göztepe,Super League → Super Lig,True
2206572,V3_2025_26,2,1,True,CD Cobresal → Universidad de Concepción,Primera Division,False
2206702,V3_2025_26,2,2,True,Lyngby Boldklub → WSG Tirol,First Division → Admiral Bundesliga,True
2206983,V3_2025_26,2,2,True,FC St. Gallen 1879 → Paris FC,Super League → Ligue 1,True
2206989,V3_2025_26,2,2,True,Unión Española → Puebla FC,Primera Division → Liga MX,True
2483363,V3_2025_26,2,1,True,Zalaegerszegi TE FC → Kazincbarcikai SC,NB I,False
2483371,V3_2025_26,2,1,True,US Avellino 1912 → Delfino Pescara 1936,Serie B,False
2510217,V3_2025_26,2,2,True,ÍBV Vestmannaeyjar → Aberdeen FC,Besta deild → Premiership,True
2510268,V3_2025_26,2,2,True,IFK Göteborg → Motor Lublin,Allsvenskan → Ekstraklasa,True
2510362,V3_2025_26,2,1,True,FC Cincinnati → Real Salt Lake City,Major League Soccer,False
2510667,V3_2025_26,2,1,True,MFK Ruzomberok → KFC Komarno,Niké Liga,False
2510835,V3_2025_26,2,2,True,CF Estrela Amadora → KAS Eupen,Liga Portugal → Challenger Pro League,True
2510860,V3_2025_26,2,2,True,AC Sparta Praha → Getafe CF,Chance Liga → La Liga,True
2510886,V3_2025_26,2,1,True,Independiente Medellín → Once Caldas,Liga BetPlay,False
2511076,V3_2025_26,2,1,True,UC Sampdoria → Virtus Entella,Serie B,False
2511082,V3_2025_26,2,2,True,AFC Bournemouth → Olympique Marseille,Premier League → Ligue 1,True
2816063,V3_2025_26,2,1,False,Coventry City + Ipswich Town,Championship,False
2816192,V3_2025_26,2,1,True,Club Atlético Grau → Deportivo Garcilaso,Primera Division,False
2816254,V3_2025_26,2,1,True,Spartak Moscow → Lokomotiv Moscow,Premier League,False
2823056,V3_2025_26,2,2,True,Udinese Calcio → Palermo FC,Serie A → Serie B,True
2823329,V3_2025_26,2,2,True,Atlético de San Luis → Real Salt Lake City,Liga MX → Major League Soccer,True
2823414,V3_2025_26,2,2,True,Motherwell FC → Sydney FC,Premiership → A-League Men,True
2823500,V3_2025_26,2,2,True,FK Haugesund → IK Sirius,Eliteserien → Allsvenskan,True
2823509,V3_2025_26,2,2,True,Watford FC → Genclerbirligi Ankara,Championship → Super Lig,True
2823522,V3_2025_26,2,2,True,Sivasspor → CD Tondela,1. Lig → Liga Portugal,True
2846627,V3_2025_26,2,2,True,Vitória Guimarães SC → Mamelodi Sundowns FC,Liga Portugal → Premier League,True
2846750,V3_2025_26,2,1,True,ACSC FC Arges → AFC Unirea 04 Slobozia,Superliga,False
2846821,V3_2025_26,2,1,True,NEOM SC → Al-Shabab FC,Pro League,False
2875981,V3_2025_26,2,1,True,Defensa y Justicia → CA Newell's Old Boys,Liga Profesional de Fútbol,False
2875994,V3_2025_26,2,1,True,Blooming Santa Cruz → Club Always Ready,Liga De Futbol Prof,False
3157054,V3_2025_26,2,2,True,Bolívar La Paz → Mazatlán FC,Liga De Futbol Prof → Liga MX,True
3157061,V3_2025_26,2,2,True,Gaziantep FK → Sakaryaspor,Super Lig → 1. Lig,True
3169811,V3_2025_26,2,2,True,New England Revolution → FC Nantes,Major League Soccer → Ligue 1,True
3187862,V3_2025_26,2,2,True,OGC Nice → FC Porto,Ligue 1 → Liga Portugal,True
3187964,V3_2025_26,2,2,True,Barnsley FC → Dundee United FC,League One → Premiership,True
3188047,V3_2025_26,2,1,True,Galway United FC → Bohemian Football Club,Premier Division,False
3188081,V3_2025_26,2,2,True,HJK Helsinki → OFI Crete,Veikkausliiga → Super League,True
3219366,V3_2025_26,2,2,True,Esporte Clube Vitória → Bolton Wanderers,Serie A → League One,True
3502673,V3_2025_26,2,1,True,Pyramids FC → Cleopatra FC,Premier League,False
3510024,V3_2025_26,2,1,True,Olympic Charleroi → RFC Lüttich,Challenger Pro League,False
3510293,V3_2025_26,2,2,True,NEC Nijmegen → Real Zaragoza,Eredivisie → La Liga 2,True
3526191,V3_2025_26,2,1,True,CA Banfield → Club Atlético Belgrano,Liga Profesional de Fútbol,False
3526192,V3_2025_26,2,2,True,Portland Timbers → AA Argentinos Juniors,Major League Soccer → Liga Profesional de Fútbol,True
3526194,V3_2025_26,2,2,True,Leicester City → Club Necaxa,Championship → Liga MX,True
3533245,V3_2025_26,2,1,True,SS Juve Stabia → SSC Bari,Serie B,False
3533249,V3_2025_26,3,1,True,Alianza Atlético Sullana → Alianza Universidad → Sport Huancayo,Primera Division,False
3533357,V3_2025_26,2,2,True,Fatih Karagümrük → Igdir FK,Super Lig → 1. Lig,True
3533724,V3_2025_26,2,1,True,Hannover 96 → Arminia Bielefeld,2. Bundesliga,False
3533735,V3_2025_26,2,1,True,New England Revolution → Minnesota United FC,Major League Soccer,False
3533830,V3_2025_26,2,2,True,Celtic FC → Swansea City,Premiership → Championship,True
3533845,V3_2025_26,2,1,True,FC Haka → Vaasan Palloseura,Veikkausliiga,False
3533990,V3_2025_26,2,2,True,HNK Hajduk Split → Manisa FK,1. HNL → 1. Lig,True
3568478,V3_2025_26,2,1,True,CD Cobresal → CD Ñublense,Primera Division,False
3568625,V3_2025_26,2,2,False,Boluspor + Kocaelispor,1. Lig + Super Lig,True
3568834,V3_2025_26,2,1,True,CD O'Higgins → CD Universidad Católica,Primera Division,False
3857322,V3_2025_26,2,2,True,Atlético Bucaramanga → CA Banfield,Liga BetPlay → Liga Profesional de Fútbol,True
3861546,V3_2025_26,2,2,True,Kayserispor → Eintracht Braunschweig,Super Lig → 2. Bundesliga,True
3861637,V3_2025_26,2,2,True,Eintracht Braunschweig → 1.FC Heidenheim 1846,2. Bundesliga → Bundesliga,True
3861725,V3_2025_26,2,1,True,1.FC Kaiserslautern → 1.FC Magdeburg,2. Bundesliga,False
3861788,V3_2025_26,2,2,True,Eintracht Frankfurt → Wolfsberger AC,Bundesliga → Admiral Bundesliga,True
3861790,V3_2025_26,2,1,True,Bristol Rovers → Cheltenham Town,League Two,False
3862494,V3_2025_26,2,1,True,Austria Vienna → SK Sturm Graz,Admiral Bundesliga,False
3862589,V3_2025_26,2,1,True,SV Darmstadt 98 → SpVgg Greuther Fürth,2. Bundesliga,False
3872629,V3_2025_26,2,2,True,Atlas Guadalajara → CA Newell's Old Boys,Liga MX → Liga Profesional de Fútbol,True
3876667,V3_2025_26,2,2,True,SK Slavia Prague → KAA Gent,Chance Liga → Pro League,True
3876800,V3_2025_26,2,1,True,Unión Española → Universidad de Concepción,Primera Division,False
3876966,V3_2025_26,2,2,True,Zamalek SC → Al-Najma SC,Premier League → Pro League,True
4192249,V3_2025_26,2,2,True,AS Saint-Étienne → AE Larisa,Ligue 2 → Super League,True
4192333,V3_2025_26,2,2,True,FC Copenhagen → Kayserispor,Superliga → Super Lig,True
4192415,V3_2025_26,2,1,True,Al-Nasr SC (UAE) → Al-Dhafra FC,UAE Pro League,False
4196181,V3_2025_26,2,2,True,Puebla FC → Instituto ACC,Liga MX → Liga Profesional de Fútbol,True
4243035,V3_2025_26,2,2,True,Club Necaxa → CD Castellón,Liga MX → La Liga 2,True
4243062,V3_2025_26,2,1,True,Clube de Regatas Vasco da Gama → Sport Club Internacional,Serie A,False
4243098,V3_2025_26,2,2,True,MSK Zilina → Rosenborg BK,Niké Liga → Eliteserien,True
4536496,V3_2025_26,2,2,True,Girona FC → Rangers FC,La Liga → Premiership,True
4536500,V3_2025_26,2,1,True,Crystal Palace → Manchester City,Premier League,False
4536511,V3_2025_26,2,2,True,HJK Helsinki → FC Emmen,Veikkausliiga → Eerste Divisie,True
4536512,V3_2025_26,2,2,False,Patro Eisden Maasmechelen + FCV Dender EH,Challenger Pro League + Pro League,True
4536539,V3_2025_26,2,2,True,Cagliari Calcio → UC Sampdoria,Serie A → Serie B,True
4536540,V3_2025_26,2,1,True,ACF Fiorentina → Parma Calcio 1913,Serie A,False
4536561,V3_2025_26,2,2,True,Górnik Zabrze → Turun Palloseura,Ekstraklasa → Veikkausliiga,True
4536583,V3_2025_26,2,2,True,Beerschot VA → Sint-Truidense VV,Challenger Pro League → Pro League,True
4536588,V3_2025_26,2,1,True,CFR Cluj → FC Universitatea Cluj,Superliga,False
4545321,V3_2025_26,2,1,True,FK Tukums 2000 → FK Grobina,Virsliga,False
4545339,V3_2025_26,2,1,True,Delfino Pescara 1936 → US Avellino 1912,Serie B,False
4545347,V3_2025_26,2,2,True,SK Sturm Graz → Bristol City,Admiral Bundesliga → Championship,True
4545434,V3_2025_26,2,1,True,Juventus FC → Bologna FC 1909,Serie A,False
4592179,V3_2025_26,2,1,True,Sligo Rovers → Shamrock Rovers,Premier Division,False
4592204,V3_2025_26,2,2,True,Rosenborg BK → Lyngby Boldklub,Eliteserien → First Division,True
4598752,V3_2025_26,2,2,False,Sunderland AFC + RB Leipzig,Premier League + Bundesliga,True
4916164,V3_2025_26,2,2,True,CA Aldosivi → CD Universidad Católica,Liga Profesional de Fútbol → Primera Division,True
4969680,V3_2025_26,2,2,True,Central Coast Mariners → St. Patrick's Athletic,A-League Men → Premier Division,True
4969704,V3_2025_26,2,1,True,Waterford FC → Derry City,Premier Division,False
4977687,V3_2025_26,2,2,True,Deportivo Alavés → Birmingham City,La Liga → Championship,True
5270359,V3_2025_26,2,1,True,NK Lokomotiva Zagreb → NK Istra 1961,1. HNL,False
5270365,V3_2025_26,2,2,True,1.FC Köln → SK Sturm Graz,Bundesliga → Admiral Bundesliga,True
5270372,V3_2025_26,2,2,True,RC Strasbourg Alsace → Nottingham Forest,Ligue 1 → Premier League,True
5270387,V3_2025_26,2,2,True,SC Freiburg → Celtic FC,Bundesliga → Premiership,True
5270463,V3_2025_26,2,2,True,Rangers FC → NEC Nijmegen,Premiership → Eredivisie,True
5283381,V3_2025_26,2,2,True,Randers FC → VfL Bochum,Superliga → 2. Bundesliga,True
5332153,V3_2025_26,2,1,True,Junior FC → Deportivo Cali,Liga BetPlay,False
5332181,V3_2025_26,2,2,True,Clermont Foot 63 → Jagiellonia Bialystok,Ligue 2 → Ekstraklasa,True
5640884,V3_2025_26,2,2,True,Norwich City → Toronto FC,Championship → Major League Soccer,True
5640937,V3_2025_26,2,2,True,Spartak Moscow → Santos FC,Premier League → Serie A,True
5640945,V3_2025_26,2,1,True,Real Salt Lake City → Orlando City SC,Major League Soccer,False
5641037,V3_2025_26,2,2,True,Esporte Clube Vitória → Houston Dynamo FC,Serie A → Major League Soccer,True
5641041,V3_2025_26,3,1,False,Sport Club do Recife + Esporte Clube Vitória + Grêmio Foot-Ball Porto Alegrense,Serie A,False
5666412,V3_2025_26,2,2,True,1.FC Kaiserslautern → Aberdeen FC,2. Bundesliga → Premiership,True
5666457,V3_2025_26,2,2,True,Trabzonspor → Sevilla FC,Super Lig → La Liga,True
5666472,V3_2025_26,2,1,True,Club Universidad de Chile → Universidad de Concepción,Primera Division,False
5666480,V3_2025_26,2,2,True,Southampton FC → SV Werder Bremen,Championship → Bundesliga,True
5666485,V3_2025_26,2,2,True,Shonan Bellmare → Avispa Fukuoka,J1 League → J1 100 Year Vision League,True
5666490,V3_2025_26,2,2,True,Vissel Kobe → UD Las Palmas,J1 League → La Liga 2,True
5666702,V3_2025_26,2,1,True,Club Alianza Lima → Club Cienciano,Primera Division,False
5967774,V3_2025_26,2,2,True,CA Talleres → Club Athletico Paranaense,Liga Profesional de Fútbol → Serie A,True
6006116,V3_2025_26,2,2,True,Bristol Rovers → Hapoel Jerusalem,League Two → Ligat ha'Al,True
6306068,V3_2025_26,2,2,True,Feyenoord Rotterdam → Olympique Marseille,Eredivisie → Ligue 1,True
6306087,V3_2025_26,2,2,True,Sandefjord Fotball → Go Ahead Eagles,Eliteserien → Eredivisie,True
6306111,V3_2025_26,2,1,True,Rosenborg BK → SK Brann,Eliteserien,False
6599923,V3_2025_26,2,1,True,US Catanzaro → Delfino Pescara 1936,Serie B,False
6642441,V3_2025_26,2,2,True,FC Zürich → Ferencvárosi TC,Super League → NB I,True
6642570,V3_2025_26,2,2,True,Amed SK → FC Lahti,1. Lig → Veikkausliiga,True
6974993,V3_2025_26,2,1,True,FC Rapid 1923 → ACSC FC Arges,Superliga,False
6983860,V3_2025_26,2,2,True,Trabzonspor → SK Slavia Prague,Super Lig → Chance Liga,True
6984743,V3_2025_26,2,1,False,Djurgårdens IF + Degerfors IF,Allsvenskan,False
6984749,V3_2025_26,2,2,True,Inter Miami CF → Defensa y Justicia,Major League Soccer → Liga Profesional de Fútbol,True
7026768,V3_2025_26,2,2,True,Fortuna Düsseldorf → Red Star FC,2. Bundesliga → Ligue 2,True
7034592,V3_2025_26,2,2,True,FC Hermannstadt → CF Estrela Amadora,Superliga → Liga Portugal,True
7330507,V3_2025_26,2,2,False,Sunderland AFC + Ajax Amsterdam,Premier League + Eredivisie,True
7688273,V3_2025_26,2,2,True,Livingston FC → Sligo Rovers,Premiership → Premier Division,True
7689437,V3_2025_26,2,1,True,São Paulo Futebol Clube → Santos FC,Serie A,False
7689700,V3_2025_26,2,1,True,Real Salt Lake City → CF Montréal,Major League Soccer,False
7690298,V3_2025_26,2,1,False,Querétaro FC + Club Tijuana,Liga MX,False
7708265,V3_2025_26,2,1,True,Seattle Sounders FC → Austin FC,Major League Soccer,False
7714340,V3_2025_26,2,1,True,Sheffield United → Queens Park Rangers,Championship,False
7714342,V3_2025_26,2,1,True,Riga FC → FK Auda,Virsliga,False
7742181,V3_2025_26,2,2,True,Hibernian FC → Leyton Orient,Premiership → League One,True
8056277,V3_2025_26,2,1,True,Huachipato FC → CD Cobresal,Primera Division,False
8093403,V3_2025_26,2,2,True,CD Santa Clara → Wuhan Three Towns,Liga Portugal → Super League,True
8100476,V3_2025_26,2,1,True,CA Huracán → Instituto ACC,Liga Profesional de Fútbol,False
8403598,V3_2025_26,2,1,True,Vaasan Palloseura → HJK Helsinki,Veikkausliiga,False
8403613,V3_2025_26,2,2,False,FC Porto + Arsenal FC,Liga Portugal + Premier League,True
8409959,V3_2025_26,2,1,True,UC Sampdoria → SSC Bari,Serie B,False
8409974,V3_2025_26,2,2,True,Sport Club do Recife → CD Tondela,Serie A → Liga Portugal,True
8417178,V3_2025_26,2,1,True,FS Jelgava → FC RFS,Virsliga,False
8417251,V3_2025_26,2,1,True,Spezia Calcio → UC Sampdoria,Serie B,False
8456327,V3_2025_26,2,1,True,CD Mirandés → AD Ceuta FC,La Liga 2,False
8497895,V3_2025_26,2,1,True,Bolton Wanderers → Blackpool FC,League One,False
9279559,V3_2025_26,2,1,True,Middlesbrough FC → Bristol City,Championship,False
9302267,V3_2025_26,2,2,True,Defensa y Justicia → Club Necaxa,Liga Profesional de Fútbol → Liga MX,True
9302763,V3_2025_26,2,1,True,São Paulo Futebol Clube → Clube Atlético Mineiro,Serie A,False
9307980,V3_2025_26,2,1,True,Heracles Almelo → AZ Alkmaar,Eredivisie,False
9616249,V3_2025_26,2,2,True,Maccabi Haifa → AE Larisa,Ligat ha'Al → Super League,True
9616692,V3_2025_26,2,1,True,Ironi Tiberias → Maccabi Bnei Reineh,Ligat ha'Al,False
9636175,V3_2025_26,2,2,True,NK Varazdin → Nyíregyháza Spartacus,1. HNL → NB I,True
9636698,V3_2025_26,2,1,True,San Antonio Bulo Bulo → Club The Strongest,Liga De Futbol Prof,False
9938691,V3_2025_26,2,1,False,Al-Shahania SC + Al-Rayyan SC,Stars League,False
9938926,V3_2025_26,2,2,True,Trabzonspor → RSC Anderlecht,Super Lig → Pro League,True
9938953,V3_2025_26,2,2,True,Östers IF → Odense Boldklub,Allsvenskan → Superliga,True
9938963,V3_2025_26,2,2,True,KAA Gent → Blackburn Rovers,Pro League → Championship,True
9939024,V3_2025_26,2,2,True,Slovan Bratislava → Middlesbrough FC,Niké Liga → Championship,True
9939030,V3_2025_26,2,1,True,Slovan Bratislava → FC Kosice,Niké Liga,False
9939064,V3_2025_26,2,2,True,Ferencvárosi TC → Akron Tolyatti,NB I → Premier League,True
9939186,V3_2025_26,2,2,True,CD Cruz Azul → Houston Dynamo FC,Liga MX → Major League Soccer,True
9939201,V3_2025_26,2,2,True,Derby County → Go Ahead Eagles,Championship → Eredivisie,True
9939204,V3_2025_26,2,2,True,De Graafschap Doetinchem → CD Tondela,Eerste Divisie → Liga Portugal,True
10275412,V3_2025_26,2,2,True,Raków Częstochowa → Preußen Münster,Ekstraklasa → 2. Bundesliga,True
10279329,V3_2025_26,2,1,True,CA Nacional Potosí → Club The Strongest,Liga De Futbol Prof,False
10290365,V3_2025_26,2,1,True,Club Independiente Petrolero → Real Oruro,Liga De Futbol Prof,False
10310727,V3_2025_26,2,1,True,Club Atlético Grau → Universidad Técnica de Cajamarca,Primera Division,False
10310764,V3_2025_26,2,2,True,CF Montréal → Chesterfield FC,Major League Soccer → League Two,True
10310802,V3_2025_26,2,1,True,Changchun Yatai → Beijing Guoan,Super League,False
10630607,V3_2025_26,2,1,True,Instituto ACC → Defensa y Justicia,Liga Profesional de Fútbol,False
10631144,V3_2025_26,2,2,False,Aarhus GF + AC Sparta Praha,Superliga + Chance Liga,True
10644643,V3_2025_26,2,2,True,Racing Club → Club Necaxa,Liga Profesional de Fútbol → Liga MX,True
10644854,V3_2025_26,2,1,True,Clube Atlético Mineiro → Botafogo de Futebol e Regatas,Serie A,False
10647565,V3_2025_26,2,1,True,Club Atlético Tigre → Defensa y Justicia,Liga Profesional de Fútbol,False
10713733,V3_2025_26,2,2,False,CA Talleres + Colorado Rapids,Liga Profesional de Fútbol + Major League Soccer,True
10948336,V3_2025_26,2,1,True,Fortaleza Esporte Clube → Sport Club do Recife,Serie A,False
10966294,V3_2025_26,2,2,True,Nagoya Grampus → Avispa Fukuoka,J1 League → J1 100 Year Vision League,True
10966299,V3_2025_26,2,1,True,Beşiktaş JK → Trabzonspor,Super Lig,False
10967315,V3_2025_26,2,1,True,Sligo Rovers → Galway United FC,Premier Division,False
10967328,V3_2025_26,2,1,True,Albirex Niigata → Shonan Bellmare,J1 League,False
10967415,V3_2025_26,2,1,False,Udinese Calcio + SSC Napoli,Serie A,False
10967436,V3_2025_26,2,2,True,Göztepe → FC Alverca,Super Lig → Liga Portugal,True
10967477,V3_2025_26,2,2,True,Yokohama FC → Vissel Kobe,J1 League → J1 100 Year Vision League,True
10967679,V3_2025_26,2,2,True,Henan FC → Al-Najma SC,Super League → Pro League,True
10990572,V3_2025_26,2,2,True,Melbourne City FC → New York City FC,A-League Men → Major League Soccer,True
10990678,V3_2025_26,2,1,True,AFC Bournemouth → Manchester City,Premier League,False
10990692,V3_2025_26,2,1,True,Sport Club do Recife → Clube do Remo (PA),Serie A,False
10990840,V3_2025_26,2,1,True,Mirassol Futebol Clube (SP) → Coritiba Foot Ball Club,Serie A,False
10995441,V3_2025_26,2,2,True,Stade Lavallois → Hannover 96,Ligue 2 → 2. Bundesliga,True
11004721,V3_2025_26,2,1,True,Meizhou Hakka → Beijing Guoan,Super League,False
11298638,V3_2025_26,2,1,True,Sport Club Internacional → Esporte Clube Vitória,Serie A,False
11311801,V3_2025_26,2,1,True,CF Monterrey → Club León FC,Liga MX,False
11311972,V3_2025_26,2,2,True,CSKA Moscow → Sport Club Internacional,Premier League → Serie A,True
11321907,V3_2025_26,2,1,True,Alianza Atlético Sullana → Comerciantes Unidos,Primera Division,False
11321908,V3_2025_26,3,1,True,Deportivo Binacional → Club Juan Pablo II College → Universidad Técnica de Cajamarca,Primera Division,False
11322430,V3_2025_26,2,2,True,TOP Oss → Sandefjord Fotball,Eerste Divisie → Eliteserien,True
11322525,V3_2025_26,2,1,True,CA Central Córdoba (SdE) → AA Argentinos Juniors,Liga Profesional de Fútbol,False
11322974,V3_2025_26,2,2,True,Kyoto Sanga → FC St. Pauli,J1 League → Bundesliga,True
11323020,V3_2025_26,2,2,True,Clube Atlético Mineiro → CA River Plate,Serie A → Liga Profesional de Fútbol,True
11346986,V3_2025_26,2,2,True,VfL Bochum → FC Basel 1893,2. Bundesliga → Super League,True
11353187,V3_2025_26,2,1,True,Asociación Deportiva Tarma → Cusco FC,Primera Division,False
11353232,V3_2025_26,2,2,False,FK Radnicki 1923 Kragujevac + ETO FC,Super Liga + NB I,True
11669604,V3_2025_26,2,2,True,SSC Napoli → Nottingham Forest,Serie A → Premier League,True
11669777,V3_2025_26,2,1,True,Racing Club → Club Atlético Platense,Liga Profesional de Fútbol,False
11675304,V3_2025_26,2,2,False,FK Dukla Prague + FC Luzern,Chance Liga + Super League,True
11675679,V3_2025_26,2,1,True,Ayacucho FC → Universidad Técnica de Cajamarca,Primera Division,False
11675726,V3_2025_26,2,2,True,USL Dunkerque → SC Telstar,Ligue 2 → Eredivisie,True
11675760,V3_2025_26,2,2,True,Riga FC → Spartak Trnava,Virsliga → Niké Liga,True
11676232,V3_2025_26,2,1,True,FC Haka → FC Lahti,Veikkausliiga,False
11676258,V3_2025_26,2,1,True,CD Ñublense → CD Cobresal,Primera Division,False
11705342,V3_2025_26,2,1,True,Pyramids FC → Ittihad Alexandria SC,Premier League,False
11705425,V3_2025_26,2,1,True,Atlético Nacional → Deportes Tolima,Liga BetPlay,False
11705450,V3_2025_26,2,1,True,Rionegro Águilas → Internacional de Bogotá,Liga BetPlay,False
11705476,V3_2025_26,2,1,True,Deportes Limache → Unión La Calera,Primera Division,False
11711892,V3_2025_26,2,1,True,Club Cienciano → Club Atlético Grau,Primera Division,False
12016892,V3_2025_26,2,1,True,Ceará Sporting Club → Mirassol Futebol Clube (SP),Serie A,False
12016945,V3_2025_26,2,2,True,Cercle Brugge → Al-Kholood Club,Pro League,True
12036864,V3_2025_26,2,2,True,Bayern Munich → Galatasaray,Bundesliga → Super Lig,True
12058810,V3_2025_26,2,1,True,Fortaleza CEIF → Asociación Deportivo Pasto,Liga BetPlay,False
12058848,V3_2025_26,2,1,True,Internacional de Bogotá → Cúcuta Deportivo,Liga BetPlay,False
12066303,V3_2025_26,2,1,True,Hatayspor → Amed SK,1. Lig,False
12109880,V3_2025_26,2,2,True,Machida Zelvia → Shimizu S-Pulse,J1 League → J1 100 Year Vision League,True
12371975,V3_2025_26,2,2,True,Club León FC → Santos FC,Liga MX → Serie A,True
12384553,V3_2025_26,2,2,True,FC Metz → Vancouver Whitecaps FC,Ligue 1 → Major League Soccer,True
12393305,V3_2025_26,2,2,True,CA Banfield → Deportes Limache,Liga Profesional de Fútbol → Primera Division,True
12393325,V3_2025_26,2,1,False,Sport Club Corinthians Paulista + Esporte Clube Vitória,Serie A,False
12393341,V3_2025_26,2,2,True,CD Santa Clara → Toronto FC,Liga Portugal → Major League Soccer,True
12393393,V3_2025_26,2,2,True,AC Sparta Praha → Clube Atlético Mineiro,Chance Liga → Serie A,True
12393435,V3_2025_26,2,2,True,FC Nizhniy Novgorod → CD O'Higgins,Premier League → Primera Division,True
12393463,V3_2025_26,2,1,False,Club Deportes Iquique + Audax Italiano,Primera Division,False
12394109,V3_2025_26,2,2,False,Deportivo A Coruña + US Sassuolo,La Liga 2 + Serie A,True
12433161,V3_2025_26,2,1,True,Plymouth Argyle → Huddersfield Town,League One,False
12433234,V3_2025_26,2,1,True,Bank El Ahly → Ittihad Alexandria SC,Premier League,False
12433279,V3_2025_26,2,2,True,1.FC Magdeburg → ESTAC Troyes,2. Bundesliga → Ligue 2,True
12447522,V3_2025_26,2,1,True,Sanfrecce Hiroshima → Shonan Bellmare,J1 League,False
12469848,V3_2025_26,2,2,True,Notts County → Sligo Rovers,League Two → Premier Division,True
12788920,V3_2025_26,2,1,True,CD Cobresal → CD Everton,Primera Division,False
12789336,V3_2025_26,2,2,False,PEC Zwolle + FC Den Bosch,Eredivisie + Eerste Divisie,True
12789557,V3_2025_26,2,1,True,Deportes Tolima → Once Caldas,Liga BetPlay,False
12790085,V3_2025_26,2,1,True,Universidad Técnica de Cajamarca → FC Cajamarca,Primera Division,False
12844039,V3_2025_26,2,1,True,FC Banik Ostrava → FK Teplice,Chance Liga,False
12844226,V3_2025_26,3,2,True,Riga FC → FK Auda → Instituto ACC,Virsliga → Liga Profesional de Fútbol,True
12847585,V3_2025_26,2,1,True,New England Revolution → Portland Timbers,Major League Soccer,False
13155985,V3_2025_26,2,2,True,Union Saint-Gilloise → OGC Nice,Pro League → Ligue 1,True
13171220,V3_2025_26,2,1,True,Slovan Bratislava → KFC Komarno,Niké Liga,False
13186483,V3_2025_26,2,2,True,Parma Calcio 1913 → Kasimpasa,Serie A → Super Lig,True
13186570,V3_2025_26,2,2,True,AC Sparta Praha → Real Salt Lake City,Chance Liga → Major League Soccer,True
13187047,V3_2025_26,2,1,True,Angers SCO → Stade Rennais FC,Ligue 1,False
13187085,V3_2025_26,2,1,True,Meizhou Hakka → Liaoning Tieren,Super League,False
13225185,V3_2025_26,2,1,True,Henan FC → Qingdao Hainiu,Super League,False
13238472,V3_2025_26,2,1,True,Yunnan Yukun → Liaoning Tieren,Super League,False
13238937,V3_2025_26,2,2,True,Atlético de Madrid → Atalanta BC,La Liga → Serie A,True
13573690,V3_2025_26,2,2,True,Kuopion Palloseura → SpVgg Greuther Fürth,Veikkausliiga → 2. Bundesliga,True
13590361,V3_2025_26,2,1,True,Gualberto Villarroel San José → Club A.B.B.,Liga De Futbol Prof,False
13590453,V3_2025_26,2,1,True,D.C. United → Charlotte FC,Major League Soccer,False
13590995,V3_2025_26,2,2,True,BSC Young Boys → Oud-Heverlee Leuven,Super League → Pro League,True
13591031,V3_2025_26,2,2,True,Peterborough United → Bristol Rovers,League One → League Two,True
13591493,V3_2025_26,2,2,True,Antalyaspor → Celtic FC,Super Lig → Premiership,True
13646929,V3_2025_26,2,1,True,Urawa Red Diamonds → Cerezo Osaka,J1 League,False
13646970,V3_2025_26,2,2,True,FC Tokyo → KVC Westerlo,J1 League → Pro League,True
13647012,V3_2025_26,2,2,True,Albirex Niigata → Central Coast Mariners,J1 League → A-League Men,True
13963088,V3_2025_26,2,2,True,Olympique Lyon → Villarreal CF,Ligue 1 → La Liga,True
13981024,V3_2025_26,2,2,False,Valencia CF + Leeds United,La Liga + Premier League,True
13991932,V3_2025_26,2,1,True,Colorado Rapids → Houston Dynamo FC,Major League Soccer,False
14003957,V3_2025_26,2,1,True,Shanghai Port → Wuhan Three Towns,Super League,False
14004462,V3_2025_26,2,1,True,FC Inter Turku → FC Lahti,Veikkausliiga,False
14004519,V3_2025_26,2,1,True,Deportivo Cali → Internacional de Bogotá,Liga BetPlay,False
14004586,V3_2025_26,2,1,True,Esporte Clube Vitória → Sport Club do Recife,Serie A,False
14337101,V3_2025_26,2,2,True,Al-Shahania SC → FC Baniyas,Stars League → UAE Pro League,True
14338021,V3_2025_26,2,2,True,Hibernian FC → Randers FC,Premiership → Superliga,True
14338068,V3_2025_26,2,2,True,FC Nantes → KAA Gent,Ligue 1 → Pro League,True
14358061,V3_2025_26,2,1,True,Galway United FC → Derry City,Premier Division,False
14685026,V3_2025_26,2,1,True,Fleetwood Town → Salford City,League Two,False
14685655,V3_2025_26,2,1,True,Club Deportivo Oriente Petrolero → Club The Strongest,Liga De Futbol Prof,False
14726291,V3_2025_26,3,3,True,Aalborg BK → FK Bodø/Glimt → Blackburn Rovers,First Division → Eliteserien → Championship,True
14726336,V3_2025_26,2,2,True,Blackburn Rovers → Shanghai Shenhua,Championship → Super League,True
15061587,V3_2025_26,2,2,True,Spezia Calcio → Widzew Lodz,Serie B → Ekstraklasa,True
15074746,V3_2025_26,2,2,True,FC Metaloglobus Bucharest → FK Radnik Surdulica,Superliga → Super Liga,True
15076363,V3_2025_26,2,1,True,CD Cobresal → CD Palestino,Primera Division,False
15169863,V3_2025_26,2,2,True,Hammarby IF → Celtic FC,Allsvenskan → Premiership,True
15170264,V3_2025_26,2,1,True,KFUM-Kameratene Oslo → Fredrikstad FK,Eliteserien,False
15170474,V3_2025_26,2,1,True,Vålerenga Fotball Elite → Aalesunds FK,Eliteserien,False
15412894,V3_2025_26,2,2,True,Sligo Rovers → Crewe Alexandra,Premier Division → League Two,True
15413392,V3_2025_26,2,2,True,Deportivo Pereira → Club The Strongest,Liga BetPlay → Liga De Futbol Prof,True
15426464,V3_2025_26,2,1,True,Deportivo Binacional → Alianza Atlético Sullana,Primera Division,False
15426471,V3_2025_26,2,2,True,Esbjerg fB → Viborg FF,First Division → Superliga,True
15427173,V3_2025_26,2,1,True,Instituto ACC → CA Central Córdoba (SdE),Liga Profesional de Fútbol,False
15434627,V3_2025_26,2,2,True,AC Milan → Fulham FC,Serie A → Premier League,True
15434635,V3_2025_26,2,1,True,St. Patrick's Athletic → Drogheda United FC,Premier Division,False
15524626,V3_2025_26,2,2,True,Sandefjord Fotball → Widzew Lodz,Eliteserien → Ekstraklasa,True
15524632,V3_2025_26,2,2,True,Cardiff City → Fortuna Düsseldorf,League One → 2. Bundesliga,True
15525346,V3_2025_26,2,1,True,Tromsø IL → Lillestrøm SK,Eliteserien,False
15756141,V3_2025_26,2,2,True,Avispa Fukuoka → Slovan Bratislava,J1 League → Niké Liga,True
15763371,V3_2025_26,2,2,True,Wycombe Wanderers → Vålerenga Fotball Elite,League One → Eliteserien,True
15764248,V3_2025_26,2,1,True,CSKA Moscow → Zenit St. Petersburg,Premier League,False
16136307,V3_2025_26,2,1,True,Llaneros FC → Asociación Deportivo Pasto,Liga BetPlay,False
16136410,V3_2025_26,2,2,False,Kuopion Palloseura + ADO Den Haag,Veikkausliiga + Eerste Divisie,True
16136428,V3_2025_26,2,1,True,Esporte Clube Juventude → Mirassol Futebol Clube (SP),Serie A,False
16144536,V3_2025_26,2,1,True,Valur Reykjavík → KR Reykjavík,Besta deild,False
16475808,V3_2025_26,2,2,True,AC Reggiana 1919 → Samsunspor,Serie B → Super Lig,True
16475855,V3_2025_26,2,2,True,Peterborough United → Crawley Town,League One → League Two,True
16488050,V3_2025_26,2,2,True,Górnik Zabrze → FC Tatran Presov,Ekstraklasa → Niké Liga,True
16488492,V3_2025_26,2,2,True,Al-Duhail SC → Cultural Leonesa,Stars League → La Liga 2,True
16488505,V3_2025_26,2,1,True,Deportivo Cali → Jaguares de Córdoba,Liga BetPlay,False
16488582,V3_2025_26,2,2,True,NK Istra 1961 → Deportivo Alavés,1. HNL → La Liga,True
16496788,V3_2025_26,2,1,True,CD Los Chankas → Deportivo Binacional,Primera Division,False
16579774,V3_2025_26,2,1,True,Fredrikstad FK → KFUM-Kameratene Oslo,Eliteserien,False
16837815,V3_2025_26,2,1,False,Deportivo Alavés + Real Sociedad,La Liga,False
16838270,V3_2025_26,2,2,True,Oxford United → Göztepe,Championship → Super Lig,True
16845790,V3_2025_26,2,2,True,SV Darmstadt 98 → Grazer AK 1902,2. Bundesliga → Admiral Bundesliga,True
17168800,V3_2025_26,2,1,True,Alianza FC → Unión Magdalena,Liga BetPlay,False
17176170,V3_2025_26,2,2,True,SK Brann → West Bromwich Albion,Eliteserien → Championship,True
17177615,V3_2025_26,2,2,True,CF Montréal → West Bromwich Albion,Major League Soccer → Championship,True
17178006,V3_2025_26,2,1,True,Club Atlético Belgrano → AA Estudiantes (Río Cuarto),Liga Profesional de Fútbol,False
17187752,V3_2025_26,2,1,True,Cusco FC → Comerciantes Unidos,Primera Division,False
17195440,V3_2025_26,2,1,True,Vestri Ísafjördur → KA Akureyri,Besta deild,False
17537470,V3_2025_26,2,1,True,Huachipato FC → CD O'Higgins,Primera Division,False
17537471,V3_2025_26,2,1,True,Alianza FC → Internacional de Bogotá,Liga BetPlay,False
17544752,V3_2025_26,2,2,True,EA Guingamp → Rubin Kazan,Ligue 2 → Premier League,True
17867671,V3_2025_26,2,2,True,FC Utrecht → Derby County,Eredivisie → Championship,True
17885696,V3_2025_26,2,1,True,CFR Cluj → FC Hermannstadt,Superliga,False
18218864,V3_2025_26,2,1,False,Tokyo Verdy + Kashima Antlers,J1 League,False
18219320,V3_2025_26,2,2,True,Dynamo Moscow → Kayserispor,Premier League → Super Lig,True
18226586,V3_2025_26,2,2,True,Sociedade Esportiva Palmeiras → Austin FC,Serie A → Major League Soccer,True
18559789,V3_2025_26,2,2,True,Valur Reykjavík → Heart of Midlothian FC,Besta deild → Premiership,True
18575713,V3_2025_26,2,1,True,CSD Colo-Colo → Coquimbo Unido,Primera Division,False
19272375,V3_2025_26,2,2,True,Mjällby AIF → FC Dallas,Allsvenskan → Major League Soccer,True
19282696,V3_2025_26,2,2,True,Club Atlético Platense → Huachipato FC,Liga Profesional de Fútbol → Primera Division,True
19625676,V3_2025_26,2,1,True,Club Brugge KV → KAA Gent,Pro League,False
19960396,V3_2025_26,2,2,True,Club León FC → Real Oviedo,Liga MX → La Liga,True
19979243,V3_2025_26,2,2,True,IF Brommapojkarna → CD Castellón,Allsvenskan → La Liga 2,True
19979663,V3_2025_26,2,2,True,Preston North End → Bröndby IF,Championship → Superliga,True
19979687,V3_2025_26,2,2,True,1.FC Heidenheim 1846 → SG Dynamo Dresden,Bundesliga → 2. Bundesliga,True
19980276,V3_2025_26,2,1,True,FC Empoli → AC Reggiana 1919,Serie B,False
19980285,V3_2025_26,2,2,True,NAC Breda → CF Estrela Amadora,Eredivisie → Liga Portugal,True
19988696,V3_2025_26,2,1,True,Qingdao West Coast → Shandong Taishan,Super League,False
19988724,V3_2025_26,2,1,True,Changchun Yatai → Wuhan Three Towns,Super League,False
19988729,V3_2025_26,2,1,True,Albacete Balompié → UD Almería,La Liga 2,False
19996744,V3_2025_26,2,1,True,CA Lanús → CA Newell's Old Boys,Liga Profesional de Fútbol,False
19996754,V3_2025_26,2,2,True,SK Slavia Prague → Górnik Zabrze,Chance Liga → Ekstraklasa,True
19996813,V3_2025_26,2,2,False,Alianza Atlético Sullana + Club Deportivo Riestra,Primera Division + Liga Profesional de Fútbol,True
20315934,V3_2025_26,2,1,True,FK Jablonec → AC Sparta Praha,Chance Liga,False
20333667,V3_2025_26,2,2,True,Austin FC → Widzew Lodz,Major League Soccer → Ekstraklasa,True
20333755,V3_2025_26,2,1,True,Atalanta BC → ACF Fiorentina,Serie A,False
20335120,V3_2025_26,2,2,True,Montpellier HSC → FC Basel 1893,Ligue 2 → Super League,True
20335148,V3_2025_26,2,2,False,Audax Italiano + Club Atlético Tigre,Primera Division + Liga Profesional de Fútbol,True
20335282,V3_2025_26,2,1,True,CA Sarmiento (Junin) → CA Talleres,Liga Profesional de Fútbol,False
20335304,V3_2025_26,2,2,True,Avs Futebol → SD Huesca,Liga Portugal → La Liga 2,True
20336069,V3_2025_26,2,2,True,CD Godoy Cruz Antonio Tomba → CD O'Higgins,Liga Profesional de Fútbol → Primera Division,True
20336073,V3_2025_26,2,1,True,SK Sigma Olomouc → FC Viktoria Plzen,Chance Liga,False
20355477,V3_2025_26,2,2,True,Atlético Nacional → Clube de Regatas Vasco da Gama,Liga BetPlay → Serie A,True
20357599,V3_2025_26,2,1,True,Sparta Rotterdam → Fortuna Sittard,Eredivisie,False
20683853,V3_2025_26,2,2,True,Shonan Bellmare → Clube do Remo (PA),J1 League → Serie A,True
20691946,V3_2025_26,2,1,True,Eyüpspor → Samsunspor,Super Lig,False
20693616,V3_2025_26,2,1,False,Oud-Heverlee Leuven + Union Saint-Gilloise,Pro League,False
20694581,V3_2025_26,2,2,True,Pogon Szczecin → CFR Cluj,Ekstraklasa → Superliga,True
20708321,V3_2025_26,2,2,True,AFC Wimbledon → Crawley Town,League One → League Two,True
20708615,V3_2025_26,2,2,True,Charlton Athletic → Stockport County,Championship → League One,True
20708618,V3_2025_26,2,2,True,Port Vale FC → Bromley FC,League One → League Two,True
21035916,V3_2025_26,2,2,True,Kawasaki Frontale → Atlético Nacional,J1 League → Liga BetPlay,True
21035924,V3_2025_26,2,1,True,AD Ceuta FC → Albacete Balompié,La Liga 2,False
21035934,V3_2025_26,2,2,True,Red Bull Bragantino → SD Huesca,Serie A → La Liga 2,True
21036790,V3_2025_26,2,2,True,Jagiellonia Bialystok → Hvidovre IF,Ekstraklasa → First Division,True
21054928,V3_2025_26,2,2,True,Ferencvárosi TC → Lechia Gdansk,NB I → Ekstraklasa,True
21064639,V3_2025_26,2,1,True,Shrewsbury Town → Cheltenham Town,League Two,False
21065074,V3_2025_26,2,1,False,Eintracht Braunschweig + 1.FC Nuremberg,2. Bundesliga,False
21065097,V3_2025_26,2,2,True,Cultural Leonesa → FC Rapid 1923,La Liga 2 → Superliga,True
21072676,V3_2025_26,2,1,True,Albacete Balompié → Deportivo A Coruña,La Liga 2,False
21089949,V3_2025_26,2,1,True,Sint-Truidense VV → RSC Anderlecht,Pro League,False
21185478,V3_2025_26,2,1,True,Santos Laguna → UNAM Pumas,Liga MX,False
21394913,V3_2025_26,2,1,True,FK Spartak Subotica → FK Novi Pazar,Super Liga,False
21404427,V3_2025_26,2,1,False,FK Pardubice + SK Slavia Prague,Chance Liga,False
21412318,V3_2025_26,2,1,True,Barnsley FC → Mansfield Town,League One,False
21412911,V3_2025_26,2,1,True,Harras El Hodoud → Pharco FC,Premier League,False
21413047,V3_2025_26,2,1,True,Shenzhen Peng City → Shanghai Port,Super League,False
21413548,V3_2025_26,2,1,True,CA San Martín (San Juan) → CA Aldosivi,Liga Profesional de Fútbol,False
21414133,V3_2025_26,2,1,True,Colorado Rapids → Portland Timbers,Major League Soccer,False
21427690,V3_2025_26,2,1,True,1.FC Kaiserslautern → Eintracht Braunschweig,2. Bundesliga,False
21762188,V3_2025_26,2,1,True,Sporting Kansas City → Red Bull New York,Major League Soccer,False
21762796,V3_2025_26,2,2,True,IFK Norrköping → Aarhus GF,Allsvenskan → Superliga,True
21762818,V3_2025_26,2,1,True,Bolton Wanderers → Exeter City,League One,False
21763133,V3_2025_26,2,1,True,Bohemian Football Club → Sligo Rovers,Premier Division,False
21763134,V3_2025_26,3,2,False,Barnsley FC + Blackpool FC + FC St. Pauli,League One + Bundesliga,True
21772850,V3_2025_26,2,2,False,Heracles Almelo + Eintracht Braunschweig,Eredivisie + 2. Bundesliga,True
21782219,V3_2025_26,2,1,True,Aston Villa → Crystal Palace,Premier League,False
21782243,V3_2025_26,2,1,True,Modena FC → AC Monza,Serie B,False
21794930,V3_2025_26,2,1,True,Sport Huancayo → Comerciantes Unidos,Primera Division,False
21802848,V3_2025_26,3,2,True,Atlanta United FC → Millonarios FC → Independiente Santa Fe,Major League Soccer → Liga BetPlay,True
21802858,V3_2025_26,2,2,True,Bristol City → Reading FC,Championship → League One,True
21803059,V3_2025_26,2,2,True,Stade Rennais FC → Spartak Moscow,Ligue 1 → Premier League,True
22136636,V3_2025_26,3,2,True,Sporting Kansas City → Real Salt Lake City → Real Zaragoza,Major League Soccer → La Liga 2,True
22136687,V3_2025_26,2,2,True,Olympic Charleroi → FK Radnicki 1923 Kragujevac,Challenger Pro League → Super Liga,True
22136830,V3_2025_26,2,2,True,FC Hermannstadt → Beitar Jerusalem,Superliga → Ligat ha'Al,True
22144864,V3_2025_26,2,1,True,Maccabi Bnei Reineh → Ironi Tiberias,Ligat ha'Al,False
22145369,V3_2025_26,2,1,True,Al-Ain FC → FC Baniyas,UAE Pro League,False
22145480,V3_2025_26,2,1,True,Club Atlético Tucumán → AA Estudiantes (Río Cuarto),Liga Profesional de Fútbol,False
22146103,V3_2025_26,2,1,True,CD Cobresal → CD Everton,Primera Division,False
22158926,V3_2025_26,2,1,False,Levante UD + Athletic Bilbao,La Liga,False
22514377,V3_2025_26,2,2,True,Basaksehir FK → Esenler Erokspor,Super Lig → 1. Lig,True
22536031,V3_2025_26,2,2,True,Deportivo Alavés → RSC Anderlecht,La Liga → Pro League,True
22536228,V3_2025_26,2,1,True,SC Otelul Galati → FCSB,Superliga,False
22536394,V3_2025_26,2,1,True,Toronto FC → CF Montréal,Major League Soccer,False
22860189,V3_2025_26,2,1,True,Stellenbosch FC → Sekhukhune United FC,Premier League,False
22860311,V3_2025_26,2,1,True,Stellenbosch FC → Richards Bay FC,Premier League,False
22869263,V3_2025_26,2,1,True,US Catanzaro → Mantova 1911,Serie B,False
22878555,V3_2025_26,2,1,True,FC Kosice → KFC Komarno,Niké Liga,False
22878569,V3_2025_26,2,1,False,1.FC Magdeburg + Holstein Kiel,2. Bundesliga,False
22888816,V3_2025_26,2,1,True,CS Independiente Rivadavia → Club Atlético Platense,Liga Profesional de Fútbol,False
22889457,V3_2025_26,2,2,True,Shandong Taishan → Fortaleza Esporte Clube,Super League → Serie A,True
23223429,V3_2025_26,2,1,True,Sekhukhune United FC → Siwelele Football Club,Premier League,False
23233054,V3_2025_26,2,1,True,ACF Fiorentina → Bologna FC 1909,Serie A,False
23241281,V3_2025_26,2,1,True,Vancouver Whitecaps FC → Austin FC,Major League Soccer,False
23242254,V3_2025_26,2,2,True,Seattle Sounders FC → Club Necaxa,Major League Soccer → Liga MX,True
23260605,V3_2025_26,2,2,False,Celtic FC + AFC Bournemouth,Premiership + Premier League,True
23269590,V3_2025_26,2,2,True,Cracovia → Pisa Sporting Club,Ekstraklasa → Serie A,True
23269649,V3_2025_26,2,2,True,Aberdeen FC → FC Schalke 04,Premiership → 2. Bundesliga,True
23269650,V3_2025_26,2,2,True,Nottingham Forest → Eintracht Frankfurt,Premier League → Bundesliga,True
23269651,V3_2025_26,2,2,True,Montpellier HSC → Samsunspor,Ligue 2 → Super Lig,True
23269652,V3_2025_26,2,2,True,Wolverhampton Wanderers → Sheffield United,Premier League → Championship,True
23269654,V3_2025_26,2,2,True,Aberdeen FC → Blackpool FC,Premiership → League One,True
23269662,V3_2025_26,2,2,True,Torino FC → RCD Espanyol Barcelona,Serie A → La Liga,True
23269677,V3_2025_26,2,2,True,Pisa Sporting Club → SSC Bari,Serie A → Serie B,True
23269738,V3_2025_26,2,2,True,FC Lausanne-Sport → AD Ceuta FC,Super League → La Liga 2,True
23269843,V3_2025_26,2,1,False,Red Bull New York + Minnesota United FC,Major League Soccer,False
23278578,V3_2025_26,2,1,True,FC Twente Enschede → Heracles Almelo,Eredivisie,False
23278580,V3_2025_26,2,2,False,Middlesbrough FC + NEC Nijmegen,Championship + Eredivisie,True
23287278,V3_2025_26,2,2,True,Grasshopper Club Zurich → KAA Gent,Super League → Pro League,True
23287490,V3_2025_26,2,1,True,Al-Qadsiah FC → Al-Shabab FC,Pro League,False
23287931,V3_2025_26,2,1,True,Cleopatra FC → El Mokawloon SC,Premier League,False
23651573,V3_2025_26,2,2,False,RKC Waalwijk + Heracles Almelo,Eerste Divisie + Eredivisie,True
23659722,V3_2025_26,2,1,True,Spartak Moscow → Akhmat Grozny,Premier League,False
23661266,V3_2025_26,2,1,True,Club Universidad de Chile → CD Everton,Primera Division,False
23661346,V3_2025_26,2,2,True,Molde FK → Fortuna Sittard,Eliteserien → Eredivisie,True
23661351,V3_2025_26,2,1,True,Sparta Rotterdam → PEC Zwolle,Eredivisie,False
23680697,V3_2025_26,2,2,True,IFK Norrköping → Viborg FF,Allsvenskan → Superliga,True
23680764,V3_2025_26,2,2,True,Sunderland AFC → Ipswich Town,Premier League → Championship,True
23688806,V3_2025_26,2,1,True,CFR Cluj → FC Metaloglobus Bucharest,Superliga,False
23688829,V3_2025_26,2,2,False,Royal Charleroi SC + BSC Young Boys,Pro League + Super League,True
23697429,V3_2025_26,2,2,True,Wolfsberger AC → Millwall FC,Admiral Bundesliga → Championship,True
23697440,V3_2025_26,2,1,True,Francs Borains → RFC Lüttich,Challenger Pro League,False
23697484,V3_2025_26,2,2,False,FC Eindhoven + Go Ahead Eagles,Eerste Divisie + Eredivisie,True
23697498,V3_2025_26,2,2,True,D.C. United → Beitar Jerusalem,Major League Soccer → Ligat ha'Al,True
23697504,V3_2025_26,2,1,False,Helmond Sport + FC Emmen,Eerste Divisie,False
23697508,V3_2025_26,2,2,True,FC Utrecht → Luton Town,Eredivisie → League One,True
23697799,V3_2025_26,2,2,False,Kocaelispor + Parma Calcio 1913,Super Lig + Serie A,True
23697806,V3_2025_26,2,2,True,Raków Częstochowa → SK Sigma Olomouc,Ekstraklasa → Chance Liga,True
23697807,V3_2025_26,2,2,True,MTK Budapest → Pogon Szczecin,NB I → Ekstraklasa,True
23697963,V3_2025_26,2,1,True,FK Tukums 2000 → FK Liepaja,Virsliga,False
23698072,V3_2025_26,2,2,True,SK Brann → Philadelphia Union,Eliteserien → Major League Soccer,True
23698076,V3_2025_26,2,2,True,FC Midtjylland → Parma Calcio 1913,Superliga → Serie A,True
23698086,V3_2025_26,2,2,True,SK Brann → IF Brommapojkarna,Eliteserien → Allsvenskan,True
23698162,V3_2025_26,2,2,True,Montpellier HSC → Stade Brestois 29,Ligue 2 → Ligue 1,True
23707367,V3_2025_26,2,2,True,Borussia Mönchengladbach → Nottingham Forest,Bundesliga → Premier League,True
23715932,V3_2025_26,2,1,False,Östers IF + AIK,Allsvenskan,False
23715943,V3_2025_26,2,2,True,Red Bull New York → Bristol City,Major League Soccer → Championship,True
23715968,V3_2025_26,2,2,True,Rapid Vienna → Hapoel Haifa,Admiral Bundesliga → Ligat ha'Al,True
23715991,V3_2025_26,2,2,True,CFR Cluj → D.C. United,Superliga → Major League Soccer,True
23717733,V3_2025_26,2,1,True,Drogheda United FC → Waterford FC,Premier Division,False
23730709,V3_2025_26,2,1,True,Atlético Bucaramanga → Asociación Deportivo Pasto,Liga BetPlay,False
23738793,V3_2025_26,3,2,True,Columbus Crew → Jagiellonia Bialystok → Vancouver Whitecaps FC,Major League Soccer → Ekstraklasa,True
23738868,V3_2025_26,2,1,True,CD América de Cali → Once Caldas,Liga BetPlay,False
23739094,V3_2025_26,2,2,True,Rotherham United → St. Mirren FC,League One → Premiership,True
23739121,V3_2025_26,2,2,True,Sheffield United → Stockport County,Championship → League One,True
23739134,V3_2025_26,2,2,False,Crawley Town + Bradford City,League Two + League One,True
24065210,V3_2025_26,2,2,True,Millonarios FC → CSKA Moscow,Liga BetPlay → Premier League,True
24065264,V3_2025_26,2,2,True,NK Istra 1961 → KA Akureyri,1. HNL → Besta deild,True
24081653,V3_2025_26,2,1,True,Drogheda United FC → Derry City,Premier Division,False
24082486,V3_2025_26,2,2,False,IFK Värnamo + Randers FC,Allsvenskan + Superliga,True
24082532,V3_2025_26,2,2,True,FC Basel 1893 → SC Braga,Super League → Liga Portugal,True
24092545,V3_2025_26,2,2,True,Ajax Amsterdam → SS Lazio,Eredivisie → Serie A,True
24100318,V3_2025_26,2,2,True,SpVgg Greuther Fürth → Grazer AK 1902,2. Bundesliga → Admiral Bundesliga,True
24427745,V3_2025_26,2,2,True,KV Mechelen → Melbourne City FC,Pro League → A-League Men,True
24445480,V3_2025_26,2,1,True,Colorado Rapids → Sporting Kansas City,Major League Soccer,False
24445595,V3_2025_26,2,1,True,Changchun Yatai → Henan FC,Super League,False
24445757,V3_2025_26,2,1,False,Beitar Jerusalem + Maccabi Haifa,Ligat ha'Al,False
24445765,V3_2025_26,2,1,True,FC Ashdod → Ihud Bnei Sakhnin,Ligat ha'Al,False
24446234,V3_2025_26,2,1,True,Club Tijuana → Santos Laguna,Liga MX,False
24468970,V3_2025_26,2,2,True,Villarreal CF → Crystal Palace,La Liga → Premier League,True
24469162,V3_2025_26,2,2,True,FC Viktoria Plzen → Olympique Lyon,Chance Liga → Ligue 1,True
24799866,V3_2025_26,2,2,True,Kocaelispor → Amed SK,Super Lig → 1. Lig,True
24799947,V3_2025_26,2,2,True,HJK Helsinki → IFK Värnamo,Veikkausliiga → Allsvenskan,True
24816822,V3_2025_26,2,2,True,Millonarios FC → Instituto ACC,Liga BetPlay → Liga Profesional de Fútbol,True
24816839,V3_2025_26,2,2,True,SC Heerenveen → SK Sigma Olomouc,Eredivisie → Chance Liga,True
24817159,V3_2025_26,2,1,True,Riga FC → FK Auda,Virsliga,False
24817160,V3_2025_26,2,1,True,FK Liepaja → FK Tukums 2000,Virsliga,False
24817368,V3_2025_26,2,2,True,Stockport County → Charlton Athletic,League One → Championship,True
24817439,V3_2025_26,2,2,True,Stade Rennais FC → FC Augsburg,Ligue 1 → Bundesliga,True
24817483,V3_2025_26,2,2,True,Queens Park Rangers → Aberdeen FC,Championship → Premiership,True
24817990,V3_2025_26,2,1,True,SCR Altach → SK Sturm Graz,Admiral Bundesliga,False
24818798,V3_2025_26,2,1,True,FCSB → FC Hermannstadt,Superliga,False
24818802,V3_2025_26,2,2,True,Inter Miami CF → CA Boca Juniors,Major League Soccer → Liga Profesional de Fútbol,True
24818905,V3_2025_26,2,1,True,Unión Española → CD Ñublense,Primera Division,False
24837955,V3_2025_26,2,2,True,NK Osijek → 1.FC Nuremberg,1. HNL → 2. Bundesliga,True
25169144,V3_2025_26,2,2,False,Racing Santander + RCD Espanyol Barcelona,La Liga 2 + La Liga,True
25187252,V3_2025_26,2,1,True,Minnesota United FC → Austin FC,Major League Soccer,False
25206181,V3_2025_26,2,1,True,K Lierse SK → KV Kortrijk,Challenger Pro League,False
25217725,V3_2025_26,2,1,True,Birmingham City → Blackburn Rovers,Championship,False
25548699,V3_2025_26,2,1,True,FC Emmen → ADO Den Haag,Eerste Divisie,False
25548718,V3_2025_26,2,1,True,Kristiansund BK → Hamarkameratene,Eliteserien,False
25548824,V3_2025_26,2,2,True,SL Benfica → OGC Nice,Liga Portugal → Ligue 1,True
25558182,V3_2025_26,2,2,True,Viking FK → FC Dallas,Eliteserien → Major League Soccer,True
25567511,V3_2025_26,2,2,True,FC Volendam → LASK,Eredivisie → Admiral Bundesliga,True
25567528,V3_2025_26,3,1,True,Boyacá Chicó FC → Internacional de Bogotá → Alianza FC,Liga BetPlay,False
25567998,V3_2025_26,2,1,True,Fortaleza CEIF → Once Caldas,Liga BetPlay,False
25568000,V3_2025_26,2,1,True,Once Caldas → Boyacá Chicó FC,Liga BetPlay,False
25591385,V3_2025_26,2,1,True,CA Huracán → Racing Club,Liga Profesional de Fútbol,False
25591387,V3_2025_26,2,2,False,Casa Pia AC + Sport Club Internacional,Liga Portugal + Serie A,True
25591395,V3_2025_26,2,1,True,Palermo FC → SS Juve Stabia,Serie B,False
25591421,V3_2025_26,2,1,True,CD Real Tomayapo → Club A.B.B.,Liga De Futbol Prof,False
25922180,V3_2025_26,2,1,True,Elche CF → Celta de Vigo,La Liga,False
25930719,V3_2025_26,2,2,True,Kristiansund BK → FK Napredak Krusevac,Eliteserien → Super Liga,True
25930721,V3_2025_26,2,1,True,FK Radnicki Nis → FK TSC Backa Topola,Super Liga,False
25930741,V3_2025_26,2,1,True,Bologna FC 1909 → Juventus FC,Serie A,False
25930790,V3_2025_26,2,1,True,Tottenham Hotspur → Crystal Palace,Premier League,False
25939688,V3_2025_26,2,1,False,Los Angeles FC + CF Montréal,Major League Soccer,False
25954296,V3_2025_26,2,2,True,Hibernian FC → Hellas Verona,Premiership → Serie A,True
25954318,V3_2025_26,2,2,True,FC Dordrecht → FC Slovan Liberec,Eerste Divisie → Chance Liga,True
25954348,V3_2025_26,3,2,True,Independiente Medellín → CA Newell's Old Boys → Deportes Tolima,Liga BetPlay → Liga Profesional de Fútbol,True
25954409,V3_2025_26,2,2,True,Al Ahly FC → Kalmar FF,Premier League → Allsvenskan,True
25962043,V3_2025_26,2,2,True,Kuopion Palloseura → AIK,Veikkausliiga → Allsvenskan,True
26313013,V3_2025_26,2,2,True,IK Sirius → FC Fredericia,Allsvenskan → Superliga,True
26328597,V3_2025_26,2,2,True,CA Huracán → Universidad de Concepción,Liga Profesional de Fútbol → Primera Division,True
26328646,V3_2025_26,2,2,True,FC Cincinnati → CF Monterrey,Major League Soccer → Liga MX,True
26328663,V3_2025_26,2,1,True,Club Atlético Grau → Comerciantes Unidos,Primera Division,False
26336984,V3_2025_26,2,2,True,HNK Rijeka → Slovan Bratislava,1. HNL → Niké Liga,True
26670084,V3_2025_26,2,2,True,Zenit St. Petersburg → Red Star Belgrade,Premier League → Super Liga,True
26689551,V3_2025_26,2,2,True,Vejle Boldklub → Hvidovre IF,Superliga → First Division,True
26706499,V3_2025_26,2,2,True,CA Talleres → Club Alianza Lima,Liga Profesional de Fútbol → Primera Division,True
26715354,V3_2025_26,2,1,True,CA Talleres → CA River Plate,Liga Profesional de Fútbol,False
27048372,V3_2025_26,2,1,False,Levante UD + Real Betis Balompié,La Liga,False
27066699,V3_2025_26,2,2,False,Peterborough United + Wrexham AFC,League One + Championship,True
27067450,V3_2025_26,2,2,True,Petrolul Ploiesti → Eyüpspor,Superliga → Super Lig,True
27068119,V3_2025_26,2,1,True,CA San Martín (San Juan) → Club Deportivo Riestra,Liga Profesional de Fútbol,False
27088955,V3_2025_26,2,1,True,Rodez AF → Clermont Foot 63,Ligue 2,False
27441105,V3_2025_26,2,1,True,Ayacucho FC → CD Los Chankas,Primera Division,False
27796839,V3_2025_26,2,2,True,Jagiellonia Bialystok → SD Huesca,Ekstraklasa → La Liga 2,True
27815097,V3_2025_26,2,1,True,Club Independiente Petrolero → Real Oruro,Liga De Futbol Prof,False
28165498,V3_2025_26,2,2,False,Heracles Almelo + FC St. Pauli,Eredivisie + Bundesliga,True
28543549,V3_2025_26,2,2,True,Almere City FC → Servette FC,Eerste Divisie → Super League,True
28551741,V3_2025_26,2,1,True,Club Deportivo Oriente Petrolero → Club Independiente Petrolero,Liga De Futbol Prof,False
28572810,V3_2025_26,2,1,True,Houston Dynamo FC → Orlando City SC,Major League Soccer,False
28575648,V3_2025_26,2,1,True,Salford City → Shrewsbury Town,League Two,False
28575652,V3_2025_26,2,2,True,SCR Altach → Kolding IF,Admiral Bundesliga → First Division,True
28575665,V3_2025_26,2,1,True,St. Patrick's Athletic → Waterford FC,Premier Division,False
28575695,V3_2025_26,2,2,True,Birmingham City → Heart of Midlothian FC,Championship → Premiership,True
28575697,V3_2025_26,2,1,True,Port Vale FC → Plymouth Argyle,League One,False
28575698,V3_2025_26,2,1,True,AC Milan → Atalanta BC,Serie A,False
28575708,V3_2025_26,2,2,True,Watford FC → Leyton Orient,Championship → League One,True
28575734,V3_2025_26,2,1,True,Bristol City → Ipswich Town,Championship,False
28575743,V3_2025_26,2,1,True,Leicester City → Ipswich Town,Championship,False
28912711,V3_2025_26,2,2,True,Luton Town → Sheffield United,League One → Championship,True
28912751,V3_2025_26,2,1,True,Newport County → Gillingham FC,League Two,False
28912766,V3_2025_26,3,3,True,FC Utrecht U21 → FC Utrecht → Real Valladolid CF,Eerste Divisie → Eredivisie → La Liga 2,True
28912813,V3_2025_26,2,1,True,Bristol Rovers → Walsall FC,League Two,False
28912852,V3_2025_26,2,2,True,IFK Mariehamn → AS Trencin,Veikkausliiga → Niké Liga,True
28912974,V3_2025_26,2,1,True,Birmingham City → Blackburn Rovers,Championship,False
28913058,V3_2025_26,2,1,True,West Bromwich Albion → Southampton FC,Championship,False
28931592,V3_2025_26,2,1,True,IFK Värnamo → IF Elfsborg,Allsvenskan,False
28931735,V3_2025_26,2,2,True,Asociación Deportiva Tarma → AA Estudiantes (Río Cuarto),Primera Division → Liga Profesional de Fútbol,True
29303069,V3_2025_26,2,1,True,Independiente Santa Fe → Cúcuta Deportivo,Liga BetPlay,False
29312014,V3_2025_26,2,1,True,Grêmio Foot-Ball Porto Alegrense → Clube do Remo (PA),Serie A,False
29313203,V3_2025_26,2,1,True,Walsall FC → Tranmere Rovers,League Two,False
29313292,V3_2025_26,2,1,True,Clube Atlético Mineiro → Santos FC,Serie A,False
29313856,V3_2025_26,2,2,True,Racing Club → Inter Miami CF,Liga Profesional de Fútbol → Major League Soccer,True
29313859,V3_2025_26,2,2,True,Sociedade Esportiva Palmeiras → CA River Plate,Serie A → Liga Profesional de Fútbol,True
29328429,V3_2025_26,2,2,True,Botafogo de Futebol e Regatas → Nottingham Forest,Serie A → Premier League,True
29328615,V3_2025_26,2,1,True,Suez Petrojet FC → Pyramids FC,Premier League,False
29336648,V3_2025_26,2,2,True,Wuhan Three Towns → CD Santa Clara,Super League → Liga Portugal,True
29674834,V3_2025_26,2,1,False,Heracles Almelo + FC Twente Enschede,Eredivisie,False
29674839,V3_2025_26,2,1,True,Bolívar La Paz → Club Deportivo Oriente Petrolero,Liga De Futbol Prof,False
29674844,V3_2025_26,2,1,False,Club Independiente Petrolero + Real Potosí,Liga De Futbol Prof,False
29674847,V3_2025_26,2,1,True,Club Always Ready → Club Deportivo Guabirá,Liga De Futbol Prof,False
29696577,V3_2025_26,2,1,True,Deportivo Binacional → CD Los Chankas,Primera Division,False
29697131,V3_2025_26,2,2,False,Deportes Tolima + Club Atlético Platense,Liga BetPlay + Liga Profesional de Fútbol,True
29697134,V3_2025_26,2,1,True,Coquimbo Unido → CD Universidad Católica,Primera Division,False
29710000,V3_2025_26,2,2,True,Chicago Fire FC → Club Athletico Paranaense,Major League Soccer → Serie A,True
29735915,V3_2025_26,2,2,True,KRC Genk → Beşiktaş JK,Pro League → Super Lig,True
30060714,V3_2025_26,2,1,True,Junior FC → Deportivo Cali,Liga BetPlay,False
30071186,V3_2025_26,2,1,True,Fortaleza Esporte Clube → Santos FC,Serie A,False
30071838,V3_2025_26,2,1,True,Rionegro Águilas → Cúcuta Deportivo,Liga BetPlay,False
30071839,V3_2025_26,2,1,False,CA Banfield + Club Estudiantes de La Plata,Liga Profesional de Fútbol,False
30071882,V3_2025_26,2,2,True,Fenerbahce → Zenit St. Petersburg,Super Lig → Premier League,True
30081977,V3_2025_26,3,2,True,Club de Gimnasia y Esgrima La Plata → CA Newell's Old Boys → Albacete Balompié,Liga Profesional de Fútbol → La Liga 2,True
30082121,V3_2025_26,2,2,True,Casa Pia AC → Fortuna Sittard,Liga Portugal → Eredivisie,True
30082198,V3_2025_26,2,2,True,Fortaleza Esporte Clube → CA Rosario Central,Serie A → Liga Profesional de Fútbol,True
30105866,V3_2025_26,2,2,True,Asociación Deportivo Pasto → Beitar Jerusalem,Liga BetPlay → Ligat ha'Al,True
30105881,V3_2025_26,2,1,True,Millonarios FC → Atlético Bucaramanga,Liga BetPlay,False
30105982,V3_2025_26,2,1,True,Houston Dynamo FC → Columbus Crew,Major League Soccer,False
30195919,V3_2025_26,2,1,True,Junior FC → Deportivo Cali,Liga BetPlay,False
30446787,V3_2025_26,2,2,True,Randers FC → V-Varen Nagasaki,Superliga → J1 100 Year Vision League,True
30446852,V3_2025_26,2,1,True,Real Sociedad → RCD Espanyol Barcelona,La Liga,False
30446971,V3_2025_26,2,1,True,Vaasan Palloseura → FC Inter Turku,Veikkausliiga,False
30446976,V3_2025_26,2,2,True,RSC Anderlecht → FC Schalke 04,Pro League → 2. Bundesliga,True
30446988,V3_2025_26,2,2,True,Aarhus GF → Panetolikos,Superliga → Super League,True
30467832,V3_2025_26,2,2,True,Independiente Medellín → FC Orenburg,Liga BetPlay → Premier League,True
30841455,V3_2025_26,2,1,True,Drogheda United FC → Bohemian Football Club,Premier Division,False
30851975,V3_2025_26,2,2,True,FC Lausanne-Sport → Middlesbrough FC,Super League → Championship,True
30852012,V3_2025_26,2,1,True,IFK Norrköping → Västerås SK,Allsvenskan,False
30866021,V3_2025_26,2,2,True,AA Argentinos Juniors → Sport Club Internacional,Liga Profesional de Fútbol → Serie A,True
30866026,V3_2025_26,3,2,True,Portland Timbers → Fluminense Football Club → FC Dallas,Major League Soccer → Serie A,True
30875566,V3_2025_26,2,2,True,SD Huesca → Al-Kholood Club,La Liga 2 → Pro League,True
30878845,V3_2025_26,2,1,True,Fortaleza CEIF → Alianza FC,Liga BetPlay,False
30900849,V3_2025_26,2,2,True,Albirex Niigata → SV Darmstadt 98,J1 League → 2. Bundesliga,True
30947573,V3_2025_26,2,2,True,Gamba Osaka → V-Varen Nagasaki,J1 League → J1 100 Year Vision League,True
31092068,V3_2025_26,2,2,True,Charlotte FC → Middlesbrough FC,Major League Soccer → Championship,True
31092069,V3_2025_26,2,1,True,Al-Ain FC → FC Baniyas,UAE Pro League,False
31216826,V3_2025_26,2,1,True,Nashville SC → Los Angeles FC,Major League Soccer,False
31217496,V3_2025_26,2,2,True,Gamba Osaka → D.C. United,J1 League → Major League Soccer,True
31226216,V3_2025_26,2,2,True,Real Valladolid CF → Rio Ave FC,La Liga 2 → Liga Portugal,True
31226325,V3_2025_26,2,2,False,Esenler Erokspor + Genclerbirligi Ankara,1. Lig + Super Lig,True
31226490,V3_2025_26,2,1,True,Bandirma Spor → Van Spor FK,1. Lig,False
31226947,V3_2025_26,2,1,True,Hatayspor → Serik Spor,1. Lig,False
31228349,V3_2025_26,2,1,True,Van Spor FK → Sariyer,1. Lig,False
31228892,V3_2025_26,3,2,False,Eyüpspor + Esenler Erokspor + Caykur Rizespor,Super Lig + 1. Lig,True
31229026,V3_2025_26,2,2,True,Deportivo Guadalajara → Red Bull New York,Liga MX → Major League Soccer,True
31237432,V3_2025_26,2,1,True,Huachipato FC → Deportes La Serena,Primera Division,False
31238191,V3_2025_26,2,2,True,Brentford FC → Oxford United,Premier League → Championship,True
31238809,V3_2025_26,2,2,True,Malmö FF → Sporting Kansas City,Allsvenskan → Major League Soccer,True
31238844,V3_2025_26,2,1,True,Sport Boys Association → Club Alianza Lima,Primera Division,False
31238846,V3_2025_26,2,1,True,Alianza Universidad → Cusco FC,Primera Division,False
31255281,V3_2025_26,2,2,True,KR Reykjavík → Middelfart Boldklub,Besta deild → First Division,True
31255311,V3_2025_26,2,2,False,Puebla FC + CA Independiente,Liga MX + Liga Profesional de Fútbol,True
31264229,V3_2025_26,2,1,True,CA Independiente → AA Argentinos Juniors,Liga Profesional de Fútbol,False
31616637,V3_2025_26,2,2,True,Holstein Kiel → Aarhus GF,2. Bundesliga → Superliga,True
31616654,V3_2025_26,2,2,True,AC Sparta Praha → Legia Warszawa,Chance Liga → Ekstraklasa,True
31616692,V3_2025_26,2,1,True,Real Oruro → CD Real Tomayapo,Liga De Futbol Prof,False
31625181,V3_2025_26,2,1,True,New York City FC → Los Angeles Galaxy,Major League Soccer,False
31625208,V3_2025_26,3,1,True,CF Montréal → Charlotte FC → Red Bull New York,Major League Soccer,False
31625796,V3_2025_26,2,1,True,Bandirma Spor → Serik Spor,1. Lig,False
31626030,V3_2025_26,2,1,True,Columbus Crew → San Jose Earthquakes,Major League Soccer,False
31626041,V3_2025_26,2,2,True,Club Atlético Platense → Clube do Remo (PA),Liga Profesional de Fútbol → Serie A,True
31626867,V3_2025_26,2,1,True,Club Atlético Tigre → CA Newell's Old Boys,Liga Profesional de Fútbol,False
31627433,V3_2025_26,2,2,True,Elche CF → Club Tijuana,La Liga → Liga MX,True
31627621,V3_2025_26,2,1,True,Minnesota United FC → Seattle Sounders FC,Major League Soccer,False
31640130,V3_2025_26,2,2,False,Galatasaray + AS Monaco,Super Lig + Ligue 1,True
31640302,V3_2025_26,2,1,True,Club Atlético Tucumán → Club Atlético Belgrano,Liga Profesional de Fútbol,False
31640322,V3_2025_26,2,2,True,CSKA Moscow → Sport Club Internacional,Premier League → Serie A,True
31648479,V3_2025_26,2,2,True,IF Brommapojkarna → FC Dordrecht,Allsvenskan → Eerste Divisie,True
31737830,V3_2025_26,2,1,True,Comerciantes Unidos → Club Cienciano,Primera Division,False
32011446,V3_2025_26,2,1,True,Deportes Tolima → Fortaleza CEIF,Liga BetPlay,False
32012214,V3_2025_26,2,1,True,Universidad Técnica de Cajamarca → Club Atlético Grau,Primera Division,False
32012884,V3_2025_26,2,2,True,Grêmio Foot-Ball Porto Alegrense → Atlético de San Luis,Serie A → Liga MX,True
32013035,V3_2025_26,2,2,True,KVC Westerlo → New England Revolution,Pro League → Major League Soccer,True
32013099,V3_2025_26,2,1,True,Asociación Deportiva Tarma → FC Cajamarca,Primera Division,False
32013727,V3_2025_26,2,2,True,PEC Zwolle → Stade Lavallois,Eredivisie → Ligue 2,True
32013792,V3_2025_26,2,1,True,Real Oruro → Real Potosí,Liga De Futbol Prof,False
32031858,V3_2025_26,2,2,False,Sociedade Esportiva Palmeiras + CSKA Moscow,Serie A + Premier League,True
32386310,V3_2025_26,3,2,True,CA Central Córdoba (SdE) → CA Barracas Central → Coquimbo Unido,Liga Profesional de Fútbol → Primera Division,True
32387131,V3_2025_26,2,2,True,Eintracht Frankfurt → OGC Nice,Bundesliga → Ligue 1,True
32387141,V3_2025_26,2,2,True,RSC Anderlecht → Getafe CF,Pro League → La Liga,True
32404512,V3_2025_26,2,1,True,Samsunspor → Fenerbahce,Super Lig,False
32421883,V3_2025_26,3,2,True,Once Caldas → Unión Magdalena → Club Deportivo Oriente Petrolero,Liga BetPlay → Liga De Futbol Prof,True
32422672,V3_2025_26,2,1,True,Llaneros FC → Asociación Deportivo Pasto,Liga BetPlay,False
32777402,V3_2025_26,2,1,False,Al-Wakrah SC + Al-Sadd SC,Stars League,False
32777430,V3_2025_26,2,2,True,VfB Stuttgart → Newcastle United,Bundesliga → Premier League,True
32777443,V3_2025_26,2,1,True,Delfino Pescara 1936 → Virtus Entella,Serie B,False
32777472,V3_2025_26,2,2,True,FC Viktoria Plzen → MTK Budapest,Chance Liga → NB I,True
32777741,V3_2025_26,2,2,True,Cork City FC → Kilmarnock FC,Premier Division → Premiership,True
32795608,V3_2025_26,2,2,True,SK Sturm Graz → Rangers FC,Admiral Bundesliga → Premiership,True
32795620,V3_2025_26,2,1,True,Shamrock Rovers → St. Patrick's Athletic,Premier Division,False
32796058,V3_2025_26,2,2,False,Stockport County + Everton FC,League One + Premier League,True
32796115,V3_2025_26,2,2,True,Dundee FC → Harrogate Town,Premiership → League Two,True
32796298,V3_2025_26,2,1,True,Club Atlético Grau → Cusco FC,Primera Division,False
32796916,V3_2025_26,2,2,True,Millonarios FC → Santos Laguna,Liga BetPlay → Liga MX,True
32810147,V3_2025_26,2,2,True,FC Tokyo → Avispa Fukuoka,J1 League → J1 100 Year Vision League,True
32810148,V3_2025_26,2,2,True,Avispa Fukuoka → Kawasaki Frontale,J1 League → J1 100 Year Vision League,True
32810192,V3_2025_26,2,2,True,TOP Oss → Livingston FC,Eerste Divisie → Premiership,True
32810397,V3_2025_26,2,1,True,Górnik Zabrze → Lech Poznań,Ekstraklasa,False
32819166,V3_2025_26,2,2,True,Ajax Amsterdam → CA Osasuna,Eredivisie → La Liga,True
32819178,V3_2025_26,2,2,True,Holstein Kiel → BSC Young Boys,2. Bundesliga → Super League,True
33165957,V3_2025_26,2,2,True,MSK Zilina → Holstein Kiel,Niké Liga → 2. Bundesliga,True
33165984,V3_2025_26,2,1,True,CA San Martín (San Juan) → CA Central Córdoba (SdE),Liga Profesional de Fútbol,False
33186836,V3_2025_26,3,3,False,West Bromwich Albion + Pisa Sporting Club + Aston Villa,Championship + Serie A + Premier League,True
33186870,V3_2025_26,2,2,True,Waterford FC → Kazincbarcikai SC,Premier Division → NB I,True
33186911,V3_2025_26,2,2,True,CD América de Cali → Club Alianza Lima,Liga BetPlay → Primera Division,True
33187445,V3_2025_26,2,1,True,CF Montréal → Colorado Rapids,Major League Soccer,False
33213465,V3_2025_26,2,2,True,Villarreal CF → Deportivo A Coruña,La Liga → La Liga 2,True
33576939,V3_2025_26,2,2,True,Silkeborg IF → Norwich City,Superliga → Championship,True
33587110,V3_2025_26,2,1,True,FK Haugesund → Hamarkameratene,Eliteserien,False
33587448,V3_2025_26,2,2,True,Fortuna Düsseldorf → US Lecce,2. Bundesliga → Serie A,True
33587451,V3_2025_26,2,2,True,Plymouth Argyle → FK Vojvodina Novi Sad,League One → Super Liga,True
33587459,V3_2025_26,2,1,True,FBC Melgar → Sport Boys Association,Primera Division,False
33587733,V3_2025_26,2,2,True,San Jose Earthquakes → AA Argentinos Juniors,Major League Soccer → Liga Profesional de Fútbol,True
33608160,V3_2025_26,2,2,False,CD América de Cali + Fortaleza Esporte Clube,Liga BetPlay + Serie A,True
33617775,V3_2025_26,2,1,True,D.C. United → St. Louis CITY SC,Major League Soccer,False
33980082,V3_2025_26,2,2,True,Sanfrecce Hiroshima → Fortuna Düsseldorf,J1 League → 2. Bundesliga,True
33980137,V3_2025_26,2,1,True,Rosenborg BK → Vålerenga Fotball Elite,Eliteserien,False
33991727,V3_2025_26,2,2,True,Stevenage FC → Barrow AFC,League One → League Two,True
33991728,V3_2025_26,2,1,False,Millwall FC + West Bromwich Albion,Championship,False
33991957,V3_2025_26,2,2,True,Rionegro Águilas → Blooming Santa Cruz,Liga BetPlay → Liga De Futbol Prof,True
33992004,V3_2025_26,2,2,False,Kolding IF + FC Arouca,First Division + Liga Portugal,True
33992424,V3_2025_26,2,1,True,CA Independiente → CA Huracán,Liga Profesional de Fútbol,False
33992425,V3_2025_26,2,1,True,Defensa y Justicia → CA Sarmiento (Junin),Liga Profesional de Fútbol,False
33992579,V3_2025_26,2,2,True,Hamarkameratene → Djurgårdens IF,Eliteserien → Allsvenskan,True
34016604,V3_2025_26,2,1,True,Zaglebie Lubin → Jagiellonia Bialystok,Ekstraklasa,False
34366964,V3_2025_26,2,2,True,Arka Gdynia → Córdoba CF,Ekstraklasa → La Liga 2,True
34392116,V3_2025_26,2,1,True,CD Real Tomayapo → Club Deportivo Oriente Petrolero,Liga De Futbol Prof,False
34408111,V3_2025_26,3,2,True,CA Newell's Old Boys → Defensa y Justicia → CD O'Higgins,Liga Profesional de Fútbol → Primera Division,True
34454248,V3_2025_26,2,2,True,Yokohama FC → Cerezo Osaka,J1 League → J1 100 Year Vision League,True
34454700,V3_2025_26,2,2,True,Fortuna Sittard → CD Tondela,Eredivisie → Liga Portugal,True
34454776,V3_2025_26,2,1,True,CD América de Cali → Fortaleza CEIF,Liga BetPlay,False
34455209,V3_2025_26,2,2,True,Olympique Marseille → Bologna FC 1909,Ligue 1 → Serie A,True
34455781,V3_2025_26,2,1,True,Grêmio Foot-Ball Porto Alegrense → Esporte Clube Bahia,Serie A,False
34455847,V3_2025_26,3,3,False,Caykur Rizespor + Stoke City + Crystal Palace,Super Lig + Championship + Premier League,True
34862165,V3_2025_26,2,2,True,Sporting Kansas City → Atlético de San Luis,Major League Soccer → Liga MX,True
34862676,V3_2025_26,3,1,True,FC Inter Turku → FF Jaro → AC Oulu,Veikkausliiga,False
34872776,V3_2025_26,2,2,True,Columbus Crew → FC Toulouse,Major League Soccer → Ligue 1,True
34873979,V3_2025_26,2,2,True,Stade Rennais FC → Basaksehir FK,Ligue 1 → Super Lig,True
34874050,V3_2025_26,2,2,True,Clube de Regatas Vasco da Gama → CSKA Moscow,Serie A → Premier League,True
34898459,V3_2025_26,2,1,True,Chesterfield FC → Crawley Town,League Two,False
34898488,V3_2025_26,2,2,True,FK Liepaja → Spartak Trnava,Virsliga → Niké Liga,True
34898568,V3_2025_26,2,1,False,Deportivo Garcilaso + Universitario de Deportes,Primera Division,False
35259805,V3_2025_26,2,1,True,Cruzeiro Esporte Clube → Santos FC,Serie A,False
35260566,V3_2025_26,2,1,False,Philadelphia Union + Charlotte FC,Major League Soccer,False
35260781,V3_2025_26,2,1,True,Esporte Clube Juventude → Associação Chapecoense de Futebol,Serie A,False
35271242,V3_2025_26,2,2,True,Widzew Lodz → Red Star FC,Ekstraklasa → Ligue 2,True
35280464,V3_2025_26,2,2,True,AC Oulu → FK Haugesund,Veikkausliiga → Eliteserien,True
35280539,V3_2025_26,2,2,True,US Cremonese → Middlesbrough FC,Serie A → Championship,True
35281040,V3_2025_26,2,1,True,Grêmio Foot-Ball Porto Alegrense → Associação Chapecoense de Futebol,Serie A,False
35281093,V3_2025_26,2,1,True,SS Juve Stabia → Spezia Calcio,Serie B,False
35281126,V3_2025_26,2,2,True,Kayserispor → Ironi Kiryat Shmona,Super Lig → Ligat ha'Al,True
35281733,V3_2025_26,2,1,True,Deportivo Garcilaso → FC Cajamarca,Primera Division,False
35503835,V3_2025_26,2,2,True,US Lecce → Red Star FC,Serie A → Ligue 2,True
35682209,V3_2025_26,2,2,True,GAIS → Deportivo Alavés,Allsvenskan → La Liga,True
35683622,V3_2025_26,2,1,True,Rangers FC → Aberdeen FC,Premiership,False
35719439,V3_2025_26,3,2,False,ÍBV Vestmannaeyjar + KA Akureyri + NK Lokomotiva Zagreb,Besta deild + 1. HNL,True
36074367,V3_2025_26,2,2,True,IK Sirius → Swansea City,Allsvenskan → Championship,True
36083966,V3_2025_26,2,2,True,SK Sigma Olomouc → Nyíregyháza Spartacus,Chance Liga → NB I,True
36084726,V3_2025_26,2,1,True,MFK Karvina → FK Pardubice,Chance Liga,False
36085406,V3_2025_26,2,1,True,Ajman Club → Al-Nasr SC (UAE),UAE Pro League,False
36097548,V3_2025_26,2,2,True,US Sassuolo → FC Empoli,Serie A → Serie B,True
36470086,V3_2025_26,2,2,True,Al-Jazira Club → FC Nordsjaelland,UAE Pro League → Superliga,True
36480865,V3_2025_26,2,1,True,KR Reykjavík → ÍBV Vestmannaeyjar,Besta deild,False
36481011,V3_2025_26,2,1,True,ÍBV Vestmannaeyjar → FH Hafnarfjördur,Besta deild,False
36481521,V3_2025_26,2,2,True,Sport Club Internacional → Al-Rayyan SC,Serie A → Stars League,True
36481820,V3_2025_26,2,1,True,Deportes Limache → Deportes Concepción,Primera Division,False
36482322,V3_2025_26,2,2,True,Sport Club Corinthians Paulista → New York City FC,Serie A → Major League Soccer,True
36482353,V3_2025_26,2,1,True,Audax Italiano → Universidad de Concepción,Primera Division,False
36482401,V3_2025_26,2,1,True,CD Cobresal → Huachipato FC,Primera Division,False
36873967,V3_2025_26,2,2,True,CSD Colo-Colo → CA Rosario Central,Primera Division → Liga Profesional de Fútbol,True
37249275,V3_2025_26,2,2,True,CFR Cluj → Riga FC,Superliga → Virsliga,True
37250426,V3_2025_26,2,1,True,Club León FC → FC Juárez,Liga MX,False
37250445,V3_2025_26,3,2,True,Rosenborg BK → Kristiansund BK → GAIS,Eliteserien → Allsvenskan,True
37250449,V3_2025_26,2,1,True,CD Universidad Católica → Coquimbo Unido,Primera Division,False
37251353,V3_2025_26,2,2,True,FC Basel 1893 → Hamburger SV,Super League → Bundesliga,True
37252512,V3_2025_26,2,2,True,Fredrikstad FK → Nashville SC,Eliteserien → Major League Soccer,True
37253461,V3_2025_26,2,2,True,IFK Norrköping → CF Estrela Amadora,Allsvenskan → Liga Portugal,True
37253469,V3_2025_26,2,2,True,Club Alianza Lima → CA Aldosivi,Primera Division → Liga Profesional de Fútbol,True
37253472,V3_2025_26,2,1,True,FK Jablonec → SK Sigma Olomouc,Chance Liga,False
37253640,V3_2025_26,2,1,True,KVC Westerlo → Oud-Heverlee Leuven,Pro League,False
37254512,V3_2025_26,2,2,True,Orlando City SC → Tigres UANL,Major League Soccer → Liga MX,True
37255821,V3_2025_26,2,2,True,Huddersfield Town → Oxford United,League One → Championship,True
37255842,V3_2025_26,2,2,True,Reading FC → Hull City,League One → Championship,True
37255847,V3_2025_26,2,2,True,Waterford FC → Harrogate Town,Premier Division → League Two,True
37257581,V3_2025_26,2,2,False,Istanbulspor + Beşiktaş JK,1. Lig + Super Lig,True
37257608,V3_2025_26,2,2,True,US Sassuolo → SSC Bari,Serie A → Serie B,True
37257655,V3_2025_26,2,1,True,Serik Spor → Sariyer,1. Lig,False
37257768,V3_2025_26,2,2,True,Beitar Jerusalem → FC Hermannstadt,Ligat ha'Al → Superliga,True
37257779,V3_2025_26,2,1,True,Atalanta BC → SS Lazio,Serie A,False
37259099,V3_2025_26,2,1,True,Waterford FC → Bohemian Football Club,Premier Division,False
37259170,V3_2025_26,2,2,True,Bradford City → Oldham Athletic,League One → League Two,True
37259178,V3_2025_26,2,1,True,Trabzonspor → Konyaspor,Super Lig,False
37259210,V3_2025_26,2,2,True,Tottenham Hotspur → Hibernian FC,Premier League → Premiership,True
37259614,V3_2025_26,2,2,False,FC Emmen + SV 07 Elversberg,Eerste Divisie + 2. Bundesliga,True
37259630,V3_2025_26,2,2,True,FC Lausanne-Sport → AJ Auxerre,Super League → Ligue 1,True
37259885,V3_2025_26,2,2,True,CF Estrela Amadora → 1.FC Kaiserslautern,Liga Portugal → 2. Bundesliga,True
37259932,V3_2025_26,2,1,True,FK Radnicki 1923 Kragujevac → FK Radnik Surdulica,Super Liga,False
37259977,V3_2025_26,2,2,True,Beşiktaş JK → SK Slavia Prague,Super Lig → Chance Liga,True
37259993,V3_2025_26,2,2,False,FC Toulouse + Cercle Brugge,Ligue 1 + Pro League,True
37260000,V3_2025_26,2,2,True,Burnley FC → AC Sparta Praha,Premier League → Chance Liga,True
37260107,V3_2025_26,2,1,True,Zalaegerszegi TE FC → Kazincbarcikai SC,NB I,False
37260110,V3_2025_26,2,2,True,Eintracht Braunschweig → Zaglebie Lubin,2. Bundesliga → Ekstraklasa,True
37260158,V3_2025_26,2,2,True,Cheltenham Town → Bohemian Football Club,League Two → Premier Division,True
37260189,V3_2025_26,2,2,True,KAA Gent → US Lecce,Pro League → Serie A,True
37260212,V3_2025_26,3,1,False,US Lecce + US Sassuolo + SSC Napoli,Serie A,False
37260431,V3_2025_26,2,2,True,KRC Genk → Wolverhampton Wanderers,Pro League → Premier League,True
37260519,V3_2025_26,2,1,True,Shelbourne FC → Sligo Rovers,Premier Division,False
37260533,V3_2025_26,2,2,True,Lech Poznań → ADO Den Haag,Ekstraklasa → Eerste Divisie,True
37260556,V3_2025_26,2,2,True,FC Botosani → Chongqing Tonglianglong,Superliga → Super League,True
37260720,V3_2025_26,2,2,True,Nyíregyháza Spartacus → FK Radnicki Nis,NB I → Super Liga,True
37260790,V3_2025_26,2,1,True,MFK Karvina → FC Viktoria Plzen,Chance Liga,False
37260883,V3_2025_26,2,2,True,IFK Göteborg → Excelsior Rotterdam,Allsvenskan → Eredivisie,True
37260902,V3_2025_26,2,1,True,Östers IF → AIK,Allsvenskan,False
37261098,V3_2025_26,2,2,True,Legia Warszawa → Servette FC,Ekstraklasa → Super League,True
37261244,V3_2025_26,2,2,True,CA Huracán → Audax Italiano,Liga Profesional de Fútbol → Primera Division,True
37261254,V3_2025_26,2,1,True,CA Vélez Sarsfield → Defensa y Justicia,Liga Profesional de Fútbol,False
37261255,V3_2025_26,2,2,True,Club Atlético Tucumán → CD O'Higgins,Liga Profesional de Fútbol → Primera Division,True
37261261,V3_2025_26,2,1,True,CA Vélez Sarsfield → Club Atlético Platense,Liga Profesional de Fútbol,False
37261265,V3_2025_26,2,1,True,Defensa y Justicia → CA Central Córdoba (SdE),Liga Profesional de Fútbol,False
37261271,V3_2025_26,2,1,False,CA Independiente + AA Argentinos Juniors,Liga Profesional de Fútbol,False
37261272,V3_2025_26,2,1,True,Club Atlético Platense → CA Newell's Old Boys,Liga Profesional de Fútbol,False
37261276,V3_2025_26,2,1,True,Portland Timbers → Inter Miami CF,Major League Soccer,False
37261277,V3_2025_26,2,2,True,Club Atlético Tigre → RFC Lüttich,Liga Profesional de Fútbol → Challenger Pro League,True
37261434,V3_2025_26,3,2,True,Llaneros FC → Unión Magdalena → Blooming Santa Cruz,Liga BetPlay → Liga De Futbol Prof,True
37261435,V3_2025_26,2,1,True,Atlético Bucaramanga → Llaneros FC,Liga BetPlay,False
37261436,V3_2025_26,2,2,True,UNAM Pumas → Portland Timbers,Liga MX → Major League Soccer,True
37261446,V3_2025_26,2,1,True,Millonarios FC → Rionegro Águilas,Liga BetPlay,False
37261496,V3_2025_26,2,2,True,Bayer 04 Leverkusen → Arsenal FC,Bundesliga → Premier League,True
37261676,V3_2025_26,2,2,True,Santos FC → Portsmouth FC,Serie A → Championship,True
37261700,V3_2025_26,2,1,True,CA Central Córdoba (SdE) → CS Independiente Rivadavia,Liga Profesional de Fútbol,False
37261712,V3_2025_26,3,1,True,Deportivo Binacional → Comerciantes Unidos → FBC Melgar,Primera Division,False
37261821,V3_2025_26,2,1,True,Stellenbosch FC → Sekhukhune United FC,Premier League,False
37261839,V3_2025_26,2,1,True,Suez Petrojet FC → Al Ahly FC,Premier League,False
37261923,V3_2025_26,2,2,True,Wolverhampton Wanderers → Beşiktaş JK,Premier League → Super Lig,True
37262111,V3_2025_26,2,2,True,Al-Taawoun FC → Kalba FC,Pro League → UAE Pro League,True
37262701,V3_2025_26,2,2,True,Sevilla FC → Real Valladolid CF,La Liga → La Liga 2,True
37263769,V3_2025_26,2,2,True,FC Basel 1893 → OGC Nice,Super League → Ligue 1,True
37264051,V3_2025_26,2,1,True,CA Aldosivi → Instituto ACC,Liga Profesional de Fútbol,False
37264077,V3_2025_26,2,2,True,CA San Martín (San Juan) → Unión La Calera,Liga Profesional de Fútbol → Primera Division,True
37266009,V3_2025_26,2,2,True,SC Freiburg → Everton FC,Bundesliga → Premier League,True
37266184,V3_2025_26,2,1,True,SC Freiburg → 1.FC Heidenheim 1846,Bundesliga,False
37266238,V3_2025_26,2,1,True,Hannover 96 → SG Dynamo Dresden,2. Bundesliga,False
37286732,V3_2025_26,2,1,True,Manchester City → Fulham FC,Premier League,False
37286795,V3_2025_26,2,2,True,Willem II Tilburg → SC Heerenveen,Eerste Divisie → Eredivisie,True
37287498,V3_2025_26,2,2,True,Los Angeles FC → Preston North End,Major League Soccer → Championship,True
37288042,V3_2025_26,2,1,True,IFK Värnamo → Kalmar FF,Allsvenskan,False
37288074,V3_2025_26,2,1,True,Club Atlético Belgrano → Gimnasia y Esgrima de Mendoza,Liga Profesional de Fútbol,False
37288149,V3_2025_26,3,2,True,CD O'Higgins → Deportes Limache → Deportivo Moquegua,Primera Division,True
37288163,V3_2025_26,2,1,True,Raków Częstochowa → Zaglebie Lubin,Ekstraklasa,False
37288401,V3_2025_26,2,1,True,Al-Wakrah SC → Qatar SC,Stars League,False
37288422,V3_2025_26,2,1,True,Al-Okhdood Club → Al-Khaleej FC,Pro League,False
37288952,V3_2025_26,2,2,True,Oud-Heverlee Leuven → Sparta Rotterdam,Pro League → Eredivisie,True
37289022,V3_2025_26,2,1,False,AJ Auxerre + RC Strasbourg Alsace,Ligue 1,False
37289601,V3_2025_26,2,2,True,IFK Mariehamn → San Antonio Bulo Bulo,Veikkausliiga → Liga De Futbol Prof,True
37290013,V3_2025_26,2,2,True,Coquimbo Unido → CA Newell's Old Boys,Primera Division → Liga Profesional de Fútbol,True
37291273,V3_2025_26,2,1,True,Orbit College FC → Mamelodi Sundowns FC,Premier League,False
37295886,V3_2025_26,2,1,True,Derry City → St. Patrick's Athletic,Premier Division,False
37295914,V3_2025_26,2,1,True,1.FC Magdeburg → Eintracht Braunschweig,2. Bundesliga,False
37295947,V3_2025_26,2,2,True,FC Nantes → Karlsruher SC,Ligue 1 → 2. Bundesliga,True
37296279,V3_2025_26,2,2,True,Sport Club do Recife → Baltika Kaliningrad,Serie A → Premier League,True
37297915,V3_2025_26,2,1,True,FC Südtirol → SS Juve Stabia,Serie B,False
37297932,V3_2025_26,2,1,True,Virtus Entella → AC Reggiana 1919,Serie B,False
37304087,V3_2025_26,2,2,True,SV Werder Bremen → Amiens SC,Bundesliga → Ligue 2,True
37305553,V3_2025_26,2,2,True,Urawa Red Diamonds → Kashiwa Reysol,J1 League → J1 100 Year Vision League,True
37307786,V3_2025_26,2,1,True,Comerciantes Unidos → Alianza Atlético Sullana,Primera Division,False
37308090,V3_2025_26,2,2,True,RAAL La Louvière → FC Universitatea Cluj,Pro League → Superliga,True
37308096,V3_2025_26,2,1,True,Galatasaray → Basaksehir FK,Super Lig,False
37308536,V3_2025_26,2,1,True,Club Necaxa → Deportivo Toluca,Liga MX,False
37315618,V3_2025_26,2,1,True,Asociación Deportivo Pasto → Internacional de Bogotá,Liga BetPlay,False
37315648,V3_2025_26,2,1,True,Real Salt Lake City → CF Montréal,Major League Soccer,False
37315654,V3_2025_26,2,2,True,Djurgårdens IF → Rapid Vienna,Allsvenskan → Admiral Bundesliga,True
37315687,V3_2025_26,2,1,True,Stjarnan Gardabaer → FH Hafnarfjördur,Besta deild,False
37315694,V3_2025_26,2,2,True,Club The Strongest → Comerciantes Unidos,Liga De Futbol Prof → Primera Division,True
37315731,V3_2025_26,2,1,True,FK Tukums 2000 → FC RFS,Virsliga,False
37315821,V3_2025_26,2,2,True,Albirex Niigata → V-Varen Nagasaki,J1 League → J1 100 Year Vision League,True
37315995,V3_2025_26,2,2,True,SK Brann → Widzew Lodz,Eliteserien → Ekstraklasa,True
37316220,V3_2025_26,2,1,True,Sharjah FC → Al-Jazira Club,UAE Pro League,False
37316351,V3_2025_26,2,1,False,MFK Karvina + 1.FC Slovacko,Chance Liga,False
37316457,V3_2025_26,2,2,True,VfL Bochum → FC St. Gallen 1879,2. Bundesliga → Super League,True
37316461,V3_2025_26,2,2,False,Willem II Tilburg + VfL Bochum,Eerste Divisie + 2. Bundesliga,True
37316517,V3_2025_26,2,2,False,Real Valladolid CF + Getafe CF,La Liga 2 + La Liga,True
37316916,V3_2025_26,2,2,True,Coventry City → Wigan Athletic,Championship → League One,True
37317295,V3_2025_26,2,2,True,TSV Hartberg → Kifisia FC,Admiral Bundesliga → Super League,True
37317326,V3_2025_26,2,2,True,Ajax Amsterdam U21 → Ajax Amsterdam,Eerste Divisie → Eredivisie,True
37317375,V3_2025_26,2,1,True,Fenerbahce → Fatih Karagümrük,Super Lig,False
37317392,V3_2025_26,2,2,True,RB Leipzig → Tottenham Hotspur,Bundesliga → Premier League,True
37317412,V3_2025_26,2,2,True,FK TSC Backa Topola → Panathinaikos,Super Liga → Super League,True
37317433,V3_2025_26,2,1,True,Helmond Sport → Willem II Tilburg,Eerste Divisie,False
37317438,V3_2025_26,2,2,True,Jong Genk → SC Heerenveen,Challenger Pro League → Eredivisie,True
37322758,V3_2025_26,2,2,True,Aberdeen FC → Luton Town,Premiership → League One,True
37324800,V3_2025_26,2,2,False,Cerezo Osaka + Oud-Heverlee Leuven,J1 100 Year Vision League + Pro League,True
37324871,V3_2025_26,3,1,True,Deportes Tolima → Junior FC → Atlético Nacional,Liga BetPlay,False
37324930,V3_2025_26,2,1,True,FC Haka → Turun Palloseura,Veikkausliiga,False
37324976,V3_2025_26,2,1,False,Petrolul Ploiesti + FC Rapid 1923,Superliga,False
37325005,V3_2025_26,2,2,True,Molde FK → Vejle Boldklub,Eliteserien → Superliga,True
37325013,V3_2025_26,2,1,True,IF Brommapojkarna → Hammarby IF,Allsvenskan,False
37325454,V3_2025_26,3,2,False,CD Everton + Club Atlético Tigre + CA Independiente,Primera Division + Liga Profesional de Fútbol,True
37328084,V3_2025_26,3,1,True,FK Liepaja → FC RFS → FS Jelgava,Virsliga,False
37328110,V3_2025_26,3,1,True,Molde FK → Strømsgodset IF → Rosenborg BK,Eliteserien,False
37331665,V3_2025_26,2,2,True,Parma Calcio 1913 → UC Sampdoria,Serie A → Serie B,True
37332149,V3_2025_26,2,2,False,Ipswich Town + Como 1907,Championship + Serie A,True
37332259,V3_2025_26,2,1,True,St. Patrick's Athletic → Galway United FC,Premier Division,False
37332647,V3_2025_26,2,2,True,SK Sigma Olomouc → Petrolul Ploiesti,Chance Liga → Superliga,True
37335064,V3_2025_26,2,1,True,Beijing Guoan → Zhejiang FC,Super League,False
37336105,V3_2025_26,2,1,True,Asociación Deportiva Tarma → Comerciantes Unidos,Primera Division,False
37336160,V3_2025_26,2,1,True,Gamba Osaka → Tokyo Verdy,J1 League,False
37336215,V3_2025_26,2,2,True,Parma Calcio 1913 → Trabzonspor,Serie A → Super Lig,True
37336218,V3_2025_26,2,2,True,SK Slavia Prague → PAOK Thessaloniki,Chance Liga → Super League,True
37336356,V3_2025_26,2,1,True,Puebla FC → UNAM Pumas,Liga MX,False
37336580,V3_2025_26,2,2,True,Shanghai Shenhua → CD Leganés,Super League → La Liga 2,True
37336714,V3_2025_26,2,1,False,Ogre United + FK Liepaja,Virsliga,False
37336719,V3_2025_26,2,1,True,CA Banfield → CA San Lorenzo de Almagro,Liga Profesional de Fútbol,False
37336764,V3_2025_26,2,2,False,FC Dordrecht + NEC Nijmegen,Eerste Divisie + Eredivisie,True
37336786,V3_2025_26,2,2,True,IF Elfsborg → Union Saint-Gilloise,Allsvenskan → Pro League,True
37336803,V3_2025_26,2,2,True,Borussia Mönchengladbach → Derby County,Bundesliga → Championship,True
37336898,V3_2025_26,2,2,True,KVC Westerlo → Caykur Rizespor,Pro League → Super Lig,True
37336952,V3_2025_26,2,2,True,Fortuna Sittard → SK Sturm Graz,Eredivisie → Admiral Bundesliga,True
37336978,V3_2025_26,2,1,True,Sharjah FC → Al-Nasr SC (UAE),UAE Pro League,False
37336983,V3_2025_26,2,1,True,FK Cukaricki → Red Star Belgrade,Super Liga,False
37336993,V3_2025_26,2,1,False,Stade Brestois 29 + RC Strasbourg Alsace,Ligue 1,False
37337012,V3_2025_26,2,2,True,FK TSC Backa Topola → Chicago Fire FC,Super Liga → Major League Soccer,True
37337096,V3_2025_26,2,2,False,FC Kosice + MTK Budapest,Niké Liga + NB I,True
37337109,V3_2025_26,2,2,True,KVC Westerlo → Rangers FC,Pro League → Premiership,True
37337124,V3_2025_26,2,2,True,CF Estrela Amadora → Jagiellonia Bialystok,Liga Portugal → Ekstraklasa,True
37337133,V3_2025_26,2,2,True,Viborg FF → Al-Wasl SC,Superliga → UAE Pro League,True
37337174,V3_2025_26,2,2,True,New York City FC → Raków Częstochowa,Major League Soccer → Ekstraklasa,True
37337185,V3_2025_26,2,2,True,FC Nordsjaelland → Halmstads BK,Superliga → Allsvenskan,True
37337211,V3_2025_26,2,2,True,Club NXT → Club Brugge KV,Challenger Pro League → Pro League,True
37337679,V3_2025_26,2,1,True,Kolding IF → AC Horsens,First Division,False
37337718,V3_2025_26,3,3,True,FC Sochi → Sharjah FC → Zhejiang FC,Premier League → UAE Pro League → Super League,True
37341761,V3_2025_26,2,2,True,Barnet FC → Kilmarnock FC,League Two → Premiership,True
37341812,V3_2025_26,2,2,True,UD Almería → Al-Najma SC,La Liga 2 → Pro League,True
37341819,V3_2025_26,3,2,True,Santos FC → Esporte Clube Juventude → CD Nacional,Serie A → Liga Portugal,True
37341859,V3_2025_26,2,2,True,Radomiak Radom → Sporting Kansas City,Ekstraklasa → Major League Soccer,True
37341868,V3_2025_26,2,2,True,Cagliari Calcio → RCD Mallorca,Serie A → La Liga,True
37341887,V3_2025_26,2,1,False,FC Nizhniy Novgorod + FC Krasnodar,Premier League,False
37341910,V3_2025_26,2,2,True,Vancouver Whitecaps FC → UNAM Pumas,Major League Soccer → Liga MX,True
37342582,V3_2025_26,2,2,False,FC Kosice + Real Zaragoza,Niké Liga + La Liga 2,True
37342617,V3_2025_26,2,2,True,Red Bull Salzburg → Le Havre AC,Admiral Bundesliga → Ligue 1,True
37342703,V3_2025_26,2,1,True,Gamba Osaka → Shonan Bellmare,J1 League,False
37342730,V3_2025_26,2,1,True,Minnesota United FC → St. Louis CITY SC,Major League Soccer,False
37342741,V3_2025_26,2,1,True,CSD Colo-Colo → Deportes La Serena,Primera Division,False
37342742,V3_2025_26,2,1,True,CSD Colo-Colo → Unión La Calera,Primera Division,False
37342747,V3_2025_26,2,2,True,Grêmio Foot-Ball Porto Alegrense → Portland Timbers,Serie A → Major League Soccer,True
37342751,V3_2025_26,2,2,True,CA River Plate → São Paulo Futebol Clube,Liga Profesional de Fútbol → Serie A,True
37342926,V3_2025_26,2,2,True,Shonan Bellmare → Sint-Truidense VV,J1 League → Pro League,True
37342981,V3_2025_26,2,2,False,Colorado Rapids + RC Lens,Major League Soccer + Ligue 1,True
37342994,V3_2025_26,2,2,True,Club Estudiantes de La Plata → Botafogo de Futebol e Regatas,Liga Profesional de Fútbol → Serie A,True
37342995,V3_2025_26,3,2,True,Clube de Regatas Vasco da Gama → Esporte Clube Juventude → CA Talleres,Serie A → Liga Profesional de Fútbol,True
37342996,V3_2025_26,2,2,True,CA River Plate → Deportivo Toluca,Liga Profesional de Fútbol → Liga MX,True
37342998,V3_2025_26,2,1,True,CA Lanús → CA Newell's Old Boys,Liga Profesional de Fútbol,False
37343968,V3_2025_26,2,1,True,AS Roma → Genoa CFC,Serie A,False
37344016,V3_2025_26,2,1,True,FK Auda → FS Jelgava,Virsliga,False
37344021,V3_2025_26,2,2,True,FS Jelgava → FC Zlin,Virsliga → Chance Liga,True
37344028,V3_2025_26,2,1,True,FK Novi Pazar → FK Napredak Krusevac,Super Liga,False
37344034,V3_2025_26,2,2,True,FK Zeleznicar Pancevo → SK Sigma Olomouc,Super Liga → Chance Liga,True
37344084,V3_2025_26,2,2,False,ETO FC + DAC Dunajska Streda,NB I + Niké Liga,True
37344222,V3_2025_26,3,2,False,NEC Nijmegen + Ajax Amsterdam U21 + Ajax Amsterdam,Eredivisie + Eerste Divisie,True
37344239,V3_2025_26,2,2,True,Mansfield Town → Oxford United,League One → Championship,True
37345884,V3_2025_26,2,1,True,Tranmere Rovers → Cheltenham Town,League Two,False
37346912,V3_2025_26,2,2,False,Dundee FC + Swansea City,Premiership + Championship,True
37348933,V3_2025_26,2,1,True,Internacional de Bogotá → Cúcuta Deportivo,Liga BetPlay,False
37350031,V3_2025_26,2,1,True,Southampton FC → Queens Park Rangers,Championship,False
37350701,V3_2025_26,2,1,True,Chesterfield FC → Accrington Stanley,League Two,False
37352749,V3_2025_26,2,2,True,Club NXT → Club Brugge KV,Challenger Pro League → Pro League,True
37354634,V3_2025_26,2,1,True,Al-Sailiya SC → Al-Rayyan SC,Stars League,False
37354790,V3_2025_26,2,2,True,Leyton Orient → Sheffield Wednesday,League One → Championship,True
37354831,V3_2025_26,2,1,False,Moreirense FC + FC Porto,Liga Portugal,False
37356259,V3_2025_26,2,2,True,Slaven Belupo Koprivnica → SD Huesca,1. HNL → La Liga 2,True
37356271,V3_2025_26,2,1,False,Stellenbosch FC + Orlando Pirates,Premier League,False
37356526,V3_2025_26,2,2,True,FK Pardubice → FC Tatran Presov,Chance Liga → Niké Liga,True
37357222,V3_2025_26,2,1,True,CS Independiente Rivadavia → CA Talleres,Liga Profesional de Fútbol,False
37357406,V3_2025_26,2,1,True,Carrarese Calcio 1908 → AC Reggiana 1919,Serie B,False
37357444,V3_2025_26,2,2,True,Vitória Guimarães SC → Red Star Belgrade,Liga Portugal → Super Liga,True
37357595,V3_2025_26,2,1,True,Huddersfield Town → Wigan Athletic,League One,False
37359803,V3_2025_26,2,2,True,Randers FC → Norwich City,Superliga → Championship,True
37360814,V3_2025_26,2,1,True,Colorado Rapids → Vancouver Whitecaps FC,Major League Soccer,False
37360817,V3_2025_26,2,2,False,ESTAC Troyes + KAA Gent,Ligue 2 + Pro League,True
37365874,V3_2025_26,2,2,True,FC Utrecht → FC Utrecht U21,Eredivisie → Eerste Divisie,True
37366459,V3_2025_26,2,2,True,ETO FC → DAC Dunajska Streda,NB I → Niké Liga,True
37367953,V3_2025_26,2,2,True,Port Vale FC → Cheltenham Town,League One → League Two,True
37368009,V3_2025_26,3,3,False,Asteras Aktor + Excelsior Rotterdam + Hellas Verona,Super League + Eredivisie + Serie A,True
37368077,V3_2025_26,2,2,True,Red Star Belgrade → Al-Jazira Club,Super Liga → UAE Pro League,True
37369432,V3_2025_26,2,2,True,Royal Charleroi SC → FC Volendam,Pro League → Eredivisie,True
37371200,V3_2025_26,2,2,True,ACF Fiorentina → UC Sampdoria,Serie A → Serie B,True
37372352,V3_2025_26,2,2,True,Luton Town → Portsmouth FC,League One → Championship,True
37373537,V3_2025_26,2,1,True,Shabab Al-Ahli Club → Sharjah FC,UAE Pro League,False
37373575,V3_2025_26,2,2,True,Bristol Rovers → Dundee FC,League Two → Premiership,True
37373601,V3_2025_26,2,2,False,FK Novi Pazar + HNK Rijeka,Super Liga + 1. HNL,True
37375087,V3_2025_26,2,2,True,CA Central Córdoba (SdE) → FBC Melgar,Liga Profesional de Fútbol → Primera Division,True
37375216,V3_2025_26,2,2,True,Hull City → KVC Westerlo,Championship → Pro League,True
37375228,V3_2025_26,2,1,True,Serik Spor → Sakaryaspor,1. Lig,False
37375376,V3_2025_26,2,1,False,Eyüpspor + Alanyaspor,Super Lig,False
37375824,V3_2025_26,2,1,True,Lyngby Boldklub → Aarhus Fremad,First Division,False
37375833,V3_2025_26,2,1,True,FK Mlada Boleslav → MFK Karvina,Chance Liga,False
37376854,V3_2025_26,2,1,True,Universitario de Vinto → Gualberto Villarroel San José,Liga De Futbol Prof,False
37376897,V3_2025_26,2,2,True,Trabzonspor → Al-Nasr SC (UAE),Super Lig → UAE Pro League,True
37380581,V3_2025_26,2,1,True,Cleopatra FC → Ittihad Alexandria SC,Premier League,False
37380684,V3_2025_26,3,1,True,BFC Daugavpils → FC RFS → FK Auda,Virsliga,False
37385365,V3_2025_26,2,1,True,Club A.B.B. → Gualberto Villarroel San José,Liga De Futbol Prof,False
37389505,V3_2025_26,2,1,True,El Masry SC → Al Ahly FC,Premier League,False
37391182,V3_2025_26,2,2,True,Bristol Rovers → Lincoln City,League Two → League One,True
37391197,V3_2025_26,2,2,True,Watford FC → BSC Young Boys,Championship → Super League,True
37391203,V3_2025_26,2,2,False,Plymouth Argyle + Charlton Athletic,League One + Championship,True
37391224,V3_2025_26,2,2,True,Notts County → Shelbourne FC,League Two → Premier Division,True
37391415,V3_2025_26,2,1,True,Bristol Rovers → Walsall FC,League Two,False
37391481,V3_2025_26,2,1,True,Derry City → Waterford FC,Premier Division,False
37391534,V3_2025_26,2,2,True,Wycombe Wanderers → Bristol City,League One → Championship,True
37391609,V3_2025_26,2,2,True,Accrington Stanley → Peterborough United,League Two → League One,True
37391719,V3_2025_26,2,1,True,FBC Melgar → Sport Boys Association,Primera Division,False
37392844,V3_2025_26,2,2,True,Cambridge United → Shelbourne FC,League Two → Premier Division,True
37392942,V3_2025_26,2,1,True,Milton Keynes Dons → Bristol Rovers,League Two,False
37396570,V3_2025_26,2,2,True,Independiente Santa Fe → CSD Colo-Colo,Liga BetPlay → Primera Division,True
37396571,V3_2025_26,2,2,True,Olympique Lyon → Getafe CF,Ligue 1 → La Liga,True
37396588,V3_2025_26,2,2,True,CA River Plate → Spartak Moscow,Liga Profesional de Fútbol → Premier League,True
37397110,V3_2025_26,2,1,True,CS Independiente Rivadavia → CA Banfield,Liga Profesional de Fútbol,False
37397231,V3_2025_26,2,2,True,Club Brugge KV → Getafe CF,Pro League → La Liga,True
37397327,V3_2025_26,2,1,True,Fluminense Football Club → Ceará Sporting Club,Serie A,False
37397348,V3_2025_26,2,1,True,Club Jorge Wilstermann → Club Always Ready,Liga De Futbol Prof,False
37400260,V3_2025_26,2,2,True,FK Spartak Subotica → FC Baniyas,Super Liga → UAE Pro League,True
37400393,V3_2025_26,2,2,False,Casa Pia AC + Hellas Verona,Liga Portugal + Serie A,True
37400487,V3_2025_26,3,2,True,Botafogo de Futebol e Regatas → GD Estoril Praia → Clube do Remo (PA),Serie A → Liga Portugal,True
37402327,V3_2025_26,2,2,True,Botafogo de Futebol e Regatas → Liaoning Tieren,Serie A → Super League,True
37402331,V3_2025_26,2,2,False,Al-Wasl SC + Esporte Clube Vitória,UAE Pro League + Serie A,True
37402336,V3_2025_26,2,1,True,Esporte Clube Juventude → Associação Chapecoense de Futebol,Serie A,False
37402349,V3_2025_26,2,2,True,Sociedade Esportiva Palmeiras → SL Benfica,Serie A → Liga Portugal,True
37402386,V3_2025_26,2,2,True,Rio Ave FC → Olympiacos Piraeus,Liga Portugal → Super League,True
37405012,V3_2025_26,2,1,True,Norwich City → Ipswich Town,Championship,False
37405190,V3_2025_26,2,2,True,Riga FC → AC Sparta Praha,Virsliga → Chance Liga,True
37405202,V3_2025_26,2,1,True,Club Deportivo Oriente Petrolero → CA Nacional Potosí,Liga De Futbol Prof,False
37407035,V3_2025_26,2,1,True,Degerfors IF → Djurgårdens IF,Allsvenskan,False
37407219,V3_2025_26,2,2,True,FC Nantes → Stade Reims,Ligue 1 → Ligue 2,True
37407220,V3_2025_26,2,2,True,US Lecce → FC Nantes,Serie A → Ligue 1,True
37407324,V3_2025_26,2,1,True,Al-Wasl SC → Sharjah FC,UAE Pro League,False
37407423,V3_2025_26,2,1,True,Degerfors IF → Halmstads BK,Allsvenskan,False
37407460,V3_2025_26,2,1,False,St. Louis CITY SC + Charlotte FC,Major League Soccer,False
37409506,V3_2025_26,2,1,True,San Antonio Bulo Bulo → Club Aurora,Liga De Futbol Prof,False
37409516,V3_2025_26,2,1,True,Club Always Ready → Club A.B.B.,Liga De Futbol Prof,False
37410272,V3_2025_26,2,2,False,Santos Laguna + CA Talleres,Liga MX + Liga Profesional de Fútbol,True
37410354,V3_2025_26,2,1,True,FBC Melgar → Sport Boys Association,Primera Division,False
37410369,V3_2025_26,2,1,True,Club Alianza Lima → FBC Melgar,Primera Division,False
37410379,V3_2025_26,2,1,False,Universidad Técnica de Cajamarca + Asociación Deportiva Tarma,Primera Division,False
37410391,V3_2025_26,3,2,True,Club The Strongest → Panetolikos → Blooming Santa Cruz,Liga De Futbol Prof → Super League,True
37410398,V3_2025_26,2,2,True,CA Lanús → Dynamo Moscow,Liga Profesional de Fútbol → Premier League,True
37410649,V3_2025_26,2,1,True,CF Montréal → San Diego FC,Major League Soccer,False
37412535,V3_2025_26,2,1,True,Real Sociedad B → Cultural Leonesa,La Liga 2,False
37414242,V3_2025_26,2,1,True,FBC Melgar → Club Atlético Grau,Primera Division,False
37414276,V3_2025_26,2,1,True,Ceará Sporting Club → Sport Club Internacional,Serie A,False
37414379,V3_2025_26,2,2,True,Unión Magdalena → Deportivo Moquegua,Liga BetPlay → Primera Division,True
37414398,V3_2025_26,2,2,True,Charlotte FC → NK Varazdin,Major League Soccer → 1. HNL,True
37414406,V3_2025_26,2,1,True,Alianza FC → Asociación Deportivo Pasto,Liga BetPlay,False
37415964,V3_2025_26,2,1,True,Fortaleza CEIF → Deportivo Cali,Liga BetPlay,False
37416691,V3_2025_26,3,3,False,West Bromwich Albion + Blackpool FC + Crystal Palace,Championship + League One + Premier League,True
37416732,V3_2025_26,2,1,True,Real Oruro → Club Aurora,Liga De Futbol Prof,False
37416755,V3_2025_26,2,2,True,CA Unión (Santa Fe) → Huachipato FC,Liga Profesional de Fútbol → Primera Division,True
37416771,V3_2025_26,2,2,True,Real Salt Lake City → FC Zürich,Major League Soccer → Super League,True
37416827,V3_2025_26,2,2,False,SD Huesca + RCD Mallorca,La Liga 2 + La Liga,True
37416832,V3_2025_26,2,2,True,Club Estudiantes de La Plata → Colorado Rapids,Liga Profesional de Fútbol → Major League Soccer,True
37418665,V3_2025_26,2,2,True,Red Bull Bragantino → Real Oviedo,Serie A → La Liga,True
37420383,V3_2025_26,2,1,True,Al-Bataeh CSC → Sharjah FC,UAE Pro League,False
37420391,V3_2025_26,2,1,True,Antalyaspor → Basaksehir FK,Super Lig,False
37420434,V3_2025_26,2,1,True,FK Radnicki 1923 Kragujevac → FK Napredak Krusevac,Super Liga,False
37421942,V3_2025_26,3,2,True,San Diego FC → FC Nordsjaelland → Philadelphia Union,Major League Soccer → Superliga,True
37421966,V3_2025_26,2,2,True,Santos Laguna → Independiente Santa Fe,Liga MX → Liga BetPlay,True
37421997,V3_2025_26,2,1,True,Deportivo Binacional → FC Cajamarca,Primera Division,False
37422867,V3_2025_26,2,1,True,Club Deportivo Oriente Petrolero → Club The Strongest,Liga De Futbol Prof,False
37422926,V3_2025_26,2,2,True,Club Alianza Lima → Grêmio Foot-Ball Porto Alegrense,Primera Division → Serie A,True
37422937,V3_2025_26,2,2,True,Legia Warszawa → Blackburn Rovers,Ekstraklasa → Championship,True
37422953,V3_2025_26,2,1,True,CA Vélez Sarsfield → CA River Plate,Liga Profesional de Fútbol,False
37422957,V3_2025_26,2,1,True,Zenit St. Petersburg → CSKA Moscow,Premier League,False
37423023,V3_2025_26,2,2,True,FK Haugesund → Lyngby Boldklub,Eliteserien → First Division,True
37423033,V3_2025_26,2,2,True,LOSC Lille → Levante UD,Ligue 1 → La Liga,True
37423036,V3_2025_26,2,2,True,OGC Nice → VfB Stuttgart,Ligue 1 → Bundesliga,True
37423044,V3_2025_26,2,1,True,El Masry SC → El Mokawloon SC,Premier League,False
37423138,V3_2025_26,2,2,True,RC Lens → Inter Milan,Ligue 1 → Serie A,True
37425061,V3_2025_26,2,1,True,Alianza FC → Internacional de Bogotá,Liga BetPlay,False
37425145,V3_2025_26,2,2,True,Casa Pia AC → Mantova 1911,Liga Portugal → Serie B,True
37426989,V3_2025_26,2,2,True,SD Huesca → Amiens SC,La Liga 2 → Ligue 2,True
37428161,V3_2025_26,2,1,True,Sligo Rovers → Drogheda United FC,Premier Division,False
37429017,V3_2025_26,2,1,True,Legia Warszawa → Widzew Lodz,Ekstraklasa,False
37429184,V3_2025_26,2,1,True,Qingdao Hainiu → Chongqing Tonglianglong,Super League,False
37429185,V3_2025_26,2,1,True,Dalian Yingbo → Shanghai Port,Super League,False
37429228,V3_2025_26,2,2,True,Kyoto Sanga → 1.FSV Mainz 05,J1 League → Bundesliga,True
37429231,V3_2025_26,2,2,True,Kyoto Sanga → FC Tokyo,J1 League → J1 100 Year Vision League,True
37430161,V3_2025_26,2,1,True,SJK Seinäjoki → Turun Palloseura,Veikkausliiga,False
37430164,V3_2025_26,2,2,False,MFK Ruzomberok + MFK Karvina,Niké Liga + Chance Liga,True
37430166,V3_2025_26,2,1,True,FC Viktoria Plzen → FK Mlada Boleslav,Chance Liga,False
37430204,V3_2025_26,2,2,True,Tokyo Verdy → Kawasaki Frontale,J1 League → J1 100 Year Vision League,True
37430235,V3_2025_26,2,1,True,Envigado FC → Jaguares de Córdoba,Liga BetPlay,False
37430761,V3_2025_26,2,2,True,FK Vojvodina Novi Sad → Ferencvárosi TC,Super Liga → NB I,True
37434677,V3_2025_26,2,1,True,Bohemian Football Club → Derry City,Premier Division,False
37436336,V3_2025_26,2,1,True,CF Montréal → D.C. United,Major League Soccer,False
37436348,V3_2025_26,2,2,False,Port Vale FC + Everton FC,League One + Premier League,True
37437764,V3_2025_26,2,2,False,Chesterfield FC + Sheffield United,League Two + Championship,True
37437784,V3_2025_26,2,1,True,Millwall FC → Oxford United,Championship,False
37438756,V3_2025_26,2,1,True,Independiente Santa Fe → Once Caldas,Liga BetPlay,False
37439044,V3_2025_26,2,2,True,IFK Norrköping → Antalyaspor,Allsvenskan → Super Lig,True
37440603,V3_2025_26,2,1,True,AZ Alkmaar → PEC Zwolle,Eredivisie,False
37440650,V3_2025_26,2,2,True,Silkeborg IF → HJK Helsinki,Superliga → Veikkausliiga,True
37440673,V3_2025_26,2,2,True,Sarpsborg 08 FF → Vejle Boldklub,Eliteserien → Superliga,True
37442612,V3_2025_26,2,2,True,Nashville SC → Deportivo Guadalajara,Major League Soccer → Liga MX,True
37445042,V3_2025_26,2,2,True,FK Bodø/Glimt → Mjällby AIF,Eliteserien → Allsvenskan,True
37445049,V3_2025_26,2,2,True,Defensa y Justicia → CD Castellón,Liga Profesional de Fútbol → La Liga 2,True
37445050,V3_2025_26,2,1,True,Deportes La Serena → CSD Colo-Colo,Primera Division,False
37445076,V3_2025_26,2,2,True,FC Empoli → Parma Calcio 1913,Serie B → Serie A,True
37445141,V3_2025_26,2,1,True,Urawa Red Diamonds → Shimizu S-Pulse,J1 League,False
37445147,V3_2025_26,2,2,True,Shonan Bellmare → Bröndby IF,J1 League → Superliga,True
37446968,V3_2025_26,2,1,True,CA Huracán → CA Lanús,Liga Profesional de Fútbol,False
37450396,V3_2025_26,2,2,True,Esporte Clube Juventude → Atlético Bucaramanga,Serie A → Liga BetPlay,True
37451267,V3_2025_26,2,1,True,Unión Magdalena → Deportivo Cali,Liga BetPlay,False
37451396,V3_2025_26,2,2,True,Chicago Fire FC → Deportivo Guadalajara,Major League Soccer → Liga MX,True
37452969,V3_2025_26,2,2,True,Beerschot VA → FK Radnik Surdulica,Challenger Pro League → Super Liga,True
37452983,V3_2025_26,2,2,True,BK Häcken → Swansea City,Allsvenskan → Championship,True
37455133,V3_2025_26,2,1,True,FC Slovan Liberec → SK Sigma Olomouc,Chance Liga,False
37457507,V3_2025_26,2,1,False,MTK Budapest + Puskás Akadémia FC,NB I,False
37457534,V3_2025_26,2,1,True,CA Huracán → CA Boca Juniors,Liga Profesional de Fútbol,False
37457547,V3_2025_26,2,2,True,CA Independiente → Pisa Sporting Club,Liga Profesional de Fútbol → Serie A,True
37459022,V3_2025_26,2,2,True,SL Benfica → Torino FC,Liga Portugal → Serie A,True
37459024,V3_2025_26,2,1,True,Villarreal CF → Rayo Vallecano,La Liga,False
37459033,V3_2025_26,2,2,True,FC Porto → FC Utrecht,Liga Portugal → Eredivisie,True
37459085,V3_2025_26,2,2,True,Lyngby Boldklub → Standard Liège,First Division → Pro League,True
37459092,V3_2025_26,2,2,True,Silkeborg IF → Lyngby Boldklub,Superliga → First Division,True
37473352,V3_2025_26,2,1,True,FK Haugesund → Sarpsborg 08 FF,Eliteserien,False
37495595,V3_2025_26,2,2,True,US Boulogne → FK Javor-Matis Ivanjica,Ligue 2 → Super Liga,True
37508679,V3_2025_26,2,1,True,Beitar Jerusalem → Maccabi Haifa,Ligat ha'Al,False
37509377,V3_2025_26,2,1,True,IF Gnistan → Ilves Tampere,Veikkausliiga,False
37509380,V3_2025_26,2,2,True,Genoa CFC → Hamburger SV,Serie A → Bundesliga,True
37514174,V3_2025_26,2,1,True,BFC Daugavpils → SK Super Nova,Virsliga,False
37514185,V3_2025_26,2,2,True,Strømsgodset IF → Venezia FC,Eliteserien → Serie B,True
37514220,V3_2025_26,2,2,True,Royal Charleroi SC → US Lecce,Pro League → Serie A,True
37515561,V3_2025_26,2,2,True,Luton Town → SC Heerenveen,League One → Eredivisie,True
37516978,V3_2025_26,2,2,True,Sparta Rotterdam → SpVgg Greuther Fürth,Eredivisie → 2. Bundesliga,True
37518809,V3_2025_26,2,1,True,Raków Częstochowa → Jagiellonia Bialystok,Ekstraklasa,False
37518850,V3_2025_26,2,2,True,FK Spartak Subotica → Sharjah FC,Super Liga → UAE Pro League,True
37520082,V3_2025_26,3,2,True,KR Reykjavík → Kolding IF → Víkingur Reykjavík,Besta deild → First Division,True
37520128,V3_2025_26,2,1,True,Galatasaray → Konyaspor,Super Lig,False
37520818,V3_2025_26,2,2,True,BK Häcken → SCR Altach,Allsvenskan → Admiral Bundesliga,True
37520822,V3_2025_26,2,1,True,FK Vojvodina Novi Sad → FK Novi Pazar,Super Liga,False
37522371,V3_2025_26,2,2,True,Kuopion Palloseura → FC Emmen,Veikkausliiga → Eerste Divisie,True
37525715,V3_2025_26,2,1,True,Atlanta United FC → CF Montréal,Major League Soccer,False
37525718,V3_2025_26,2,1,True,Red Bull New York → St. Louis CITY SC,Major League Soccer,False
37525739,V3_2025_26,2,1,True,Seattle Sounders FC → Nashville SC,Major League Soccer,False
37525992,V3_2025_26,2,2,True,Al Ahly FC → Újpest FC,Premier League → NB I,True
37526017,V3_2025_26,2,2,True,Kristiansund BK → GKS Katowice,Eliteserien → Ekstraklasa,True
37526125,V3_2025_26,2,2,True,Albirex Niigata → FC Tokyo,J1 League → J1 100 Year Vision League,True
37526239,V3_2025_26,2,2,True,Royal Antwerp FC → Celtic FC,Pro League → Premiership,True
37526280,V3_2025_26,2,2,True,Club Necaxa → FBC Melgar,Liga MX → Primera Division,True
37526281,V3_2025_26,3,3,False,Serik Spor + Sporting Kansas City + Club Necaxa,1. Lig + Major League Soccer + Liga MX,True
37526344,V3_2025_26,2,2,True,FC Nantes → Bröndby IF,Ligue 1 → Superliga,True
37526467,V3_2025_26,3,1,True,SK Super Nova → BFC Daugavpils → FK Auda,Virsliga,False
37526520,V3_2025_26,2,2,False,Red Bull New York + Bröndby IF,Major League Soccer + Superliga,True
37527170,V3_2025_26,2,2,True,Fortaleza Esporte Clube → Deportivo Alavés,Serie A → La Liga,True
37527309,V3_2025_26,2,1,True,CFR Cluj → FC Rapid 1923,Superliga,False
37527334,V3_2025_26,2,1,True,Vålerenga Fotball Elite → FK Bodø/Glimt,Eliteserien,False
37527466,V3_2025_26,2,2,True,Mirassol Futebol Clube (SP) → Avs Futebol,Serie A → Liga Portugal,True
37527773,V3_2025_26,2,2,True,Shonan Bellmare → Mito HollyHock,J1 League → J1 100 Year Vision League,True
37527788,V3_2025_26,2,1,True,FK Vojvodina Novi Sad → FK Radnicki Nis,Super Liga,False
37527805,V3_2025_26,3,1,False,Kristiansund BK + Sandefjord Fotball + Viking FK,Eliteserien,False
37527818,V3_2025_26,2,1,True,Sligo Rovers → Galway United FC,Premier Division,False
37527850,V3_2025_26,2,1,True,Riga FC → FK Auda,Virsliga,False
37528332,V3_2025_26,2,1,True,Querétaro FC → Club Tijuana,Liga MX,False
37528335,V3_2025_26,2,1,True,FK Pardubice → SK Sigma Olomouc,Chance Liga,False
37528559,V3_2025_26,2,2,False,Zemplin Michalovce + Widzew Lodz,Niké Liga + Ekstraklasa,True
37528877,V3_2025_26,2,2,True,SK Sturm Graz → Derby County,Admiral Bundesliga → Championship,True
37528939,V3_2025_26,2,2,True,FC Hradec Kralove → Slovan Bratislava,Chance Liga → Niké Liga,True
37529086,V3_2025_26,2,2,True,CD Everton → Clube do Remo (PA),Primera Division → Serie A,True
37529773,V3_2025_26,2,1,True,Modern Sport Club → Pharco FC,Premier League,False
37529791,V3_2025_26,2,1,True,Bologna FC 1909 → ACF Fiorentina,Serie A,False
37529955,V3_2025_26,2,2,True,NAC Breda → FC Emmen,Eredivisie → Eerste Divisie,True
37530197,V3_2025_26,2,2,False,HJK Helsinki + FK Spartak Subotica,Veikkausliiga + Super Liga,True
37530361,V3_2025_26,2,2,True,IK Sirius → FF Jaro,Allsvenskan → Veikkausliiga,True
37530614,V3_2025_26,2,1,True,FK Pardubice → FC Slovan Liberec,Chance Liga,False
37530626,V3_2025_26,2,1,False,FC Volendam + Sparta Rotterdam,Eredivisie,False
37530649,V3_2025_26,2,2,True,Kasimpasa → Amed SK,Super Lig → 1. Lig,True
37530879,V3_2025_26,2,2,True,RAAL La Louvière → Le Mans FC,Pro League → Ligue 2,True
37531164,V3_2025_26,2,1,True,Sint-Truidense VV → Union Saint-Gilloise,Pro League,False
37531343,V3_2025_26,2,1,True,FC Emmen → ADO Den Haag,Eerste Divisie,False
37531458,V3_2025_26,2,1,True,Zhejiang FC → Shenzhen Peng City,Super League,False
37531515,V3_2025_26,2,1,True,Real Salt Lake City → FC Cincinnati,Major League Soccer,False
37532026,V3_2025_26,2,2,True,GAIS → Sharjah FC,Allsvenskan → UAE Pro League,True
37532070,V3_2025_26,2,2,True,Stevenage FC → St. Mirren FC,League One → Premiership,True
37532085,V3_2025_26,2,2,True,IFK Norrköping → CF Estrela Amadora,Allsvenskan → Liga Portugal,True
37532287,V3_2025_26,2,2,True,Sönderjyske Fodbold → Pogon Szczecin,Superliga → Ekstraklasa,True
37532344,V3_2025_26,2,2,True,RC Strasbourg Alsace → Chelsea FC,Ligue 1 → Premier League,True
37532635,V3_2025_26,2,1,True,Petrolul Ploiesti → FC Rapid 1923,Superliga,False
37532830,V3_2025_26,2,2,True,Jong Genk → KRC Genk,Challenger Pro League → Pro League,True
37532950,V3_2025_26,2,2,True,Torino FC → Beşiktaş JK,Serie A → Super Lig,True
37532994,V3_2025_26,2,2,True,St. Louis CITY SC → Auckland FC,Major League Soccer → A-League Men,True
37533345,V3_2025_26,2,1,True,Delfino Pescara 1936 → FC Südtirol,Serie B,False
37535531,V3_2025_26,2,2,True,Kuopion Palloseura → NK Istra 1961,Veikkausliiga → 1. HNL,True
37536410,V3_2025_26,2,2,True,Jong KAA Gent → KAA Gent,Challenger Pro League → Pro League,True
37536463,V3_2025_26,2,1,True,Club Cienciano → Deportivo Garcilaso,Primera Division,False
37536604,V3_2025_26,2,1,True,Club Tijuana → CF América,Liga MX,False
37536795,V3_2025_26,2,2,True,Exeter City → Chesterfield FC,League One → League Two,True
37536867,V3_2025_26,2,2,True,Go Ahead Eagles → Willem II Tilburg,Eredivisie → Eerste Divisie,True
37536910,V3_2025_26,2,2,True,Walsall FC → Blackpool FC,League Two → League One,True
37536953,V3_2025_26,2,2,True,Rapid Vienna → RC Lens,Admiral Bundesliga → Ligue 1,True
37537043,V3_2025_26,2,2,True,FC Winterthur → FC Schalke 04,Super League → 2. Bundesliga,True
37537120,V3_2025_26,2,2,True,KAA Gent → FC Sion,Pro League → Super League,True
37537567,V3_2025_26,2,2,True,Tromsø IL → FC Nordsjaelland,Eliteserien → Superliga,True
37537580,V3_2025_26,2,2,False,AC Monza + US Sassuolo,Serie B + Serie A,True
37537603,V3_2025_26,2,1,True,SD Huesca → Cádiz CF,La Liga 2,False
37537755,V3_2025_26,2,2,True,Oxford United → Wycombe Wanderers,Championship → League One,True
37537821,V3_2025_26,3,2,True,Internacional de Bogotá → Envigado FC → Real Potosí,Liga BetPlay → Liga De Futbol Prof,True
37537863,V3_2025_26,2,2,True,FC Groningen → FC Emmen,Eredivisie → Eerste Divisie,True
37537876,V3_2025_26,2,1,True,Cultural Leonesa → Real Zaragoza,La Liga 2,False
37537922,V3_2025_26,2,1,True,Holstein Kiel → SG Dynamo Dresden,2. Bundesliga,False
37537954,V3_2025_26,2,2,True,SK Sturm Graz → Bayer 04 Leverkusen,Admiral Bundesliga → Bundesliga,True
37538104,V3_2025_26,2,2,True,TSG 1899 Hoffenheim → Holstein Kiel,Bundesliga → 2. Bundesliga,True
37538197,V3_2025_26,2,2,True,Houston Dynamo FC → FC Banik Ostrava,Major League Soccer → Chance Liga,True
37538406,V3_2025_26,2,2,True,Grazer AK 1902 → US Lecce,Admiral Bundesliga → Serie A,True
37538543,V3_2025_26,2,1,True,Club Atlético Tigre → Club de Gimnasia y Esgrima La Plata,Liga Profesional de Fútbol,False
37538544,V3_2025_26,2,1,True,Sociedade Esportiva Palmeiras → Red Bull Bragantino,Serie A,False
37538664,V3_2025_26,2,1,True,Al-Ahli SFC → Al-Shabab FC,Pro League,False
37538779,V3_2025_26,2,2,True,Cercle Brugge → Clube Atlético Mineiro,Pro League → Serie A,True
37539094,V3_2025_26,2,2,True,FC RFS → HJK Helsinki,Virsliga → Veikkausliiga,True
37539144,V3_2025_26,2,2,True,CF Estrela Amadora → Motor Lublin,Liga Portugal → Ekstraklasa,True
37539329,V3_2025_26,2,1,True,Ayacucho FC → Club Cienciano,Primera Division,False
37539336,V3_2025_26,2,1,True,Lincoln City → Doncaster Rovers,League One,False
37539418,V3_2025_26,2,1,True,Red Star Belgrade → OFK Beograd,Super Liga,False
37539420,V3_2025_26,2,2,True,FC Basel 1893 → FC Augsburg,Super League → Bundesliga,True
37539545,V3_2025_26,2,1,True,FH Hafnarfjördur → Thór Akureyri,Besta deild,False
37539575,V3_2025_26,2,2,True,Molde FK → Vejle Boldklub,Eliteserien → Superliga,True
37539733,V3_2025_26,2,2,True,SV Darmstadt 98 → RCD Espanyol Barcelona,2. Bundesliga → La Liga,True
37539823,V3_2025_26,2,2,True,1.FC Nuremberg → Southampton FC,2. Bundesliga → Championship,True
37539856,V3_2025_26,2,2,True,SJK Seinäjoki → Livingston FC,Veikkausliiga → Premiership,True
37540163,V3_2025_26,2,1,True,Club Atlético Platense → CA Newell's Old Boys,Liga Profesional de Fútbol,False
37540313,V3_2025_26,2,1,True,Mirassol Futebol Clube (SP) → Fluminense Football Club,Serie A,False
37540396,V3_2025_26,2,1,True,FC Nantes → RC Strasbourg Alsace,Ligue 1,False
37540689,V3_2025_26,2,2,False,Crewe Alexandra + Wolverhampton Wanderers,League Two + Premier League,True
37540851,V3_2025_26,2,2,True,1.FC Heidenheim 1846 → Southampton FC,Bundesliga → Championship,True
37540866,V3_2025_26,2,1,True,Dinamo Makhachkala → FC Krasnodar,Premier League,False
37540897,V3_2025_26,2,1,True,SC Telstar → Sparta Rotterdam,Eredivisie,False
37541039,V3_2025_26,2,1,True,Club Juan Pablo II College → Sport Boys Association,Primera Division,False
37541179,V3_2025_26,2,2,False,Helmond Sport + FK Pardubice,Eerste Divisie + Chance Liga,True
37541331,V3_2025_26,3,1,True,Internacional de Bogotá → Deportes Tolima → Llaneros FC,Liga BetPlay,False
37542376,V3_2025_26,2,1,True,Boluspor → Van Spor FK,1. Lig,False
37542382,V3_2025_26,2,2,True,Ironi Kiryat Shmona → Columbus Crew,Ligat ha'Al → Major League Soccer,True
37542430,V3_2025_26,2,1,True,FC Hradec Kralove → SK Sigma Olomouc,Chance Liga,False
37542711,V3_2025_26,2,1,True,Atlas Guadalajara → Puebla FC,Liga MX,False
37542737,V3_2025_26,2,1,True,CF Pachuca → CF Monterrey,Liga MX,False
37543251,V3_2025_26,2,2,True,Huddersfield Town → Middlesbrough FC,League One → Championship,True
37543407,V3_2025_26,2,2,True,Celta de Vigo → Racing Santander,La Liga → La Liga 2,True
37543479,V3_2025_26,2,2,False,CD Mirandés + Real Oviedo,La Liga 2 + La Liga,True
37544065,V3_2025_26,2,2,True,Celta de Vigo → AS Roma,La Liga → Serie A,True
37544304,V3_2025_26,2,2,True,Swansea City → Leyton Orient,Championship → League One,True
37544319,V3_2025_26,3,2,True,Strømsgodset IF → Dundee United FC → Sandefjord Fotball,Eliteserien → Premiership,True
37544385,V3_2025_26,2,2,True,1.FSV Mainz 05 → SG Dynamo Dresden,Bundesliga → 2. Bundesliga,True
37544512,V3_2025_26,2,2,True,Cerezo Osaka → Red Bull Salzburg,J1 League → Admiral Bundesliga,True
37544516,V3_2025_26,2,2,True,Clermont Foot 63 → Kocaelispor,Ligue 2 → Super Lig,True
37544599,V3_2025_26,3,3,True,Hammarby IF → Jong Genk → KRC Genk,Allsvenskan → Challenger Pro League → Pro League,True
37544658,V3_2025_26,2,1,True,Mirassol Futebol Clube (SP) → Esporte Clube Vitória,Serie A,False
37544963,V3_2025_26,2,2,True,SD Eibar → Rio Ave FC,La Liga 2 → Liga Portugal,True
37545077,V3_2025_26,2,1,True,Shandong Taishan → Henan FC,Super League,False
37545161,V3_2025_26,2,2,False,FC Famalicão + Parma Calcio 1913,Liga Portugal + Serie A,True
37545212,V3_2025_26,2,2,True,Real Sociedad → Córdoba CF,La Liga → La Liga 2,True
37545346,V3_2025_26,2,1,True,CA Boca Juniors → Club Estudiantes de La Plata,Liga Profesional de Fútbol,False
37545357,V3_2025_26,2,2,False,Deportivo Garcilaso + Bolívar La Paz,Primera Division + Liga De Futbol Prof,True
37545375,V3_2025_26,2,2,True,CA Vélez Sarsfield → Club Always Ready,Liga Profesional de Fútbol → Liga De Futbol Prof,True
37545385,V3_2025_26,3,1,True,Club Atlético Tigre → CA Central Córdoba (SdE) → CA Lanús,Liga Profesional de Fútbol,False
37545666,V3_2025_26,2,2,True,Red Bull New York → Club Universidad de Chile,Major League Soccer → Primera Division,True
37545771,V3_2025_26,2,1,True,Newport County → Chesterfield FC,League Two,False
37545801,V3_2025_26,2,2,True,Shimizu S-Pulse → Kawasaki Frontale,J1 League → J1 100 Year Vision League,True
37546057,V3_2025_26,2,2,True,Clube de Regatas Vasco da Gama → Caykur Rizespor,Serie A → Super Lig,True
37546619,V3_2025_26,2,2,True,FC Banik Ostrava → Stoke City,Chance Liga → Championship,True
37546703,V3_2025_26,2,1,False,Club Cienciano + FBC Melgar,Primera Division,False
37546753,V3_2025_26,2,2,True,Sunderland AFC → VfL Wolfsburg,Premier League → Bundesliga,True
37546781,V3_2025_26,2,2,True,Derby County → Port Vale FC,Championship → League One,True
37546804,V3_2025_26,2,1,True,FC KTP → FF Jaro,Veikkausliiga,False
37547007,V3_2025_26,2,1,True,Instituto ACC → CS Independiente Rivadavia,Liga Profesional de Fútbol,False
37547015,V3_2025_26,2,1,True,CA Barracas Central → AA Estudiantes (Río Cuarto),Liga Profesional de Fútbol,False
37547033,V3_2025_26,2,2,True,CA Banfield → Volos FC,Liga Profesional de Fútbol → Super League,True
37547037,V3_2025_26,2,2,True,Orlando City SC → Al-Kholood Club,Major League Soccer → Pro League,True
37547044,V3_2025_26,3,2,True,CA Rosario Central → CD Godoy Cruz Antonio Tomba → FC Juárez,Liga Profesional de Fútbol → Liga MX,True
37547070,V3_2025_26,2,1,True,CD Godoy Cruz Antonio Tomba → CA San Lorenzo de Almagro,Liga Profesional de Fútbol,False
37547164,V3_2025_26,2,2,True,KAA Gent → Maccabi Tel Aviv,Pro League → Ligat ha'Al,True
37547261,V3_2025_26,2,2,True,Charlton Athletic → Bolton Wanderers,Championship → League One,True
37547394,V3_2025_26,2,1,True,IFK Värnamo → Halmstads BK,Allsvenskan,False
37547545,V3_2025_26,2,2,False,Lincoln City + Coventry City,League One + Championship,True
37547548,V3_2025_26,2,2,True,AFC Wimbledon → Bristol Rovers,League One → League Two,True
37547904,V3_2025_26,2,1,True,Club Atlético Belgrano → CA Banfield,Liga Profesional de Fútbol,False
37547929,V3_2025_26,2,1,True,CA San Martín (San Juan) → Defensa y Justicia,Liga Profesional de Fútbol,False
37547933,V3_2025_26,2,1,True,CA Huracán → CA Newell's Old Boys,Liga Profesional de Fútbol,False
37548175,V3_2025_26,2,1,True,Austria Vienna → TSV Hartberg,Admiral Bundesliga,False
37548309,V3_2025_26,2,1,True,Eyüpspor → Caykur Rizespor,Super Lig,False
37548316,V3_2025_26,2,2,True,1.FC Union Berlin → Fortuna Düsseldorf,Bundesliga → 2. Bundesliga,True
37548599,V3_2025_26,2,2,True,Watford FC → Manchester City,Championship → Premier League,True
37548602,V3_2025_26,2,1,True,Stoke City → Oxford United,Championship,False
37548865,V3_2025_26,2,2,True,Club Atlético Platense → AD Ceuta FC,Liga Profesional de Fútbol → La Liga 2,True
37548869,V3_2025_26,2,2,True,Club Always Ready → Beitar Jerusalem,Liga De Futbol Prof → Ligat ha'Al,True
37549175,V3_2025_26,2,2,True,Zalaegerszegi TE FC → KV Kortrijk,NB I → Challenger Pro League,True
37549289,V3_2025_26,2,2,True,FK Radnicki Nis → Wuhan Three Towns,Super Liga → Super League,True
37549513,V3_2025_26,2,2,True,AJ Auxerre → Birmingham City,Ligue 1 → Championship,True
37549543,V3_2025_26,2,2,True,FC Inter Turku → HNK Rijeka,Veikkausliiga → 1. HNL,True
37549545,V3_2025_26,2,1,True,Al-Wasl SC → Khor Fakkan SSC,UAE Pro League,False
37549877,V3_2025_26,2,2,True,Girona FC → Galatasaray,La Liga → Super Lig,True
37549912,V3_2025_26,2,2,True,AFC Bournemouth → Barnet FC,Premier League → League Two,True
37549955,V3_2025_26,2,2,True,Swindon Town → Middlesbrough FC,League Two → Championship,True
37550002,V3_2025_26,2,1,True,CA Sarmiento (Junin) → AA Argentinos Juniors,Liga Profesional de Fútbol,False
37550063,V3_2025_26,2,1,True,Club Estudiantes de La Plata → CA Huracán,Liga Profesional de Fútbol,False
37550161,V3_2025_26,2,2,True,Clube Atlético Mineiro → Dynamo Moscow,Serie A → Premier League,True
37550194,V3_2025_26,2,2,True,Jong KAA Gent → IK Sirius,Challenger Pro League → Allsvenskan,True
37550436,V3_2025_26,2,1,True,Colchester United → Fleetwood Town,League Two,False
37550477,V3_2025_26,2,2,True,Ipswich Town → Huddersfield Town,Championship → League One,True
37550766,V3_2025_26,2,2,True,SK Beveren → KV Mechelen,Challenger Pro League → Pro League,True
37550814,V3_2025_26,2,2,True,FK Napredak Krusevac → FC Baniyas,Super Liga → UAE Pro League,True
37550997,V3_2025_26,2,1,False,HNK Vukovar 1991 + GNK Dinamo Zagreb,1. HNL,False
37551076,V3_2025_26,2,2,True,CF Montréal → RSC Anderlecht,Major League Soccer → Pro League,True
37551107,V3_2025_26,2,1,True,NK Varazdin → NK Lokomotiva Zagreb,1. HNL,False
37551147,V3_2025_26,2,1,True,Real Valladolid CF → Córdoba CF,La Liga 2,False
37551245,V3_2025_26,2,2,True,Bradford City → Bristol Rovers,League One → League Two,True
37551351,V3_2025_26,2,2,True,Vålerenga Fotball Elite → Esbjerg fB,Eliteserien → First Division,True
37551489,V3_2025_26,2,2,True,Viborg FF → Zulte Waregem,Superliga → Pro League,True
37551540,V3_2025_26,2,1,False,Fortaleza CEIF + Once Caldas,Liga BetPlay,False
37552077,V3_2025_26,2,2,True,DAC Dunajska Streda → Red Bull Salzburg,Niké Liga → Admiral Bundesliga,True
37552116,V3_2025_26,2,1,True,FK Mlada Boleslav → AC Sparta Praha,Chance Liga,False
37552118,V3_2025_26,2,1,True,Venezia FC → FC Empoli,Serie B,False
37552224,V3_2025_26,2,1,True,CA Boca Juniors → Club de Gimnasia y Esgrima La Plata,Liga Profesional de Fútbol,False
37552301,V3_2025_26,2,1,True,Defensa y Justicia → Racing Club,Liga Profesional de Fútbol,False
37552404,V3_2025_26,2,1,False,FC Haka + HJK Helsinki,Veikkausliiga,False
37552408,V3_2025_26,2,2,True,Livingston FC → Machida Zelvia,Premiership → J1 100 Year Vision League,True
37552505,V3_2025_26,3,3,True,Vålerenga Fotball Elite → De Graafschap Doetinchem → Bristol Rovers,Eliteserien → Eerste Divisie → League Two,True
37552813,V3_2025_26,2,2,True,Club Sporting Cristal → CD Godoy Cruz Antonio Tomba,Primera Division → Liga Profesional de Fútbol,True
37552857,V3_2025_26,2,1,True,CA Central Córdoba (SdE) → CA Talleres,Liga Profesional de Fútbol,False
37552945,V3_2025_26,2,1,True,CS Independiente Rivadavia → Club Atlético Platense,Liga Profesional de Fútbol,False
37553000,V3_2025_26,2,1,True,Club Atlético Platense → Club de Gimnasia y Esgrima La Plata,Liga Profesional de Fútbol,False
37553003,V3_2025_26,2,1,True,CA Rosario Central → AA Argentinos Juniors,Liga Profesional de Fútbol,False
37553004,V3_2025_26,3,2,False,CA Sarmiento (Junin) + CD Cobresal + CA Rosario Central,Liga Profesional de Fútbol + Primera Division,True
37553009,V3_2025_26,3,3,False,Panetolikos + Defensa y Justicia + Sport Club do Recife,Super League + Liga Profesional de Fútbol + Serie A,True
37553010,V3_2025_26,2,2,True,CA Vélez Sarsfield → Parma Calcio 1913,Liga Profesional de Fútbol → Serie A,True
37553012,V3_2025_26,3,2,True,CA Independiente → CA San Martín (San Juan) → Puebla FC,Liga Profesional de Fútbol → Liga MX,True
37553141,V3_2025_26,2,2,True,New York City FC → GNK Dinamo Zagreb,Major League Soccer → 1. HNL,True
37553160,V3_2025_26,2,2,True,Girona FC → Cádiz CF,La Liga → La Liga 2,True
37553515,V3_2025_26,2,1,True,Stellenbosch FC → Sekhukhune United FC,Premier League,False
37553526,V3_2025_26,2,2,True,Atromitos Athens → Odense Boldklub,Super League → Superliga,True
37553687,V3_2025_26,2,1,True,Llaneros FC → Internacional de Bogotá,Liga BetPlay,False
37554299,V3_2025_26,2,2,True,Esporte Clube Bahia → NEOM SC,Serie A → Pro League,True
37554475,V3_2025_26,2,2,True,Accrington Stanley → Reading FC,League Two → League One,True
37554541,V3_2025_26,2,1,True,FC Utrecht U21 → FC Emmen,Eerste Divisie,False
37554552,V3_2025_26,2,1,True,CD Real Tomayapo → San Antonio Bulo Bulo,Liga De Futbol Prof,False
37554910,V3_2025_26,2,1,False,Al-Wahda FC + Shabab Al-Ahli Club,UAE Pro League,False
37554917,V3_2025_26,2,2,True,Gil Vicente FC → West Ham United,Liga Portugal → Premier League,True
37554928,V3_2025_26,2,1,True,Boyacá Chicó FC → Cúcuta Deportivo,Liga BetPlay,False
37554936,V3_2025_26,2,2,True,San Diego FC → CD América de Cali,Major League Soccer → Liga BetPlay,True
37555012,V3_2025_26,2,1,True,Rionegro Águilas → Llaneros FC,Liga BetPlay,False
37555036,V3_2025_26,2,2,True,Jong KAA Gent → KAA Gent,Challenger Pro League → Pro League,True
37555087,V3_2025_26,2,2,True,Konyaspor → Sakaryaspor,Super Lig → 1. Lig,True
37555233,V3_2025_26,2,1,True,Junior FC → Llaneros FC,Liga BetPlay,False
37555256,V3_2025_26,2,2,True,FBC Melgar → Vancouver Whitecaps FC,Primera Division → Major League Soccer,True
37555366,V3_2025_26,2,2,True,Cork City FC → St. Mirren FC,Premier Division → Premiership,True
37555431,V3_2025_26,2,2,True,Independiente Medellín → Mamelodi Sundowns FC,Liga BetPlay → Premier League,True
37555730,V3_2025_26,2,2,True,Shonan Bellmare → Kyoto Sanga,J1 League → J1 100 Year Vision League,True
37555731,V3_2025_26,2,2,True,Kawasaki Frontale → Tokyo Verdy,J1 League → J1 100 Year Vision League,True
37555777,V3_2025_26,2,2,True,Red Bull Salzburg → Fenerbahce,Admiral Bundesliga → Super Lig,True
37555816,V3_2025_26,2,2,True,Sunderland AFC → AS Monaco,Premier League → Ligue 1,True
37555827,V3_2025_26,2,1,True,HJK Helsinki → FC Haka,Veikkausliiga,False
37555865,V3_2025_26,2,1,True,FK Auda → FK Liepaja,Virsliga,False
37555964,V3_2025_26,2,2,True,Fatih Karagümrük → RC Strasbourg Alsace,Super Lig → Ligue 1,True
37556019,V3_2025_26,2,2,True,Red Bull Salzburg → SS Lazio,Admiral Bundesliga → Serie A,True
37556109,V3_2025_26,2,1,True,Internacional de Bogotá → Cúcuta Deportivo,Liga BetPlay,False
37556151,V3_2025_26,2,1,True,Ayacucho FC → Club Atlético Grau,Primera Division,False
37556433,V3_2025_26,2,1,True,Albirex Niigata → Kashiwa Reysol,J1 League,False
37556463,V3_2025_26,2,2,True,Avispa Fukuoka → FC St. Pauli,J1 League → Bundesliga,True
37556504,V3_2025_26,2,1,True,HNK Vukovar 1991 → GNK Dinamo Zagreb,1. HNL,False
37556736,V3_2025_26,2,2,True,Grenoble Foot 38 → Parma Calcio 1913,Ligue 2 → Serie A,True
37556783,V3_2025_26,3,2,True,KFUM-Kameratene Oslo → Hammarby IF → IF Brommapojkarna,Eliteserien → Allsvenskan,True
37556820,V3_2025_26,2,1,True,FC Krasnodar → FC Sochi,Premier League,False
37556926,V3_2025_26,2,2,True,Újpest FC → Mantova 1911,NB I → Serie B,True
37557853,V3_2025_26,2,1,True,Club Independiente Petrolero → CA Nacional Potosí,Liga De Futbol Prof,False
37557862,V3_2025_26,2,1,True,CD Real Tomayapo → Club Always Ready,Liga De Futbol Prof,False
37558511,V3_2025_26,2,1,True,AFC Unirea 04 Slobozia → FC Hermannstadt,Superliga,False
37558991,V3_2025_26,2,2,True,Brighton & Hove Albion → RB Leipzig,Premier League → Bundesliga,True
37559109,V3_2025_26,2,2,True,Leicester City → VfB Stuttgart,Championship → Bundesliga,True
37559113,V3_2025_26,2,2,True,Excelsior Rotterdam → De Graafschap Doetinchem,Eredivisie → Eerste Divisie,True
37559293,V3_2025_26,2,1,True,Red Bull New York → CF Montréal,Major League Soccer,False
37559294,V3_2025_26,2,1,True,Houston Dynamo FC → Sporting Kansas City,Major League Soccer,False
37559335,V3_2025_26,2,2,True,Deportes Limache → Mazatlán FC,Primera Division → Liga MX,True
37559583,V3_2025_26,2,1,True,CF Estrela Amadora → SL Benfica,Liga Portugal,False
37559768,V3_2025_26,2,2,True,Barnsley FC → Galway United FC,League One → Premier Division,True
37559772,V3_2025_26,2,2,False,Leicester City + Stade Rennais FC,Championship + Ligue 1,True
37559801,V3_2025_26,2,2,True,Bromley FC → Lincoln City,League Two → League One,True
37559850,V3_2025_26,2,2,False,Cambridge United + Blackpool FC,League Two + League One,True
37560671,V3_2025_26,2,1,True,AC Sparta Praha → FK Dukla Prague,Chance Liga,False
37560677,V3_2025_26,2,2,True,KAA Gent → Stade Reims,Pro League → Ligue 2,True
37560706,V3_2025_26,3,1,True,Independiente Medellín → Llaneros FC → Millonarios FC,Liga BetPlay,False
37560881,V3_2025_26,2,2,True,KV Mechelen → Hellas Verona,Pro League → Serie A,True
37560941,V3_2025_26,2,1,True,BFC Daugavpils → FK Auda,Virsliga,False
37560952,V3_2025_26,2,2,False,Bohemian Football Club + Hull City,Premier Division + Championship,True
37561164,V3_2025_26,2,2,False,OFK Beograd + Debreceni VSC,Super Liga + NB I,True
37561281,V3_2025_26,2,1,True,CA Banfield → CA Huracán,Liga Profesional de Fútbol,False
37561337,V3_2025_26,2,1,True,Strømsgodset IF → IK Start,Eliteserien,False
37561382,V3_2025_26,2,2,True,NK Lokomotiva Zagreb → SK Brann,1. HNL → Eliteserien,True
37561582,V3_2025_26,2,1,True,HB Köge → Hilleröd Fodbold,First Division,False
37561591,V3_2025_26,2,2,True,Club NXT → Club Brugge KV,Challenger Pro League → Pro League,True
37561629,V3_2025_26,2,2,False,Huddersfield Town + Leicester City,League One + Championship,True
37561722,V3_2025_26,2,2,True,Jong Genk → KRC Genk,Challenger Pro League → Pro League,True
37561786,V3_2025_26,2,2,True,Sociedade Esportiva Palmeiras → Inter Miami CF,Serie A → Major League Soccer,True
37561805,V3_2025_26,2,2,True,Bodrum FK → Göztepe,1. Lig → Super Lig,True
37561861,V3_2025_26,2,2,True,Botafogo de Futebol e Regatas → Dynamo Moscow,Serie A → Premier League,True
37561914,V3_2025_26,2,1,True,Pau FC → Rodez AF,Ligue 2,False
37561990,V3_2025_26,2,2,True,Red Star Belgrade → AS Saint-Étienne,Super Liga → Ligue 2,True
37562127,V3_2025_26,3,2,False,CA Talleres + Atlanta United FC + CA River Plate,Liga Profesional de Fútbol + Major League Soccer,True
37562171,V3_2025_26,2,2,True,Clube Atlético Mineiro → Al-Taawoun FC,Serie A → Pro League,True
37562173,V3_2025_26,2,1,True,Esporte Clube Bahia → Sport Club Internacional,Serie A,False
37562213,V3_2025_26,2,2,True,Volos FC → Wisla Plock,Super League → Ekstraklasa,True
37562296,V3_2025_26,2,1,True,CD Los Chankas → Club Atlético Grau,Primera Division,False
37562329,V3_2025_26,2,1,True,Sharjah FC → Ajman Club,UAE Pro League,False
37562368,V3_2025_26,2,2,True,Red Bull Bragantino → Zenit St. Petersburg,Serie A → Premier League,True
37562638,V3_2025_26,2,1,True,Junior FC → Cúcuta Deportivo,Liga BetPlay,False
37562699,V3_2025_26,2,2,True,Ceará Sporting Club → Zalaegerszegi TE FC,Serie A → NB I,True
37562820,V3_2025_26,2,2,True,Cork City FC → Sheffield Wednesday,Premier Division → Championship,True
37562822,V3_2025_26,2,1,True,Sheffield Wednesday → Wrexham AFC,Championship,False
37562870,V3_2025_26,2,2,True,FK Vojvodina Novi Sad → Charlton Athletic,Super Liga → Championship,True
37562934,V3_2025_26,2,1,True,Club Deportivo Oriente Petrolero → CA Nacional Potosí,Liga De Futbol Prof,False
37563059,V3_2025_26,2,2,False,Konyaspor + PSV Eindhoven,Super Lig + Eredivisie,True
37563154,V3_2025_26,3,2,True,Beşiktaş JK → Serik Spor → Sakaryaspor,Super Lig → 1. Lig,True
37563181,V3_2025_26,2,1,True,Trabzonspor → Konyaspor,Super Lig,False
37563480,V3_2025_26,3,2,False,Rio Ave FC + Cruzeiro Esporte Clube + Fortaleza Esporte Clube,Liga Portugal + Serie A,True
37563492,V3_2025_26,2,2,True,Deportivo Cali → FC Alverca,Liga BetPlay → Liga Portugal,True
37563625,V3_2025_26,2,2,True,AA Argentinos Juniors → Zenit St. Petersburg,Liga Profesional de Fútbol → Premier League,True
37563663,V3_2025_26,2,2,False,Pendikspor + Eyüpspor,1. Lig + Super Lig,True
37563793,V3_2025_26,2,1,True,TSG 1899 Hoffenheim → FC Augsburg,Bundesliga,False
37563865,V3_2025_26,2,2,True,Clube Atlético Mineiro → Al-Wasl SC,Serie A → UAE Pro League,True
37563866,V3_2025_26,2,2,True,Girona FC → Birmingham City,La Liga → Championship,True
37563937,V3_2025_26,2,2,True,Charlton Athletic → Blackpool FC,Championship → League One,True
37564162,V3_2025_26,2,2,True,UNAM Pumas → Sydney FC,Liga MX → A-League Men,True
37564186,V3_2025_26,2,1,True,Club Sporting Cristal → Sport Boys Association,Primera Division,False
37564246,V3_2025_26,2,2,True,GAIS → Blackburn Rovers,Allsvenskan → Championship,True
37564256,V3_2025_26,2,1,True,Alianza Atlético Sullana → Comerciantes Unidos,Primera Division,False
37564280,V3_2025_26,2,2,True,CA Banfield → CSKA Moscow,Liga Profesional de Fútbol → Premier League,True
37564286,V3_2025_26,2,1,False,Club Atlético Tucumán + Defensa y Justicia,Liga Profesional de Fútbol,False
37564292,V3_2025_26,2,2,True,Deportes La Serena → AA Argentinos Juniors,Primera Division → Liga Profesional de Fútbol,True
37564320,V3_2025_26,2,2,True,Atlético Nacional → Riga FC,Liga BetPlay → Virsliga,True
37564402,V3_2025_26,2,2,True,Celtic FC → Bolton Wanderers,Premiership → League One,True
37564565,V3_2025_26,2,2,True,Beşiktaş JK → SC Braga,Super Lig → Liga Portugal,True
37564616,V3_2025_26,2,1,True,Zalaegerszegi TE FC → Újpest FC,NB I,False
37564744,V3_2025_26,2,2,True,Getafe CF → RSC Anderlecht,La Liga → Pro League,True
37565025,V3_2025_26,2,1,True,Luton Town → Blackpool FC,League One,False
37565112,V3_2025_26,2,1,False,Club Jorge Wilstermann + Real Potosí,Liga De Futbol Prof,False
37565251,V3_2025_26,2,1,True,Cagliari Calcio → Torino FC,Serie A,False
37565269,V3_2025_26,2,2,True,Aberdeen FC → Salford City,Premiership → League Two,True
37565350,V3_2025_26,2,2,True,Aalborg BK → ADO Den Haag,First Division → Eerste Divisie,True
37565360,V3_2025_26,2,2,True,IFK Värnamo → Damac FC,Allsvenskan → Pro League,True
37565378,V3_2025_26,2,1,True,Mantova 1911 → SSC Bari,Serie B,False
37565513,V3_2025_26,2,2,True,FCV Dender EH → FC Annecy,Pro League → Ligue 2,True
37565574,V3_2025_26,2,1,True,Club The Strongest → Club Always Ready,Liga De Futbol Prof,False
37566180,V3_2025_26,2,1,True,Shanghai Port → Henan FC,Super League,False
37566216,V3_2025_26,2,1,True,Llaneros FC → Alianza FC,Liga BetPlay,False
37566503,V3_2025_26,2,1,True,Spartak Trnava → MFK Skalica,Niké Liga,False
37566511,V3_2025_26,2,2,True,Grasshopper Club Zurich → Mantova 1911,Super League → Serie B,True
37566512,V3_2025_26,2,2,True,Rio Ave FC → OFI Crete,Liga Portugal → Super League,True
37566514,V3_2025_26,2,2,True,FC Slovan Liberec → Lincoln City,Chance Liga → League One,True
37566650,V3_2025_26,2,2,True,FC Utrecht U21 → FC Utrecht,Eerste Divisie → Eredivisie,True
37566671,V3_2025_26,2,2,True,Vitória Guimarães SC → FK Vojvodina Novi Sad,Liga Portugal → Super Liga,True
37566882,V3_2025_26,2,2,True,Sporting CP → SSC Napoli,Liga Portugal → Serie A,True
37566951,V3_2025_26,2,1,True,Bristol Rovers → Tranmere Rovers,League Two,False
37567009,V3_2025_26,2,2,False,Colchester United + Ipswich Town,League Two + Championship,True
37567258,V3_2025_26,2,2,True,AA Argentinos Juniors → Club Alianza Lima,Liga Profesional de Fútbol → Primera Division,True
37567267,V3_2025_26,2,2,True,Fortaleza Esporte Clube → Club Estudiantes de La Plata,Serie A → Liga Profesional de Fútbol,True
37567286,V3_2025_26,2,2,True,Inter Miami CF → Elche CF,Major League Soccer → La Liga,True
37567289,V3_2025_26,2,2,True,Rangers FC → Sociedade Esportiva Palmeiras,Premiership → Serie A,True
37567295,V3_2025_26,2,1,True,Red Bull Bragantino → Esporte Clube Vitória,Serie A,False
37567301,V3_2025_26,2,1,True,Real Oruro → Blooming Santa Cruz,Liga De Futbol Prof,False
37567303,V3_2025_26,2,1,True,Club Deportivo Guabirá → Blooming Santa Cruz,Liga De Futbol Prof,False
37567320,V3_2025_26,2,2,True,Fortaleza Esporte Clube → Maccabi Tel Aviv,Serie A → Ligat ha'Al,True
37567341,V3_2025_26,2,1,True,HNK Vukovar 1991 → NK Osijek,1. HNL,False
37567350,V3_2025_26,2,2,True,RSC Anderlecht → Sunderland AFC,Pro League → Premier League,True
37567374,V3_2025_26,2,2,False,Independiente Medellín + CA Talleres,Liga BetPlay + Liga Profesional de Fútbol,True
37567378,V3_2025_26,2,1,True,Club Deportivo Oriente Petrolero → San Antonio Bulo Bulo,Liga De Futbol Prof,False
37567392,V3_2025_26,2,1,True,Independiente Santa Fe → Fortaleza CEIF,Liga BetPlay,False
37567566,V3_2025_26,2,2,True,Kashiwa Reysol → Cerezo Osaka,J1 League → J1 100 Year Vision League,True
37567578,V3_2025_26,2,1,True,Tianjin Jinmen Tiger → Yunnan Yukun,Super League,False
37568010,V3_2025_26,3,2,True,AZ Alkmaar U21 → AZ Alkmaar → Heracles Almelo,Eerste Divisie → Eredivisie,True
37568016,V3_2025_26,2,1,True,Meizhou Hakka → Tianjin Jinmen Tiger,Super League,False
37568089,V3_2025_26,2,2,True,CA Barracas Central → CD Ñublense,Liga Profesional de Fútbol → Primera Division,True
37568118,V3_2025_26,2,1,True,CA Aldosivi → CA Newell's Old Boys,Liga Profesional de Fútbol,False
37568123,V3_2025_26,2,1,True,CA Newell's Old Boys → CA Central Córdoba (SdE),Liga Profesional de Fútbol,False
37568138,V3_2025_26,2,1,False,CA Aldosivi + CA Huracán,Liga Profesional de Fútbol,False
37568158,V3_2025_26,2,1,False,CA Rosario Central + Gimnasia y Esgrima de Mendoza,Liga Profesional de Fútbol,False
37568172,V3_2025_26,2,2,False,Club Estudiantes de La Plata + Inter Milan,Liga Profesional de Fútbol + Serie A,True
37568273,V3_2025_26,2,2,True,MSK Zilina → FK Pardubice,Niké Liga → Chance Liga,True
37568411,V3_2025_26,2,1,True,Al-Hazem SC → Al-Shabab FC,Pro League,False
37568511,V3_2025_26,2,2,True,AZ Alkmaar → Bayer 04 Leverkusen,Eredivisie → Bundesliga,True
37568512,V3_2025_26,2,2,False,AZ Alkmaar U21 + AZ Alkmaar,Eerste Divisie + Eredivisie,True
37568513,V3_2025_26,2,2,True,AZ Alkmaar → AZ Alkmaar U21,Eredivisie → Eerste Divisie,True
37568565,V3_2025_26,2,2,True,Mjällby AIF → Aalesunds FK,Allsvenskan → Eliteserien,True
37568652,V3_2025_26,2,2,True,Kayserispor → Sakaryaspor,Super Lig → 1. Lig,True
37568666,V3_2025_26,2,1,True,Club Atlético Belgrano → CA Central Córdoba (SdE),Liga Profesional de Fútbol,False
37568721,V3_2025_26,2,1,True,Hellas Verona → SSC Napoli,Serie A,False
37568748,V3_2025_26,3,3,False,Royal Antwerp FC + PSV Eindhoven U21 + PSV Eindhoven,Pro League + Eerste Divisie + Eredivisie,True
37568775,V3_2025_26,2,2,True,CSD Colo-Colo → Clube de Regatas Vasco da Gama,Primera Division → Serie A,True
37568808,V3_2025_26,2,2,True,Arsenal FC → Olympique Marseille,Premier League → Ligue 1,True
37568811,V3_2025_26,2,1,True,Barnsley FC → Wigan Athletic,League One,False
37569216,V3_2025_26,2,1,True,Bohemians Prague 1905 → FC Viktoria Plzen,Chance Liga,False
37569331,V3_2025_26,2,2,True,Seattle Sounders FC → Atlético de Madrid,Major League Soccer → La Liga,True
37569395,V3_2025_26,2,1,True,SJK Seinäjoki → Kuopion Palloseura,Veikkausliiga,False
37569480,V3_2025_26,2,1,True,Club Sporting Cristal → Comerciantes Unidos,Primera Division,False
37569514,V3_2025_26,2,2,True,FC Volendam → Almere City FC,Eredivisie → Eerste Divisie,True
37569718,V3_2025_26,2,2,True,Bohemian Football Club → Doncaster Rovers,Premier Division → League One,True
37569719,V3_2025_26,2,2,True,SK Sturm Graz → IF Elfsborg,Admiral Bundesliga → Allsvenskan,True
37569795,V3_2025_26,2,2,True,IK Sirius → Silkeborg IF,Allsvenskan → Superliga,True
37569822,V3_2025_26,2,2,True,Kristiansund BK → VfL Bochum,Eliteserien → 2. Bundesliga,True
37569875,V3_2025_26,2,1,True,SJK Seinäjoki → IFK Mariehamn,Veikkausliiga,False
37570289,V3_2025_26,2,2,True,Real Zaragoza → Jagiellonia Bialystok,La Liga 2 → Ekstraklasa,True
37570374,V3_2025_26,2,1,True,CA Banfield → CA Talleres,Liga Profesional de Fútbol,False
37570438,V3_2025_26,2,1,True,Universidad Técnica de Cajamarca → Sport Boys Association,Primera Division,False
37570626,V3_2025_26,2,1,True,AC Sparta Praha → FK Jablonec,Chance Liga,False
37570658,V3_2025_26,2,1,True,Toronto FC → Colorado Rapids,Major League Soccer,False
37570741,V3_2025_26,2,1,True,FK Tukums 2000 → FS Jelgava,Virsliga,False
37570809,V3_2025_26,2,1,True,Atlanta United FC → Colorado Rapids,Major League Soccer,False
37570973,V3_2025_26,2,1,True,Fluminense Football Club → Coritiba Foot Ball Club,Serie A,False
37571016,V3_2025_26,2,1,False,Querétaro FC + CF Pachuca,Liga MX,False
37571435,V3_2025_26,2,2,True,Slaven Belupo Koprivnica → Hibernian FC,1. HNL → Premiership,True
37571858,V3_2025_26,3,2,True,Club Estudiantes de La Plata → CA River Plate → Getafe CF,Liga Profesional de Fútbol → La Liga,True
37572227,V3_2025_26,2,1,True,Göztepe → Beşiktaş JK,Super Lig,False
37572568,V3_2025_26,2,1,True,Urawa Red Diamonds → FC Tokyo,J1 League,False
37572588,V3_2025_26,2,2,True,Peterborough United → BK Häcken,League One → Allsvenskan,True
37573014,V3_2025_26,2,1,True,Cork City FC → Sligo Rovers,Premier Division,False
37573486,V3_2025_26,2,1,False,Fagiano Okayama + Vissel Kobe,J1 League,False
37573493,V3_2025_26,2,1,True,Tokyo Verdy → Nagoya Grampus,J1 League,False
37573865,V3_2025_26,2,2,True,Degerfors IF → Shelbourne FC,Allsvenskan → Premier Division,True
37573971,V3_2025_26,2,2,True,Udinese Calcio → Watford FC,Serie A → Championship,True
37574048,V3_2025_26,2,2,True,Tromsø IL → Royal Charleroi SC,Eliteserien → Pro League,True
37574295,V3_2025_26,2,2,True,Rosenborg BK → LOSC Lille,Eliteserien → Ligue 1,True
37574339,V3_2025_26,2,2,True,UMF Afturelding → Kristiansund BK,Besta deild → Eliteserien,True
37574352,V3_2025_26,2,1,True,CSKA Moscow → Krylya Sovetov Samara,Premier League,False
37574390,V3_2025_26,2,1,True,Urawa Red Diamonds → Shonan Bellmare,J1 League,False
37574526,V3_2025_26,2,2,True,CSD Colo-Colo → Elche CF,Primera Division → La Liga,True
37574651,V3_2025_26,2,1,True,KFUM-Kameratene Oslo → Sarpsborg 08 FF,Eliteserien,False
37574748,V3_2025_26,2,1,True,Deportivo Binacional → Asociación Deportiva Tarma,Primera Division,False
37574967,V3_2025_26,2,1,True,Deportivo Binacional → FC Cajamarca,Primera Division,False
37575224,V3_2025_26,2,1,True,Cork City FC → Waterford FC,Premier Division,False
37575276,V3_2025_26,2,2,True,Sarpsborg 08 FF → Red Star Belgrade,Eliteserien → Super Liga,True
37575297,V3_2025_26,2,2,True,FBC Melgar → CA San Lorenzo de Almagro,Primera Division → Liga Profesional de Fútbol,True
37575349,V3_2025_26,2,2,True,Audax Italiano → CS Independiente Rivadavia,Primera Division → Liga Profesional de Fútbol,True
37575391,V3_2025_26,2,2,True,Gaziantep FK → Sariyer,Super Lig → 1. Lig,True
37575659,V3_2025_26,2,2,True,Sport Club do Recife → FC Orenburg,Serie A → Premier League,True
37575888,V3_2025_26,3,1,True,Club Always Ready → Club Deportivo Guabirá → Club Deportivo Oriente Petrolero,Liga De Futbol Prof,False
37575913,V3_2025_26,2,2,True,Bolívar La Paz → Akron Tolyatti,Liga De Futbol Prof → Premier League,True
37575918,V3_2025_26,2,2,True,CS Independiente Rivadavia → Club Juan Pablo II College,Liga Profesional de Fútbol → Primera Division,True
37576062,V3_2025_26,2,1,True,Baltika Kaliningrad → Akhmat Grozny,Premier League,False
37576183,V3_2025_26,2,2,True,Envigado FC → Club León FC,Liga BetPlay → Liga MX,True
37576215,V3_2025_26,2,1,True,Vitória Guimarães SC → Avs Futebol,Liga Portugal,False
37576271,V3_2025_26,2,1,True,Comerciantes Unidos → Universidad Técnica de Cajamarca,Primera Division,False
37576441,V3_2025_26,2,1,True,Gillingham FC → Cambridge United,League Two,False
37576497,V3_2025_26,2,1,False,SK Sigma Olomouc + SK Slavia Prague,Chance Liga,False
37576531,V3_2025_26,2,1,True,1.FC Nuremberg → Arminia Bielefeld,2. Bundesliga,False
37576870,V3_2025_26,2,1,True,Changchun Yatai → Beijing Guoan,Super League,False
37577112,V3_2025_26,2,1,True,CD Godoy Cruz Antonio Tomba → Club Atlético Tigre,Liga Profesional de Fútbol,False
37577120,V3_2025_26,2,1,True,Once Caldas → Independiente Santa Fe,Liga BetPlay,False
37577345,V3_2025_26,2,2,True,Ilves Tampere → Kalmar FF,Veikkausliiga → Allsvenskan,True
37577431,V3_2025_26,2,2,True,FC Nordsjaelland → Preußen Münster,Superliga → 2. Bundesliga,True
37577447,V3_2025_26,2,2,True,Göztepe → FC Toulouse,Super Lig → Ligue 1,True
37577451,V3_2025_26,2,2,True,Botafogo de Futebol e Regatas → Real Salt Lake City,Serie A → Major League Soccer,True
37577660,V3_2025_26,2,2,True,Rosenborg BK → Middlesbrough FC,Eliteserien → Championship,True
37577731,V3_2025_26,2,2,True,Deportivo Garcilaso → CA Central Córdoba (SdE),Primera Division → Liga Profesional de Fútbol,True
37577768,V3_2025_26,2,2,False,Amiens SC + FC Schalke 04,Ligue 2 + 2. Bundesliga,True
37577787,V3_2025_26,2,1,True,Bohemians Prague 1905 → FK Jablonec,Chance Liga,False
37577821,V3_2025_26,2,2,True,CF Montréal → Deportivo Cali,Major League Soccer → Liga BetPlay,True
37577857,V3_2025_26,2,2,True,Club Atlético Platense → Panathinaikos,Liga Profesional de Fútbol → Super League,True
37577874,V3_2025_26,2,1,True,AC Sparta Praha → FC Hradec Kralove,Chance Liga,False
37578333,V3_2025_26,2,2,False,MVV Maastricht + Sarpsborg 08 FF,Eerste Divisie + Eliteserien,True
37578364,V3_2025_26,2,1,True,MSK Zilina → Zeleziarne Podbrezova,Niké Liga,False
37578413,V3_2025_26,2,1,False,Rayo Vallecano + Atlético de Madrid,La Liga,False
37578508,V3_2025_26,2,1,True,Defensa y Justicia → CA Unión (Santa Fe),Liga Profesional de Fútbol,False
37578786,V3_2025_26,2,2,False,Amiens SC + Paris FC,Ligue 2 + Ligue 1,True
37578836,V3_2025_26,2,2,True,SC Braga → Al-Ittihad Club,Liga Portugal → Pro League,True
37578940,V3_2025_26,2,1,True,Deportivo Toluca → Club León FC,Liga MX,False
37578943,V3_2025_26,2,1,True,Diósgyőri VTK → MTK Budapest,NB I,False
37579360,V3_2025_26,2,2,True,RC Strasbourg Alsace → Club Brugge KV,Ligue 1 → Pro League,True
37579419,V3_2025_26,2,2,False,K Lierse SK + HNK Vukovar 1991,Challenger Pro League + 1. HNL,True
37579645,V3_2025_26,2,2,True,Rio Ave FC → Olympiacos Piraeus,Liga Portugal → Super League,True
37579675,V3_2025_26,3,2,False,Gamba Osaka + Vissel Kobe + Sanfrecce Hiroshima,J1 League + J1 100 Year Vision League,True
37579757,V3_2025_26,2,2,True,FC Augsburg → Hannover 96,Bundesliga → 2. Bundesliga,True
37579793,V3_2025_26,2,2,True,Rodez AF → Millwall FC,Ligue 2 → Championship,True
37579896,V3_2025_26,3,2,False,MFK Ruzomberok + FK Pardubice + FC Slovan Liberec,Niké Liga + Chance Liga,True
37579987,V3_2025_26,2,1,True,SK Super Nova → Ogre United,Virsliga,False
37579989,V3_2025_26,2,1,True,SK Super Nova → FS Jelgava,Virsliga,False
37580074,V3_2025_26,2,1,True,FK Metta → FS Jelgava,Virsliga,False
37580681,V3_2025_26,2,1,True,Aarhus GF → Vejle Boldklub,Superliga,False
37580790,V3_2025_26,2,1,True,Aarhus Fremad → Aalborg BK,First Division,False
37581534,V3_2025_26,2,1,True,Mansfield Town → Northampton Town,League One,False
37581536,V3_2025_26,2,2,True,Motherwell FC → Fleetwood Town,Premiership → League Two,True
37581746,V3_2025_26,2,1,True,Rotherham United → Port Vale FC,League One,False
37581761,V3_2025_26,2,2,True,Livingston FC → Kocaelispor,Premiership → Super Lig,True
37581766,V3_2025_26,2,1,True,Hull City → Sheffield Wednesday,Championship,False
37581800,V3_2025_26,2,2,False,Odense Boldklub + Fortuna Düsseldorf,Superliga + 2. Bundesliga,True
37582096,V3_2025_26,2,2,True,1.FC Nuremberg → Red Bull Salzburg,2. Bundesliga → Admiral Bundesliga,True
37582118,V3_2025_26,2,2,True,Paris FC → USL Dunkerque,Ligue 1 → Ligue 2,True
37582531,V3_2025_26,3,3,False,PSV Eindhoven U21 + Levante UD + PSV Eindhoven,Eerste Divisie + La Liga + Eredivisie,True
37582671,V3_2025_26,2,1,True,CD Godoy Cruz Antonio Tomba → Defensa y Justicia,Liga Profesional de Fútbol,False
37582741,V3_2025_26,2,2,True,Leyton Orient → Tranmere Rovers,League One → League Two,True
37583292,V3_2025_26,2,1,True,AIK → Degerfors IF,Allsvenskan,False
37583460,V3_2025_26,2,2,True,Stade Brestois 29 → Clermont Foot 63,Ligue 1 → Ligue 2,True
37583526,V3_2025_26,3,2,False,AZ Alkmaar U21 + SC Telstar + AZ Alkmaar,Eerste Divisie + Eredivisie,True
37583530,V3_2025_26,2,2,True,FC RFS → OFK Beograd,Virsliga → Super Liga,True
37583696,V3_2025_26,2,2,True,PSV Eindhoven U21 → PSV Eindhoven,Eerste Divisie → Eredivisie,True
37583801,V3_2025_26,2,2,True,Red Star Belgrade → Fatih Karagümrük,Super Liga → Super Lig,True
37583806,V3_2025_26,2,2,True,Vissel Kobe → CD Santa Clara,J1 League → Liga Portugal,True
37583815,V3_2025_26,2,2,True,FK Radnicki 1923 Kragujevac → Wuhan Three Towns,Super Liga → Super League,True
37583918,V3_2025_26,2,1,True,Marumo Gallants FC → Orlando Pirates,Premier League,False
37583924,V3_2025_26,2,1,True,Magesi FC → TS Galaxy FC,Premier League,False
37583950,V3_2025_26,2,1,False,Ironi Kiryat Shmona + Beitar Jerusalem,Ligat ha'Al,False
37584205,V3_2025_26,3,2,True,Rionegro Águilas → San Antonio Bulo Bulo → Blooming Santa Cruz,Liga BetPlay → Liga De Futbol Prof,True
37584211,V3_2025_26,2,1,True,Deportivo Binacional → Alianza Atlético Sullana,Primera Division,False
37584215,V3_2025_26,2,2,True,Rayo Vallecano → Cádiz CF,La Liga → La Liga 2,True
37584629,V3_2025_26,2,1,True,KAS Eupen → Francs Borains,Challenger Pro League,False
37584657,V3_2025_26,2,2,True,Stade Reims → 1.FC Kaiserslautern,Ligue 2 → 2. Bundesliga,True
37584705,V3_2025_26,2,2,True,AC Milan → AFC Bournemouth,Serie A → Premier League,True
37584732,V3_2025_26,2,2,True,Zeleziarne Podbrezova → FK Pardubice,Niké Liga → Chance Liga,True
37585988,V3_2025_26,2,2,True,Orlando City SC → Atlético Nacional,Major League Soccer → Liga BetPlay,True
37586352,V3_2025_26,2,1,True,FC Haka → SJK Seinäjoki,Veikkausliiga,False
37586355,V3_2025_26,2,1,True,FC Inter Turku → SJK Seinäjoki,Veikkausliiga,False
37586356,V3_2025_26,2,2,False,SJK Seinäjoki + FC Banik Ostrava,Veikkausliiga + Chance Liga,True
37586358,V3_2025_26,2,1,False,FC KTP + Kuopion Palloseura,Veikkausliiga,False
37586362,V3_2025_26,2,1,False,IF Gnistan + HJK Helsinki,Veikkausliiga,False
37586365,V3_2025_26,2,1,True,HJK Helsinki → FF Jaro,Veikkausliiga,False
37586707,V3_2025_26,2,1,True,Wycombe Wanderers → Mansfield Town,League One,False
37587261,V3_2025_26,2,1,True,Zaglebie Lubin → Lechia Gdansk,Ekstraklasa,False
37587263,V3_2025_26,2,1,True,Zaglebie Lubin → Raków Częstochowa,Ekstraklasa,False
37587454,V3_2025_26,2,2,True,SD Huesca → Deportivo Alavés,La Liga 2 → La Liga,True
37587573,V3_2025_26,2,2,False,Rangers FC + Everton FC,Premiership + Premier League,True
37587578,V3_2025_26,3,2,False,Kristiansund BK + Sarpsborg 08 FF + San Diego FC,Eliteserien + Major League Soccer,True
37588092,V3_2025_26,2,1,True,SK Super Nova → FK Tukums 2000,Virsliga,False
37588144,V3_2025_26,2,2,True,FC Dallas → Al-Riyadh SC,Major League Soccer → Pro League,True
37588236,V3_2025_26,2,2,True,Udinese Calcio → UD Las Palmas,Serie A → La Liga 2,True
37589712,V3_2025_26,2,2,True,Jong KAA Gent → KAA Gent,Challenger Pro League → Pro League,True
37589769,V3_2025_26,2,1,True,Virtus Entella → Delfino Pescara 1936,Serie B,False
37590188,V3_2025_26,2,2,True,Doncaster Rovers → Blackburn Rovers,League One → Championship,True
37590192,V3_2025_26,2,1,True,Cork City FC → Waterford FC,Premier Division,False
37590232,V3_2025_26,2,1,True,Bohemian Football Club → Sligo Rovers,Premier Division,False
37590239,V3_2025_26,2,1,True,Igdir FK → Sariyer,1. Lig,False
37590383,V3_2025_26,2,2,True,Aalborg BK → Silkeborg IF,First Division → Superliga,True
37590567,V3_2025_26,2,1,True,Sport Boys Association → FC Cajamarca,Primera Division,False
37590627,V3_2025_26,2,2,False,Jong KAA Gent + KAA Gent,Challenger Pro League + Pro League,True
37590639,V3_2025_26,2,2,True,Club NXT → Lyngby Boldklub,Challenger Pro League → First Division,True
37590697,V3_2025_26,2,2,True,Brighton & Hove Albion → Paris FC,Premier League → Ligue 1,True
37590820,V3_2025_26,2,1,True,Defensa y Justicia → CD Godoy Cruz Antonio Tomba,Liga Profesional de Fútbol,False
37590907,V3_2025_26,2,2,False,Pau FC + FC Augsburg,Ligue 2 + Bundesliga,True
37590934,V3_2025_26,2,1,True,Bayer 04 Leverkusen → VfL Wolfsburg,Bundesliga,False
37591495,V3_2025_26,2,1,True,Al-Qadsiah FC → Al-Hazem SC,Pro League,False
37591826,V3_2025_26,2,2,True,Olympique Lyon → VfL Wolfsburg,Ligue 1 → Bundesliga,True
37592022,V3_2025_26,2,2,False,FK Novi Pazar + AFC Bournemouth,Super Liga + Premier League,True
37592294,V3_2025_26,2,2,False,WSG Tirol + SG Dynamo Dresden,Admiral Bundesliga + 2. Bundesliga,True
37592316,V3_2025_26,2,2,True,Southampton FC → Hamburger SV,Championship → Bundesliga,True
37592468,V3_2025_26,2,1,True,Racing Santander → FC Andorra,La Liga 2,False
37592644,V3_2025_26,2,2,True,CF Estrela Amadora → US Lecce,Liga Portugal → Serie A,True
37592714,V3_2025_26,2,1,True,Baltika Kaliningrad → Spartak Moscow,Premier League,False
37592739,V3_2025_26,2,2,True,Malmö FF → Borussia Mönchengladbach,Allsvenskan → Bundesliga,True
37592743,V3_2025_26,2,2,False,Carrarese Calcio 1908 + Juventus FC,Serie B + Serie A,True
37592744,V3_2025_26,2,2,False,Carrarese Calcio 1908 + SSC Napoli,Serie B + Serie A,True
37592778,V3_2025_26,3,2,True,Hamarkameratene → Molde FK → Sparta Rotterdam,Eliteserien → Eredivisie,True
37592790,V3_2025_26,2,2,True,UC Sampdoria → UD Las Palmas,Serie B → La Liga 2,True
37592951,V3_2025_26,2,2,True,Stade Reims → Cercle Brugge,Ligue 2 → Pro League,True
37593153,V3_2025_26,2,2,True,Southampton FC → West Ham United,Championship → Premier League,True
37593161,V3_2025_26,2,1,False,Moreirense FC + Sporting CP,Liga Portugal,False
37593165,V3_2025_26,2,2,True,FC Utrecht → FC Utrecht U21,Eredivisie → Eerste Divisie,True
37593168,V3_2025_26,2,2,True,Burnley FC → Derby County,Premier League → Championship,True
37593191,V3_2025_26,2,2,False,FC Universitatea Cluj + UC Sampdoria,Superliga + Serie B,True
37593200,V3_2025_26,2,2,True,Sönderjyske Fodbold → IF Brommapojkarna,Superliga → Allsvenskan,True
37593234,V3_2025_26,2,1,True,Al-Shamal SC → Al-Sadd SC,Stars League,False
37593238,V3_2025_26,2,2,True,RKC Waalwijk → FC Twente Enschede,Eerste Divisie → Eredivisie,True
37593264,V3_2025_26,2,2,True,FC Zürich → Coventry City,Super League → Championship,True
37593283,V3_2025_26,2,2,True,FC Sochi → Al-Jazira Club,Premier League → UAE Pro League,True
37593800,V3_2025_26,2,1,True,Sandefjord Fotball → Hamarkameratene,Eliteserien,False
37594534,V3_2025_26,2,1,True,FCSB → FC Universitatea Cluj,Superliga,False
37594800,V3_2025_26,2,2,True,Perth Glory → Heracles Almelo,A-League Men → Eredivisie,True
37594987,V3_2025_26,2,1,True,Swindon Town → Salford City,League Two,False
37595214,V3_2025_26,2,2,True,Riga FC → Grasshopper Club Zurich,Virsliga → Super League,True
37595218,V3_2025_26,2,2,True,1.FC Nuremberg → FC Toulouse,2. Bundesliga → Ligue 1,True
37595970,V3_2025_26,2,2,True,FC Metz → USL Dunkerque,Ligue 1 → Ligue 2,True
37596356,V3_2025_26,2,2,True,Cerezo Osaka → Almere City FC,J1 League → Eerste Divisie,True
37596447,V3_2025_26,2,2,True,HNK Gorica → Pogon Szczecin,1. HNL → Ekstraklasa,True
37596513,V3_2025_26,2,1,True,AC Monza → SS Juve Stabia,Serie B,False
37596532,V3_2025_26,2,1,True,SSC Napoli → Torino FC,Serie A,False
37596566,V3_2025_26,2,1,True,Tromsø IL → Bryne FK,Eliteserien,False
37596742,V3_2025_26,2,2,True,Royal Charleroi SC → EA Guingamp,Pro League → Ligue 2,True
37596980,V3_2025_26,2,1,True,Al Ahly FC → El Masry SC,Premier League,False
37597012,V3_2025_26,2,2,True,K Lierse SK → Zulte Waregem,Challenger Pro League → Pro League,True
37597195,V3_2025_26,2,1,True,FK Jablonec → FK Dukla Prague,Chance Liga,False
37597391,V3_2025_26,2,1,True,FC Rapid 1923 → FC Universitatea Cluj,Superliga,False
37597409,V3_2025_26,3,3,False,Kawasaki Frontale + Borussia Mönchengladbach + Tottenham Hotspur,J1 League + Bundesliga + Premier League,True
37597738,V3_2025_26,2,2,False,FC Augsburg + Sporting CP,Bundesliga + Liga Portugal,True
37597759,V3_2025_26,2,1,True,Avs Futebol → FC Alverca,Liga Portugal,False
37597889,V3_2025_26,2,2,True,AZ Alkmaar U21 → AZ Alkmaar,Eerste Divisie → Eredivisie,True
37597897,V3_2025_26,2,1,True,AZ Alkmaar U21 → Helmond Sport,Eerste Divisie,False
37597898,V3_2025_26,3,2,True,AZ Alkmaar U21 → AZ Alkmaar → FC Volendam,Eerste Divisie → Eredivisie,True
37597971,V3_2025_26,2,2,True,Red Star Belgrade → CF Estrela Amadora,Super Liga → Liga Portugal,True
37598806,V3_2025_26,2,1,True,FK Metta → Ogre United,Virsliga,False
37599084,V3_2025_26,2,2,True,LOSC Lille → US Boulogne,Ligue 1 → Ligue 2,True
37599159,V3_2025_26,2,2,True,FC Zürich → Mantova 1911,Super League → Serie B,True
37599305,V3_2025_26,2,2,True,SSC Napoli → Modena FC,Serie A → Serie B,True
37599315,V3_2025_26,3,2,False,Delfino Pescara 1936 + Cesena FC + Bologna FC 1909,Serie B + Serie A,True
37599406,V3_2025_26,2,1,True,Nyíregyháza Spartacus → Paksi FC,NB I,False
37599445,V3_2025_26,2,1,True,Houston Dynamo FC → New England Revolution,Major League Soccer,False
37599454,V3_2025_26,2,1,True,UMF Afturelding → FH Hafnarfjördur,Besta deild,False
37599469,V3_2025_26,2,2,False,US Avellino 1912 + US Sassuolo,Serie B + Serie A,True
37599480,V3_2025_26,2,1,True,Sanfrecce Hiroshima → Albirex Niigata,J1 League,False
37599597,V3_2025_26,2,2,True,OFK Beograd → Rio Ave FC,Super Liga → Liga Portugal,True
37599632,V3_2025_26,3,3,True,Kolding IF → Hamarkameratene → FF Jaro,First Division → Eliteserien → Veikkausliiga,True
37599918,V3_2025_26,3,3,False,Jong KAA Gent + USL Dunkerque + KAA Gent,Challenger Pro League + Ligue 2 + Pro League,True
37599990,V3_2025_26,2,1,True,Delfino Pescara 1936 → Venezia FC,Serie B,False
37600075,V3_2025_26,2,2,True,FC Viktoria Plzen → Pisa Sporting Club,Chance Liga → Serie A,True
37600173,V3_2025_26,2,2,False,Stockport County + Bristol City,League One + Championship,True
37600197,V3_2025_26,2,2,True,Cheltenham Town → Port Vale FC,League Two → League One,True
37600242,V3_2025_26,2,2,True,Genoa CFC → Racing Club,Serie A → Liga Profesional de Fútbol,True
37600255,V3_2025_26,2,2,True,AZ Alkmaar U21 → AZ Alkmaar,Eerste Divisie → Eredivisie,True
37600503,V3_2025_26,2,1,True,FC Krasnodar → CSKA Moscow,Premier League,False
37600507,V3_2025_26,2,1,True,FC Rapid 1923 → FC Metaloglobus Bucharest,Superliga,False
37600531,V3_2025_26,2,1,False,Rubin Kazan + Zenit St. Petersburg,Premier League,False
37600543,V3_2025_26,2,2,True,UNAM Pumas → Red Bull New York,Liga MX → Major League Soccer,True
37600577,V3_2025_26,2,2,True,NK Lokomotiva Zagreb → SK Sigma Olomouc,1. HNL → Chance Liga,True
37600595,V3_2025_26,2,2,True,Royal Antwerp FC → Pisa Sporting Club,Pro League → Serie A,True
37600639,V3_2025_26,2,1,True,Red Star Belgrade → OFK Beograd,Super Liga,False
37600779,V3_2025_26,2,1,True,Zalaegerszegi TE FC → Kazincbarcikai SC,NB I,False
37600810,V3_2025_26,2,1,False,FC Lausanne-Sport + FC Basel 1893,Super League,False
37600886,V3_2025_26,2,2,True,Halmstads BK → Lech Poznań,Allsvenskan → Ekstraklasa,True
37601178,V3_2025_26,2,1,True,Ghazl El Mahalla → El Sharkia Enppi FC,Premier League,False
37601270,V3_2025_26,3,2,False,Spezia Calcio + Pisa Sporting Club + Atalanta BC,Serie B + Serie A,True
37601305,V3_2025_26,2,2,True,Deportivo Guadalajara → Fortaleza CEIF,Liga MX → Liga BetPlay,True
37601827,V3_2025_26,2,2,True,FH Hafnarfjördur → AIK,Besta deild → Allsvenskan,True
37601923,V3_2025_26,2,2,True,FC Nordsjaelland → Ipswich Town,Superliga → Championship,True
37602079,V3_2025_26,2,1,True,Elche CF → Atlético de Madrid,La Liga,False
37602508,V3_2025_26,2,2,False,Leyton Orient + Manchester United,League One + Premier League,True
37602698,V3_2025_26,3,3,True,CA Newell's Old Boys → Club Necaxa → Atlanta United FC,Liga Profesional de Fútbol → Liga MX → Major League Soccer,True
37602739,V3_2025_26,2,2,True,De Graafschap Doetinchem → Kifisia FC,Eerste Divisie → Super League,True
37602888,V3_2025_26,2,2,True,West Ham United → VfL Bochum,Premier League → 2. Bundesliga,True
37602906,V3_2025_26,2,2,True,Ajax Amsterdam U21 → Kalmar FF,Eerste Divisie → Allsvenskan,True
37603288,V3_2025_26,2,1,True,Kifisia FC → Panathinaikos,Super League,False
37603723,V3_2025_26,2,2,True,Djurgårdens IF → Birmingham City,Allsvenskan → Championship,True
37603864,V3_2025_26,2,1,True,Club Aurora → Bolívar La Paz,Liga De Futbol Prof,False
37604451,V3_2025_26,2,1,True,Qingdao Hainiu → Beijing Guoan,Super League,False
37604453,V3_2025_26,2,1,True,Beijing Guoan → Henan FC,Super League,False
37604627,V3_2025_26,2,1,False,FK Tukums 2000 + FC RFS,Virsliga,False
37604659,V3_2025_26,2,2,True,Servette FC → Red Star FC,Super League → Ligue 2,True
37604669,V3_2025_26,2,1,True,Mazatlán FC → Atlético de San Luis,Liga MX,False
37605115,V3_2025_26,2,2,True,Portsmouth FC → Western Sydney Wanderers,Championship → A-League Men,True
37605221,V3_2025_26,2,1,True,Botafogo de Futebol e Regatas → Clube de Regatas Vasco da Gama,Serie A,False
37605441,V3_2025_26,2,1,True,Zeleziarne Podbrezova → FC Tatran Presov,Niké Liga,False
37606827,V3_2025_26,2,2,True,Esbjerg fB → IF Brommapojkarna,First Division → Allsvenskan,True
37606838,V3_2025_26,2,1,True,IFK Mariehamn → Kuopion Palloseura,Veikkausliiga,False
37606898,V3_2025_26,2,2,False,Plymouth Argyle + Middlesbrough FC,League One + Championship,True
37606984,V3_2025_26,2,2,True,UD Las Palmas → Preston North End,La Liga 2 → Championship,True
37607213,V3_2025_26,2,2,True,FK Metta → Boldklubben af 1893,Virsliga → First Division,True
37607215,V3_2025_26,3,3,False,Malmö FF + Genoa CFC + Sheffield United,Allsvenskan + Serie A + Championship,True
37607481,V3_2025_26,2,1,True,Mantova 1911 → Frosinone Calcio,Serie B,False
37607523,V3_2025_26,2,2,True,Wigan Athletic → Shamrock Rovers,League One → Premier Division,True
37608862,V3_2025_26,2,1,True,Bristol City → Hull City,Championship,False
37608961,V3_2025_26,2,2,True,Sociedade Esportiva Palmeiras → FC Alverca,Serie A → Liga Portugal,True
37608995,V3_2025_26,2,2,True,CR Flamengo → AS Roma,Serie A,True
37609017,V3_2025_26,2,2,True,RSCA Futures → RSC Anderlecht,Challenger Pro League → Pro League,True
37609025,V3_2025_26,2,1,True,OFK Beograd → Red Star Belgrade,Super Liga,False
37609122,V3_2025_26,2,2,True,Real Sociedad → Real Sociedad B,La Liga → La Liga 2,True
37609137,V3_2025_26,2,2,True,Amiens SC → Górnik Zabrze,Ligue 2 → Ekstraklasa,True
37609158,V3_2025_26,2,2,False,Swindon Town + Bristol City,League Two + Championship,True
37609179,V3_2025_26,2,1,True,Luton Town → AFC Wimbledon,League One,False
37609440,V3_2025_26,2,2,False,Cork City FC + Preston North End,Premier Division + Championship,True
37609863,V3_2025_26,2,2,True,Yokohama F. Marinos → Shanghai Port,J1 League → Super League,True
37610432,V3_2025_26,2,2,True,Crystal Palace → Coventry City,Premier League → Championship,True
37610686,V3_2025_26,2,2,False,SV 07 Elversberg + TSG 1899 Hoffenheim,2. Bundesliga + Bundesliga,True
37611704,V3_2025_26,3,1,True,Shandong Taishan → Henan FC → Shanghai Port,Super League,False
37611833,V3_2025_26,2,2,True,Adana Demirspor → AZ Alkmaar U21,1. Lig → Eerste Divisie,True
37611904,V3_2025_26,2,1,True,Club NXT → K Lierse SK,Challenger Pro League,False
37611939,V3_2025_26,2,2,True,Jong Genk → KRC Genk,Challenger Pro League → Pro League,True
37611944,V3_2025_26,2,2,True,MVV Maastricht → SK Beveren,Eerste Divisie → Challenger Pro League,True
37611981,V3_2025_26,2,2,True,Oud-Heverlee Leuven → Eintracht Braunschweig,Pro League → 2. Bundesliga,True
37612002,V3_2025_26,2,2,True,Standard Liège → AEK Athens,Pro League → Super League,True
37612108,V3_2025_26,2,1,True,Al Ahly FC → Bank El Ahly,Premier League,False
37612547,V3_2025_26,2,1,True,Feyenoord Rotterdam → Go Ahead Eagles,Eredivisie,False
37612658,V3_2025_26,2,2,True,Fleetwood Town → Waterford FC,League Two → Premier Division,True
37613302,V3_2025_26,2,1,True,Trabzonspor → Genclerbirligi Ankara,Super Lig,False
37613477,V3_2025_26,2,1,True,Al-Shahania SC → Al-Sadd SC,Stars League,False
37613533,V3_2025_26,2,2,True,Stade Rennais FC → FC Basel 1893,Ligue 1 → Super League,True
37613882,V3_2025_26,2,2,True,Torino FC → Mantova 1911,Serie A → Serie B,True
37614088,V3_2025_26,2,2,True,Racing Santander → VfB Stuttgart,La Liga 2 → Bundesliga,True
37614138,V3_2025_26,2,2,True,Aberdeen FC → St. Louis CITY SC,Premiership → Major League Soccer,True
37614468,V3_2025_26,2,1,True,Stockport County → Wycombe Wanderers,League One,False
37614523,V3_2025_26,2,1,True,FC Midtjylland → FC Fredericia,Superliga,False
37614687,V3_2025_26,2,2,True,Peterborough United → Shrewsbury Town,League One → League Two,True
37614793,V3_2025_26,2,2,True,FC Dallas → Mamelodi Sundowns FC,Major League Soccer → Premier League,True
37614807,V3_2025_26,2,2,True,Minnesota United FC → Villarreal CF,Major League Soccer → La Liga,True
37614891,V3_2025_26,3,1,True,CD América de Cali → Internacional de Bogotá → Asociación Deportivo Pasto,Liga BetPlay,False
37615016,V3_2025_26,3,3,True,Rangers FC → Sporting Gijón → CA Huracán,Premiership → La Liga 2 → Liga Profesional de Fútbol,True
37615088,V3_2025_26,2,2,True,Asociación Deportivo Pasto → Real Potosí,Liga BetPlay → Liga De Futbol Prof,True
37615617,V3_2025_26,3,1,True,CR Flamengo → Santos FC → Clube Atlético Mineiro,Serie A,False
37615618,V3_2025_26,2,2,True,CR Flamengo → Al-Ahli SFC,Serie A → Pro League,True
37615677,V3_2025_26,2,2,True,Stade Reims → NAC Breda,Ligue 2 → Eredivisie,True
37615734,V3_2025_26,2,1,True,Club Atlético Platense → CA Central Córdoba (SdE),Liga Profesional de Fútbol,False
37615847,V3_2025_26,2,2,True,Club Necaxa → Clube de Regatas Vasco da Gama,Liga MX → Serie A,True
37615973,V3_2025_26,2,2,True,Esporte Clube Vitória → Göztepe,Serie A → Super Lig,True
37616125,V3_2025_26,3,1,False,Cagliari Calcio + Bologna FC 1909 + Atalanta BC,Serie A,False
37616197,V3_2025_26,2,1,True,Ceará Sporting Club → Esporte Clube Bahia,Serie A,False
37616220,V3_2025_26,2,2,True,Kyoto Sanga → Urawa Red Diamonds,J1 League → J1 100 Year Vision League,True
37616262,V3_2025_26,2,2,True,Ajax Amsterdam U21 → PEC Zwolle,Eerste Divisie → Eredivisie,True
37616318,V3_2025_26,2,2,True,Shonan Bellmare → FC Copenhagen,J1 League → Superliga,True
37616319,V3_2025_26,2,2,True,Shonan Bellmare → Sanfrecce Hiroshima,J1 League → J1 100 Year Vision League,True
37616513,V3_2025_26,2,1,True,MFK Karvina → FK Jablonec,Chance Liga,False
37616601,V3_2025_26,2,1,True,Internacional de Bogotá → Millonarios FC,Liga BetPlay,False
37616612,V3_2025_26,2,2,True,Sint-Truidense VV → Sporting Gijón,Pro League → La Liga 2,True
37616665,V3_2025_26,2,2,True,Sarpsborg 08 FF → FC Twente Enschede,Eliteserien → Eredivisie,True
37617066,V3_2025_26,2,2,False,Mito HollyHock + Sanfrecce Hiroshima,J1 100 Year Vision League + J1 League,True
37617134,V3_2025_26,2,1,True,Llaneros FC → Asociación Deportivo Pasto,Liga BetPlay,False
37617531,V3_2025_26,2,2,False,Real Sociedad B + Real Sociedad,La Liga 2 + La Liga,True
37617612,V3_2025_26,2,1,True,Albirex Niigata → Fagiano Okayama,J1 League,False
37618080,V3_2025_26,2,1,True,Real Oruro → Blooming Santa Cruz,Liga De Futbol Prof,False
37618086,V3_2025_26,2,1,True,Real Oruro → Universitario de Vinto,Liga De Futbol Prof,False
37618146,V3_2025_26,2,1,True,Unión La Calera → CSD Colo-Colo,Primera Division,False
37618190,V3_2025_26,2,2,True,Granada CF → Sporting CP,La Liga 2 → Liga Portugal,True
37618251,V3_2025_26,3,1,True,Club Deportivo Guabirá → CD Real Tomayapo → Gualberto Villarroel San José,Liga De Futbol Prof,False
37618295,V3_2025_26,2,2,True,FC Dordrecht → NEC Nijmegen,Eerste Divisie → Eredivisie,True
37618338,V3_2025_26,2,2,True,New York City FC → CA Rosario Central,Major League Soccer → Liga Profesional de Fútbol,True
37618353,V3_2025_26,2,2,False,Boluspor + Alanyaspor,1. Lig + Super Lig,True
37618388,V3_2025_26,2,1,False,Gualberto Villarroel San José + Blooming Santa Cruz,Liga De Futbol Prof,False
37618417,V3_2025_26,2,1,True,Unión Española → Club Universidad de Chile,Primera Division,False
37618427,V3_2025_26,2,1,True,Sport Boys Association → Universidad Técnica de Cajamarca,Primera Division,False
37618437,V3_2025_26,2,1,True,Comerciantes Unidos → Club Atlético Grau,Primera Division,False
37618439,V3_2025_26,2,1,True,Club Atlético Grau → Cusco FC,Primera Division,False
37618454,V3_2025_26,2,2,True,Deportivo Cali → CA Aldosivi,Liga BetPlay → Liga Profesional de Fútbol,True
37618483,V3_2025_26,2,2,False,Real Zaragoza + Real Betis Balompié,La Liga 2 + La Liga,True
37618925,V3_2025_26,2,2,True,FC Metz → Amiens SC,Ligue 1 → Ligue 2,True
37618943,V3_2025_26,2,1,True,CA Central Córdoba (SdE) → CA Banfield,Liga Profesional de Fútbol,False
37618974,V3_2025_26,2,1,True,Junior FC → Unión Magdalena,Liga BetPlay,False
37619101,V3_2025_26,2,1,True,CA Rosario Central → Club Atlético Tucumán,Liga Profesional de Fútbol,False
37619143,V3_2025_26,2,2,True,Sport Boys Association → FK Auda,Primera Division → Virsliga,True
37619216,V3_2025_26,3,3,True,FC Banik Ostrava → AZ Alkmaar U21 → AZ Alkmaar,Chance Liga → Eerste Divisie → Eredivisie,True
37619380,V3_2025_26,2,2,False,K Lierse SK + Royal Charleroi SC,Challenger Pro League + Pro League,True
37619421,V3_2025_26,2,1,False,CA Sarmiento (Junin) + AA Argentinos Juniors,Liga Profesional de Fútbol,False
37619423,V3_2025_26,2,2,True,Asociación Deportivo Pasto → Dinamo Makhachkala,Liga BetPlay → Premier League,True
37619424,V3_2025_26,2,1,True,AA Argentinos Juniors → CA Central Córdoba (SdE),Liga Profesional de Fútbol,False
37619425,V3_2025_26,3,2,True,AA Argentinos Juniors → Fortaleza Esporte Clube → Red Bull Bragantino,Liga Profesional de Fútbol → Serie A,True
37619474,V3_2025_26,2,2,True,FC Copenhagen → Hibernian FC,Superliga → Premiership,True
37619477,V3_2025_26,2,1,True,Universitario de Vinto → San Antonio Bulo Bulo,Liga De Futbol Prof,False
37619518,V3_2025_26,2,1,True,Universitario de Vinto → Blooming Santa Cruz,Liga De Futbol Prof,False
37619560,V3_2025_26,2,2,True,CA Vélez Sarsfield → Real Betis Balompié,Liga Profesional de Fútbol → La Liga,True
37619911,V3_2025_26,3,1,False,Club A.B.B. + Club Always Ready + Club Deportivo Oriente Petrolero,Liga De Futbol Prof,False
37619977,V3_2025_26,2,2,True,Zulte Waregem → Olympique Marseille,Pro League → Ligue 1,True
37620176,V3_2025_26,2,1,True,Fortaleza CEIF → Millonarios FC,Liga BetPlay,False
37620534,V3_2025_26,2,2,True,BFC Daugavpils → Galway United FC,Virsliga → Premier Division,True
37620581,V3_2025_26,2,1,True,IFK Göteborg → Halmstads BK,Allsvenskan,False
37620855,V3_2025_26,2,1,True,Polokwane City FC → Magesi FC,Premier League,False
37620965,V3_2025_26,2,1,False,Club de Gimnasia y Esgrima La Plata + CA Vélez Sarsfield,Liga Profesional de Fútbol,False
37621056,V3_2025_26,2,1,True,FC Den Bosch → De Graafschap Doetinchem,Eerste Divisie,False
37621257,V3_2025_26,2,1,True,MFK Karvina → FC Banik Ostrava,Chance Liga,False
37621483,V3_2025_26,2,1,True,Atlético Nacional → Internacional de Bogotá,Liga BetPlay,False
37621484,V3_2025_26,2,2,True,CD América de Cali → CD Tondela,Liga BetPlay → Liga Portugal,True
37621811,V3_2025_26,2,2,True,FC Dallas → Maccabi Netanya,Major League Soccer → Ligat ha'Al,True
37622005,V3_2025_26,2,1,True,Sint-Truidense VV → Royal Antwerp FC,Pro League,False
37622131,V3_2025_26,2,2,True,ESTAC Troyes → Samsunspor,Ligue 2 → Super Lig,True
37622442,V3_2025_26,2,1,True,Hatayspor → Sivasspor,1. Lig,False
37622795,V3_2025_26,2,2,True,FC Utrecht U21 → FC Utrecht,Eerste Divisie → Eredivisie,True
37622893,V3_2025_26,2,1,True,FC RFS → FS Jelgava,Virsliga,False
37622998,V3_2025_26,2,2,True,RCD Espanyol Barcelona → Paris FC,La Liga → Ligue 1,True
37623368,V3_2025_26,2,1,True,Minnesota United FC → St. Louis CITY SC,Major League Soccer,False
37623379,V3_2025_26,2,2,True,Orlando City SC → Villarreal CF,Major League Soccer → La Liga,True
37623466,V3_2025_26,2,2,False,FC Annecy + Aston Villa,Ligue 2 + Premier League,True
37623507,V3_2025_26,2,1,True,CA Banfield → CA San Lorenzo de Almagro,Liga Profesional de Fútbol,False
37623681,V3_2025_26,2,2,True,SK Beveren → Avispa Fukuoka,Challenger Pro League → J1 100 Year Vision League,True
37624112,V3_2025_26,2,1,True,RWDM Brussels → RFC Lüttich,Challenger Pro League,False
37624135,V3_2025_26,2,2,True,FK Vojvodina Novi Sad → BSC Young Boys,Super Liga → Super League,True
37624141,V3_2025_26,2,2,True,Mantova 1911 → Bohemian Football Club,Serie B → Premier Division,True
37624308,V3_2025_26,2,2,True,Bröndby IF → Olympique Lyon,Superliga → Ligue 1,True
37624325,V3_2025_26,2,2,True,Ferencvárosi TC → AFC Bournemouth,NB I → Premier League,True
37624429,V3_2025_26,2,2,True,AS Trencin → 1.FC Slovacko,Niké Liga → Chance Liga,True
37624530,V3_2025_26,2,2,True,FC Kosice → FK Teplice,Niké Liga → Chance Liga,True
37624646,V3_2025_26,2,2,True,Doncaster Rovers → Bromley FC,League One → League Two,True
37625047,V3_2025_26,2,1,True,Northampton Town → Bradford City,League One,False
37625117,V3_2025_26,2,2,True,Envigado FC → Club Aurora,Liga BetPlay → Liga De Futbol Prof,True
37625152,V3_2025_26,2,2,True,FC Fredericia → Hobro IK,Superliga → First Division,True
37625254,V3_2025_26,2,1,True,CA Lanús → Club Atlético Tucumán,Liga Profesional de Fútbol,False
37625337,V3_2025_26,2,1,True,Universitario de Vinto → Real Potosí,Liga De Futbol Prof,False
37625391,V3_2025_26,2,2,True,Go Ahead Eagles → Stoke City,Eredivisie → Championship,True
37625409,V3_2025_26,2,2,True,Red Bull Salzburg → VfL Wolfsburg,Admiral Bundesliga → Bundesliga,True
37625440,V3_2025_26,2,1,True,FK Haugesund → Tromsø IL,Eliteserien,False
37625723,V3_2025_26,2,1,True,Atlético Nacional → Deportes Tolima,Liga BetPlay,False
37625727,V3_2025_26,2,1,True,Deportes Tolima → Atlético Nacional,Liga BetPlay,False
37625732,V3_2025_26,2,1,True,Atlético Nacional → Independiente Santa Fe,Liga BetPlay,False
37625756,V3_2025_26,2,2,True,CA Vélez Sarsfield → Parma Calcio 1913,Liga Profesional de Fútbol → Serie A,True
37625762,V3_2025_26,2,1,True,Club Alianza Lima → FC Cajamarca,Primera Division,False
37625813,V3_2025_26,2,1,True,Chicago Fire FC → Sporting Kansas City,Major League Soccer,False
37625838,V3_2025_26,2,1,True,Sport Boys Association → Club Sporting Cristal,Primera Division,False
37625846,V3_2025_26,2,2,True,Vancouver Whitecaps FC → Norwich City,Major League Soccer → Championship,True
37625886,V3_2025_26,2,2,True,Inter Miami CF → Parma Calcio 1913,Major League Soccer → Serie A,True
37627176,V3_2025_26,2,1,True,Shenzhen Peng City → Chengdu Rongcheng,Super League,False
37627178,V3_2025_26,2,1,True,Shandong Taishan → Qingdao Hainiu,Super League,False
37627254,V3_2025_26,2,2,False,Al-Dhafra FC + Botafogo de Futebol e Regatas,UAE Pro League + Serie A,True
37627272,V3_2025_26,2,1,True,São Paulo Futebol Clube → Red Bull Bragantino,Serie A,False
37627285,V3_2025_26,2,2,True,Racing Club → Inter Miami CF,Liga Profesional de Fútbol → Major League Soccer,True
37627298,V3_2025_26,2,2,True,Botafogo de Futebol e Regatas → Nottingham Forest,Serie A → Premier League,True
37627306,V3_2025_26,2,2,True,Avs Futebol → Stade Lavallois,Liga Portugal → Ligue 2,True
37627369,V3_2025_26,2,1,True,Seattle Sounders FC → Colorado Rapids,Major League Soccer,False
37627450,V3_2025_26,2,2,True,Sivasspor → SC Otelul Galati,1. Lig → Superliga,True
37627475,V3_2025_26,2,2,True,IFK Värnamo → Beitar Jerusalem,Allsvenskan → Ligat ha'Al,True
37627535,V3_2025_26,2,2,True,CA Unión (Santa Fe) → Cádiz CF,Liga Profesional de Fútbol → La Liga 2,True
37627677,V3_2025_26,2,2,True,IF Elfsborg → FC Metz,Allsvenskan → Ligue 1,True
37627750,V3_2025_26,2,1,True,CS Independiente Rivadavia → CA San Lorenzo de Almagro,Liga Profesional de Fútbol,False
37627802,V3_2025_26,2,2,True,Sport Club do Recife → CS Independiente Rivadavia,Serie A → Liga Profesional de Fútbol,True
37627803,V3_2025_26,2,2,True,CA Independiente → FC Toulouse,Liga Profesional de Fútbol → Ligue 1,True
37628398,V3_2025_26,2,2,True,Antalyaspor → Sakaryaspor,Super Lig → 1. Lig,True
37628426,V3_2025_26,2,1,True,San Jose Earthquakes → San Diego FC,Major League Soccer,False
37629262,V3_2025_26,2,1,True,FK Dukla Prague → FK Mlada Boleslav,Chance Liga,False
37629344,V3_2025_26,2,2,True,AZ Alkmaar U21 → AZ Alkmaar,Eerste Divisie → Eredivisie,True
37629404,V3_2025_26,2,2,True,CD Godoy Cruz Antonio Tomba → Universidad de Concepción,Liga Profesional de Fútbol → Primera Division,True
37629622,V3_2025_26,2,2,True,Club Atlético Tigre → Olympiacos Piraeus,Liga Profesional de Fútbol → Super League,True
37629637,V3_2025_26,2,1,True,Sandefjord Fotball → Hamarkameratene,Eliteserien,False
37629922,V3_2025_26,2,1,True,Internacional de Bogotá → Deportes Tolima,Liga BetPlay,False
37630140,V3_2025_26,3,2,True,FC Utrecht → FC Utrecht U21 → Excelsior Rotterdam,Eredivisie → Eerste Divisie,True
37630463,V3_2025_26,2,2,True,Al-Nassr FC → Real Sociedad,Pro League → La Liga,True
37630690,V3_2025_26,2,2,True,EA Guingamp → KVC Westerlo,Ligue 2 → Pro League,True
37631118,V3_2025_26,2,1,True,CA Aldosivi → Racing Club,Liga Profesional de Fútbol,False
37631334,V3_2025_26,2,2,False,Jong Genk + KRC Genk,Challenger Pro League + Pro League,True
37631457,V3_2025_26,2,2,True,KR Reykjavík → Kristiansund BK,Besta deild → Eliteserien,True
37631481,V3_2025_26,2,2,True,Western Sydney Wanderers → Portland Timbers,A-League Men → Major League Soccer,True
37631702,V3_2025_26,2,1,True,Hapoel Tel Aviv → Hapoel Petah Tikva,Ligat ha'Al,False
37632001,V3_2025_26,2,2,True,Odense Boldklub → FC Utrecht U21,Superliga → Eerste Divisie,True
37632003,V3_2025_26,2,2,True,FK Partizan Belgrade → SV Werder Bremen,Super Liga → Bundesliga,True
37632009,V3_2025_26,2,2,True,RSC Anderlecht → Al-Ittihad Club,Pro League,True
37632013,V3_2025_26,2,1,False,Eyüpspor + Kayserispor,Super Lig,False
37632313,V3_2025_26,2,2,False,FC Basel 1893 + Borussia Dortmund,Super League + Bundesliga,True
37632369,V3_2025_26,2,2,True,Djurgårdens IF → FC Lausanne-Sport,Allsvenskan → Super League,True
37632376,V3_2025_26,2,1,True,FK Mladost Lucani → FK Napredak Krusevac,Super Liga,False
37632412,V3_2025_26,2,2,True,Widzew Lodz → NK Osijek,Ekstraklasa → 1. HNL,True
37633249,V3_2025_26,2,2,True,FC Basel 1893 → VfL Wolfsburg,Super League → Bundesliga,True
37633274,V3_2025_26,2,1,True,NK Lokomotiva Zagreb → NK Varazdin,1. HNL,False
37633750,V3_2025_26,2,2,True,CA Sarmiento (Junin) → Internacional de Bogotá,Liga Profesional de Fútbol → Liga BetPlay,True
37633767,V3_2025_26,2,2,True,Stade Brestois 29 → AS Nancy-Lorraine,Ligue 1 → Ligue 2,True
37633774,V3_2025_26,2,2,True,USL Dunkerque → RC Strasbourg Alsace,Ligue 2 → Ligue 1,True
37633810,V3_2025_26,2,1,True,Changchun Yatai → Chengdu Rongcheng,Super League,False
37633992,V3_2025_26,2,1,True,Qingdao Hainiu → Chongqing Tonglianglong,Super League,False
37634227,V3_2025_26,2,1,True,Cleopatra FC → Al Ahly FC,Premier League,False
37634239,V3_2025_26,2,2,False,Shelbourne FC + Bolton Wanderers,Premier Division + League One,True
37634401,V3_2025_26,2,1,True,Audax Italiano → Deportes La Serena,Primera Division,False
37634561,V3_2025_26,2,2,True,AZ Alkmaar U21 → AZ Alkmaar,Eerste Divisie → Eredivisie,True
37634625,V3_2025_26,2,2,True,CR Flamengo → Orlando City SC,Serie A → Major League Soccer,True
37634805,V3_2025_26,3,3,True,Kawasaki Frontale → Celtic FC → Preußen Münster,J1 League → Premiership → 2. Bundesliga,True
37634873,V3_2025_26,2,1,True,Shanghai Port → Qingdao West Coast,Super League,False
37635010,V3_2025_26,2,1,True,FC Rapid 1923 → Petrolul Ploiesti,Superliga,False
37635411,V3_2025_26,2,1,True,Llaneros FC → Deportes Tolima,Liga BetPlay,False
37635461,V3_2025_26,2,2,True,Wolfsberger AC → Trabzonspor,Admiral Bundesliga → Super Lig,True
37636953,V3_2025_26,2,1,True,Shamrock Rovers → Drogheda United FC,Premier Division,False
37636967,V3_2025_26,2,1,True,Unión Española → CD Everton,Primera Division,False
37637006,V3_2025_26,2,2,True,CA San Lorenzo de Almagro → Shabab Al-Ahli Club,Liga Profesional de Fútbol → UAE Pro League,True
37637018,V3_2025_26,3,1,False,CA Aldosivi + Club Atlético Platense + Gimnasia y Esgrima de Mendoza,Liga Profesional de Fútbol,False
37637019,V3_2025_26,2,2,True,Huachipato FC → CA Independiente,Primera Division → Liga Profesional de Fútbol,True
37637100,V3_2025_26,2,2,True,Strømsgodset IF → Holstein Kiel,Eliteserien → 2. Bundesliga,True
37637178,V3_2025_26,2,1,True,KFUM-Kameratene Oslo → Tromsø IL,Eliteserien,False
37637488,V3_2025_26,2,2,True,RKC Waalwijk → SK Beveren,Eerste Divisie → Challenger Pro League,True
37638262,V3_2025_26,2,2,True,Kawasaki Frontale → Kashiwa Reysol,J1 League → J1 100 Year Vision League,True
37638475,V3_2025_26,2,2,True,Jong Genk → KRC Genk,Challenger Pro League → Pro League,True
37639075,V3_2025_26,2,1,True,AA Argentinos Juniors → CA River Plate,Liga Profesional de Fútbol,False
37639080,V3_2025_26,2,2,True,Bayer 04 Leverkusen → Girona FC,Bundesliga → La Liga,True
37639082,V3_2025_26,3,1,False,CA Rosario Central + Club Atlético Tigre + CA Independiente,Liga Profesional de Fútbol,False
37639956,V3_2025_26,2,2,True,CD Castellón → Van Spor FK,La Liga 2 → 1. Lig,True
37640415,V3_2025_26,2,2,True,Stjarnan Gardabaer → Aberdeen FC,Besta deild → Premiership,True
37642062,V3_2025_26,2,1,False,FS Jelgava + SK Super Nova,Virsliga,False
37642076,V3_2025_26,2,1,True,Philadelphia Union → San Diego FC,Major League Soccer,False
37642293,V3_2025_26,2,2,True,Sheffield United → Lincoln City,Championship → League One,True
37642432,V3_2025_26,2,1,True,Club Juan Pablo II College → Club Cienciano,Primera Division,False
37642495,V3_2025_26,2,1,True,Club Universidad de Chile → Deportes Limache,Primera Division,False
37642537,V3_2025_26,2,1,True,FK Grobina → Ogre United,Virsliga,False
37642548,V3_2025_26,2,1,True,Fortaleza CEIF → Deportes Tolima,Liga BetPlay,False
37642562,V3_2025_26,2,1,True,FK Metta → Ogre United,Virsliga,False
37642576,V3_2025_26,2,1,True,FK Liepaja → FK Tukums 2000,Virsliga,False
37642632,V3_2025_26,2,2,True,MSK Zilina → FC Cincinnati,Niké Liga → Major League Soccer,True
37643628,V3_2025_26,2,2,True,Jong Genk → KRC Genk,Challenger Pro League → Pro League,True
37643651,V3_2025_26,2,1,True,IFK Värnamo → Hammarby IF,Allsvenskan,False
37643700,V3_2025_26,2,1,True,Dynamo Moscow → FC Nizhniy Novgorod,Premier League,False
37643891,V3_2025_26,2,1,True,Galway United FC → Bohemian Football Club,Premier Division,False
37644042,V3_2025_26,2,2,True,Pau FC → Stade Brestois 29,Ligue 2 → Ligue 1,True
37644885,V3_2025_26,2,2,True,Jong Genk → KRC Genk,Challenger Pro League → Pro League,True
37644928,V3_2025_26,2,1,True,Club Alianza Lima → Club Cienciano,Primera Division,False
37644979,V3_2025_26,3,3,True,RSCA Futures → RSC Anderlecht → Beşiktaş JK,Challenger Pro League → Pro League → Super Lig,True
37646314,V3_2025_26,2,2,True,Hapoel Tel Aviv → FC Dallas,Ligat ha'Al → Major League Soccer,True
37646367,V3_2025_26,2,1,True,Ihud Bnei Sakhnin → Maccabi Bnei Reineh,Ligat ha'Al,False
37646374,V3_2025_26,2,2,True,Fredrikstad FK → St. Louis CITY SC,Eliteserien → Major League Soccer,True
37646866,V3_2025_26,2,1,True,Villarreal CF → Levante UD,La Liga,False
37646965,V3_2025_26,2,2,True,USL Dunkerque → Cercle Brugge,Ligue 2 → Pro League,True
37647009,V3_2025_26,2,2,True,Real Madrid → Olympique Lyon,La Liga → Ligue 1,True
37647024,V3_2025_26,2,1,True,FC RFS → FK Tukums 2000,Virsliga,False
37648341,V3_2025_26,2,2,True,GAIS → Los Angeles FC,Allsvenskan → Major League Soccer,True
37648572,V3_2025_26,2,2,True,TS Galaxy FC → Suez Petrojet FC,Premier League,True
37649291,V3_2025_26,2,1,True,IF Gnistan → Turun Palloseura,Veikkausliiga,False
37649866,V3_2025_26,2,2,True,Odense Boldklub → Middelfart Boldklub,Superliga → First Division,True
37650696,V3_2025_26,2,2,True,FC Dordrecht → TSG 1899 Hoffenheim,Eerste Divisie → Bundesliga,True
37650803,V3_2025_26,2,2,True,FC Schalke 04 → Beşiktaş JK,2. Bundesliga → Super Lig,True
37651091,V3_2025_26,2,2,False,Bristol Rovers + Tottenham Hotspur,League Two + Premier League,True
37651092,V3_2025_26,2,2,True,Manchester City → Leicester City,Premier League → Championship,True
37651108,V3_2025_26,2,2,False,Falkirk FC + Aston Villa,Premiership + Premier League,True
37651156,V3_2025_26,2,2,True,Al-Hilal SFC → Sport Club Corinthians Paulista,Pro League → Serie A,True
37651201,V3_2025_26,2,1,True,Hapoel Jerusalem → Maccabi Haifa,Ligat ha'Al,False
37651207,V3_2025_26,2,2,True,Jong Genk → KRC Genk,Challenger Pro League → Pro League,True
37651540,V3_2025_26,2,2,True,Jong KAA Gent → KAA Gent,Challenger Pro League → Pro League,True
37651569,V3_2025_26,2,1,True,Cork City FC → Shelbourne FC,Premier Division,False
37651669,V3_2025_26,2,2,False,AZ Alkmaar U21 + AZ Alkmaar,Eerste Divisie + Eredivisie,True
37652381,V3_2025_26,2,2,True,Roda JC Kerkrade → Esbjerg fB,Eerste Divisie → First Division,True
37652792,V3_2025_26,2,2,True,FC Copenhagen → FC Porto,Superliga → Liga Portugal,True
37652796,V3_2025_26,3,2,False,Vejle Boldklub + Rosenborg BK + FC Copenhagen,Superliga + Eliteserien,True
37652995,V3_2025_26,2,2,False,Watford FC + Manchester City,Championship + Premier League,True
37653207,V3_2025_26,2,1,True,Asociación Deportiva Tarma → Club Alianza Lima,Primera Division,False
37653238,V3_2025_26,2,1,True,SS Juve Stabia → SSC Bari,Serie B,False
37653343,V3_2025_26,2,2,True,1.FC Nuremberg → FC Utrecht,2. Bundesliga → Eredivisie,True
37653423,V3_2025_26,2,2,False,Cambridge United + Millwall FC,League Two + Championship,True
37654075,V3_2025_26,2,1,True,Ilves Tampere → FC Inter Turku,Veikkausliiga,False
37654312,V3_2025_26,2,1,True,El Sharkia Enppi FC → El Mokawloon SC,Premier League,False
37654695,V3_2025_26,2,2,True,Legia Warszawa → AS Roma,Ekstraklasa → Serie A,True
37655233,V3_2025_26,2,2,True,Royal Antwerp FC → Al-Ittihad Club,Pro League,True
37655628,V3_2025_26,2,2,True,RAAL La Louvière → Clermont Foot 63,Pro League → Ligue 2,True
37655951,V3_2025_26,2,2,True,Viborg FF → Sandefjord Fotball,Superliga → Eliteserien,True
37656028,V3_2025_26,2,1,True,Spezia Calcio → Mantova 1911,Serie B,False
37656059,V3_2025_26,2,2,True,FC Copenhagen → KAS Eupen,Superliga → Challenger Pro League,True
37656166,V3_2025_26,2,2,False,FC Utrecht U21 + FC Utrecht,Eerste Divisie + Eredivisie,True
37656175,V3_2025_26,2,1,True,FC Hradec Kralove → FC Viktoria Plzen,Chance Liga,False
37656206,V3_2025_26,2,2,True,FC Basel 1893 → BK Häcken,Super League → Allsvenskan,True
37656322,V3_2025_26,2,2,True,Stade Reims → Club Brugge KV,Ligue 2 → Pro League,True
37656406,V3_2025_26,2,1,True,Orlando Pirates → Chippa United,Premier League,False
37656474,V3_2025_26,3,2,True,Ajax Amsterdam → Ajax Amsterdam U21 → SC Telstar,Eredivisie → Eerste Divisie,True
37656475,V3_2025_26,2,2,True,Ajax Amsterdam U21 → Ajax Amsterdam,Eerste Divisie → Eredivisie,True
37656476,V3_2025_26,2,2,False,Ajax Amsterdam U21 + Ajax Amsterdam,Eerste Divisie + Eredivisie,True
37656477,V3_2025_26,2,2,True,Ajax Amsterdam U21 → Ajax Amsterdam,Eerste Divisie → Eredivisie,True
37656551,V3_2025_26,2,1,True,HNK Gorica → HNK Vukovar 1991,1. HNL,False
37656640,V3_2025_26,2,1,True,Orlando Pirates → Sekhukhune United FC,Premier League,False
37656896,V3_2025_26,2,1,False,Maccabi Bnei Reineh + Maccabi Haifa,Ligat ha'Al,False
37656906,V3_2025_26,3,3,True,Club NXT → Club Brugge KV → Brentford FC,Challenger Pro League → Pro League → Premier League,True
37656962,V3_2025_26,2,2,False,Cheltenham Town + West Bromwich Albion,League Two + Championship,True
37657032,V3_2025_26,2,1,True,Rangers FC → Kilmarnock FC,Premiership,False
37657252,V3_2025_26,2,2,True,RC Strasbourg Alsace → 1.FC Nuremberg,Ligue 1 → 2. Bundesliga,True
37657274,V3_2025_26,2,2,True,Strømsgodset IF → FC Inter Turku,Eliteserien → Veikkausliiga,True
37657353,V3_2025_26,2,2,True,Djurgårdens IF → Queens Park Rangers,Allsvenskan → Championship,True
37657587,V3_2025_26,2,2,False,Hamburger SV + Tottenham Hotspur,Bundesliga + Premier League,True
37657770,V3_2025_26,2,1,True,Birmingham City → Hull City,Championship,False
37657971,V3_2025_26,2,1,True,MFK Karvina → FC Banik Ostrava,Chance Liga,False
37657992,V3_2025_26,2,1,True,SK Slavia Prague → FK Pardubice,Chance Liga,False
37658179,V3_2025_26,2,1,True,Molde FK → Lillestrøm SK,Eliteserien,False
37658956,V3_2025_26,2,2,False,CD Mirandés + RCD Espanyol Barcelona,La Liga 2 + La Liga,True
37659615,V3_2025_26,2,1,True,Jong Genk → Jong KAA Gent,Challenger Pro League,False
37659619,V3_2025_26,2,2,False,Jong Genk + KRC Genk,Challenger Pro League + Pro League,True
37659710,V3_2025_26,2,2,True,Red Star Belgrade → AFC Bournemouth,Super Liga → Premier League,True
37659720,V3_2025_26,2,1,True,BSC Young Boys → FC Winterthur,Super League,False
37659982,V3_2025_26,2,1,True,Levadiakos → Panathinaikos,Super League,False
37660397,V3_2025_26,2,2,True,SV 07 Elversberg → Hamburger SV,2. Bundesliga → Bundesliga,True
37660439,V3_2025_26,2,2,True,Mansfield Town → Tranmere Rovers,League One → League Two,True
37661731,V3_2025_26,2,2,True,AZ Alkmaar U21 → AZ Alkmaar,Eerste Divisie → Eredivisie,True
37661750,V3_2025_26,2,1,True,Inter Miami CF → CF Montréal,Major League Soccer,False
37661864,V3_2025_26,2,1,True,FC Hradec Kralove → FC Viktoria Plzen,Chance Liga,False
37661904,V3_2025_26,2,1,True,FK Tukums 2000 → FK Grobina,Virsliga,False
37661906,V3_2025_26,2,1,True,FK Tukums 2000 → FS Jelgava,Virsliga,False
37662242,V3_2025_26,2,2,True,FC Utrecht → FC Utrecht U21,Eredivisie → Eerste Divisie,True
37663391,V3_2025_26,2,2,True,Wolverhampton Wanderers → Celta de Vigo,Premier League → La Liga,True
37663441,V3_2025_26,2,2,True,Excelsior Rotterdam → Real Salt Lake City,Eredivisie → Major League Soccer,True
37663603,V3_2025_26,2,1,True,FK Haugesund → Tromsø IL,Eliteserien,False
37663620,V3_2025_26,2,2,True,AA Argentinos Juniors → Puebla FC,Liga Profesional de Fútbol → Liga MX,True
37663889,V3_2025_26,2,2,False,Beerschot VA + Zulte Waregem,Challenger Pro League + Pro League,True
37664034,V3_2025_26,2,2,True,Royal Charleroi SC → Patro Eisden Maasmechelen,Pro League → Challenger Pro League,True
37664964,V3_2025_26,2,2,True,Brisbane Roar → Colorado Rapids,A-League Men → Major League Soccer,True
37666445,V3_2025_26,2,1,False,Ittihad Alexandria SC + Pyramids FC,Premier League,False
37666500,V3_2025_26,2,2,True,AS Roma → Spezia Calcio,Serie A → Serie B,True
37667127,V3_2025_26,2,1,True,SSC Bari → SS Juve Stabia,Serie B,False
37667455,V3_2025_26,2,2,True,AS Monaco → Al-Ittihad Club,Ligue 1 → Pro League,True
37667846,V3_2025_26,2,1,False,FK Radnik Surdulica + FK Vojvodina Novi Sad,Super Liga,False
37667858,V3_2025_26,2,1,False,Club A.B.B. + Bolívar La Paz,Liga De Futbol Prof,False
37668391,V3_2025_26,2,2,True,Górnik Zabrze → Bröndby IF,Ekstraklasa → Superliga,True
37668442,V3_2025_26,2,2,True,Deportes Tolima → Minnesota United FC,Liga BetPlay → Major League Soccer,True
37668465,V3_2025_26,2,2,True,BK Häcken → FK Zeleznicar Pancevo,Allsvenskan → Super Liga,True
37668624,V3_2025_26,2,2,False,AC Reggiana 1919 + Hellas Verona,Serie B + Serie A,True
37668633,V3_2025_26,2,2,True,FC Nordsjaelland → RC Strasbourg Alsace,Superliga → Ligue 1,True
37668740,V3_2025_26,2,2,True,KAA Gent → Jong KAA Gent,Pro League → Challenger Pro League,True
37668873,V3_2025_26,2,2,True,IFK Värnamo → Aberdeen FC,Allsvenskan → Premiership,True
37668900,V3_2025_26,2,2,True,Zulte Waregem → Al-Shahania SC,Pro League → Stars League,True
37669231,V3_2025_26,2,1,True,El Sharkia Enppi FC → Pyramids FC,Premier League,False
37669463,V3_2025_26,2,2,True,BSC Young Boys → AC Milan,Super League → Serie A,True
37669560,V3_2025_26,2,1,True,Sport Boys Association → Club Cienciano,Primera Division,False
37669790,V3_2025_26,2,2,True,Jong KAA Gent → KAA Gent,Challenger Pro League → Pro League,True
37671351,V3_2025_26,2,2,True,RSCA Futures → RSC Anderlecht,Challenger Pro League → Pro League,True
37672326,V3_2025_26,2,1,True,Ironi Kiryat Shmona → Hapoel Beer Sheva,Ligat ha'Al,False
37672905,V3_2025_26,3,1,True,Club Alianza Lima → Club Cienciano → Deportivo Moquegua,Primera Division,False
37673230,V3_2025_26,2,2,False,Exeter City + Sunderland AFC,League One + Premier League,True
37674154,V3_2025_26,2,2,True,Falkirk FC → Shrewsbury Town,Premiership → League Two,True
37674271,V3_2025_26,2,2,True,KSC Lokeren → FK Zeleznicar Pancevo,Challenger Pro League → Super Liga,True
37674628,V3_2025_26,2,1,True,Pharco FC → El Mokawloon SC,Premier League,False
37675261,V3_2025_26,2,2,True,Wigan Athletic → Harrogate Town,League One → League Two,True
37675359,V3_2025_26,2,1,True,Real Oruro → Club Deportivo Guabirá,Liga De Futbol Prof,False
37675777,V3_2025_26,2,1,True,Sheffield Wednesday → Norwich City,Championship,False
37676204,V3_2025_26,2,2,True,Leyton Orient → Barnet FC,League One → League Two,True
37676359,V3_2025_26,2,2,True,FC Utrecht U21 → SK Beveren,Eerste Divisie → Challenger Pro League,True
37676502,V3_2025_26,2,2,True,Real Sociedad → Real Sociedad B,La Liga → La Liga 2,True
37676504,V3_2025_26,2,1,True,UD Almería → CD Mirandés,La Liga 2,False
37676562,V3_2025_26,3,2,True,PSV Eindhoven → PSV Eindhoven U21 → FC Groningen,Eredivisie → Eerste Divisie,True
37676995,V3_2025_26,2,1,True,Al-Ittihad Club → Al-Okhdood Club,Pro League,False
37677039,V3_2025_26,2,1,True,St. Louis CITY SC → Sporting Kansas City,Major League Soccer,False
37677869,V3_2025_26,3,1,True,CA Independiente → CA San Martín (San Juan) → CA Sarmiento (Junin),Liga Profesional de Fútbol,False
37677984,V3_2025_26,2,1,True,Club Alianza Lima → FC Cajamarca,Primera Division,False
37678084,V3_2025_26,2,1,True,Deportivo Garcilaso → FBC Melgar,Primera Division,False
37678224,V3_2025_26,2,2,True,Real Sociedad → Real Sociedad B,La Liga → La Liga 2,True
37678250,V3_2025_26,2,2,True,Cesena FC → Rio Ave FC,Serie B → Liga Portugal,True
37678417,V3_2025_26,2,1,True,IF Brommapojkarna → GAIS,Allsvenskan,False
37678433,V3_2025_26,2,2,True,IFK Norrköping → OGC Nice,Allsvenskan → Ligue 1,True
37678884,V3_2025_26,2,2,True,Bröndby IF → Melbourne City FC,Superliga → A-League Men,True
37679014,V3_2025_26,2,2,True,Tokyo Verdy → Royal Antwerp FC,J1 League → Pro League,True
37679132,V3_2025_26,2,1,True,Club León FC → Mazatlán FC,Liga MX,False
37679253,V3_2025_26,2,2,True,Celtic FC → 1.FC Köln,Premiership → Bundesliga,True
37679381,V3_2025_26,2,1,True,Club Deportivo Oriente Petrolero → Club Always Ready,Liga De Futbol Prof,False
37679567,V3_2025_26,2,2,True,Clube de Regatas Vasco da Gama → AFC Bournemouth,Serie A → Premier League,True
37679571,V3_2025_26,2,2,True,Jong Genk → KRC Genk,Challenger Pro League → Pro League,True
37679601,V3_2025_26,2,2,True,KFUM-Kameratene Oslo → Luton Town,Eliteserien → League One,True
37679653,V3_2025_26,2,2,True,Instituto ACC → FC Orenburg,Liga Profesional de Fútbol → Premier League,True
37679674,V3_2025_26,2,1,True,Unión Magdalena → Junior FC,Liga BetPlay,False
37679758,V3_2025_26,2,2,True,CD Palestino → Clube Atlético Mineiro,Primera Division → Serie A,True
37679997,V3_2025_26,2,1,True,FK Auda → BFC Daugavpils,Virsliga,False
37680256,V3_2025_26,2,1,True,FK Pardubice → FC Slovan Liberec,Chance Liga,False
37680258,V3_2025_26,2,2,True,Pogon Szczecin → SS Lazio,Ekstraklasa → Serie A,True
37680349,V3_2025_26,2,2,False,AC Reggiana 1919 + Hellas Verona,Serie B + Serie A,True
37680350,V3_2025_26,2,2,True,FC Alverca → Genoa CFC,Liga Portugal → Serie A,True
37680389,V3_2025_26,2,2,True,Preston North End → Everton FC,Championship → Premier League,True
37680390,V3_2025_26,2,1,True,FK Liepaja → FK Tukums 2000,Virsliga,False
37680575,V3_2025_26,2,1,True,Zalaegerszegi TE FC → Újpest FC,NB I,False
37680576,V3_2025_26,2,2,True,Puskás Akadémia FC → FK Csikszereda Miercurea Ciuc,NB I → Superliga,True
37680579,V3_2025_26,2,1,True,Paksi FC → Diósgyőri VTK,NB I,False
37680622,V3_2025_26,2,2,True,CD Leganés → FC Volendam,La Liga 2 → Eredivisie,True
37680656,V3_2025_26,2,1,True,Club de Gimnasia y Esgrima La Plata → CA Aldosivi,Liga Profesional de Fútbol,False
37681188,V3_2025_26,2,1,True,Club A.B.B. → Club Always Ready,Liga De Futbol Prof,False
37681191,V3_2025_26,2,1,True,Club A.B.B. → Club Deportivo Oriente Petrolero,Liga De Futbol Prof,False
37681251,V3_2025_26,2,1,True,CA Nacional Potosí → Club Independiente Petrolero,Liga De Futbol Prof,False
37681302,V3_2025_26,2,2,False,FC Annecy + Olympique Lyon,Ligue 2 + Ligue 1,True
37681307,V3_2025_26,2,1,True,IFK Norrköping → Västerås SK,Allsvenskan,False
37681494,V3_2025_26,2,2,True,Real Zaragoza → Cracovia,La Liga 2 → Ekstraklasa,True
37681643,V3_2025_26,2,1,True,CD Los Chankas → Club Atlético Grau,Primera Division,False
37681831,V3_2025_26,2,2,True,Clermont Foot 63 → Kifisia FC,Ligue 2 → Super League,True
37681850,V3_2025_26,2,1,True,Polokwane City FC → Siwelele Football Club,Premier League,False
37681944,V3_2025_26,2,2,True,Esporte Clube Juventude → Riga FC,Serie A → Virsliga,True
37682244,V3_2025_26,2,2,True,RC Strasbourg Alsace → CA River Plate,Ligue 1 → Liga Profesional de Fútbol,True
37682273,V3_2025_26,2,2,True,Degerfors IF → Philadelphia Union,Allsvenskan → Major League Soccer,True
37682515,V3_2025_26,2,1,True,CS Independiente Rivadavia → AA Estudiantes (Río Cuarto),Liga Profesional de Fútbol,False
37682804,V3_2025_26,2,1,True,Shamrock Rovers → Waterford FC,Premier Division,False
37682875,V3_2025_26,2,1,True,HJK Helsinki → IF Gnistan,Veikkausliiga,False
37682979,V3_2025_26,2,1,True,Deportivo Pereira → Cúcuta Deportivo,Liga BetPlay,False
37683086,V3_2025_26,2,2,True,Cesena FC → CD Mirandés,Serie B → La Liga 2,True
37683099,V3_2025_26,2,2,True,Esporte Clube Bahia → Orlando City SC,Serie A → Major League Soccer,True
37683596,V3_2025_26,2,2,True,FC Metz → Amiens SC,Ligue 1 → Ligue 2,True
37683794,V3_2025_26,2,2,True,Tromsø IL → Al Ahly FC,Eliteserien → Premier League,True
37683801,V3_2025_26,2,2,True,Deportivo Pereira → Red Bull New York,Liga BetPlay → Major League Soccer,True
37683866,V3_2025_26,2,2,True,DAC Dunajska Streda → Red Star Belgrade,Niké Liga → Super Liga,True
37684057,V3_2025_26,2,2,True,Levante UD → CD Mirandés,La Liga → La Liga 2,True
37684145,V3_2025_26,2,1,False,Boyacá Chicó FC + Deportes Tolima,Liga BetPlay,False
37684643,V3_2025_26,2,1,True,Víkingur Reykjavík → Fram Reykjavík,Besta deild,False
37684722,V3_2025_26,3,1,True,Shanghai Port → Changchun Yatai → Qingdao West Coast,Super League,False
37684749,V3_2025_26,2,1,True,KA Akureyri → Valur Reykjavík,Besta deild,False
37684846,V3_2025_26,2,2,False,Willem II Tilburg + FC Twente Enschede,Eerste Divisie + Eredivisie,True
37684847,V3_2025_26,2,2,True,RSC Anderlecht → RSCA Futures,Pro League → Challenger Pro League,True
37684888,V3_2025_26,2,2,False,1.FC Nuremberg + Bayern Munich,2. Bundesliga + Bundesliga,True
37685009,V3_2025_26,2,1,True,FK Pardubice → FC Banik Ostrava,Chance Liga,False
37685381,V3_2025_26,2,2,True,SV 07 Elversberg → Eintracht Frankfurt,2. Bundesliga → Bundesliga,True
37685583,V3_2025_26,2,1,True,Club Universidad de Chile → Universidad de Concepción,Primera Division,False
37685669,V3_2025_26,2,1,True,FC KTP → SJK Seinäjoki,Veikkausliiga,False
37686328,V3_2025_26,3,3,False,Real Sociedad B + Real Sociedad + Kyoto Sanga,La Liga 2 + La Liga + J1 League,True
37686329,V3_2025_26,2,2,True,Fagiano Okayama → FC Tokyo,J1 League → J1 100 Year Vision League,True
37686724,V3_2025_26,2,2,True,Junior FC → Botafogo de Futebol e Regatas,Liga BetPlay → Serie A,True
37686805,V3_2025_26,2,1,True,BFC Daugavpils → SK Super Nova,Virsliga,False
37686823,V3_2025_26,2,2,True,FK Radnicki 1923 Kragujevac → Raków Częstochowa,Super Liga → Ekstraklasa,True
37687068,V3_2025_26,2,2,True,Jong Genk → KRC Genk,Challenger Pro League → Pro League,True
37687097,V3_2025_26,2,1,True,Al-Wasl SC → Khor Fakkan SSC,UAE Pro League,False
37687219,V3_2025_26,2,2,True,Independiente Medellín → Udinese Calcio,Liga BetPlay → Serie A,True
37687412,V3_2025_26,2,1,True,CA Talleres → Club Atlético Tigre,Liga Profesional de Fútbol,False
37687496,V3_2025_26,2,1,True,FC Utrecht U21 → RKC Waalwijk,Eerste Divisie,False
37687897,V3_2025_26,2,2,True,Fenerbahce → Al-Hilal SFC,Super Lig → Pro League,True
37687921,V3_2025_26,2,2,True,Nyíregyháza Spartacus → FK Dukla Prague,NB I → Chance Liga,True
37687947,V3_2025_26,2,2,True,Real Sociedad → Real Sociedad B,La Liga → La Liga 2,True
37688088,V3_2025_26,2,1,True,Alianza Universidad → Club Juan Pablo II College,Primera Division,False
37688142,V3_2025_26,2,1,False,FC Groningen + Ajax Amsterdam,Eredivisie,False
37688181,V3_2025_26,2,1,True,NEOM SC → Al-Hilal SFC,Pro League,False
37688184,V3_2025_26,2,2,True,FC Toulouse → Crystal Palace,Ligue 1 → Premier League,True
37688197,V3_2025_26,2,2,False,PSV Eindhoven U21 + PSV Eindhoven,Eerste Divisie + Eredivisie,True
37688202,V3_2025_26,3,2,False,PSV Eindhoven U21 + Go Ahead Eagles + PSV Eindhoven,Eerste Divisie + Eredivisie,True
37688270,V3_2025_26,2,2,False,Instituto ACC + Krylya Sovetov Samara,Liga Profesional de Fútbol + Premier League,True
37688661,V3_2025_26,2,1,True,Toronto FC → Orlando City SC,Major League Soccer,False
37689358,V3_2025_26,2,2,True,Luton Town → Oxford United,League One → Championship,True
37689556,V3_2025_26,2,2,True,Santos FC → Tottenham Hotspur,Serie A → Premier League,True
37689562,V3_2025_26,2,1,False,Coritiba Foot Ball Club + Santos FC,Serie A,False
37689571,V3_2025_26,2,2,True,Sport Club Internacional → Al-Ahli SFC,Serie A → Pro League,True
37689758,V3_2025_26,2,2,True,Lommel SK → Independiente Medellín,Challenger Pro League → Liga BetPlay,True
37689817,V3_2025_26,2,2,False,VVV-Venlo + Heracles Almelo,Eerste Divisie + Eredivisie,True
37689864,V3_2025_26,2,2,True,CA Independiente → Volos FC,Liga Profesional de Fútbol → Super League,True
37690218,V3_2025_26,2,1,True,CD Mirandés → Granada CF,La Liga 2,False
37690304,V3_2025_26,2,2,False,Cruzeiro Esporte Clube + Beşiktaş JK,Serie A + Super Lig,True
37690375,V3_2025_26,2,2,True,Envigado FC → CD Everton,Liga BetPlay → Primera Division,True
37690403,V3_2025_26,3,2,False,Spezia Calcio + US Catanzaro + Como 1907,Serie B + Serie A,True
37690413,V3_2025_26,2,1,True,Club The Strongest → Club Aurora,Liga De Futbol Prof,False
37690418,V3_2025_26,2,1,True,Club Deportivo Oriente Petrolero → CD Real Tomayapo,Liga De Futbol Prof,False
37691321,V3_2025_26,2,2,True,CA Newell's Old Boys → Audax Italiano,Liga Profesional de Fútbol → Primera Division,True
37691402,V3_2025_26,2,2,True,CA San Lorenzo de Almagro → Atlanta United FC,Liga Profesional de Fútbol → Major League Soccer,True
37691428,V3_2025_26,2,2,True,Defensa y Justicia → CD O'Higgins,Liga Profesional de Fútbol → Primera Division,True
37691505,V3_2025_26,2,2,True,CS Independiente Rivadavia → Zalaegerszegi TE FC,Liga Profesional de Fútbol → NB I,True
37691586,V3_2025_26,2,2,True,Sociedade Esportiva Palmeiras → UD Almería,Serie A → La Liga 2,True
37691836,V3_2025_26,2,1,False,FH Hafnarfjördur + Breidablik Kópavogur,Besta deild,False
37691888,V3_2025_26,2,2,True,Sligo Rovers → Hibernian FC,Premier Division → Premiership,True
37692363,V3_2025_26,2,2,True,Luton Town → Delfino Pescara 1936,League One → Serie B,True
37692397,V3_2025_26,2,2,True,SK Brann → Bologna FC 1909,Eliteserien → Serie A,True
37694000,V3_2025_26,2,2,True,RSCA Futures → RSC Anderlecht,Challenger Pro League → Pro League,True
37694115,V3_2025_26,2,2,True,Kolding IF → Silkeborg IF,First Division → Superliga,True
37694165,V3_2025_26,2,2,True,SJK Seinäjoki → Manisa FK,Veikkausliiga → 1. Lig,True
37694304,V3_2025_26,2,2,False,Jong KAA Gent + KAA Gent,Challenger Pro League + Pro League,True
37694406,V3_2025_26,2,1,True,Club A.B.B. → Club Always Ready,Liga De Futbol Prof,False
37695127,V3_2025_26,2,2,True,HNK Vukovar 1991 → FK Tukums 2000,1. HNL → Virsliga,True
37695330,V3_2025_26,2,1,True,Tigres UANL → Querétaro FC,Liga MX,False
37696375,V3_2025_26,2,1,True,SS Juve Stabia → SSC Bari,Serie B,False
37696417,V3_2025_26,2,1,False,FK Novi Pazar + FK Partizan Belgrade,Super Liga,False
37696490,V3_2025_26,2,1,False,Kisvárda FC + Ferencvárosi TC,NB I,False
37696569,V3_2025_26,2,1,True,MFK Karvina → SK Slavia Prague,Chance Liga,False
37697289,V3_2025_26,2,2,True,NK Istra 1961 → FC Viktoria Plzen,1. HNL → Chance Liga,True
37697380,V3_2025_26,2,2,True,RFC Lüttich → Sint-Truidense VV,Challenger Pro League → Pro League,True
37697417,V3_2025_26,2,2,True,De Graafschap Doetinchem → Cagliari Calcio,Eerste Divisie → Serie A,True
37697418,V3_2025_26,3,3,False,PSV Eindhoven U21 + Lommel SK + PSV Eindhoven,Eerste Divisie + Challenger Pro League + Eredivisie,True
37698005,V3_2025_26,2,2,True,Sporting CP → RB Leipzig,Liga Portugal → Bundesliga,True
37698444,V3_2025_26,2,1,True,Deportes Tolima → Cúcuta Deportivo,Liga BetPlay,False
37698566,V3_2025_26,2,2,True,AC Horsens → Holstein Kiel,First Division → 2. Bundesliga,True
37698638,V3_2025_26,2,1,False,Al-Taawoun FC + Al-Ettifaq FC,Pro League,False
37698930,V3_2025_26,2,2,True,PSV Eindhoven U21 → Ilves Tampere,Eerste Divisie → Veikkausliiga,True
37699171,V3_2025_26,2,2,True,Angers SCO → Fenerbahce,Ligue 1 → Super Lig,True
37699364,V3_2025_26,2,2,True,AZ Alkmaar U21 → AZ Alkmaar,Eerste Divisie → Eredivisie,True
37699370,V3_2025_26,2,2,True,NEC Nijmegen → VfL Wolfsburg,Eredivisie → Bundesliga,True
37699427,V3_2025_26,2,2,True,Udinese Calcio → UC Sampdoria,Serie A → Serie B,True
37699579,V3_2025_26,2,2,True,CA Banfield → Al-Wahda FC,Liga Profesional de Fútbol → UAE Pro League,True
37699703,V3_2025_26,3,3,True,Albirex Niigata → Celtic FC → FC Tokyo,J1 League → Premiership → J1 100 Year Vision League,True
37700504,V3_2025_26,2,1,True,Portsmouth FC → Coventry City,Championship,False
37700505,V3_2025_26,2,2,True,Excelsior Rotterdam → FC Dordrecht,Eredivisie → Eerste Divisie,True
37700699,V3_2025_26,2,2,False,Djurgårdens IF + Eintracht Frankfurt,Allsvenskan + Bundesliga,True
37700750,V3_2025_26,2,2,True,Hobro IK → Mjällby AIF,First Division → Allsvenskan,True
37701915,V3_2025_26,2,1,True,Hvidovre IF → Kolding IF,First Division,False
37701999,V3_2025_26,2,2,True,Sociedade Esportiva Palmeiras → Chelsea FC,Serie A → Premier League,True
37702055,V3_2025_26,2,2,True,BK Häcken → Raków Częstochowa,Allsvenskan → Ekstraklasa,True
37702398,V3_2025_26,2,2,True,TS Galaxy FC → Chicago Fire FC,Premier League → Major League Soccer,True
37703250,V3_2025_26,2,2,False,FC Utrecht U21 + FC Utrecht,Eerste Divisie + Eredivisie,True
37703449,V3_2025_26,2,2,True,Boldklubben af 1893 → San Diego FC,First Division → Major League Soccer,True
37703563,V3_2025_26,2,2,True,CA Barracas Central → Club Necaxa,Liga Profesional de Fútbol → Liga MX,True
37704264,V3_2025_26,2,2,True,CA San Lorenzo de Almagro → Cúcuta Deportivo,Liga Profesional de Fútbol → Liga BetPlay,True
37704567,V3_2025_26,2,1,True,FC RFS → BFC Daugavpils,Virsliga,False
37704641,V3_2025_26,2,1,True,Asociación Deportivo Pasto → Atlético Bucaramanga,Liga BetPlay,False
37704733,V3_2025_26,2,1,True,1.FC Slovacko → FK Pardubice,Chance Liga,False
37704770,V3_2025_26,2,2,True,Aalborg BK → Rosenborg BK,First Division → Eliteserien,True
37704799,V3_2025_26,2,2,True,Slaven Belupo Koprivnica → Panathinaikos,1. HNL → Super League,True
37704804,V3_2025_26,2,2,True,CD Tondela → Dinamo Makhachkala,Liga Portugal → Premier League,True
37704861,V3_2025_26,2,2,False,Swansea City + Brentford FC,Championship + Premier League,True
37704919,V3_2025_26,2,2,True,FK Mlada Boleslav → MFK Ruzomberok,Chance Liga → Niké Liga,True
37705286,V3_2025_26,2,2,True,Philadelphia Union → Lyngby Boldklub,Major League Soccer → First Division,True
37705839,V3_2025_26,2,2,True,Zemplin Michalovce → FC Banik Ostrava,Niké Liga → Chance Liga,True
37705907,V3_2025_26,2,2,True,Club Atlético Belgrano → Parma Calcio 1913,Liga Profesional de Fútbol → Serie A,True
37707467,V3_2025_26,2,2,True,Fortaleza CEIF → Toronto FC,Liga BetPlay → Major League Soccer,True
37707483,V3_2025_26,2,2,True,CA Aldosivi → CD Ñublense,Liga Profesional de Fútbol → Primera Division,True
37707578,V3_2025_26,2,2,True,Club NXT → Club Brugge KV,Challenger Pro League → Pro League,True
37708558,V3_2025_26,2,1,True,Al-Ahli SFC → Al-Riyadh SC,Pro League,False
37709264,V3_2025_26,2,2,True,PSV Eindhoven U21 → PSV Eindhoven,Eerste Divisie → Eredivisie,True
37709434,V3_2025_26,2,2,False,Oxford United + Brentford FC,Championship + Premier League,True
37709746,V3_2025_26,2,2,True,RKC Waalwijk → Heart of Midlothian FC,Eerste Divisie → Premiership,True
37709987,V3_2025_26,2,2,True,Cork City FC → Barrow AFC,Premier Division → League Two,True
37710014,V3_2025_26,2,1,False,FK Teplice + FC Slovan Liberec,Chance Liga,False
37710045,V3_2025_26,2,2,True,SC Heerenveen → FC Arouca,Eredivisie → Liga Portugal,True
37710199,V3_2025_26,2,2,True,FC Inter Turku → AIK,Veikkausliiga → Allsvenskan,True
37710344,V3_2025_26,2,2,True,Göztepe → NK Lokomotiva Zagreb,Super Lig → 1. HNL,True
37710703,V3_2025_26,2,1,True,Kifisia FC → Panathinaikos,Super League,False
37711071,V3_2025_26,2,1,True,Widzew Lodz → Wisla Plock,Ekstraklasa,False
37711542,V3_2025_26,2,2,False,TOP Oss + NAC Breda,Eerste Divisie + Eredivisie,True
37711634,V3_2025_26,3,3,True,CA Unión (Santa Fe) → CSKA Moscow → FC Baniyas,Liga Profesional de Fútbol → Premier League → UAE Pro League,True
37711703,V3_2025_26,2,2,False,Northampton Town + Leicester City,League One + Championship,True
37711755,V3_2025_26,2,1,False,FC Volendam + Ajax Amsterdam,Eredivisie,False
37712012,V3_2025_26,2,2,True,FC Ashdod → Dundee United FC,Ligat ha'Al → Premiership,True
37712369,V3_2025_26,2,1,True,Marumo Gallants FC → Orlando Pirates,Premier League,False
37712530,V3_2025_26,2,2,True,FC Metz → Udinese Calcio,Ligue 1 → Serie A,True
37712671,V3_2025_26,2,1,True,SK Slavia Prague → FK Teplice,Chance Liga,False
37713942,V3_2025_26,2,2,True,Olympique Marseille → AS Roma,Ligue 1 → Serie A,True
37714126,V3_2025_26,2,2,True,Pisa Sporting Club → AC Reggiana 1919,Serie A → Serie B,True
37714553,V3_2025_26,2,2,True,KAA Gent → Jong KAA Gent,Pro League → Challenger Pro League,True
37715082,V3_2025_26,2,1,True,Orlando Pirates → Magesi FC,Premier League,False
37715192,V3_2025_26,2,1,True,Richards Bay FC → Orbit College FC,Premier League,False
37715690,V3_2025_26,2,2,True,FK Haugesund → Portsmouth FC,Eliteserien → Championship,True
37715697,V3_2025_26,2,1,True,Bank El Ahly → Ittihad Alexandria SC,Premier League,False
37715699,V3_2025_26,2,2,True,BK Häcken → FC Lorient,Allsvenskan → Ligue 1,True
37715762,V3_2025_26,2,1,True,SC Cambuur Leeuwarden → RKC Waalwijk,Eerste Divisie,False
37715883,V3_2025_26,2,2,True,Pau FC → NEOM SC,Ligue 2 → Pro League,True
37716600,V3_2025_26,2,2,True,Real Sociedad → Real Sociedad B,La Liga → La Liga 2,True
37716699,V3_2025_26,2,2,True,KVC Westerlo → Cádiz CF,Pro League → La Liga 2,True
37716722,V3_2025_26,2,2,False,CD Mirandés + RCD Espanyol Barcelona,La Liga 2 + La Liga,True
37717408,V3_2025_26,2,2,True,Lyngby Boldklub → Djurgårdens IF,First Division → Allsvenskan,True
37717566,V3_2025_26,2,1,False,Gimnasia y Esgrima de Mendoza + CA Boca Juniors,Liga Profesional de Fútbol,False
37717567,V3_2025_26,2,1,True,CA Boca Juniors → Club Atlético Platense,Liga Profesional de Fútbol,False
37717736,V3_2025_26,2,2,True,Millonarios FC → Cruzeiro Esporte Clube,Liga BetPlay → Serie A,True
37718039,V3_2025_26,2,2,True,Middlesbrough FC → AS Saint-Étienne,Championship → Ligue 2,True
37718673,V3_2025_26,2,2,True,PSV Eindhoven → PSV Eindhoven U21,Eredivisie → Eerste Divisie,True
37718748,V3_2025_26,2,1,False,Gimnasia y Esgrima de Mendoza + CA Rosario Central,Liga Profesional de Fútbol,False
37719239,V3_2025_26,2,2,True,Real Sociedad → Real Sociedad B,La Liga → La Liga 2,True
37719250,V3_2025_26,2,2,False,Real Sociedad B + Real Sociedad,La Liga 2 + La Liga,True
37719386,V3_2025_26,2,2,True,PSV Eindhoven → PSV Eindhoven U21,Eredivisie → Eerste Divisie,True
37719435,V3_2025_26,2,2,True,Feyenoord Rotterdam → FC Dordrecht,Eredivisie → Eerste Divisie,True
37719502,V3_2025_26,2,2,True,Atlético Bucaramanga → Querétaro FC,Liga BetPlay → Liga MX,True
37720569,V3_2025_26,2,1,True,Al-Ettifaq FC → Al-Najma SC,Pro League,False
37720742,V3_2025_26,2,2,True,Bröndby IF → Red Bull Salzburg,Superliga → Admiral Bundesliga,True
37721019,V3_2025_26,2,1,True,Al-Khaleej FC → Al-Hilal SFC,Pro League,False
37721036,V3_2025_26,2,1,True,Halmstads BK → Malmö FF,Allsvenskan,False
37721104,V3_2025_26,2,2,True,Jagiellonia Bialystok → FC Porto,Ekstraklasa → Liga Portugal,True
37721205,V3_2025_26,2,2,False,Ajax Amsterdam U21 + Ajax Amsterdam,Eerste Divisie + Eredivisie,True
37721206,V3_2025_26,2,2,True,Ajax Amsterdam U21 → Ajax Amsterdam,Eerste Divisie → Eredivisie,True
37721211,V3_2025_26,2,2,True,PSV Eindhoven U21 → PSV Eindhoven,Eerste Divisie → Eredivisie,True
37721278,V3_2025_26,2,1,True,FK Metta → SK Super Nova,Virsliga,False
37721281,V3_2025_26,2,1,True,FK Metta → FK Grobina,Virsliga,False
37721289,V3_2025_26,2,1,True,SK Super Nova → Ogre United,Virsliga,False
37721337,V3_2025_26,2,2,False,Ajax Amsterdam U21 + Ajax Amsterdam,Eerste Divisie + Eredivisie,True
37721379,V3_2025_26,2,1,True,NEOM SC → Al-Taawoun FC,Pro League,False
37721944,V3_2025_26,2,1,True,KR Reykjavík → ÍBV Vestmannaeyjar,Besta deild,False
37722589,V3_2025_26,2,1,True,UTA Arad → Universitatea Craiova,Superliga,False
37722644,V3_2025_26,3,3,False,AZ Alkmaar U21 + AZ Alkmaar + Bayer 04 Leverkusen,Eerste Divisie + Eredivisie + Bundesliga,True
37722784,V3_2025_26,2,2,True,PSV Eindhoven → PSV Eindhoven U21,Eredivisie → Eerste Divisie,True
37722794,V3_2025_26,2,2,True,Ajax Amsterdam U21 → Ajax Amsterdam,Eerste Divisie → Eredivisie,True
37722795,V3_2025_26,2,2,True,FC Utrecht → FC Utrecht U21,Eredivisie → Eerste Divisie,True
37722801,V3_2025_26,2,2,False,Ajax Amsterdam U21 + Ajax Amsterdam,Eerste Divisie + Eredivisie,True
37722914,V3_2025_26,2,2,True,Ajax Amsterdam U21 → Ajax Amsterdam,Eerste Divisie → Eredivisie,True
37722931,V3_2025_26,2,2,False,AZ Alkmaar U21 + AZ Alkmaar,Eerste Divisie + Eredivisie,True
37722932,V3_2025_26,2,2,True,AZ Alkmaar U21 → AZ Alkmaar,Eerste Divisie → Eredivisie,True
37722934,V3_2025_26,2,2,True,AZ Alkmaar → AZ Alkmaar U21,Eredivisie → Eerste Divisie,True
37723121,V3_2025_26,2,2,False,Rotherham United + Leeds United,League One + Premier League,True
37723157,V3_2025_26,2,1,True,Olympiacos Piraeus → Atromitos Athens,Super League,False
37723258,V3_2025_26,2,1,True,Club Independiente Petrolero → Real Oruro,Liga De Futbol Prof,False
37723526,V3_2025_26,2,2,True,Cracovia → MSK Zilina,Ekstraklasa → Niké Liga,True
37723651,V3_2025_26,2,2,False,FC Emmen + Bröndby IF,Eerste Divisie + Superliga,True
37723871,V3_2025_26,2,2,True,RSC Anderlecht → RSCA Futures,Pro League → Challenger Pro League,True
37724049,V3_2025_26,2,2,True,Wrexham AFC → Cheltenham Town,Championship → League Two,True
37724507,V3_2025_26,3,2,True,Sparta Rotterdam → AZ Alkmaar U21 → AZ Alkmaar,Eredivisie → Eerste Divisie,True
37725829,V3_2025_26,2,2,True,Dundee FC → UNAM Pumas,Premiership → Liga MX,True
37726595,V3_2025_26,2,2,True,AZ Alkmaar → AZ Alkmaar U21,Eredivisie → Eerste Divisie,True
37726622,V3_2025_26,2,2,True,KAA Gent → Jong KAA Gent,Pro League → Challenger Pro League,True
37726724,V3_2025_26,2,1,False,Club Independiente Petrolero + Bolívar La Paz,Liga De Futbol Prof,False
37726748,V3_2025_26,2,2,False,Elche CF + AS Roma,La Liga + Serie A,True
37727083,V3_2025_26,2,1,True,Club Deportivo Oriente Petrolero → Club Always Ready,Liga De Futbol Prof,False
37728406,V3_2025_26,2,2,True,Elche CF → CD Mirandés,La Liga → La Liga 2,True
37728415,V3_2025_26,2,2,True,Vejle Boldklub → Esbjerg fB,Superliga → First Division,True
37729623,V3_2025_26,2,2,True,CA River Plate → Real Madrid,Liga Profesional de Fútbol → La Liga,True
37729625,V3_2025_26,2,2,True,CA Vélez Sarsfield → Ajax Amsterdam,Liga Profesional de Fútbol → Eredivisie,True
37729863,V3_2025_26,3,3,False,RSCA Futures + RSC Anderlecht + VfL Wolfsburg,Challenger Pro League + Pro League + Bundesliga,True
37729871,V3_2025_26,2,2,True,Stade Rennais FC → Al-Hilal SFC,Ligue 1 → Pro League,True
37730032,V3_2025_26,2,1,True,Panetolikos → Panathinaikos,Super League,False
37730515,V3_2025_26,2,1,True,CA Aldosivi → AA Estudiantes (Río Cuarto),Liga Profesional de Fútbol,False
37731254,V3_2025_26,2,2,False,Cultural Leonesa + RCD Espanyol Barcelona,La Liga 2 + La Liga,True
37732688,V3_2025_26,2,2,True,FC Barcelona → Paris Saint-Germain,La Liga → Ligue 1,True
37732970,V3_2025_26,2,1,True,Al-Hazem SC → Al-Najma SC,Pro League,False
37733489,V3_2025_26,2,2,False,Harrogate Town + Queens Park Rangers,League Two + Championship,True
37733696,V3_2025_26,2,2,True,FK Novi Pazar → Vitória Guimarães SC,Super Liga → Liga Portugal,True
37734277,V3_2025_26,2,2,True,FC Groningen → De Graafschap Doetinchem,Eredivisie → Eerste Divisie,True
37734717,V3_2025_26,2,2,True,FC Annecy → FK IMT Belgrad,Ligue 2 → Super Liga,True
37735340,V3_2025_26,2,1,True,Club The Strongest → San Antonio Bulo Bulo,Liga De Futbol Prof,False
37735347,V3_2025_26,3,1,True,Club Always Ready → Club A.B.B. → Blooming Santa Cruz,Liga De Futbol Prof,False
37735348,V3_2025_26,2,2,True,Wycombe Wanderers → Queens Park Rangers,League One → Championship,True
37736086,V3_2025_26,2,2,True,Reading FC → Club NXT,League One → Challenger Pro League,True
37736094,V3_2025_26,2,2,True,Stockport County → Walsall FC,League One → League Two,True
37736118,V3_2025_26,2,2,True,RSCA Futures → SC Telstar,Challenger Pro League → Eredivisie,True
37736497,V3_2025_26,2,2,False,Real Sociedad B + Real Sociedad,La Liga 2 + La Liga,True
37736593,V3_2025_26,2,2,True,Clube de Regatas Vasco da Gama → Sharjah FC,Serie A → UAE Pro League,True
37736940,V3_2025_26,2,2,False,Atromitos Athens + Sheffield United,Super League + Championship,True
37737195,V3_2025_26,2,1,True,IFK Mariehamn → Vaasan Palloseura,Veikkausliiga,False
37737209,V3_2025_26,2,2,True,CA Independiente → Esporte Clube Vitória,Liga Profesional de Fútbol → Serie A,True
37737392,V3_2025_26,2,2,True,CA Vélez Sarsfield → Botafogo de Futebol e Regatas,Liga Profesional de Fútbol → Serie A,True
37737517,V3_2025_26,2,2,True,Zalaegerszegi TE FC → Sporting Kansas City,NB I → Major League Soccer,True
37738468,V3_2025_26,2,2,True,Lyngby Boldklub → IK Start,First Division → Eliteserien,True
37738469,V3_2025_26,2,2,True,Boldklubben af 1893 → Viborg FF,First Division → Superliga,True
37738877,V3_2025_26,2,2,True,Ajax Amsterdam → Ajax Amsterdam U21,Eredivisie → Eerste Divisie,True
37739152,V3_2025_26,2,1,True,Patro Eisden Maasmechelen → KSC Lokeren,Challenger Pro League,False
37739178,V3_2025_26,2,2,True,FC Famalicão → Stade Rennais FC,Liga Portugal → Ligue 1,True
37739341,V3_2025_26,2,2,True,Cultural Leonesa → Levante UD,La Liga 2 → La Liga,True
37739583,V3_2025_26,2,2,True,Grêmio Foot-Ball Porto Alegrense → Al-Jazira Club,Serie A → UAE Pro League,True
37739764,V3_2025_26,2,1,True,Gualberto Villarroel San José → Club Independiente Petrolero,Liga De Futbol Prof,False
37739870,V3_2025_26,2,1,True,Universitario de Vinto → Club The Strongest,Liga De Futbol Prof,False
37739911,V3_2025_26,2,1,True,Club Jorge Wilstermann → Club Deportivo Guabirá,Liga De Futbol Prof,False
37740077,V3_2025_26,2,2,False,Sarpsborg 08 FF + Lyngby Boldklub,Eliteserien + First Division,True
37740474,V3_2025_26,2,1,True,CA Aldosivi → Club Atlético Tigre,Liga Profesional de Fútbol,False
37740517,V3_2025_26,2,2,True,Degerfors IF → FC Lugano,Allsvenskan → Super League,True
37741519,V3_2025_26,2,2,True,RSCA Futures → RSC Anderlecht,Challenger Pro League → Pro League,True
37741821,V3_2025_26,2,2,False,Serik Spor + Sheffield United,1. Lig + Championship,True
37742073,V3_2025_26,3,1,True,Club Always Ready → Club A.B.B. → Real Potosí,Liga De Futbol Prof,False
37742144,V3_2025_26,2,1,True,Club Sporting Cristal → Club Cienciano,Primera Division,False
37742342,V3_2025_26,2,2,True,Ajax Amsterdam → Ajax Amsterdam U21,Eredivisie → Eerste Divisie,True
37742403,V3_2025_26,2,2,True,Club Estudiantes de La Plata → Esporte Clube Bahia,Liga Profesional de Fútbol → Serie A,True
37742432,V3_2025_26,2,2,True,São Paulo Futebol Clube → CSKA Moscow,Serie A → Premier League,True
37742618,V3_2025_26,2,1,True,Sivasspor → Hatayspor,1. Lig,False
37743072,V3_2025_26,3,2,True,FK Liepaja → FK Grobina → AS Trencin,Virsliga → Niké Liga,True
37743077,V3_2025_26,2,1,True,Changchun Yatai → Shenzhen Peng City,Super League,False
37743121,V3_2025_26,2,2,True,RSCA Futures → RSC Anderlecht,Challenger Pro League → Pro League,True
37743383,V3_2025_26,2,2,False,Drogheda United FC + Nashville SC,Premier Division + Major League Soccer,True
37743678,V3_2025_26,2,2,True,Jong Genk → KRC Genk,Challenger Pro League → Pro League,True
37743689,V3_2025_26,2,2,True,PSV Eindhoven U21 → PSV Eindhoven,Eerste Divisie → Eredivisie,True
37744332,V3_2025_26,3,3,True,Vancouver Whitecaps FC → Vaasan Palloseura → Galway United FC,Major League Soccer → Veikkausliiga → Premier Division,True
37744511,V3_2025_26,2,2,True,SC Cambuur Leeuwarden → Malmö FF,Eerste Divisie → Allsvenskan,True
37744741,V3_2025_26,2,2,True,Siwelele Football Club → Beerschot VA,Premier League → Challenger Pro League,True
37744756,V3_2025_26,2,2,True,FC Toulouse → Rodez AF,Ligue 1 → Ligue 2,True
37747533,V3_2025_26,2,2,True,Grêmio Foot-Ball Porto Alegrense → Aston Villa,Serie A → Premier League,True
37747771,V3_2025_26,2,1,True,Ayacucho FC → Club Atlético Grau,Primera Division,False
37747809,V3_2025_26,2,2,True,São Paulo Futebol Clube → CSKA Moscow,Serie A → Premier League,True
37748095,V3_2025_26,2,2,True,Sport Club Internacional → Orlando City SC,Serie A → Major League Soccer,True
37748134,V3_2025_26,2,1,True,Millonarios FC → Llaneros FC,Liga BetPlay,False
37748161,V3_2025_26,2,1,True,CA Central Córdoba (SdE) → CA River Plate,Liga Profesional de Fútbol,False
37748162,V3_2025_26,2,1,True,CA Banfield → Club Atlético Platense,Liga Profesional de Fútbol,False
37748198,V3_2025_26,2,1,True,SJK Seinäjoki → FC KTP,Veikkausliiga,False
37748224,V3_2025_26,2,1,True,HNK Rijeka → HNK Vukovar 1991,1. HNL,False
37748381,V3_2025_26,2,2,True,ACSC FC Arges → Riga FC,Superliga → Virsliga,True
37748618,V3_2025_26,2,1,True,Vaasan Palloseura → HJK Helsinki,Veikkausliiga,False
37749071,V3_2025_26,2,1,True,Diósgyőri VTK → Újpest FC,NB I,False
37749199,V3_2025_26,2,2,False,Ajax Amsterdam U21 + Ajax Amsterdam,Eerste Divisie + Eredivisie,True
37750257,V3_2025_26,2,2,True,Aarhus GF → Aarhus Fremad,Superliga → First Division,True
37750482,V3_2025_26,2,1,True,IFK Värnamo → IF Elfsborg,Allsvenskan,False
37751364,V3_2025_26,2,2,False,K Lierse SK + Standard Liège,Challenger Pro League + Pro League,True
37751584,V3_2025_26,2,2,False,Asociación Deportivo Pasto + CA Lanús,Liga BetPlay + Liga Profesional de Fútbol,True
37755064,V3_2025_26,2,1,True,Club Aurora → Real Oruro,Liga De Futbol Prof,False
37756945,V3_2025_26,2,2,True,Olympique Lyon → Montpellier HSC,Ligue 1 → Ligue 2,True
37760405,V3_2025_26,2,1,True,FK Auda → Riga FC,Virsliga,False
37760424,V3_2025_26,2,2,True,FK Zeleznicar Pancevo → Malmö FF,Super Liga → Allsvenskan,True
37760511,V3_2025_26,2,1,True,TS Galaxy FC → Mamelodi Sundowns FC,Premier League,False
37760730,V3_2025_26,2,2,True,Club Brugge KV → Club NXT,Pro League → Challenger Pro League,True
37760852,V3_2025_26,2,1,True,Alianza FC → CD América de Cali,Liga BetPlay,False
37761103,V3_2025_26,2,2,False,Trabzonspor + SC Bastia,Super Lig + Ligue 2,True
37761258,V3_2025_26,2,2,True,Real Oruro → Cusco FC,Liga De Futbol Prof → Primera Division,True
37761830,V3_2025_26,2,1,True,Gualberto Villarroel San José → CA Nacional Potosí,Liga De Futbol Prof,False
37762152,V3_2025_26,2,2,True,CA Newell's Old Boys → Inter Miami CF,Liga Profesional de Fútbol → Major League Soccer,True
37762403,V3_2025_26,2,1,True,Club Jorge Wilstermann → Gualberto Villarroel San José,Liga De Futbol Prof,False
37762404,V3_2025_26,2,1,True,Club Jorge Wilstermann → Club A.B.B.,Liga De Futbol Prof,False
37762480,V3_2025_26,2,1,False,Club Atlético Platense + CA Vélez Sarsfield,Liga Profesional de Fútbol,False
37764801,V3_2025_26,2,1,True,Montpellier HSC → AS Nancy-Lorraine,Ligue 2,False
37764958,V3_2025_26,2,2,True,AS Trencin → Serik Spor,Niké Liga → 1. Lig,True
37768065,V3_2025_26,2,2,True,Fatih Karagümrük → Igdir FK,Super Lig → 1. Lig,True
37769413,V3_2025_26,2,1,True,AC Oulu → Turun Palloseura,Veikkausliiga,False
37769563,V3_2025_26,2,2,True,US Lecce → Stade Lavallois,Serie A → Ligue 2,True
37771048,V3_2025_26,2,2,False,Istanbulspor + Trabzonspor,1. Lig + Super Lig,True
37772049,V3_2025_26,2,2,True,Randers FC → Hilleröd Fodbold,Superliga → First Division,True
37773021,V3_2025_26,2,1,True,FK Radnik Surdulica → Red Star Belgrade,Super Liga,False
37773120,V3_2025_26,2,2,True,K Lierse SK → FCV Dender EH,Challenger Pro League → Pro League,True
37773415,V3_2025_26,2,2,False,Ajax Amsterdam U21 + Ajax Amsterdam,Eerste Divisie + Eredivisie,True
37774107,V3_2025_26,2,2,False,Le Mans FC + LOSC Lille,Ligue 2 + Ligue 1,True
37777176,V3_2025_26,2,2,False,NK Osijek + FK TSC Backa Topola,1. HNL + Super Liga,True
37777286,V3_2025_26,2,2,True,Kuopion Palloseura → FC Viktoria Plzen,Veikkausliiga → Chance Liga,True
37778646,V3_2025_26,2,2,True,CD Godoy Cruz Antonio Tomba → Panathinaikos,Liga Profesional de Fútbol → Super League,True
37779133,V3_2025_26,2,1,True,BSC Young Boys → Grasshopper Club Zurich,Super League,False
37779790,V3_2025_26,2,2,False,Club NXT + Club Brugge KV,Challenger Pro League + Pro League,True
37780068,V3_2025_26,2,1,True,Riga FC → FK Auda,Virsliga,False
37780754,V3_2025_26,2,2,False,Universidad Técnica de Cajamarca + CA San Lorenzo de Almagro,Primera Division + Liga Profesional de Fútbol,True
37780770,V3_2025_26,2,2,True,Östers IF → SK Slavia Prague,Allsvenskan → Chance Liga,True
37781206,V3_2025_26,3,1,True,SK Super Nova → FC RFS → BFC Daugavpils,Virsliga,False
37781207,V3_2025_26,3,1,True,SK Super Nova → FS Jelgava → FK Tukums 2000,Virsliga,False
37781519,V3_2025_26,2,2,True,Hapoel Petah Tikva → Sunderland AFC,Ligat ha'Al → Premier League,True
37787101,V3_2025_26,2,2,True,IF Brommapojkarna → Eintracht Frankfurt,Allsvenskan → Bundesliga,True
37787315,V3_2025_26,2,1,True,AJ Auxerre → Paris FC,Ligue 1,False
37787359,V3_2025_26,2,1,False,Bank El Ahly + Al Ahly FC,Premier League,False
37788209,V3_2025_26,2,2,True,Alanyaspor → FC Augsburg,Super Lig → Bundesliga,True
37904226,V3_2025_26,2,2,True,FC Luzern → Parma Calcio 1913,Super League → Serie A,True
37905674,V3_2025_26,2,2,True,Atlético Nacional → Cercle Brugge,Liga BetPlay → Pro League,True
37906758,V3_2025_26,2,2,False,FK Zeleznicar Pancevo + CF Estrela Amadora,Super Liga + Liga Portugal,True
37907472,V3_2025_26,2,1,False,BFC Daugavpils + FC RFS,Virsliga,False
37908170,V3_2025_26,2,2,False,Middelfart Boldklub + Frosinone Calcio,First Division + Serie B,True
37910133,V3_2025_26,2,1,True,Club Jorge Wilstermann → Club Always Ready,Liga De Futbol Prof,False
37910690,V3_2025_26,2,2,True,Orlando Pirates → Chicago Fire FC,Premier League → Major League Soccer,True
37911501,V3_2025_26,2,1,False,Club A.B.B. + Real Potosí,Liga De Futbol Prof,False
37912266,V3_2025_26,2,2,True,Botafogo de Futebol e Regatas → RWDM Brussels,Serie A → Challenger Pro League,True
37912519,V3_2025_26,3,3,True,Fortaleza Esporte Clube → Olympiacos Piraeus → Rio Ave FC,Serie A → Super League → Liga Portugal,True
37914945,V3_2025_26,2,2,True,IF Brommapojkarna → Philadelphia Union,Allsvenskan → Major League Soccer,True
37915430,V3_2025_26,2,2,True,NEC Nijmegen → VVV-Venlo,Eredivisie → Eerste Divisie,True
37915518,V3_2025_26,2,2,True,Górnik Zabrze → MFK Skalica,Ekstraklasa → Niké Liga,True
37915521,V3_2025_26,2,2,True,HNK Hajduk Split → Udinese Calcio,1. HNL → Serie A,True
37915710,V3_2025_26,2,2,True,De Graafschap Doetinchem → KV Mechelen,Eerste Divisie → Pro League,True
37918501,V3_2025_26,2,2,False,Ajax Amsterdam U21 + Ajax Amsterdam,Eerste Divisie + Eredivisie,True
37919243,V3_2025_26,2,1,True,Nashville SC → Sporting Kansas City,Major League Soccer,False
37919885,V3_2025_26,2,2,True,SK Super Nova → DAC Dunajska Streda,Virsliga → Niké Liga,True
37919886,V3_2025_26,2,2,True,SK Super Nova → FC Banik Ostrava,Virsliga → Chance Liga,True
37920608,V3_2025_26,2,2,True,BFC Daugavpils → FC Slovan Liberec,Virsliga → Chance Liga,True
37921852,V3_2025_26,2,1,True,FC RFS → BFC Daugavpils,Virsliga,False
37921981,V3_2025_26,2,1,True,FK Dukla Prague → SK Slavia Prague,Chance Liga,False
37923324,V3_2025_26,2,2,False,FC Utrecht U21 + FC Utrecht,Eerste Divisie + Eredivisie,True
37923844,V3_2025_26,2,1,True,Club Independiente Petrolero → Real Oruro,Liga De Futbol Prof,False
37924015,V3_2025_26,2,1,True,FS Jelgava → BFC Daugavpils,Virsliga,False
37924016,V3_2025_26,2,1,True,FS Jelgava → FC RFS,Virsliga,False
37924102,V3_2025_26,2,2,True,Jong KAA Gent → KAA Gent,Challenger Pro League → Pro League,True
37928897,V3_2025_26,2,2,True,Casa Pia AC → Galatasaray,Liga Portugal → Super Lig,True
37941552,V3_2025_26,2,1,True,Club Jorge Wilstermann → Club A.B.B.,Liga De Futbol Prof,False
38200135,V3_2025_26,3,1,True,AD Ceuta FC → Cádiz CF → SD Huesca,La Liga 2,False
38200928,V3_2025_26,2,1,True,Comerciantes Unidos → Deportivo Moquegua,Primera Division,False
38202036,V3_2025_26,2,2,True,FC Ashdod → Cracovia,Ligat ha'Al → Ekstraklasa,True
38204727,V3_2025_26,2,2,False,Ajax Amsterdam U21 + Ajax Amsterdam,Eerste Divisie + Eredivisie,True
38205967,V3_2025_26,2,2,False,TOP Oss + NEC Nijmegen,Eerste Divisie + Eredivisie,True
38206246,V3_2025_26,2,1,True,Al-Hazem SC → Al-Najma SC,Pro League,False
38207416,V3_2025_26,2,2,False,Ajax Amsterdam U21 + Ajax Amsterdam,Eerste Divisie + Eredivisie,True
38207503,V3_2025_26,2,2,True,AZ Alkmaar U21 → AZ Alkmaar,Eerste Divisie → Eredivisie,True
