player_id,season_id,team_id,player_name,nationality,season_club,league_label,primary_detailed_position,position_group_broad,age,minutes_played,phil_control,phil_progression,phil_direct,final_defensive_score
37686805,25177,234431.0,?. Barkovskis,Latvia,FC Daugavpils,Latvia 1 - Virsliga,Central Midfield,Midfield,18.0,1207.0,43.5,42.8,43.2,44.6
37629725,25016,10420.0,?. Björnsson,Iceland,FH,Iceland 1 - Besta deild,Centre Forward,Attack,,1065.0,44.3,44.3,44.6,48.8
37552911,25016,2688.0,?. Borgþórsson,Iceland,Víkingur Reykjavík,Iceland 1 - Besta deild,Left Wing,Attack,21.0,910.0,54.0,55.2,55.5,53.3
37598778,25177,261064.0,?. Boroduška,Latvia,FS Jelgava,Latvia 1 - Virsliga,Left Wing,Attack,19.0,1053.0,42.5,43.2,42.2,46.2
37572964,25016,1268.0,?. Guðjónsson,Iceland,ÍA,Iceland 1 - Besta deild,Left Back,Defence,19.0,1165.0,39.5,40.7,41.1,43.1
37691835,25016,6913.0,?. Orrason,Iceland,Breidablik,Iceland 1 - Besta deild,Centre Back,Defence,19.0,1116.0,49.6,49.7,48.1,45.8
37593466,25016,1268.0,?. Stefánsson,Iceland,ÍA,Iceland 1 - Besta deild,Attacking Midfield,Midfield,21.0,1704.0,45.9,45.5,48.3,33.7
37629707,25016,8680.0,?. Örvarsson,Iceland,Stjarnan,Iceland 1 - Besta deild,Left Back,Defence,21.0,2250.0,46.2,46.8,46.8,47.1
37655312,25016,5856.0,?. Þorbjörnsson,Iceland,Fram,Iceland 1 - Besta deild,Centre Back,Defence,18.0,1716.0,46.2,46.5,47.7,39.0
37576368,25016,6913.0,?. Þorsteinsson,Iceland,Breidablik,Iceland 1 - Besta deild,Left Wing,Attack,20.0,1611.0,46.5,47.6,47.2,46.0
96056,24971,270.0,A Konradsen,Norway,Haugesund,Norway 1 - Eliteserien,Central Midfield,Midfield,28.0,1302.0,46.1,45.2,45.3,40.2
118633,25016,8673.0,A. Albertsson,Iceland,KR Reykjavík,Iceland 1 - Besta deild,Defensive Midfield,Midfield,28.0,1667.0,52.4,53.5,51.1,41.1
15170249,24971,11914.0,A. Aleesami,Norway,KFUM,Norway 1 - Eliteserien,Centre Back,Defence,29.0,1838.0,47.1,46.7,45.4,49.2
92193,24943,2876.0,A. Aliev,Sweden,Öster,Sweden 1 - Allsvenskan,Centre Forward,Attack,28.0,2312.0,44.5,44.5,44.4,50.5
430405,24943,3285.0,A. Andersson,Sweden,Brommapojkarna,Sweden 1 - Allsvenskan,Right Midfield,Midfield,24.0,2598.0,47.1,46.6,48.6,52.5
22843,25016,10443.0,A. Andresson,Iceland,Afturelding,Iceland 1 - Besta deild,Centre Back,Defence,27.0,2110.0,43.5,42.7,46.0,45.8
37608598,25177,3546.0,A. Ankrah,Ghana,Riga,Latvia 1 - Virsliga,Defensive Midfield,Midfield,23.0,2875.0,51.5,52.0,50.3,64.7
5283698,25177,6142.0,A. Babić,Montenegro,Liepāja,Latvia 1 - Virsliga,Centre Back,Defence,25.0,2615.0,45.2,44.3,46.0,46.6
37920612,25177,7220.0,A. Bangura,Sierra Leone,Metta / LU,Latvia 1 - Virsliga,Left Wing,Attack,19.0,978.0,47.5,48.1,47.5,54.4
37569970,24971,8661.0,A. Baran Potur,Norway,HamKam,Norway 1 - Eliteserien,Central Midfield,Midfield,22.0,1225.0,48.2,47.8,48.8,50.6
118739,25016,8680.0,A. Bjarnason,Iceland,Stjarnan,Iceland 1 - Besta deild,Centre Forward,Attack,34.0,1605.0,47.8,47.4,49.0,46.2
37410481,25069,7566.0,A. Bjonbäck,Finland,Jaro,Finland 1 - Veikkausliiga,Right Back,Defence,22.0,1650.0,46.1,48.1,48.2,44.1
37528499,25069,7566.0,A. Björkskog,Finland,Jaro,Finland 1 - Veikkausliiga,Right Wing,Attack,20.0,1785.0,47.1,47.4,47.1,40.9
194922,24943,6607.0,A. Björnström,Sweden,Värnamo,Sweden 1 - Allsvenskan,Left Back,Defence,29.0,2330.0,47.1,46.6,46.0,38.6
24081698,24971,321.0,A. Bloch Bærtelsen,Denmark,Viking,Norway 1 - Eliteserien,Centre Back,Defence,24.0,1402.0,53.9,55.0,50.5,49.6
33561918,24943,720.0,A. Boman,Sweden,Halmstad,Sweden 1 - Allsvenskan,Right Back,Defence,23.0,1173.0,44.4,45.1,44.9,46.8
37648341,24943,1777.0,A. Boudri,Sweden,GAIS,Sweden 1 - Allsvenskan,Attacking Midfield,Midfield,20.0,2053.0,47.5,47.5,50.0,53.1
7940,24942,1387.0,A. Boyle,Republic of Ireland,Waterford United,Republic of Ireland 1 - Premier Division,Centre Back,Defence,33.0,1283.0,40.0,39.5,41.2,41.1
20406,24942,1260.0,A. Breslin,Republic of Ireland,St Patrick's,Republic of Ireland 1 - Premier Division,Left Back,Defence,28.0,1505.0,45.2,44.4,43.3,42.3
37711410,25069,5696.0,A. Cassamá,Guinea-Bissau,Oulu,Finland 1 - Veikkausliiga,Left Back,Defence,21.0,1721.0,47.9,50.3,49.2,56.0
37748618,25069,1840.0,A. Cicale,England,VPS,Finland 1 - Veikkausliiga,Left Wing,Attack,22.0,1777.0,53.6,54.7,53.4,52.0
37657274,24971,313.0,A. Conteh,Sierra Leone,Strømsgodset,Norway 1 - Eliteserien,Centre Forward,Attack,20.0,1012.0,45.1,45.1,44.6,52.5
242714,25177,3546.0,A. Contreras Enríquez,Costa Rica,Riga,Latvia 1 - Virsliga,Centre Forward,Attack,25.0,1445.0,53.5,53.2,53.9,56.1
172956,24942,744.0,A. Coote,Scotland,Shelbourne,Republic of Ireland 1 - Premier Division,Attacking Midfield,Midfield,26.0,1419.0,46.6,47.5,48.0,51.8
37366407,24943,2825.0,A. Csongvai,Hungary,AIK,Sweden 1 - Allsvenskan,Defensive Midfield,Midfield,24.0,2378.0,49.5,50.0,48.1,47.9
37579989,25177,151753.0,A. Deklavs,Latvia,Super Nova,Latvia 1 - Virsliga,Defensive Midfield,Midfield,22.0,1965.0,40.5,41.0,43.5,36.8
37529478,24971,8661.0,A. Ekeroth,Sweden,HamKam,Norway 1 - Eliteserien,Left Back,Defence,23.0,2334.0,48.3,49.3,51.0,47.1
192110,24943,532.0,A. Erlingmark,Sweden,IFK Göteborg,Sweden 1 - Allsvenskan,Defensive Midfield,Midfield,26.0,2398.0,51.2,52.4,49.5,51.8
37651113,25069,1666.0,A. Essomba Bikoula,Cameroon,Inter Turku,Finland 1 - Veikkausliiga,Right Wing,Attack,21.0,1974.0,55.4,54.9,54.8,47.1
37601827,25016,10420.0,A. Faqa,Syria,FH,Iceland 1 - Besta deild,Centre Back,Defence,22.0,1998.0,43.4,42.9,43.8,41.1
190811,24943,3603.0,A. Fransson,Sweden,Norrköping,Sweden 1 - Allsvenskan,Central Midfield,Midfield,30.0,1558.0,49.0,49.1,48.5,42.8
24817180,25177,151753.0,A. Glaudans,Latvia,Super Nova,Latvia 1 - Virsliga,Left Midfield,Midfield,22.0,1931.0,47.0,45.1,47.3,35.9
91335,25069,1666.0,A. Granlund,Finland,Inter Turku,Finland 1 - Veikkausliiga,Right Back,Defence,35.0,2113.0,44.9,45.2,44.8,40.0
120759,24942,207.0,A. Greene,Republic of Ireland,Shamrock Rovers,Republic of Ireland 1 - Premier Division,Centre Forward,Attack,35.0,1127.0,45.0,45.1,44.6,44.4
137778,25177,27467.0,A. Grjaznovs,Latvia,Grobiņa,Latvia 1 - Virsliga,Defensive Midfield,Midfield,27.0,914.0,42.4,42.1,43.7,40.5
119478,25016,8680.0,A. Hauksson,Iceland,Stjarnan,Iceland 1 - Besta deild,Defensive Midfield,Midfield,25.0,1042.0,47.1,46.6,48.6,51.4
17176170,24971,2474.0,A. Heggebø,Norway,Brann,Norway 1 - Eliteserien,Centre Forward,Attack,23.0,1162.0,49.8,49.3,50.1,53.0
118372,25016,853.0,A. Hilmarsson,Iceland,ÍBV,Iceland 1 - Besta deild,Central Midfield,Midfield,31.0,1954.0,44.2,44.3,44.8,41.5
22136680,25069,850.0,A. Huttunen,Finland,Mariehamn,Finland 1 - Veikkausliiga,Attacking Midfield,Midfield,23.0,1648.0,44.8,44.0,43.9,33.3
20684100,25016,853.0,A. Ingi Kristinsson,Iceland,ÍBV,Iceland 1 - Besta deild,Right Back,Defence,23.0,2152.0,45.7,46.8,47.1,45.8
37569737,24943,411.0,A. Iqbal,Pakistan,Mjällby,Sweden 1 - Allsvenskan,Centre Back,Defence,22.0,2081.0,49.6,49.5,48.6,44.3
19979243,24943,3285.0,A. Jakobsen,Denmark,Brommapojkarna,Sweden 1 - Allsvenskan,Centre Forward,Attack,25.0,1271.0,53.6,53.6,53.5,51.6
37772015,25177,27467.0,A. Javad,Iran,Grobiņa,Latvia 1 - Virsliga,Centre Forward,Attack,23.0,1276.0,45.7,45.1,46.0,41.9
37599454,25016,10443.0,A. Jonsson,Norway,Afturelding,Iceland 1 - Besta deild,Centre Back,Defence,20.0,1296.0,40.0,39.2,42.7,35.1
118047,25016,10443.0,A. Jóhannsson,Iceland,Afturelding,Iceland 1 - Besta deild,Central Midfield,Midfield,31.0,1881.0,45.5,45.4,45.4,32.4
16144601,25016,6913.0,A. Jónsson,Iceland,Breidablik,Iceland 1 - Besta deild,Defensive Midfield,Midfield,22.0,1455.0,48.1,48.8,47.4,44.6
41155,25069,9036.0,A. Kabashi,Finland,Gnistan,Finland 1 - Veikkausliiga,Defensive Midfield,Midfield,29.0,1434.0,42.6,42.4,42.1,37.8
37580074,25177,7220.0,A. Kangars,Latvia,Metta / LU,Latvia 1 - Virsliga,Centre Back,Defence,19.0,2066.0,46.6,46.6,47.8,37.6
786222,24942,1260.0,A. Keena,Republic of Ireland,St Patrick's,Republic of Ireland 1 - Premier Division,Centre Forward,Attack,25.0,1195.0,50.1,49.9,49.7,44.9
4545321,25177,8889.0,A. Kholod,Ukraine,Tukums,Latvia 1 - Virsliga,Right Wing,Attack,25.0,2027.0,44.3,45.5,43.9,51.3
37921904,24971,7242.0,A. Kinteh,Gambia,Tromsø,Norway 1 - Eliteserien,Centre Back,Defence,18.0,1649.0,60.1,61.8,56.1,50.8
206144,25177,6142.0,A. Korobenko,Ukraine,Liepāja,Latvia 1 - Virsliga,Defensive Midfield,Midfield,27.0,2839.0,50.4,50.8,51.0,39.4
37710199,25069,1666.0,A. Kouame,Ivory Coast,Inter Turku,Finland 1 - Veikkausliiga,Attacking Midfield,Midfield,21.0,1889.0,51.6,51.6,51.7,43.1
537706,25016,8503.0,A. Kralj,Sweden,Vestri,Iceland 1 - Besta deild,Left Back,Defence,27.0,1971.0,43.0,43.4,43.8,38.2
153412,24971,8775.0,A. Kryger,Norway,Bryne,Norway 1 - Eliteserien,Right Back,Defence,27.0,1427.0,52.7,51.5,52.7,45.6
24817147,25177,234431.0,A. Kudelkins,Latvia,FC Daugavpils,Latvia 1 - Virsliga,Centre Back,Defence,22.0,2487.0,46.7,46.1,46.5,35.5
192998,24943,2535.0,A. Layouni,Tunisia,Häcken,Sweden 1 - Allsvenskan,Right Wing,Attack,32.0,1423.0,51.8,50.6,51.7,41.3
190989,24943,2535.0,A. Lundqvist,Sweden,Häcken,Sweden 1 - Allsvenskan,Left Back,Defence,31.0,2039.0,50.7,51.2,50.3,51.8
37315684,25016,6913.0,A. Lúdvíksson,Iceland,Breidablik,Iceland 1 - Besta deild,Defensive Midfield,Midfield,22.0,1438.0,48.3,48.0,47.6,39.7
37738960,24943,411.0,A. Manneh,Gambia,Mjällby,Sweden 1 - Allsvenskan,Left Wing,Attack,20.0,2221.0,48.1,48.4,48.6,47.9
1201,24942,207.0,A. Matthews,Wales,Shamrock Rovers,Republic of Ireland 1 - Premier Division,Right Back,Defence,33.0,1126.0,45.6,45.6,44.6,40.8
6455,24942,374.0,A. McDonnell,Republic of Ireland,Bohemians,Republic of Ireland 1 - Premier Division,Central Midfield,Midfield,27.0,1903.0,41.1,40.8,40.5,50.6
122075,24942,207.0,A. McEneff,Northern Ireland,Shamrock Rovers,Republic of Ireland 1 - Premier Division,Central Midfield,Midfield,29.0,1193.0,46.3,46.0,45.7,37.5
37721281,25177,7220.0,A. Molotkovs,Latvia,Metta / LU,Latvia 1 - Virsliga,Left Back,Defence,17.0,1540.0,44.8,47.1,48.5,45.3
93918,25069,2617.0,A. Mäenpää,Finland,Ilves,Finland 1 - Veikkausliiga,Right Back,Defence,27.0,1822.0,49.3,48.1,47.0,43.7
883086,24971,869.0,A. Ndour,Senegal,Kristiansund,Norway 1 - Eliteserien,Centre Forward,Attack,27.0,974.0,49.0,48.8,49.4,53.3
23715924,24943,720.0,A. Nilsson,Sweden,Halmstad,Sweden 1 - Allsvenskan,Central Midfield,Midfield,22.0,954.0,45.5,44.9,44.5,43.9
37573014,24942,326.0,A. Nolan,Republic of Ireland,Cork City,Republic of Ireland 1 - Premier Division,Left Wing,Attack,21.0,1684.0,40.5,40.9,41.7,34.2
546782,24943,411.0,A. Norén,Sweden,Mjällby,Sweden 1 - Allsvenskan,Centre Back,Defence,25.0,2504.0,49.0,48.8,49.0,53.9
150225,24971,11914.0,A. Nouri,Norway,KFUM,Norway 1 - Eliteserien,Right Back,Defence,35.0,1085.0,47.4,47.7,47.8,46.5
12394527,24942,1097.0,A. O'Reilly,Republic of Ireland,Derry City,Republic of Ireland 1 - Premier Division,Central Midfield,Midfield,23.0,2471.0,45.3,45.8,45.5,44.8
12352,25069,826.0,A. Obileye,England,SJK,Finland 1 - Veikkausliiga,Centre Back,Defence,30.0,1121.0,45.4,45.0,47.4,42.1
31238121,24942,744.0,A. Odubeko,England,Shelbourne,Republic of Ireland 1 - Premier Division,Centre Forward,Attack,22.0,2279.0,44.2,44.3,43.7,41.4
37577438,25069,7828.0,A. Okyere,Ghana,Haka,Finland 1 - Veikkausliiga,Defensive Midfield,Midfield,22.0,1864.0,44.8,44.5,43.2,47.5
33980151,24971,502.0,A. Olsen,Norway,Vålerenga,Norway 1 - Eliteserien,Centre Back,Defence,23.0,2287.0,49.5,50.0,50.0,44.6
90696,25069,5696.0,A. Paananen,Finland,Oulu,Finland 1 - Veikkausliiga,Central Midfield,Midfield,32.0,1136.0,48.1,47.6,47.6,43.1
92087,25069,2617.0,A. Popovits,Finland,Ilves,Finland 1 - Veikkausliiga,Central Midfield,Midfield,28.0,2493.0,48.4,48.7,47.5,45.0
37603723,24943,443.0,A. Priske,Denmark,Djurgården,Sweden 1 - Allsvenskan,Centre Forward,Attack,21.0,2098.0,51.7,51.3,52.1,47.4
37344229,25177,27467.0,A. Puzirevskis,Latvia,Grobiņa,Latvia 1 - Virsliga,Centre Forward,Attack,22.0,1191.0,42.2,41.8,43.1,47.5
136304,25177,261064.0,A. Pētersons,Latvia,FS Jelgava,Latvia 1 - Virsliga,Right Back,Defence,34.0,1061.0,44.2,44.5,46.3,39.7
37539848,24942,1152.0,A. Quinn,Republic of Ireland,Drogheda United,Republic of Ireland 1 - Premier Division,Centre Back,Defence,23.0,2940.0,38.8,38.3,37.5,41.5
31542,25069,724.0,A. Ring,Finland,HJK,Finland 1 - Veikkausliiga,Central Midfield,Midfield,33.0,2552.0,51.1,51.1,51.4,40.2
37592778,24971,8661.0,A. Roaldsöy,Norway,HamKam,Norway 1 - Eliteserien,Central Midfield,Midfield,20.0,1302.0,49.1,49.1,48.2,44.0
92018,25069,1840.0,A. Räisänen,Finland,VPS,Finland 1 - Veikkausliiga,Central Midfield,Midfield,27.0,1768.0,41.5,41.0,41.2,40.2
37522371,25069,4323.0,A. Sadiku,Finland,KuPS,Finland 1 - Veikkausliiga,Centre Forward,Attack,22.0,1288.0,50.3,50.2,50.6,39.5
191035,24943,2825.0,A. Salétros,Sweden,AIK,Sweden 1 - Allsvenskan,Central Midfield,Midfield,28.0,2310.0,50.5,51.0,50.5,48.0
14011722,24971,8775.0,A. Scriven,Kenya,Bryne,Norway 1 - Eliteserien,Centre Forward,Attack,27.0,2190.0,47.6,47.8,47.6,65.5
37583469,25069,4486.0,A. Seck,Senegal,KTP,Finland 1 - Veikkausliiga,Right Wing,Attack,21.0,1180.0,50.8,51.3,53.6,47.3
16496036,25069,7828.0,A. Sejdiu,Kosovo,Haka,Finland 1 - Veikkausliiga,Left Wing,Attack,23.0,1341.0,49.5,50.5,49.6,44.8
34392107,24971,2601.0,A. Sher,Iraq,Sarpsborg 08,Norway 1 - Eliteserien,Central Midfield,Midfield,22.0,1614.0,49.9,49.9,49.2,50.7
118608,25016,8673.0,A. Sigurdarson,Iceland,KR Reykjavík,Iceland 1 - Besta deild,Defensive Midfield,Midfield,28.0,991.0,47.8,47.9,47.4,44.8
118695,25016,8673.0,A. Sigurdarson,Iceland,KR Reykjavík,Iceland 1 - Besta deild,Left Wing,Attack,31.0,1857.0,55.7,57.5,58.1,47.8
36097543,24943,1226.0,A. Sigurpálsson,Iceland,Elfsborg,Sweden 1 - Allsvenskan,Left Wing,Attack,22.0,1160.0,44.9,44.9,45.7,46.7
37260874,24942,1260.0,A. Sjöberg,Sweden,St Patrick's,Republic of Ireland 1 - Premier Division,Right Back,Defence,24.0,2256.0,47.3,46.8,45.7,50.2
191674,25016,2929.0,A. Skoglund,Sweden,Valur,Iceland 1 - Besta deild,Secondary Striker,Attack,28.0,1164.0,45.2,45.3,44.9,57.9
37701954,24943,354.0,A. Skogmar,Sweden,Malmö FF,Sweden 1 - Allsvenskan,Central Midfield,Midfield,19.0,1265.0,49.4,49.4,50.0,48.5
196426,24943,443.0,A. Ståhl,Sweden,Djurgården,Sweden 1 - Allsvenskan,Right Back,Defence,30.0,1642.0,49.1,48.6,48.4,52.4
9938953,24943,2876.0,A. Suhonen,Finland,Öster,Sweden 1 - Allsvenskan,Central Midfield,Midfield,24.0,1068.0,48.9,49.1,49.7,50.3
37698736,24943,2535.0,A. Svanbäck,Sweden,Häcken,Sweden 1 - Allsvenskan,Centre Forward,Attack,20.0,1013.0,51.2,51.1,51.2,49.8
459089,25016,10443.0,A. Sævarsson,Iceland,Afturelding,Iceland 1 - Besta deild,Left Back,Defence,27.0,2398.0,47.2,48.3,49.8,45.4
4997515,24943,3603.0,A. Sögaard,Sweden,Norrköping,Sweden 1 - Allsvenskan,Centre Back,Defence,27.0,1450.0,49.6,49.9,47.9,52.5
91872,25069,4486.0,A. Tanaka,Japan,KTP,Finland 1 - Veikkausliiga,Attacking Midfield,Midfield,37.0,2183.0,45.5,46.2,45.3,49.2
5270374,25177,6142.0,A. Traore,Guinea,Liepāja,Latvia 1 - Virsliga,Right Wing,Attack,22.0,957.0,54.7,55.5,54.7,56.7
52779,24943,3603.0,A. Traustason,Iceland,Norrköping,Sweden 1 - Allsvenskan,Central Midfield,Midfield,31.0,2364.0,47.3,47.1,47.1,44.0
37694165,25069,826.0,A. Vargas,Honduras,SJK,Finland 1 - Veikkausliiga,Right Wing,Attack,21.0,1683.0,48.5,48.5,48.1,47.1
91889,25069,7566.0,A. Vidjeskog,Finland,Jaro,Finland 1 - Veikkausliiga,Central Midfield,Midfield,26.0,1269.0,45.0,44.7,45.5,53.5
192452,24943,1777.0,A. Wängberg,Sweden,GAIS,Sweden 1 - Allsvenskan,Right Back,Defence,31.0,2275.0,48.9,48.4,47.0,46.7
37549628,25177,261064.0,A. Yuzvak,,FS Jelgava,Latvia 1 - Virsliga,Left Midfield,Midfield,24.0,3192.0,48.6,47.5,49.6,40.9
457773,24943,6607.0,A. Zeljkovic,Sweden,Värnamo,Sweden 1 - Allsvenskan,Left Wing,Attack,27.0,1773.0,47.1,46.7,48.1,41.4
137167,25177,3546.0,A. Černomordijs,Latvia,Riga,Latvia 1 - Virsliga,Centre Back,Defence,28.0,2357.0,52.1,52.7,50.4,41.7
16845901,25016,7325.0,B. Adalsteinsson,Iceland,KA Akureyri,Iceland 1 - Besta deild,Defensive Midfield,Midfield,25.0,1899.0,42.2,41.7,40.8,36.2
37695114,25069,1666.0,B. Ampofo,Ghana,Inter Turku,Finland 1 - Veikkausliiga,Central Midfield,Midfield,22.0,2035.0,48.1,48.0,47.6,48.4
120090,25016,2929.0,B. Antonsson,Iceland,Valur,Iceland 1 - Besta deild,Defensive Midfield,Midfield,29.0,1663.0,45.0,45.0,47.0,46.2
37712144,25069,4323.0,B. Armah,Ghana,KuPS,Finland 1 - Veikkausliiga,Left Wing,Attack,21.0,944.0,46.9,47.0,46.6,58.9
9938962,25016,7325.0,B. Baldvinsson,Iceland,KA Akureyri,Iceland 1 - Besta deild,Left Back,Defence,24.0,1445.0,43.1,44.8,45.0,48.0
4916243,25016,10443.0,B. Barkarson,Iceland,Afturelding,Iceland 1 - Besta deild,Central Midfield,Midfield,22.0,2258.0,47.7,48.7,48.9,48.8
37631459,25016,1268.0,B. Berndsen,Iceland,ÍA,Iceland 1 - Besta deild,Centre Back,Defence,21.0,1335.0,47.5,48.9,48.2,44.8
786171,24971,8661.0,B. Bjarnason,Iceland,HamKam,Norway 1 - Eliteserien,Centre Back,Defence,25.0,1165.0,48.9,49.0,48.5,53.7
149597,24942,312.0,B. Burns,Northern Ireland,Galway United,Republic of Ireland 1 - Premier Division,Left Back,Defence,25.0,2434.0,47.3,46.3,47.5,45.7
85654,25016,10420.0,B. Böðvarsson,Iceland,FH,Iceland 1 - Besta deild,Left Back,Defence,29.0,2318.0,46.6,46.5,48.4,36.7
4559,24943,2825.0,B. Celina,Kosovo,AIK,Sweden 1 - Allsvenskan,Attacking Midfield,Midfield,28.0,2268.0,50.5,49.7,50.4,42.6
37590192,24942,326.0,B. Couto,Portugal,Cork City,Republic of Ireland 1 - Premier Division,Left Back,Defence,21.0,1162.0,47.7,47.4,48.4,38.7
352236,25177,234431.0,B. Diallo,Mali,FC Daugavpils,Latvia 1 - Virsliga,Centre Forward,Attack,21.0,1641.0,47.8,47.4,47.8,55.0
37380684,25177,234431.0,B. Diedhiou,Senegal,FC Daugavpils,Latvia 1 - Virsliga,Right Wing,Attack,24.0,1643.0,51.6,53.3,53.3,53.2
37539856,25069,826.0,B. Fati,Portugal,SJK,Finland 1 - Veikkausliiga,Left Back,Defence,25.0,2417.0,52.3,54.0,54.6,49.6
32315,24971,2474.0,B. Finne,Norway,Brann,Norway 1 - Eliteserien,Centre Forward,Attack,30.0,1570.0,47.5,47.8,47.6,40.1
3509963,24942,1097.0,B. Fleming,England,Derry City,Republic of Ireland 1 - Premier Division,Left Back,Defence,25.0,1035.0,47.3,49.0,48.5,51.3
120293,25016,2929.0,B. Heimisson,Iceland,Valur,Iceland 1 - Besta deild,Central Midfield,Midfield,25.0,1234.0,50.8,50.2,50.6,42.0
37586333,25016,10420.0,B. Helgason,Iceland,FH,Iceland 1 - Besta deild,Defensive Midfield,Midfield,20.0,2000.0,43.0,42.5,42.4,42.4
118726,25016,7325.0,B. Ingason,Iceland,KA Akureyri,Iceland 1 - Besta deild,Left Wing,Attack,28.0,927.0,49.0,50.1,51.7,47.7
120156,25016,10420.0,B. Jónsson,Iceland,FH,Iceland 1 - Besta deild,Right Back,Defence,27.0,2177.0,42.7,42.7,44.3,41.1
15434635,24942,1260.0,B. Kavanagh,Republic of Ireland,St Patrick's,Republic of Ireland 1 - Premier Division,Attacking Midfield,Midfield,24.0,1406.0,47.7,48.9,46.7,43.3
37721036,24943,720.0,B. Kurtulus,Sweden,Halmstad,Sweden 1 - Allsvenskan,Centre Back,Defence,17.0,2516.0,47.6,47.6,47.5,50.1
4545504,25069,724.0,B. Lyons-Foster,England,HJK,Finland 1 - Veikkausliiga,Right Back,Defence,24.0,1290.0,46.1,46.6,46.1,44.1
37543352,25177,6142.0,B. Melnis,Latvia,Liepāja,Latvia 1 - Virsliga,Centre Forward,Attack,21.0,1967.0,50.1,49.8,49.8,47.9
17168515,25069,724.0,B. Michel,Haiti,HJK,Finland 1 - Veikkausliiga,Left Wing,Attack,27.0,1833.0,49.7,49.5,50.0,46.8
37569295,25177,3546.0,B. Musah,Ghana,Riga,Latvia 1 - Virsliga,Centre Back,Defence,25.0,1684.0,51.6,52.2,50.4,53.5
37584218,25177,3546.0,B. Perez-Vico,Spain,Riga,Latvia 1 - Virsliga,Attacking Midfield,Midfield,22.0,1403.0,51.3,49.6,54.8,54.5
33850,24971,290.0,B. Risa,Norway,Molde,Norway 1 - Eliteserien,Centre Back,Defence,27.0,1221.0,57.0,58.8,57.8,43.6
8417194,25177,8889.0,B. Samoilovs,Latvia,Tukums,Latvia 1 - Virsliga,Attacking Midfield,Midfield,24.0,2845.0,48.5,49.5,47.4,40.8
518768,24971,270.0,B. Santos Leite,Cape Verde,Haugesund,Norway 1 - Eliteserien,Central Midfield,Midfield,30.0,1301.0,48.6,49.8,49.1,52.9
152332,25016,10443.0,B. Stokke,Norway,Afturelding,Iceland 1 - Besta deild,Centre Forward,Attack,34.0,1853.0,43.9,44.1,43.1,42.0
25636,25069,1666.0,B. Straalman,Netherlands,Inter Turku,Finland 1 - Veikkausliiga,Centre Back,Defence,28.0,2245.0,47.6,47.8,46.5,46.7
84648,25016,10420.0,B. Sverrisson,Iceland,FH,Iceland 1 - Besta deild,Central Midfield,Midfield,34.0,1851.0,43.8,43.8,44.3,38.7
151288,24971,313.0,B. Sørmo,Norway,Strømsgodset,Norway 1 - Eliteserien,Right Back,Defence,28.0,968.0,49.7,49.7,48.5,55.8
151127,24971,2601.0,B. Utvik,Norway,Sarpsborg 08,Norway 1 - Eliteserien,Centre Back,Defence,29.0,1080.0,54.2,55.7,53.6,49.3
28571252,25016,8680.0,B. Waren,Iceland,Stjarnan,Iceland 1 - Besta deild,Central Midfield,Midfield,23.0,2228.0,52.5,53.1,56.0,42.3
37336786,24943,1226.0,B. Zeneli,Sweden,Elfsborg,Sweden 1 - Allsvenskan,Central Midfield,Midfield,22.0,2400.0,55.1,55.6,55.9,52.8
19624015,25069,4323.0,C. Antwi,Ghana,KuPS,Finland 1 - Veikkausliiga,Left Back,Defence,25.0,1201.0,51.8,52.7,53.2,44.8
3188047,24942,312.0,C. Byrne,Republic of Ireland,Galway United,Republic of Ireland 1 - Premier Division,Centre Back,Defence,22.0,1456.0,44.4,43.9,42.4,38.3
3188047,24942,374.0,C. Byrne,Republic of Ireland,Bohemians,Republic of Ireland 1 - Premier Division,Centre Back,Defence,22.0,1013.0,44.2,45.0,46.4,51.0
15524626,24971,617.0,C. Cheng,Norway,Sandefjord,Norway 1 - Eliteserien,Left Back,Defence,23.0,1954.0,46.7,47.7,47.5,43.0
9520,24942,1260.0,C. Forrester,Republic of Ireland,St Patrick's,Republic of Ireland 1 - Premier Division,Central Midfield,Midfield,32.0,1859.0,50.2,50.2,50.1,48.0
191144,24943,2753.0,C. Gravius,Sweden,Degerfors,Sweden 1 - Allsvenskan,Central Midfield,Midfield,27.0,1952.0,46.9,47.2,46.5,42.6
191222,24943,6607.0,C. Johansson,Sweden,Värnamo,Sweden 1 - Allsvenskan,Left Wing,Attack,26.0,1647.0,45.7,45.4,44.9,58.2
786220,24942,1152.0,C. Kane,Republic of Ireland,Drogheda United,Republic of Ireland 1 - Premier Division,Left Back,Defence,26.0,2962.0,42.4,41.7,41.5,42.2
30850936,24942,910.0,C. Kavanagh,Republic of Ireland,Sligo Rovers,Republic of Ireland 1 - Premier Division,Centre Forward,Attack,22.0,1566.0,44.5,44.4,44.3,42.7
123567,24942,1152.0,C. Keeley,Republic of Ireland,Drogheda United,Republic of Ireland 1 - Premier Division,Centre Back,Defence,27.0,3240.0,43.5,43.2,43.2,53.0
20694603,24971,502.0,C. Lange,Denmark,Vålerenga,Norway 1 - Eliteserien,Attacking Midfield,Midfield,26.0,2262.0,46.3,47.1,46.3,50.5
37549543,25069,1666.0,C. Legbo Ouguehi,Ivory Coast,Inter Turku,Finland 1 - Veikkausliiga,Left Wing,Attack,23.0,2158.0,51.4,51.2,52.4,43.9
31269271,24942,326.0,C. Lyons,Republic of Ireland,Cork City,Republic of Ireland 1 - Premier Division,Centre Back,Defence,24.0,2116.0,44.8,45.5,45.6,44.6
37473352,24971,270.0,C. Niyukuri,Norway,Haugesund,Norway 1 - Eliteserien,Right Back,Defence,25.0,1337.0,48.9,49.7,48.9,57.0
37437778,24942,1387.0,C. Noonan,Republic of Ireland,Waterford United,Republic of Ireland 1 - Premier Division,Attacking Midfield,Midfield,22.0,2892.0,45.2,45.1,44.7,40.4
35329,24943,3603.0,C. Nyman,Sweden,Norrköping,Sweden 1 - Allsvenskan,Centre Forward,Attack,32.0,2305.0,48.1,47.9,47.8,50.0
37643914,24942,207.0,C. O'Sullivan,Republic of Ireland,Shamrock Rovers,Republic of Ireland 1 - Premier Division,Centre Back,Defence,18.0,1985.0,44.3,43.8,43.7,39.6
37715764,24942,326.0,C. O'Sullivan,Republic of Ireland,Cork City,Republic of Ireland 1 - Premier Division,Right Wing,Attack,17.0,1565.0,41.7,41.4,41.0,42.0
37737195,25069,850.0,C. Okereke,Nigeria,Mariehamn,Finland 1 - Veikkausliiga,Centre Back,Defence,21.0,1922.0,45.4,44.7,47.1,48.9
37316807,24942,374.0,C. Parsons,England,Bohemians,Republic of Ireland 1 - Premier Division,Left Wing,Attack,24.0,1018.0,41.6,42.3,42.4,44.1
37702590,24942,910.0,C. Reynolds,Republic of Ireland,Sligo Rovers,Republic of Ireland 1 - Premier Division,Right Back,Defence,18.0,1402.0,42.7,43.5,41.6,54.5
1494210,24943,354.0,C. Rosler,Norway,Malmö FF,Sweden 1 - Allsvenskan,Centre Back,Defence,24.0,2103.0,47.8,47.8,47.9,41.9
37666800,25177,234431.0,C. Taty Tchibinda,Republic of the Congo,FC Daugavpils,Latvia 1 - Virsliga,Defensive Midfield,Midfield,19.0,2661.0,44.9,44.7,51.1,46.3
16855445,24942,374.0,C. Whelan,Republic of Ireland,Bohemians,Republic of Ireland 1 - Premier Division,Centre Forward,Attack,24.0,1425.0,43.4,43.4,43.8,41.9
7839,24942,1097.0,C. Winchester,Northern Ireland,Derry City,Republic of Ireland 1 - Premier Division,Defensive Midfield,Midfield,31.0,2556.0,45.7,45.6,45.7,50.8
13573690,25069,4323.0,D. Arifi,Finland,KuPS,Finland 1 - Veikkausliiga,Defensive Midfield,Midfield,22.0,2388.0,49.9,50.3,47.7,44.8
196785,24943,2876.0,D. Ask,Sweden,Öster,Sweden 1 - Allsvenskan,Central Midfield,Midfield,26.0,1536.0,48.7,48.9,48.6,47.5
118421,25016,2688.0,D. Atlason,Iceland,Víkingur Reykjavík,Iceland 1 - Besta deild,Right Back,Defence,30.0,1007.0,50.7,50.9,50.8,49.7
37702841,25016,8503.0,D. Berg Jónsson,Iceland,Vestri,Iceland 1 - Besta deild,Secondary Striker,Attack,18.0,939.0,50.2,49.9,50.6,51.9
69502,24943,2825.0,D. Beširović,Bosnia and Herzegovina,AIK,Sweden 1 - Allsvenskan,Central Midfield,Midfield,31.0,1880.0,48.4,48.1,48.7,53.7
37586352,25069,7828.0,D. Bulgakov,Finland,Haka,Finland 1 - Veikkausliiga,Left Wing,Attack,20.0,1086.0,47.0,46.6,46.5,40.0
337122,24942,207.0,D. Cleary,Republic of Ireland,Shamrock Rovers,Republic of Ireland 1 - Premier Division,Centre Back,Defence,28.0,2409.0,48.4,48.1,48.1,48.1
33203864,24942,326.0,D. Crowley,Republic of Ireland,Cork City,Republic of Ireland 1 - Premier Division,Right Back,Defence,24.0,2904.0,43.5,42.3,42.1,43.9
19634267,25177,234431.0,D. Cucurs,Latvia,FC Daugavpils,Latvia 1 - Virsliga,Right Back,Defence,24.0,1522.0,49.7,50.4,52.6,43.2
32777741,24942,326.0,D. Daniels,Netherlands,Cork City,Republic of Ireland 1 - Premier Division,Centre Forward,Attack,23.0,945.0,43.9,44.4,43.8,43.2
37423072,24971,2474.0,D. De Roeve,Belgium,Brann,Norway 1 - Eliteserien,Right Back,Defence,20.0,1431.0,53.2,52.5,51.7,54.7
33577315,24942,374.0,D. Devoy,Republic of Ireland,Bohemians,Republic of Ireland 1 - Premier Division,Central Midfield,Midfield,23.0,3043.0,49.1,48.8,48.8,45.1
137350,25177,27467.0,D. Dobrecovs,Latvia,Grobiņa,Latvia 1 - Virsliga,Centre Forward,Attack,28.0,2662.0,45.4,45.3,44.8,38.7
37336699,25177,27467.0,D. Družiņins,Latvia,Grobiņa,Latvia 1 - Virsliga,Centre Back,Defence,21.0,3240.0,41.9,41.9,43.5,43.7
4243098,24971,1335.0,D. Duris,Slovakia,Rosenborg,Norway 1 - Eliteserien,Left Wing,Attack,26.0,982.0,46.5,46.5,46.9,41.9
17876106,24971,7242.0,D. Edvardsson,Sweden,Tromsø,Norway 1 - Eliteserien,Central Midfield,Midfield,23.0,2050.0,48.9,48.7,48.0,45.5
155268,24971,1743.0,D. Eid,Norway,Fredrikstad,Norway 1 - Eliteserien,Right Back,Defence,26.0,2071.0,46.6,45.3,47.3,46.7
37288044,25069,850.0,D. Enqvist,Finland,Mariehamn,Finland 1 - Veikkausliiga,Left Back,Defence,23.0,2015.0,45.8,46.0,45.1,45.1
14359087,24942,207.0,D. Grant,Republic of Ireland,Shamrock Rovers,Republic of Ireland 1 - Premier Division,Right Midfield,Midfield,25.0,2021.0,46.1,46.0,44.9,43.8
37586345,24943,354.0,D. Gudjohnsen,Iceland,Malmö FF,Sweden 1 - Allsvenskan,Centre Forward,Attack,19.0,1101.0,52.4,53.1,52.0,52.7
37531538,25177,6142.0,D. Guèye,Senegal,Liepāja,Latvia 1 - Virsliga,Centre Forward,Attack,28.0,2559.0,55.6,54.5,56.7,51.7
15170262,24971,11914.0,D. Gyedu,Norway,KFUM,Norway 1 - Eliteserien,Right Wing,Attack,27.0,2103.0,44.0,44.6,45.1,43.5
37627539,25069,9036.0,D. Hafstad,Norway,Gnistan,Finland 1 - Veikkausliiga,Centre Forward,Attack,21.0,1066.0,48.4,48.3,48.6,51.0
518906,25016,2688.0,D. Hafsteinsson,Iceland,Víkingur Reykjavík,Iceland 1 - Besta deild,Central Midfield,Midfield,25.0,1889.0,51.4,51.3,51.4,47.3
37590295,25177,261064.0,D. Holoubek,,FS Jelgava,Latvia 1 - Virsliga,Attacking Midfield,Midfield,22.0,2874.0,46.8,48.7,48.7,49.8
7688076,24942,312.0,D. Hurley,Republic of Ireland,Galway United,Republic of Ireland 1 - Premier Division,Central Midfield,Midfield,26.0,2284.0,47.1,47.6,47.5,47.6
418772,24943,3285.0,D. Irandust,Sweden,Brommapojkarna,Sweden 1 - Allsvenskan,Attacking Midfield,Midfield,26.0,1819.0,49.6,47.6,48.5,51.1
25345,24971,1335.0,D. Islamovic,Montenegro,Rosenborg,Norway 1 - Eliteserien,Centre Forward,Attack,31.0,2154.0,50.8,50.7,51.0,51.5
30841455,24942,1152.0,D. James-Taylor,England,Drogheda United,Republic of Ireland 1 - Premier Division,Centre Forward,Attack,23.0,937.0,44.8,44.7,45.5,50.5
37538531,24943,532.0,D. Kjær Kruse,Denmark,IFK Göteborg,Sweden 1 - Allsvenskan,Central Midfield,Midfield,22.0,2581.0,48.3,48.2,47.7,50.7
20931,24942,1387.0,D. Leahy,Republic of Ireland,Waterford United,Republic of Ireland 1 - Premier Division,Left Back,Defence,26.0,2457.0,41.6,41.7,42.2,46.3
177415,25177,6556.0,D. Lemajić,Serbia,Rīgas FS,Latvia 1 - Virsliga,Centre Forward,Attack,31.0,2284.0,54.2,54.0,54.9,47.8
23223402,24943,2876.0,D. Ljung,Sweden,Öster,Sweden 1 - Allsvenskan,Left Wing,Attack,26.0,1884.0,46.7,46.2,46.1,46.5
580998,24942,207.0,D. Mandroiu,Republic of Ireland,Shamrock Rovers,Republic of Ireland 1 - Premier Division,Attacking Midfield,Midfield,26.0,1083.0,50.9,51.1,48.5,49.3
121794,24942,1152.0,D. Markey,Republic of Ireland,Drogheda United,Republic of Ireland 1 - Premier Division,Attacking Midfield,Midfield,27.0,2400.0,41.2,41.1,41.9,49.0
37437777,24942,1387.0,D. McMenamy,Republic of Ireland,Waterford United,Republic of Ireland 1 - Premier Division,Attacking Midfield,Midfield,22.0,1263.0,45.7,46.3,45.6,55.4
24817158,25177,11230.0,D. Melniks,Latvia,Auda,Latvia 1 - Virsliga,Centre Back,Defence,22.0,2674.0,49.6,49.6,49.2,47.3
1114,24943,3603.0,D. Moberg-Karlsson,Sweden,Norrköping,Sweden 1 - Allsvenskan,Right Wing,Attack,31.0,1409.0,50.1,50.2,50.6,40.7
193095,25016,8503.0,D. Montiel,Sweden,Vestri,Iceland 1 - Besta deild,Attacking Midfield,Midfield,29.0,2040.0,50.9,50.0,51.8,41.9
173870,24942,1097.0,D. Mullen,Scotland,Derry City,Republic of Ireland 1 - Premier Division,Centre Forward,Attack,29.0,1193.0,48.9,48.7,49.1,46.3
118453,25016,6913.0,D. Muminovic,Iceland,Breidablik,Iceland 1 - Besta deild,Centre Back,Defence,34.0,1130.0,54.2,55.5,54.9,46.1
32795620,24942,207.0,D. Nugent,Republic of Ireland,Shamrock Rovers,Republic of Ireland 1 - Premier Division,Central Midfield,Midfield,23.0,1101.0,40.2,39.3,39.8,46.5
1021776,24943,2876.0,D. Olsson,Sweden,Öster,Sweden 1 - Allsvenskan,Left Back,Defence,25.0,1073.0,51.1,50.7,51.7,54.6
37579990,25177,6142.0,D. Patijčuks,Latvia,Liepāja,Latvia 1 - Virsliga,Secondary Striker,Attack,21.0,1197.0,47.7,48.1,46.9,53.9
24799852,24971,8775.0,D. Ramos Moreira,Portugal,Bryne,Norway 1 - Eliteserien,Centre Forward,Attack,23.0,2377.0,46.0,46.6,46.1,43.8
786226,24942,374.0,D. Rooney,Republic of Ireland,Bohemians,Republic of Ireland 1 - Premier Division,Left Wing,Attack,26.0,2962.0,48.3,47.3,47.2,44.8
37680481,24971,11914.0,D. Schneider,Norway,KFUM,Norway 1 - Eliteserien,Centre Back,Defence,23.0,962.0,46.4,45.7,46.7,53.3
37303736,24971,2601.0,D. Seland Karlsbakk,Norway,Sarpsborg 08,Norway 1 - Eliteserien,Centre Forward,Attack,21.0,2361.0,50.8,50.4,51.3,44.2
191249,24943,2753.0,D. Sundgren,Sweden,Degerfors,Sweden 1 - Allsvenskan,Right Back,Defence,34.0,1432.0,53.6,52.5,52.8,43.2
37680487,24971,869.0,D. Tufekcic,Norway,Kristiansund,Norway 1 - Eliteserien,Right Wing,Attack,21.0,2187.0,45.2,44.9,45.0,45.1
150923,24971,869.0,D. Ulvestad,Norway,Kristiansund,Norway 1 - Eliteserien,Centre Back,Defence,35.0,2684.0,48.3,48.9,48.1,45.6
37540007,25177,8889.0,D. Valmiers,Latvia,Tukums,Latvia 1 - Virsliga,Right Back,Defence,22.0,1312.0,45.9,46.3,47.1,44.2
37579987,25177,151753.0,D. Vējkrīgers,Latvia,Super Nova,Latvia 1 - Virsliga,Right Back,Defence,20.0,2566.0,44.1,44.3,45.1,46.0
123426,24942,207.0,D. Watts,Republic of Ireland,Shamrock Rovers,Republic of Ireland 1 - Premier Division,Central Midfield,Midfield,27.0,1885.0,49.6,50.0,48.9,43.0
25591465,25177,6556.0,D. Zelenkovs,Latvia,Rīgas FS,Latvia 1 - Virsliga,Central Midfield,Midfield,24.0,2543.0,53.8,54.4,54.1,42.8
37580080,25177,7220.0,D. Čiņajevs,Latvia,Metta / LU,Latvia 1 - Virsliga,Central Midfield,Midfield,21.0,2318.0,42.7,42.2,43.7,43.1
118886,25016,2688.0,E. Agnarsson,Iceland,Víkingur Reykjavík,Iceland 1 - Besta deild,Attacking Midfield,Midfield,27.0,1322.0,40.0,40.2,42.7,40.5
37914945,24943,3285.0,E. Alladoh,Ghana,Brommapojkarna,Sweden 1 - Allsvenskan,Centre Forward,Attack,19.0,2017.0,45.0,44.8,45.1,47.9
5640843,25069,9036.0,E. Arko-Mensah,Ghana,Gnistan,Finland 1 - Veikkausliiga,Left Back,Defence,23.0,2017.0,46.6,47.8,49.0,51.9
37787102,24943,720.0,E. Arvidsson,Sweden,Halmstad,Sweden 1 - Allsvenskan,Right Wing,Attack,16.0,941.0,43.4,43.9,42.5,44.2
38555,25016,8680.0,E. Atlason,Iceland,Stjarnan,Iceland 1 - Besta deild,Centre Forward,Attack,31.0,921.0,46.8,46.6,47.3,44.6
37634585,24971,321.0,E. Austbö,Norway,Viking,Norway 1 - Eliteserien,Left Wing,Attack,19.0,1851.0,52.1,52.2,52.2,44.8
37620538,24943,2753.0,E. Barsoum,Sweden,Degerfors,Sweden 1 - Allsvenskan,Left Midfield,Midfield,22.0,1526.0,47.5,47.2,46.6,44.6
169846,25069,9036.0,E. Bashkirov,Russia,Gnistan,Finland 1 - Veikkausliiga,Central Midfield,Midfield,33.0,2511.0,42.8,42.4,42.3,41.8
465116,25177,11230.0,E. Birka,Latvia,Auda,Latvia 1 - Virsliga,Left Back,Defence,24.0,1651.0,50.6,52.0,54.3,42.1
191250,24943,3285.0,E. Björkander,Sweden,Brommapojkarna,Sweden 1 - Allsvenskan,Centre Back,Defence,28.0,908.0,46.4,45.7,47.7,40.6
5283802,24971,290.0,E. Breivik,Norway,Molde,Norway 1 - Eliteserien,Attacking Midfield,Midfield,24.0,2499.0,48.3,49.0,47.6,51.9
37437772,24942,744.0,E. Caffrey,Republic of Ireland,Shelbourne,Republic of Ireland 1 - Premier Division,Right Midfield,Midfield,21.0,2538.0,45.3,44.0,45.7,42.7
19625217,24971,1335.0,E. Ceide,Norway,Rosenborg,Norway 1 - Eliteserien,Left Wing,Attack,23.0,2283.0,51.8,51.2,50.8,40.1
2816059,24942,744.0,E. Chapman,England,Shelbourne,Republic of Ireland 1 - Premier Division,Attacking Midfield,Midfield,24.0,1481.0,40.5,42.0,41.1,45.5
37520117,25016,10443.0,E. Cogic,Iceland,Afturelding,Iceland 1 - Besta deild,Right Wing,Attack,23.0,1666.0,51.7,52.7,52.5,45.8
37582257,24943,354.0,E. Ekong,Sweden,Malmö FF,Sweden 1 - Allsvenskan,Left Wing,Attack,22.0,922.0,45.3,46.5,48.0,46.4
37598806,25177,7220.0,E. Evelons,Latvia,Metta / LU,Latvia 1 - Virsliga,Centre Forward,Attack,19.0,1752.0,43.4,43.3,43.4,42.7
37692397,24971,2474.0,E. Fauske Helland,Norway,Brann,Norway 1 - Eliteserien,Centre Back,Defence,19.0,2504.0,53.3,54.6,52.3,50.5
1452374,24971,8775.0,E. Franke Saunes,Norway,Bryne,Norway 1 - Eliteserien,Left Back,Defence,26.0,2498.0,48.7,48.6,49.1,47.0
138536,25177,6142.0,E. Girdvainis,Lithuania,Liepāja,Latvia 1 - Virsliga,Centre Back,Defence,32.0,990.0,45.6,45.8,45.7,40.4
3533316,25069,7566.0,E. Gunnarsson,Sweden,Jaro,Finland 1 - Veikkausliiga,Centre Back,Defence,26.0,2061.0,43.9,43.6,44.8,41.6
37295905,24971,2474.0,E. Guðmundsson,Iceland,Brann,Norway 1 - Eliteserien,Attacking Midfield,Midfield,21.0,2087.0,48.3,46.9,48.6,52.4
15170474,24971,502.0,E. Hagen,Norway,Vålerenga,Norway 1 - Eliteserien,Defensive Midfield,Midfield,25.0,1179.0,48.2,47.2,46.3,46.4
151306,24971,290.0,E. Haugan,Norway,Molde,Norway 1 - Eliteserien,Centre Back,Defence,27.0,2365.0,53.2,54.6,51.7,50.0
151252,24971,290.0,E. Hestad,Norway,Molde,Norway 1 - Eliteserien,Right Wing,Attack,29.0,1469.0,50.0,49.4,49.5,52.4
85659,24971,1743.0,E. Holten,Denmark,Fredrikstad,Norway 1 - Eliteserien,Centre Forward,Attack,28.0,1214.0,47.4,47.8,47.2,47.5
37570080,24943,2825.0,E. Hovden Flataker,Norway,AIK,Sweden 1 - Allsvenskan,Centre Forward,Attack,20.0,957.0,48.0,47.8,48.8,40.9
34838,24943,3285.0,E. Hovland,Norway,Brommapojkarna,Sweden 1 - Allsvenskan,Centre Back,Defence,36.0,2670.0,49.8,50.4,51.9,36.6
21437335,25177,234431.0,E. Ivanovs,Latvia,FC Daugavpils,Latvia 1 - Virsliga,Central Midfield,Midfield,23.0,1666.0,43.6,42.9,43.3,44.3
37315995,24971,2474.0,E. Kornvig,Denmark,Brann,Norway 1 - Eliteserien,Attacking Midfield,Midfield,24.0,2510.0,48.9,51.1,48.8,59.7
524308,24943,532.0,E. Marković,Norway,IFK Göteborg,Sweden 1 - Allsvenskan,Attacking Midfield,Midfield,25.0,980.0,47.9,47.2,48.6,44.1
457604,25069,826.0,E. Mastokangas,Finland,SJK,Finland 1 - Veikkausliiga,Left Wing,Attack,24.0,901.0,48.9,49.1,48.9,56.8
37528756,24942,312.0,E. McCarthy,Republic of Ireland,Galway United,Republic of Ireland 1 - Premier Division,Right Midfield,Midfield,23.0,1487.0,42.7,42.5,42.5,44.7
37575224,24942,326.0,E. McLaughlin,Northern Ireland,Cork City,Republic of Ireland 1 - Premier Division,Central Midfield,Midfield,22.0,2114.0,42.9,42.4,42.7,43.0
37713957,25177,11230.0,E. Monteiro de Castro Becerra,Bolivia,Auda,Latvia 1 - Virsliga,Centre Forward,Attack,20.0,1973.0,43.5,43.6,43.4,45.8
24817071,25069,7828.0,E. Mömmö,Finland,Haka,Finland 1 - Veikkausliiga,Left Back,Defence,22.0,2024.0,50.9,53.1,54.9,49.4
34844144,24971,617.0,E. Patoulidis,Belgium,Sandefjord,Norway 1 - Eliteserien,Right Wing,Attack,23.0,2158.0,50.1,49.0,49.4,44.1
37430160,25069,850.0,E. Patut,Finland,Mariehamn,Finland 1 - Veikkausliiga,Central Midfield,Midfield,21.0,2007.0,44.1,43.6,44.4,43.7
151646,24971,1335.0,E. Reitan,Norway,Rosenborg,Norway 1 - Eliteserien,Right Back,Defence,27.0,1051.0,47.6,47.2,46.6,49.0
37656065,24971,270.0,E. Rohd Schlichting,Denmark,Haugesund,Norway 1 - Eliteserien,Right Wing,Attack,20.0,1364.0,45.6,46.2,45.8,46.5
153104,25016,1268.0,E. Sandberg,Norway,ÍA,Iceland 1 - Besta deild,Centre Back,Defence,25.0,1620.0,43.4,43.2,45.0,47.0
38135,25016,8503.0,E. Sigurbjörnsson,Iceland,Vestri,Iceland 1 - Besta deild,Centre Back,Defence,35.0,2070.0,43.7,43.2,45.5,40.9
37710225,24943,2353.0,E. Skoglund,Sweden,Hammarby,Sweden 1 - Allsvenskan,Right Back,Defence,21.0,2107.0,51.6,50.5,49.6,51.2
37261082,24943,411.0,E. Stroud,Sweden,Mjällby,Sweden 1 - Allsvenskan,Left Midfield,Midfield,22.0,2448.0,48.2,48.0,49.2,48.3
120272,25016,8673.0,E. Sæbjörnsson,Iceland,KR Reykjavík,Iceland 1 - Besta deild,Centre Forward,Attack,25.0,2038.0,43.8,43.4,44.2,44.0
7687965,24971,502.0,E. Sørensen,Denmark,Vålerenga,Norway 1 - Eliteserien,Left Wing,Attack,25.0,1765.0,48.2,48.1,49.6,47.9
151511,24971,2601.0,E. Wichne,Norway,Sarpsborg 08,Norway 1 - Eliteserien,Right Back,Defence,27.0,2034.0,52.0,52.8,54.8,45.3
37560660,24971,502.0,F. Ambina,Cameroon,Vålerenga,Norway 1 - Eliteserien,Defensive Midfield,Midfield,23.0,2126.0,51.0,50.9,50.3,53.9
37709987,24942,326.0,F. Anderson,England,Cork City,Republic of Ireland 1 - Premier Division,Centre Back,Defence,18.0,2482.0,41.5,41.1,42.7,40.6
37683424,24943,1777.0,F. Beckman,Sweden,GAIS,Sweden 1 - Allsvenskan,Centre Back,Defence,22.0,1344.0,49.1,49.8,48.0,51.0
461510,25016,5856.0,F. Bello Saraiva,Brazil,Fram,Iceland 1 - Besta deild,Left Wing,Attack,28.0,1880.0,46.7,47.3,46.7,49.7
74008,24943,2825.0,F. Benković,Croatia,AIK,Sweden 1 - Allsvenskan,Centre Back,Defence,27.0,2186.0,47.0,46.2,46.4,58.3
32511094,24971,11914.0,F. Berglie,Norway,KFUM,Norway 1 - Eliteserien,Centre Back,Defence,28.0,1982.0,47.1,47.3,46.4,46.3
151568,24971,1668.0,F. Bjørkan,Norway,Bodø / Glimt,Norway 1 - Eliteserien,Left Back,Defence,26.0,2467.0,54.2,54.4,52.7,46.8
15630279,24971,313.0,F. Dahl,Norway,Strømsgodset,Norway 1 - Eliteserien,Centre Back,Defence,26.0,2324.0,51.4,50.3,50.5,51.8
118846,25016,853.0,F. Fridriksson,Iceland,ÍBV,Iceland 1 - Besta deild,Left Back,Defence,26.0,1361.0,49.0,48.9,48.7,39.7
32785745,25016,8503.0,F. Gbadamosi,Nigeria,Vestri,Iceland 1 - Besta deild,Defensive Midfield,Midfield,26.0,1834.0,43.3,42.5,43.4,45.0
52785,24971,290.0,F. Gulbrandsen,Norway,Molde,Norway 1 - Eliteserien,Centre Forward,Attack,32.0,1276.0,48.0,47.8,48.3,44.0
83014,25177,261064.0,F. Hašek,Czech Republic,FS Jelgava,Latvia 1 - Virsliga,Attacking Midfield,Midfield,27.0,1271.0,45.1,42.1,46.8,44.4
455797,24971,2474.0,F. Horn Myhre,Norway,Brann,Norway 1 - Eliteserien,Central Midfield,Midfield,26.0,2088.0,49.0,49.2,49.6,44.7
37525682,24943,1226.0,F. Ihler,Denmark,Elfsborg,Sweden 1 - Allsvenskan,Centre Forward,Attack,21.0,1341.0,49.6,49.6,49.0,42.0
3861786,25069,1666.0,F. Krebs,Germany,Inter Turku,Finland 1 - Veikkausliiga,Defensive Midfield,Midfield,26.0,2584.0,54.7,55.1,54.4,42.2
196567,24971,617.0,F. Ottosson,Sweden,Sandefjord,Norway 1 - Eliteserien,Defensive Midfield,Midfield,28.0,2693.0,59.2,61.2,57.3,39.8
153236,24971,2474.0,F. Pallesen Knudsen,Norway,Brann,Norway 1 - Eliteserien,Centre Back,Defence,28.0,1245.0,55.4,57.4,54.4,55.7
37663604,24971,313.0,F. Pau Vilaseca Ardraa,Norway,Strømsgodset,Norway 1 - Eliteserien,Attacking Midfield,Midfield,18.0,2129.0,47.1,46.5,46.4,49.2
37526538,24971,617.0,F. Pedersen,Norway,Sandefjord,Norway 1 - Eliteserien,Right Back,Defence,22.0,2107.0,45.9,45.4,44.7,43.6
9938961,25016,8673.0,F. Pálmason,Iceland,KR Reykjavík,Iceland 1 - Besta deild,Centre Back,Defence,24.0,2021.0,48.2,49.0,48.0,53.7
22145899,24943,720.0,F. Schyberg,Sweden,Halmstad,Sweden 1 - Allsvenskan,Centre Back,Defence,26.0,1532.0,42.9,41.4,42.8,51.2
37691828,25016,5856.0,F. Sigurðsson,Iceland,Fram,Iceland 1 - Besta deild,Central Midfield,Midfield,19.0,1396.0,46.4,46.2,47.4,45.3
152414,24971,8661.0,F. Sjølstad,Norway,HamKam,Norway 1 - Eliteserien,Centre Back,Defence,31.0,1836.0,49.6,50.3,48.4,46.3
12356,25069,7566.0,F. Valenčič,Slovenia,Jaro,Finland 1 - Veikkausliiga,Attacking Midfield,Midfield,33.0,1459.0,47.2,47.1,48.0,40.8
15763370,24943,2353.0,F. Winther,Denmark,Hammarby,Sweden 1 - Allsvenskan,Centre Back,Defence,24.0,1044.0,51.4,50.8,49.1,47.6
10630620,25069,724.0,G. Antzoulas,Greece,HJK,Finland 1 - Veikkausliiga,Centre Back,Defence,25.0,2065.0,54.1,55.8,55.3,48.9
37629733,25016,10443.0,G. Bergmann Sigmarsson,Iceland,Afturelding,Iceland 1 - Besta deild,Centre Back,Defence,23.0,1452.0,42.4,41.9,45.0,37.4
458744,25016,10443.0,G. Bjarnason,Iceland,Afturelding,Iceland 1 - Besta deild,Right Back,Defence,25.0,1722.0,48.2,48.9,50.3,44.2
120605,24942,326.0,G. Bolger,Republic of Ireland,Cork City,Republic of Ireland 1 - Premier Division,Defensive Midfield,Midfield,36.0,1117.0,49.4,50.7,49.2,56.4
121411,24942,312.0,G. Buckley,Republic of Ireland,Galway United,Republic of Ireland 1 - Premier Division,Centre Back,Defence,31.0,1889.0,41.7,41.2,42.8,45.5
1269,24942,207.0,G. Burke,Republic of Ireland,Shamrock Rovers,Republic of Ireland 1 - Premier Division,Secondary Striker,Attack,31.0,2140.0,52.5,52.3,52.6,43.1
3762,24942,312.0,G. Cunningham,Republic of Ireland,Galway United,Republic of Ireland 1 - Premier Division,Centre Back,Defence,34.0,1728.0,43.8,44.6,42.6,42.8
6974793,24943,354.0,G. Dal Toé Busanello,Brazil,Malmö FF,Sweden 1 - Allsvenskan,Left Back,Defence,26.0,2400.0,53.0,52.8,53.1,56.7
16144508,25016,7325.0,G. Ernir Hrafnkelsson,Iceland,KA Akureyri,Iceland 1 - Besta deild,Right Back,Defence,23.0,1764.0,45.4,47.4,49.5,39.9
37682949,25069,9036.0,G. Europaeus,Finland,Gnistan,Finland 1 - Veikkausliiga,Central Midfield,Midfield,19.0,1755.0,42.5,42.5,43.4,41.1
118998,24943,720.0,G. Eyjólfsson,Iceland,Halmstad,Sweden 1 - Allsvenskan,Central Midfield,Midfield,30.0,942.0,48.0,47.8,48.7,45.5
34573358,25016,8673.0,G. Eyjólfsson,Iceland,KR Reykjavík,Iceland 1 - Besta deild,Left Back,Defence,25.0,2234.0,48.0,48.3,48.2,35.7
37515591,24943,720.0,G. Friberg,Sweden,Halmstad,Sweden 1 - Allsvenskan,Left Back,Defence,22.0,1003.0,43.8,43.6,43.6,44.2
197278,24971,8661.0,G. Granath,Sweden,HamKam,Norway 1 - Eliteserien,Centre Back,Defence,28.0,2105.0,49.9,49.6,48.3,43.9
119000,25016,10420.0,G. Gunnarsson,Iceland,FH,Iceland 1 - Besta deild,Centre Back,Defence,28.0,1437.0,43.6,43.7,42.7,40.6
4977647,25016,8673.0,G. Guðbrandsson,Iceland,KR Reykjavík,Iceland 1 - Besta deild,Centre Back,Defence,26.0,965.0,40.5,39.8,38.4,40.1
34422908,25016,8503.0,G. Hauksson,Iceland,Vestri,Iceland 1 - Besta deild,Central Midfield,Midfield,25.0,1576.0,43.5,43.1,44.0,41.6
37255847,24942,1387.0,G. Horton,England,Waterford United,Republic of Ireland 1 - Premier Division,Centre Back,Defence,23.0,2759.0,44.6,45.8,41.7,34.6
3188081,25069,724.0,G. Kanellopoulos,Greece,HJK,Finland 1 - Veikkausliiga,Central Midfield,Midfield,25.0,1930.0,53.3,54.0,53.6,48.5
537763,25016,8503.0,G. Kjeldsen,Denmark,Vestri,Iceland 1 - Besta deild,Centre Back,Defence,25.0,2324.0,45.6,45.2,48.2,33.5
117617,25016,8680.0,G. Kristjánsson,Iceland,Stjarnan,Iceland 1 - Besta deild,Centre Back,Defence,36.0,1784.0,54.3,54.8,53.3,48.6
136807,25177,27467.0,G. Kļuškins,Latvia,Grobiņa,Latvia 1 - Virsliga,Central Midfield,Midfield,32.0,1415.0,47.2,47.5,47.4,52.6
15788778,24943,1777.0,G. Lundgren,Sweden,GAIS,Sweden 1 - Allsvenskan,Right Wing,Attack,29.0,2676.0,46.6,46.9,45.6,46.1
1314153,25177,3546.0,G. Mankenda,Republic of the Congo,Riga,Latvia 1 - Virsliga,Right Wing,Attack,27.0,1265.0,58.0,58.9,56.4,59.3
37701291,24942,910.0,G. McElroy,Republic of Ireland,Sligo Rovers,Republic of Ireland 1 - Premier Division,Centre Back,Defence,20.0,1586.0,43.4,43.0,45.0,50.5
62959,24971,313.0,G. Mendonca Wikheim,Norway,Strømsgodset,Norway 1 - Eliteserien,Left Wing,Attack,32.0,996.0,48.3,48.4,47.1,41.1
37565394,25177,234431.0,G. Mihaļcovs,Latvia,FC Daugavpils,Latvia 1 - Virsliga,Left Back,Defence,20.0,2185.0,48.6,50.6,49.9,43.3
37651968,25177,7220.0,G. Scremin,Italy,Metta / LU,Latvia 1 - Virsliga,Right Back,Defence,21.0,2113.0,43.5,45.6,47.3,41.2
814,25016,2688.0,G. Sigurðsson,Iceland,Víkingur Reykjavík,Iceland 1 - Besta deild,Attacking Midfield,Midfield,35.0,1987.0,49.8,49.1,51.0,48.3
29416283,24971,8661.0,G. Simenstad,Norway,HamKam,Norway 1 - Eliteserien,Central Midfield,Midfield,25.0,1451.0,44.9,44.8,45.4,45.9
189547,24943,532.0,G. Svensson,Sweden,IFK Göteborg,Sweden 1 - Allsvenskan,Centre Back,Defence,38.0,1986.0,52.2,53.7,51.0,45.0
37328157,25016,1268.0,G. Unnarsson,Iceland,ÍA,Iceland 1 - Besta deild,Right Wing,Attack,24.0,1396.0,47.1,47.1,48.6,39.4
35201,24971,313.0,G. Valsvik,Norway,Strømsgodset,Norway 1 - Eliteserien,Centre Back,Defence,31.0,2610.0,52.6,53.5,54.6,57.4
87051,25016,2688.0,G. Vatnhamar,Faroe Islands,Víkingur Reykjavík,Iceland 1 - Besta deild,Centre Back,Defence,30.0,1533.0,47.4,47.2,47.3,40.6
28165497,24943,720.0,G. Wallentin,Sweden,Halmstad,Sweden 1 - Allsvenskan,Centre Back,Defence,23.0,1080.0,52.4,53.9,51.2,45.8
149266,24942,1097.0,G. Whyte,Northern Ireland,Derry City,Republic of Ireland 1 - Premier Division,Right Wing,Attack,29.0,1638.0,47.2,46.2,46.4,41.9
130050,24971,1668.0,H. Aleesami,Norway,Bodø / Glimt,Norway 1 - Eliteserien,Centre Back,Defence,33.0,1399.0,61.1,63.7,59.3,59.2
540394,24943,6607.0,H. Andersson,Sweden,Värnamo,Sweden 1 - Allsvenskan,Centre Back,Defence,26.0,1435.0,47.4,47.6,45.3,50.2
37600817,25016,1268.0,H. Andri Haraldsson,Iceland,ÍA,Iceland 1 - Besta deild,Central Midfield,Midfield,19.0,1959.0,45.1,44.6,45.6,30.5
151158,24971,502.0,H. Bjørdal,Norway,Vålerenga,Norway 1 - Eliteserien,Central Midfield,Midfield,28.0,1829.0,49.2,48.8,49.8,49.7
37592739,24943,354.0,H. Bolin,Sweden,Malmö FF,Sweden 1 - Allsvenskan,Left Wing,Attack,21.0,2145.0,47.9,47.5,47.7,55.2
37391481,24942,1097.0,H. Cann,England,Derry City,Republic of Ireland 1 - Premier Division,Centre Back,Defence,21.0,1872.0,48.2,49.0,46.7,45.7
191352,24943,2678.0,H. Castegren,Sweden,Sirius,Sweden 1 - Allsvenskan,Right Back,Defence,29.0,1402.0,49.4,48.8,48.0,48.1
3876679,24971,1668.0,H. Evjen,Norway,Bodø / Glimt,Norway 1 - Eliteserien,Central Midfield,Midfield,25.0,2215.0,48.5,48.0,50.0,50.5
11340,25016,2929.0,H. Eyjólfsson,Iceland,Valur,Iceland 1 - Besta deild,Centre Back,Defence,34.0,2250.0,41.9,40.8,42.9,43.9
37356289,24971,321.0,H. Falchener,Norway,Viking,Norway 1 - Eliteserien,Centre Back,Defence,21.0,2578.0,51.2,51.0,50.9,53.4
118728,25016,7325.0,H. Gudmundsson,Iceland,KA Akureyri,Iceland 1 - Besta deild,Centre Back,Defence,28.0,2230.0,50.3,51.0,52.9,46.0
118315,25016,6913.0,H. Gunnlaugsson,Iceland,Breidablik,Iceland 1 - Besta deild,Central Midfield,Midfield,30.0,1948.0,46.5,46.6,48.0,45.5
120283,25016,2688.0,H. Guðjónsson,Iceland,Víkingur Reykjavík,Iceland 1 - Besta deild,Left Back,Defence,25.0,1914.0,48.9,49.1,51.5,37.8
37521587,24971,321.0,H. Heggheim,Norway,Viking,Norway 1 - Eliteserien,Right Back,Defence,23.0,1909.0,45.7,45.2,45.3,55.4
37407300,24971,11914.0,H. Hoseth,Norway,KFUM,Norway 1 - Eliteserien,Right Midfield,Midfield,26.0,1423.0,48.2,46.5,49.0,46.1
37532026,24943,1777.0,H. Ibrahim,Sweden,GAIS,Sweden 1 - Allsvenskan,Central Midfield,Midfield,22.0,1126.0,49.4,49.7,49.3,55.5
19272375,24943,411.0,H. Johansson,Sweden,Mjällby,Sweden 1 - Allsvenskan,Right Midfield,Midfield,27.0,2288.0,51.2,49.6,49.7,49.8
16144614,25016,1268.0,H. Jónsson,Iceland,ÍA,Iceland 1 - Besta deild,Centre Back,Defence,26.0,1498.0,45.3,44.8,44.2,40.4
37919886,25177,151753.0,H. Kante,Senegal,Super Nova,Latvia 1 - Virsliga,Left Back,Defence,20.0,1389.0,43.6,45.7,46.8,51.9
37526530,24943,3285.0,H. Karlsson,Iceland,Brommapojkarna,Sweden 1 - Allsvenskan,Centre Back,Defence,20.0,1000.0,52.9,54.0,55.2,40.6
37596566,24971,8775.0,H. Larsen,Norway,Bryne,Norway 1 - Eliteserien,Attacking Midfield,Midfield,22.0,1502.0,44.0,43.5,44.0,45.8
37574339,25016,10443.0,H. Magnússon,Iceland,Afturelding,Iceland 1 - Besta deild,Left Wing,Attack,23.0,2340.0,49.4,50.6,52.4,50.8
73873,25177,6556.0,H. Prenga,Albania,Rīgas FS,Latvia 1 - Virsliga,Centre Back,Defence,30.0,1362.0,47.3,47.2,47.5,51.2
37632488,25016,853.0,H. Ragnarsson,Iceland,ÍBV,Iceland 1 - Besta deild,Left Wing,Attack,21.0,1701.0,45.8,46.3,46.8,40.3
37683869,25177,6556.0,H. Rasid Njie,Gambia,Rīgas FS,Latvia 1 - Virsliga,Defensive Midfield,Midfield,19.0,938.0,50.5,50.9,53.0,49.8
37289601,25069,850.0,H. Santos Cardoso,Cape Verde,Mariehamn,Finland 1 - Veikkausliiga,Right Wing,Attack,25.0,1208.0,49.5,49.5,49.4,49.6
4977645,25016,8673.0,H. Sigurðsson,Iceland,KR Reykjavík,Iceland 1 - Besta deild,Right Back,Defence,24.0,1342.0,50.1,49.6,49.4,44.1
37576149,24971,1743.0,H. Skogvold,Norway,Fredrikstad,Norway 1 - Eliteserien,Centre Forward,Attack,20.0,1996.0,43.9,43.8,43.9,42.1
119097,25016,7325.0,H. Steingrímsson,Iceland,KA Akureyri,Iceland 1 - Besta deild,Left Wing,Attack,34.0,2332.0,52.4,53.3,54.4,45.0
119778,25016,7325.0,H. Steingrímsson,Iceland,KA Akureyri,Iceland 1 - Besta deild,Right Back,Defence,32.0,1120.0,45.7,47.0,48.2,41.4
150726,24971,313.0,H. Stengel,Norway,Strømsgodset,Norway 1 - Eliteserien,Central Midfield,Midfield,29.0,2575.0,46.7,46.0,46.0,38.1
1477578,24971,2601.0,H. Tangen,Norway,Sarpsborg 08,Norway 1 - Eliteserien,Attacking Midfield,Midfield,24.0,1303.0,45.9,45.5,46.6,46.5
37391242,24942,744.0,H. Wood,England,Shelbourne,Republic of Ireland 1 - Premier Division,Attacking Midfield,Midfield,22.0,2442.0,47.8,48.1,48.2,48.8
34422888,25016,5856.0,H. Ásgrímsson,Iceland,Fram,Iceland 1 - Besta deild,Left Back,Defence,24.0,2183.0,47.9,49.0,49.8,34.4
152914,24971,290.0,H. Østervold Stenevik,Norway,Molde,Norway 1 - Eliteserien,Right Midfield,Midfield,25.0,1187.0,51.0,50.4,52.0,50.8
37592741,24943,2678.0,I. Bjerkebo,Sweden,Sirius,Sweden 1 - Allsvenskan,Left Wing,Attack,22.0,1810.0,49.2,48.8,49.7,40.5
37702055,24943,2535.0,I. Brusberg,Sweden,Häcken,Sweden 1 - Allsvenskan,Centre Forward,Attack,18.0,1003.0,47.8,47.8,47.4,45.0
37549208,24943,1226.0,I. Buhari,Nigeria,Elfsborg,Sweden 1 - Allsvenskan,Centre Back,Defence,23.0,1962.0,46.7,47.0,47.5,49.3
25962043,25069,4323.0,I. Cissé,Ivory Coast,KuPS,Finland 1 - Veikkausliiga,Centre Back,Defence,26.0,2316.0,52.1,53.1,48.9,48.3
35682209,24943,1777.0,I. Diabate,Ivory Coast,GAIS,Sweden 1 - Allsvenskan,Centre Forward,Attack,25.0,2199.0,51.6,51.6,51.4,43.6
12844226,25177,11230.0,I. Erquiaga,Argentina,Auda,Latvia 1 - Virsliga,Left Back,Defence,25.0,1106.0,50.4,49.5,49.5,42.2
33717,24971,1335.0,I. Fossum,Norway,Rosenborg,Norway 1 - Eliteserien,Central Midfield,Midfield,28.0,1609.0,48.3,47.9,47.5,42.6
37297026,25016,5856.0,I. García Moreno,Spain,Fram,Iceland 1 - Besta deild,Centre Back,Defence,26.0,1797.0,48.8,49.0,48.9,36.0
25548718,24971,869.0,I. Hoffmann,United States,Kristiansund,Norway 1 - Eliteserien,Right Back,Defence,23.0,1967.0,49.5,49.9,50.3,44.8
37591060,25177,11230.0,I. Kone,Ivory Coast,Auda,Latvia 1 - Virsliga,Defensive Midfield,Midfield,23.0,1356.0,50.7,51.0,53.3,54.4
462329,24943,2876.0,I. Kričak,Serbia,Öster,Sweden 1 - Allsvenskan,Centre Back,Defence,28.0,2135.0,48.5,48.6,48.9,46.0
30852012,24943,3603.0,I. Lushaku,Kosovo,Norrköping,Sweden 1 - Allsvenskan,Central Midfield,Midfield,24.0,979.0,51.3,51.8,50.9,54.4
765706,25177,7220.0,I. Minkevičs,Latvia,Metta / LU,Latvia 1 - Virsliga,Centre Back,Defence,25.0,2872.0,48.3,49.9,49.6,47.1
23697963,25177,8889.0,I. Pūlis,Latvia,Tukums,Latvia 1 - Virsliga,Centre Forward,Attack,24.0,2741.0,48.1,47.7,49.2,40.7
37683794,24971,7242.0,I. Semedo Camões,Portugal,Tromsø,Norway 1 - Eliteserien,Centre Forward,Attack,25.0,1530.0,52.5,52.6,53.4,48.3
37316797,25177,3546.0,I. Siqueira Augusto,Brazil,Riga,Latvia 1 - Virsliga,Attacking Midfield,Midfield,24.0,1868.0,50.7,50.9,52.1,56.4
37684749,25016,7325.0,I. Torbjörnsson Stöle,Iceland,KA Akureyri,Iceland 1 - Besta deild,Right Back,Defence,21.0,1270.0,45.3,47.3,49.1,39.2
12422,25069,7828.0,J. Akintunde,England,Haka,Finland 1 - Veikkausliiga,Centre Forward,Attack,29.0,1457.0,42.7,42.8,42.5,39.7
84474,24943,720.0,J. Allansson,Sweden,Halmstad,Sweden 1 - Allsvenskan,Central Midfield,Midfield,32.0,2627.0,47.2,47.0,46.6,44.5
84410,24943,532.0,J. Bager,Denmark,IFK Göteborg,Sweden 1 - Allsvenskan,Centre Back,Defence,28.0,1037.0,52.2,53.7,51.0,52.1
37328110,24971,313.0,J. Bakke,Norway,Strømsgodset,Norway 1 - Eliteserien,Central Midfield,Midfield,20.0,1152.0,43.9,43.1,44.6,40.1
324518,24971,321.0,J. Bell,New Zealand,Viking,Norway 1 - Eliteserien,Defensive Midfield,Midfield,25.0,2541.0,51.8,52.2,50.6,47.0
4443,24971,2601.0,J. Berget,Norway,Sarpsborg 08,Norway 1 - Eliteserien,Attacking Midfield,Midfield,34.0,1095.0,47.4,46.7,48.1,42.3
10319459,24943,411.0,J. Bergström,Sweden,Mjällby,Sweden 1 - Allsvenskan,Centre Forward,Attack,29.0,1920.0,45.9,46.0,45.7,45.8
1548377,24971,8775.0,J. Berland Husebø,Norway,Bryne,Norway 1 - Eliteserien,Centre Back,Defence,26.0,1714.0,47.5,47.5,48.5,46.4
37520082,25016,8673.0,J. Bjarnason,Iceland,KR Reykjavík,Iceland 1 - Besta deild,Central Midfield,Midfield,20.0,1269.0,48.5,48.3,48.1,36.5
37762377,24942,1152.0,J. Bolger,Republic of Ireland,Drogheda United,Republic of Ireland 1 - Premier Division,Centre Back,Defence,24.0,2049.0,40.8,41.1,39.6,43.1
91098,25069,7566.0,J. Brunell,Finland,Jaro,Finland 1 - Veikkausliiga,Centre Back,Defence,33.0,1391.0,44.2,44.7,45.7,43.7
3087,24942,207.0,J. Byrne,Republic of Ireland,Shamrock Rovers,Republic of Ireland 1 - Premier Division,Central Midfield,Midfield,28.0,1184.0,55.3,54.9,54.3,39.6
37919770,25016,5856.0,J. Byström,Sweden,Fram,Iceland 1 - Besta deild,Centre Forward,Attack,20.0,975.0,45.5,45.1,45.6,40.3
37434677,24942,374.0,J. Clarke,Republic of Ireland,Bohemians,Republic of Ireland 1 - Premier Division,Attacking Midfield,Midfield,24.0,2264.0,45.1,44.6,45.1,43.6
37683654,24943,2535.0,J. Dembe,Uganda,Häcken,Sweden 1 - Allsvenskan,Centre Forward,Attack,19.0,1003.0,49.9,49.8,49.5,49.7
1494566,24942,910.0,J. Doyle-Hayes,Republic of Ireland,Sligo Rovers,Republic of Ireland 1 - Premier Division,Central Midfield,Midfield,26.0,1484.0,46.6,46.7,46.2,48.7
33186807,24971,617.0,J. Dunsby,Norway,Sandefjord,Norway 1 - Eliteserien,Right Wing,Attack,25.0,1992.0,49.6,49.0,49.4,51.7
14301,25016,7325.0,J. Edmundsson,Faroe Islands,KA Akureyri,Iceland 1 - Besta deild,Centre Forward,Attack,33.0,1521.0,44.7,44.6,44.0,43.6
1525033,24971,270.0,J. Eskesen,Denmark,Haugesund,Norway 1 - Eliteserien,Central Midfield,Midfield,26.0,1073.0,50.2,49.7,49.6,47.9
785988,24942,312.0,J. Esua,Cameroon,Galway United,Republic of Ireland 1 - Premier Division,Right Back,Defence,28.0,3057.0,45.2,45.8,48.3,37.7
6467,24942,374.0,J. Flores,England,Bohemians,Republic of Ireland 1 - Premier Division,Left Back,Defence,29.0,2767.0,51.1,49.8,48.6,52.4
37576154,24971,8661.0,J. Gonstad,Norway,HamKam,Norway 1 - Eliteserien,Centre Forward,Attack,18.0,1003.0,48.3,48.5,48.0,46.5
37405190,25177,3546.0,J. Grimaldo,Peru,Riga,Latvia 1 - Virsliga,Left Wing,Attack,22.0,1545.0,56.3,57.1,56.0,50.4
3923,24943,2825.0,J. Guidetti,Sweden,AIK,Sweden 1 - Allsvenskan,Centre Forward,Attack,32.0,1023.0,46.3,46.8,46.7,48.8
9938964,25016,8680.0,J. Gunnarsson,Iceland,Stjarnan,Iceland 1 - Besta deild,Central Midfield,Midfield,23.0,1371.0,48.6,48.4,49.0,43.2
191167,24943,411.0,J. Gustavsson,Sweden,Mjällby,Sweden 1 - Allsvenskan,Defensive Midfield,Midfield,30.0,2340.0,46.9,47.1,47.4,46.6
9938960,25016,1268.0,J. Gíslason,Iceland,ÍA,Iceland 1 - Besta deild,Right Back,Defence,23.0,2220.0,51.2,53.1,54.6,43.3
37619370,24942,910.0,J. Hakiki,Republic of Ireland,Sligo Rovers,Republic of Ireland 1 - Premier Division,Attacking Midfield,Midfield,20.0,2679.0,42.1,43.5,43.3,47.1
37739098,24971,321.0,J. Hansen,Norway,Viking,Norway 1 - Eliteserien,Attacking Midfield,Midfield,19.0,1555.0,43.4,42.5,43.6,45.3
151715,24971,1668.0,J. Hauge,Norway,Bodø / Glimt,Norway 1 - Eliteserien,Left Wing,Attack,25.0,2242.0,49.3,49.3,50.5,48.2
37612555,24971,7242.0,J. Hjertø-Dahl,Norway,Tromsø,Norway 1 - Eliteserien,Central Midfield,Midfield,19.0,2384.0,48.1,48.3,49.1,47.5
37285035,24942,207.0,J. Honohan,Republic of Ireland,Shamrock Rovers,Republic of Ireland 1 - Premier Division,Left Back,Defence,23.0,2609.0,43.5,44.4,44.4,43.4
173802,25069,7828.0,J. Houston,Scotland,Haka,Finland 1 - Veikkausliiga,Right Back,Defence,25.0,995.0,48.1,48.1,50.1,37.8
151749,24943,2825.0,J. Hove,Norway,AIK,Sweden 1 - Allsvenskan,Central Midfield,Midfield,24.0,1626.0,45.6,45.3,46.0,40.5
91601,25069,1666.0,J. Hämäläinen,Finland,Inter Turku,Finland 1 - Veikkausliiga,Centre Back,Defence,31.0,1306.0,46.0,46.5,46.0,45.8
97350,25177,6556.0,J. Ikaunieks,Latvia,Rīgas FS,Latvia 1 - Virsliga,Attacking Midfield,Midfield,30.0,2407.0,54.0,52.5,55.1,45.3
6971964,25016,2929.0,J. Jónsson,Iceland,Valur,Iceland 1 - Besta deild,Right Wing,Attack,26.0,2362.0,52.4,53.4,53.3,47.1
37631457,25016,8673.0,J. Júlíusson,Iceland,KR Reykjavík,Iceland 1 - Besta deild,Centre Back,Defence,20.0,1035.0,49.1,49.8,49.2,40.8
37407443,25069,724.0,J. Kallinen,Finland,HJK,Finland 1 - Veikkausliiga,Central Midfield,Midfield,23.0,1096.0,48.9,48.2,48.2,49.7
37565377,25069,2617.0,J. Kanga,Sweden,Ilves,Finland 1 - Veikkausliiga,Attacking Midfield,Midfield,19.0,1198.0,51.5,49.9,51.9,47.6
37295870,24943,354.0,J. Karlsson,Sweden,Malmö FF,Sweden 1 - Allsvenskan,Right Back,Defence,23.0,970.0,50.6,49.7,48.6,50.7
8339,24942,312.0,J. Keohane,Republic of Ireland,Galway United,Republic of Ireland 1 - Premier Division,Central Midfield,Midfield,34.0,1727.0,40.1,40.2,41.0,41.5
1548370,24943,411.0,J. Kiilerich,Denmark,Mjällby,Sweden 1 - Allsvenskan,Centre Back,Defence,24.0,1064.0,48.8,48.9,50.4,53.8
1511203,25177,27467.0,J. Krautmanis,Latvia,Grobiņa,Latvia 1 - Virsliga,Left Back,Defence,27.0,2474.0,45.4,46.7,48.5,40.5
37663941,25069,5696.0,J. Körkkö,Finland,Oulu,Finland 1 - Veikkausliiga,Centre Forward,Attack,18.0,1023.0,52.4,52.8,52.1,51.0
37679600,24971,11914.0,J. Lange Hjorth,Norway,KFUM,Norway 1 - Eliteserien,Left Back,Defence,24.0,2188.0,46.6,47.8,50.0,38.6
52450,24943,354.0,J. Larsen,Denmark,Malmö FF,Sweden 1 - Allsvenskan,Right Back,Defence,34.0,2428.0,49.8,48.7,48.2,39.8
11675248,25069,9036.0,J. Latonen,Finland,Gnistan,Finland 1 - Veikkausliiga,Attacking Midfield,Midfield,27.0,2094.0,43.9,42.9,45.5,45.4
24817082,25069,4486.0,J. Lehtiranta,Finland,KTP,Finland 1 - Veikkausliiga,Right Back,Defence,22.0,1445.0,41.9,42.1,41.7,35.3
528889,25069,5696.0,J. Lehtonen,Finland,Oulu,Finland 1 - Veikkausliiga,Right Back,Defence,25.0,1153.0,49.4,50.7,52.8,37.4
12844293,24942,1260.0,J. Lennon,Republic of Ireland,St Patrick's,Republic of Ireland 1 - Premier Division,Defensive Midfield,Midfield,26.0,2473.0,45.7,46.4,48.4,47.7
37288025,24943,2535.0,J. Lindberg,Sweden,Häcken,Sweden 1 - Allsvenskan,Attacking Midfield,Midfield,26.0,1532.0,46.4,47.2,46.7,55.4
123117,24942,744.0,J. Lunney,Republic of Ireland,Shelbourne,Republic of Ireland 1 - Premier Division,Defensive Midfield,Midfield,27.0,2342.0,49.8,51.3,50.9,42.4
37515593,25069,4323.0,J. Luyeye-Lutumba,Finland,KuPS,Finland 1 - Veikkausliiga,Right Wing,Attack,22.0,1203.0,49.7,49.1,49.4,46.1
7708974,24943,1226.0,J. Magnússon,Iceland,Elfsborg,Sweden 1 - Allsvenskan,Defensive Midfield,Midfield,26.0,1179.0,50.7,50.6,49.2,50.3
786229,24942,910.0,J. Mahon,Republic of Ireland,Sligo Rovers,Republic of Ireland 1 - Premier Division,Centre Back,Defence,25.0,1786.0,41.1,40.3,43.5,50.6
786279,24942,744.0,J. Martin,Republic of Ireland,Shelbourne,Republic of Ireland 1 - Premier Division,Centre Forward,Attack,26.0,1262.0,47.0,47.0,46.9,57.8
151410,24971,1668.0,J. Maurstad Gundersen,Norway,Bodø / Glimt,Norway 1 - Eliteserien,Centre Back,Defence,28.0,1097.0,57.2,59.5,54.3,61.3
123528,24942,1260.0,J. McClelland,Republic of Ireland,St Patrick's,Republic of Ireland 1 - Premier Division,Left Midfield,Midfield,27.0,1856.0,47.2,49.6,47.5,50.4
37590232,24942,910.0,J. McManus,Republic of Ireland,Sligo Rovers,Republic of Ireland 1 - Premier Division,Central Midfield,Midfield,19.0,969.0,45.7,46.2,45.1,45.6
121297,24942,374.0,J. Mountney,Republic of Ireland,Bohemians,Republic of Ireland 1 - Premier Division,Right Back,Defence,31.0,938.0,43.1,42.9,42.7,52.0
12594,24942,1260.0,J. Mulraney,Republic of Ireland,St Patrick's,Republic of Ireland 1 - Premier Division,Right Wing,Attack,28.0,1515.0,44.3,43.4,43.4,44.8
529080,25069,7566.0,J. Myrevik,Finland,Jaro,Finland 1 - Veikkausliiga,Central Midfield,Midfield,29.0,1426.0,44.8,44.8,45.9,43.6
90837,25069,4486.0,J. Mäkelä,Finland,KTP,Finland 1 - Veikkausliiga,Central Midfield,Midfield,31.0,1128.0,45.5,45.0,45.4,41.0
24817083,25069,1666.0,J. Niska,Finland,Inter Turku,Finland 1 - Veikkausliiga,Left Back,Defence,22.0,2435.0,48.1,49.9,49.3,44.3
431767,25069,850.0,J. Nissinen,Finland,Mariehamn,Finland 1 - Veikkausliiga,Right Back,Defence,27.0,1653.0,48.7,49.7,49.9,46.8
37259162,24942,744.0,J. Norris,England,Shelbourne,Republic of Ireland 1 - Premier Division,Left Back,Defence,21.0,2060.0,42.8,42.9,42.5,41.0
90728,25069,9036.0,J. Ojala,Finland,Gnistan,Finland 1 - Veikkausliiga,Centre Back,Defence,35.0,2503.0,40.2,39.7,41.2,45.5
432256,25069,4323.0,J. Oksanen,Finland,KuPS,Finland 1 - Veikkausliiga,Central Midfield,Midfield,24.0,2376.0,51.5,51.0,50.7,44.1
4969704,24942,1387.0,J. Olayinka,England,Waterford United,Republic of Ireland 1 - Premier Division,Central Midfield,Midfield,24.0,2491.0,41.2,41.0,42.0,41.4
37680390,25177,6142.0,J. Oloko Ede,Nigeria,Liepāja,Latvia 1 - Virsliga,Centre Forward,Attack,24.0,948.0,47.6,47.5,47.6,46.7
37687910,25069,5696.0,J. Paananen,Finland,Oulu,Finland 1 - Veikkausliiga,Central Midfield,Midfield,18.0,1509.0,46.8,47.0,47.1,41.8
17195440,25016,8503.0,J. Pedersen,Denmark,Vestri,Iceland 1 - Besta deild,Central Midfield,Midfield,24.0,2211.0,45.7,45.2,45.4,38.9
37342676,24943,2678.0,J. Persson,Sweden,Sirius,Sweden 1 - Allsvenskan,Right Wing,Attack,22.0,2203.0,46.8,46.8,46.9,46.0
350113,24943,2753.0,J. Pikkarainen,Finland,Degerfors,Sweden 1 - Allsvenskan,Centre Back,Defence,26.0,1797.0,51.8,53.3,52.3,60.2
24281,25069,9036.0,J. Raitala,Finland,Gnistan,Finland 1 - Veikkausliiga,Centre Back,Defence,36.0,1487.0,42.7,42.4,42.8,37.9
37529299,24943,6607.0,J. Rapp,Sweden,Värnamo,Sweden 1 - Allsvenskan,Centre Back,Defence,24.0,1352.0,53.7,54.8,51.2,37.3
37259100,24942,1260.0,J. Redmond,Republic of Ireland,St Patrick's,Republic of Ireland 1 - Premier Division,Centre Back,Defence,25.0,3219.0,48.9,50.0,51.9,54.8
25939689,25069,5696.0,J. Rennicks,United States,Oulu,Finland 1 - Veikkausliiga,Centre Forward,Attack,26.0,1351.0,49.1,49.0,49.1,52.4
1479356,24943,2876.0,J. Seger,Sweden,Öster,Sweden 1 - Allsvenskan,Central Midfield,Midfield,25.0,1044.0,50.4,50.6,50.6,43.8
23698072,24971,2474.0,J. Sery,Denmark,Brann,Norway 1 - Eliteserien,Centre Back,Defence,24.0,1440.0,52.7,53.9,49.5,41.7
151338,24971,2474.0,J. Soltvedt,Norway,Brann,Norway 1 - Eliteserien,Left Back,Defence,29.0,1757.0,55.6,54.1,55.0,41.5
21073414,24971,8775.0,J. Steffensen,Denmark,Bryne,Norway 1 - Eliteserien,Centre Back,Defence,23.0,2327.0,51.3,52.5,50.7,40.0
529067,25069,826.0,J. Streng,Finland,SJK,Finland 1 - Veikkausliiga,Centre Forward,Attack,23.0,1875.0,50.2,50.6,49.4,43.8
84680,24971,2474.0,J. Sørensen,Denmark,Brann,Norway 1 - Eliteserien,Defensive Midfield,Midfield,27.0,949.0,54.5,55.7,52.0,57.3
1497502,24971,313.0,J. Taaje,Norway,Strømsgodset,Norway 1 - Eliteserien,Centre Back,Defence,27.0,2187.0,50.6,50.3,53.9,52.8
37657586,25177,8889.0,J. Toba,Japan,Tukums,Latvia 1 - Virsliga,Attacking Midfield,Midfield,25.0,931.0,42.8,43.7,42.3,50.2
91826,25069,1666.0,J. Tuominen,Finland,Inter Turku,Finland 1 - Veikkausliiga,Centre Forward,Attack,29.0,1197.0,48.0,47.7,47.8,48.9
190827,24943,443.0,J. Une-Larsson,Sweden,Djurgården,Sweden 1 - Allsvenskan,Centre Back,Defence,30.0,1159.0,49.7,50.1,48.8,49.1
190959,25016,1268.0,J. Vall,Sweden,ÍA,Iceland 1 - Besta deild,Left Back,Defence,32.0,1713.0,48.2,50.8,52.2,42.8
91887,25069,2617.0,J. Veteli,Finland,Ilves,Finland 1 - Veikkausliiga,Central Midfield,Midfield,29.0,2624.0,50.2,50.6,49.8,45.5
15040135,24943,2678.0,J. Voelkerling-Persson,Sweden,Sirius,Sweden 1 - Allsvenskan,Right Back,Defence,24.0,1023.0,48.1,48.0,47.1,50.4
91570,25069,4323.0,J. Voutilainen,Finland,KuPS,Finland 1 - Veikkausliiga,Central Midfield,Midfield,30.0,1051.0,52.3,52.2,51.7,43.6
34391412,25069,1666.0,J. Yli-Kokko,Finland,Inter Turku,Finland 1 - Veikkausliiga,Attacking Midfield,Midfield,23.0,1215.0,47.5,46.5,46.8,47.2
25655,25069,850.0,J. van der Heyden,Netherlands,Mariehamn,Finland 1 - Veikkausliiga,Defensive Midfield,Midfield,29.0,998.0,46.1,45.6,48.0,46.6
2511220,24943,3285.0,K. Ackermann,Sweden,Brommapojkarna,Sweden 1 - Allsvenskan,Central Midfield,Midfield,23.0,2194.0,45.7,45.8,45.0,58.0
28912852,25069,850.0,K. Adedoyin,England,Mariehamn,Finland 1 - Veikkausliiga,Centre Forward,Attack,24.0,1442.0,53.9,53.3,55.0,46.1
37296040,25177,8889.0,K. Anmanis,Latvia,Tukums,Latvia 1 - Virsliga,Central Midfield,Midfield,23.0,2669.0,43.8,44.0,44.3,53.4
15524638,24971,321.0,K. Askildsen,Norway,Viking,Norway 1 - Eliteserien,Central Midfield,Midfield,24.0,1553.0,49.1,48.9,48.8,52.0
37642120,25177,151753.0,K. Augusts,Latvia,Super Nova,Latvia 1 - Virsliga,Left Back,Defence,19.0,1710.0,42.3,42.7,42.6,44.1
19634263,25177,261064.0,K. Aļekseičiks,Latvia,FS Jelgava,Latvia 1 - Virsliga,Centre Back,Defence,24.0,2506.0,43.2,43.1,43.6,46.2
37651721,24943,3285.0,K. Barslund,Denmark,Brommapojkarna,Sweden 1 - Allsvenskan,Right Back,Defence,21.0,951.0,49.8,49.5,49.1,44.7
786281,24942,312.0,K. Brouder,Republic of Ireland,Galway United,Republic of Ireland 1 - Premier Division,Centre Back,Defence,26.0,2487.0,42.9,42.8,43.8,42.3
83592,25016,5856.0,K. Chopart,Denmark,Fram,Iceland 1 - Besta deild,Right Back,Defence,34.0,2340.0,46.8,47.7,48.6,48.4
18575702,25069,7566.0,K. Cissoko,Guinea,Jaro,Finland 1 - Veikkausliiga,Centre Forward,Attack,25.0,2233.0,46.8,46.7,47.2,37.2
37543334,25177,7220.0,K. Cēsnieks,Latvia,Metta / LU,Latvia 1 - Virsliga,Defensive Midfield,Midfield,19.0,1395.0,38.4,37.7,40.8,38.5
153126,24971,290.0,K. Eriksen,Norway,Molde,Norway 1 - Eliteserien,Attacking Midfield,Midfield,29.0,904.0,41.9,41.7,42.2,54.4
30446936,25069,1666.0,K. Fiacre Botue,Burkina Faso,Inter Turku,Finland 1 - Veikkausliiga,Centre Forward,Attack,22.0,1434.0,46.9,47.2,46.7,48.1
37607213,25177,7220.0,K. Grabovskis,Latvia,Metta / LU,Latvia 1 - Virsliga,Attacking Midfield,Midfield,19.0,1673.0,45.9,45.6,48.8,47.8
9938966,25016,2688.0,K. Gunnarsson,Iceland,Víkingur Reykjavík,Iceland 1 - Besta deild,Right Back,Defence,23.0,1695.0,50.4,50.9,50.8,44.1
37690121,24943,2876.0,K. Gyamfi,Ghana,Öster,Sweden 1 - Allsvenskan,Centre Back,Defence,21.0,1352.0,47.0,45.6,46.6,50.5
37260164,25016,10420.0,K. Halldórsson,Iceland,FH,Iceland 1 - Besta deild,Left Wing,Attack,21.0,2384.0,56.5,57.4,55.5,42.5
151073,24971,321.0,K. Haugen,Norway,Viking,Norway 1 - Eliteserien,Left Back,Defence,31.0,1260.0,51.2,50.1,50.4,47.3
23697883,24943,1777.0,K. Holmén,Sweden,GAIS,Sweden 1 - Allsvenskan,Central Midfield,Midfield,23.0,1520.0,49.5,49.5,48.9,52.2
173061,24942,1097.0,K. Holt,Scotland,Derry City,Republic of Ireland 1 - Premier Division,Centre Back,Defence,32.0,1730.0,46.7,47.5,47.0,44.9
37253461,24943,3603.0,K. Höög-Jansson,Sweden,Norrköping,Sweden 1 - Allsvenskan,Defensive Midfield,Midfield,24.0,1470.0,50.1,50.8,51.2,54.5
15061513,24971,1668.0,K. Høgh,Denmark,Bodø / Glimt,Norway 1 - Eliteserien,Centre Forward,Attack,24.0,2071.0,52.7,52.8,53.0,49.4
19625648,25177,6142.0,K. Iljins,Latvia,Liepāja,Latvia 1 - Virsliga,Left Back,Defence,23.0,2583.0,53.3,53.5,54.3,43.6
37700699,24943,443.0,K. Kosugi,Japan,Djurgården,Sweden 1 - Allsvenskan,Left Back,Defence,19.0,2355.0,51.1,50.9,51.3,50.7
369950,24971,313.0,K. Krasniqi,Kosovo,Strømsgodset,Norway 1 - Eliteserien,Central Midfield,Midfield,24.0,1314.0,47.9,48.0,48.3,50.5
28912840,24942,1260.0,K. Leavy,England,St Patrick's,Republic of Ireland 1 - Premier Division,Attacking Midfield,Midfield,22.0,1721.0,43.5,43.1,44.1,41.3
21412999,24942,744.0,K. Ledwidge,Republic of Ireland,Shelbourne,Republic of Ireland 1 - Premier Division,Centre Back,Defence,23.0,2842.0,46.4,46.9,45.5,42.8
18243649,25177,6142.0,K. Leidsman,Netherlands,Liepāja,Latvia 1 - Virsliga,Centre Forward,Attack,26.0,1268.0,49.7,49.9,48.9,46.0
33992579,24971,8661.0,K. Lien,Norway,HamKam,Norway 1 - Eliteserien,Centre Forward,Attack,23.0,2302.0,47.5,47.6,47.7,46.1
20694535,25016,5856.0,K. McLagan,United States,Fram,Iceland 1 - Besta deild,Centre Back,Defence,29.0,1863.0,43.7,43.4,43.6,42.9
540413,24942,744.0,K. Mcinroy,Scotland,Shelbourne,Republic of Ireland 1 - Premier Division,Central Midfield,Midfield,24.0,2480.0,48.7,48.5,48.3,47.0
37609440,24942,326.0,K. Nelson,England,Cork City,Republic of Ireland 1 - Premier Division,Attacking Midfield,Midfield,20.0,2255.0,42.1,42.4,43.0,40.4
37296611,25177,11230.0,K. Nguena,France,Auda,Latvia 1 - Virsliga,Central Midfield,Midfield,24.0,2636.0,50.4,50.7,51.7,43.3
37324938,25069,826.0,K. Paananen,Finland,SJK,Finland 1 - Veikkausliiga,Attacking Midfield,Midfield,22.0,2663.0,47.0,48.3,49.3,38.6
37344021,25177,261064.0,K. Penkevics,Latvia,FS Jelgava,Latvia 1 - Virsliga,Defensive Midfield,Midfield,22.0,2935.0,47.6,47.9,48.0,39.8
37678433,24943,3603.0,K. Peprah Oppong,Ghana,Norrköping,Sweden 1 - Allsvenskan,Centre Back,Defence,20.0,1203.0,47.9,48.1,48.4,50.0
37527313,25069,826.0,K. Pires,Cape Verde,SJK,Finland 1 - Veikkausliiga,Centre Back,Defence,24.0,1576.0,46.6,47.1,48.7,50.3
33186870,24942,1387.0,K. Radkowski,Poland,Waterford United,Republic of Ireland 1 - Premier Division,Centre Back,Defence,23.0,2091.0,44.8,44.6,44.4,38.8
37344023,25177,7220.0,K. Rēķis,Latvia,Metta / LU,Latvia 1 - Virsliga,Attacking Midfield,Midfield,22.0,1806.0,42.9,42.3,47.4,47.1
117992,25016,2929.0,K. Sigurdsson,Iceland,Valur,Iceland 1 - Besta deild,Attacking Midfield,Midfield,33.0,1156.0,46.6,47.1,46.2,48.3
37649287,25069,724.0,K. Simojoki,Finland,HJK,Finland 1 - Veikkausliiga,Right Back,Defence,19.0,2398.0,49.3,49.9,49.2,45.7
37642063,25177,151753.0,K. Skadmanis,Latvia,Super Nova,Latvia 1 - Virsliga,Central Midfield,Midfield,18.0,1006.0,45.0,45.9,47.8,41.6
117249,25016,6913.0,K. Steindorsson,Iceland,Breidablik,Iceland 1 - Besta deild,Attacking Midfield,Midfield,34.0,1278.0,49.8,51.3,50.3,47.2
449083,24943,532.0,K. Thordarson,Iceland,IFK Göteborg,Sweden 1 - Allsvenskan,Central Midfield,Midfield,25.0,1812.0,48.5,48.2,48.3,51.9
354691,24971,502.0,K. Tshiembe,Denmark,Vålerenga,Norway 1 - Eliteserien,Centre Back,Defence,27.0,1021.0,54.7,56.7,53.9,51.1
37924016,25177,261064.0,K. Udukwu Emenike,Nigeria,FS Jelgava,Latvia 1 - Virsliga,Centre Forward,Attack,20.0,1982.0,43.8,43.5,44.0,39.1
37344019,25177,7220.0,K. Vilnis,Latvia,Metta / LU,Latvia 1 - Virsliga,Centre Back,Defence,21.0,2987.0,51.0,52.8,51.8,29.4
37328083,25177,8889.0,K. Volkovs,Latvia,Tukums,Latvia 1 - Virsliga,Central Midfield,Midfield,20.0,1655.0,40.4,40.5,40.3,45.8
37648164,24942,1387.0,K. White,England,Waterford United,Republic of Ireland 1 - Premier Division,Left Midfield,Midfield,20.0,1623.0,42.9,42.1,42.2,47.2
460203,25177,151753.0,K. Čudars,Latvia,Super Nova,Latvia 1 - Virsliga,Defensive Midfield,Midfield,25.0,2935.0,43.0,42.8,42.6,37.4
37260902,24943,2876.0,L. Bergquist,Sweden,Öster,Sweden 1 - Allsvenskan,Left Back,Defence,24.0,1767.0,47.1,48.0,49.3,42.0
29040,25069,5696.0,L. Bergsma,Netherlands,Oulu,Finland 1 - Veikkausliiga,Centre Back,Defence,28.0,1082.0,46.7,47.1,45.7,43.7
36455,24942,1097.0,L. Boyce,Northern Ireland,Derry City,Republic of Ireland 1 - Premier Division,Centre Forward,Attack,33.0,1475.0,45.2,45.0,45.3,49.6
785953,25069,7828.0,L. Cini,Brazil,Haka,Finland 1 - Veikkausliiga,Attacking Midfield,Midfield,25.0,922.0,42.5,43.3,43.6,47.9
122086,24942,207.0,L. Grace,Republic of Ireland,Shamrock Rovers,Republic of Ireland 1 - Premier Division,Centre Back,Defence,32.0,1809.0,49.0,48.9,49.7,52.3
23717733,24942,1152.0,L. Heeney,Republic of Ireland,Drogheda United,Republic of Ireland 1 - Premier Division,Central Midfield,Midfield,26.0,1787.0,42.9,43.2,43.4,49.1
36470084,25016,2929.0,L. Heimisson,Iceland,Valur,Iceland 1 - Besta deild,Attacking Midfield,Midfield,22.0,1515.0,47.9,46.9,49.5,45.9
37407035,24943,2753.0,L. Hien,Sweden,Degerfors,Sweden 1 - Allsvenskan,Centre Back,Defence,23.0,2193.0,48.0,47.9,46.7,49.1
15790047,24971,7242.0,L. Jean Cornic,Norway,Tromsø,Norway 1 - Eliteserien,Right Back,Defence,24.0,2598.0,45.0,45.5,47.9,42.9
31238809,24943,354.0,L. Johnsen,Norway,Malmö FF,Sweden 1 - Allsvenskan,Central Midfield,Midfield,25.0,1834.0,55.8,55.6,54.4,52.2
37354793,24942,374.0,L. Kavanagh,Republic of Ireland,Bohemians,Republic of Ireland 1 - Premier Division,Centre Back,Defence,21.0,1410.0,48.0,49.2,48.2,41.8
37510947,25069,1666.0,L. Kuittinen,Finland,Inter Turku,Finland 1 - Veikkausliiga,Centre Back,Defence,22.0,2610.0,48.0,47.4,49.1,37.8
37586356,25069,826.0,L. Laine,Finland,SJK,Finland 1 - Veikkausliiga,Right Wing,Attack,19.0,1174.0,52.9,54.0,52.7,51.4
1483864,24943,6607.0,L. Le Roux,South Africa,Värnamo,Sweden 1 - Allsvenskan,Central Midfield,Midfield,25.0,1215.0,44.9,44.7,44.4,59.0
92183,25069,724.0,L. Lingman,Finland,HJK,Finland 1 - Veikkausliiga,Central Midfield,Midfield,27.0,1434.0,54.1,53.7,53.5,38.7
37598793,24943,411.0,L. Malachowski Thorell,Sweden,Mjällby,Sweden 1 - Allsvenskan,Central Midfield,Midfield,20.0,1252.0,51.6,52.3,52.6,43.2
28391,24971,8661.0,L. Mares,Netherlands,HamKam,Norway 1 - Eliteserien,Defensive Midfield,Midfield,28.0,2340.0,50.6,51.3,50.9,55.5
37701655,25177,7220.0,L. Marques Bento de Oliveira,Brazil,Metta / LU,Latvia 1 - Virsliga,Left Back,Defence,20.0,1230.0,44.0,46.8,48.5,49.6
37593800,24971,617.0,L. Mettler,Switzerland,Sandefjord,Norway 1 - Eliteserien,Attacking Midfield,Midfield,26.0,1438.0,46.8,48.4,46.1,47.5
338158,25069,4486.0,L. Nunes Gonçalves,Brazil,KTP,Finland 1 - Veikkausliiga,Centre Forward,Attack,30.0,1241.0,45.2,44.4,46.2,48.1
37561872,25177,6556.0,L. Odisharia,Georgia,Rīgas FS,Latvia 1 - Virsliga,Left Wing,Attack,22.0,1282.0,60.7,61.4,60.1,60.9
20716592,24971,1743.0,L. Owusu,Ghana,Fredrikstad,Norway 1 - Eliteserien,Defensive Midfield,Midfield,27.0,2463.0,51.9,52.9,53.4,39.8
37574291,24971,8775.0,L. Qvigstad,Norway,Bryne,Norway 1 - Eliteserien,Right Back,Defence,21.0,1669.0,47.5,47.4,47.6,46.0
89089,25069,4486.0,L. Tabi Manga,Cameroon,KTP,Finland 1 - Veikkausliiga,Centre Back,Defence,30.0,990.0,47.2,47.3,47.2,42.4
150373,24971,313.0,L. Vilsvik,Norway,Strømsgodset,Norway 1 - Eliteserien,Right Back,Defence,36.0,2072.0,51.9,51.2,50.7,46.0
36074367,24943,2678.0,L. Walta,Finland,Sirius,Sweden 1 - Allsvenskan,Attacking Midfield,Midfield,21.0,2678.0,51.6,54.1,52.2,47.9
37527073,24943,2876.0,M. Adolfsson,Sweden,Öster,Sweden 1 - Allsvenskan,Centre Back,Defence,23.0,2359.0,49.2,49.1,48.2,44.7
37600886,24943,720.0,M. Agnero,Ivory Coast,Halmstad,Sweden 1 - Allsvenskan,Centre Forward,Attack,22.0,1606.0,47.6,47.6,48.3,44.1
17187717,25069,7828.0,M. Almen,Finland,Haka,Finland 1 - Veikkausliiga,Centre Back,Defence,25.0,1540.0,49.2,50.0,49.7,41.6
37565360,24943,6607.0,M. Alshalkadi,Sweden,Värnamo,Sweden 1 - Allsvenskan,Right Wing,Attack,23.0,1591.0,47.2,47.5,48.0,45.2
84570,24943,443.0,M. Anderson,Iceland,Djurgården,Sweden 1 - Allsvenskan,Central Midfield,Midfield,26.0,1125.0,49.3,48.9,48.7,47.5
6573,24943,6607.0,M. Antonsson,Sweden,Värnamo,Sweden 1 - Allsvenskan,Centre Forward,Attack,33.0,968.0,46.3,46.7,46.4,41.9
37555824,25069,826.0,M. Arsalo,Finland,SJK,Finland 1 - Veikkausliiga,Central Midfield,Midfield,22.0,2497.0,52.3,52.9,52.4,42.3
37681307,24943,3603.0,M. Baggesen,Denmark,Norrköping,Sweden 1 - Allsvenskan,Left Back,Defence,21.0,1402.0,47.2,47.0,46.0,49.8
37920611,25177,7220.0,M. Bai Kamara,Sierra Leone,Metta / LU,Latvia 1 - Virsliga,Defensive Midfield,Midfield,20.0,2191.0,39.6,39.0,44.1,42.4
37526017,24971,869.0,M. Berntsen Olsen,Norway,Kristiansund,Norway 1 - Eliteserien,Centre Back,Defence,23.0,2146.0,55.7,57.4,56.8,45.2
37514210,24971,1335.0,M. Ceide,Norway,Rosenborg,Norway 1 - Eliteserien,Centre Back,Defence,23.0,2100.0,52.1,53.2,50.6,40.8
84723,24943,2876.0,M. Christensen,Denmark,Öster,Sweden 1 - Allsvenskan,Defensive Midfield,Midfield,27.0,1580.0,46.6,45.9,46.5,55.6
8438,24942,1097.0,M. Connolly,Republic of Ireland,Derry City,Republic of Ireland 1 - Premier Division,Centre Back,Defence,33.0,2735.0,44.7,45.0,46.2,51.2
123121,24942,744.0,M. Coyle,Republic of Ireland,Shelbourne,Republic of Ireland 1 - Premier Division,Central Midfield,Midfield,28.0,1899.0,44.6,44.3,44.0,52.2
190622,24943,443.0,M. Danielsson,Sweden,Djurgården,Sweden 1 - Allsvenskan,Centre Back,Defence,35.0,2496.0,50.5,50.5,52.3,47.1
37715690,24971,270.0,M. Dia,Senegal,Haugesund,Norway 1 - Eliteserien,Centre Back,Defence,21.0,2048.0,48.8,48.6,49.9,53.5
14685089,24943,2753.0,M. Diaby,Guinea,Degerfors,Sweden 1 - Allsvenskan,Left Back,Defence,28.0,1447.0,48.4,47.8,48.6,44.4
37342696,25177,6142.0,M. Diaw,Senegal,Liepāja,Latvia 1 - Virsliga,Left Wing,Attack,22.0,1436.0,50.8,51.6,51.5,50.3
37565546,25177,3546.0,M. Diop,Senegal,Riga,Latvia 1 - Virsliga,Right Wing,Attack,22.0,2105.0,55.4,54.5,54.5,50.1
121440,24942,1097.0,M. Duffy,Northern Ireland,Derry City,Republic of Ireland 1 - Premier Division,Left Wing,Attack,30.0,3084.0,50.9,49.5,50.3,45.4
324436,24942,312.0,M. Dyer,New Zealand,Galway United,Republic of Ireland 1 - Premier Division,Centre Forward,Attack,27.0,1587.0,46.8,46.2,47.7,44.5
37635855,25016,853.0,M. Edeland,Sweden,ÍBV,Iceland 1 - Besta deild,Centre Back,Defence,25.0,2088.0,42.9,42.8,43.7,40.6
30875535,25069,1840.0,M. Fall,Senegal,VPS,Finland 1 - Veikkausliiga,Centre Forward,Attack,30.0,2160.0,47.9,47.2,48.6,54.0
37514185,24971,313.0,M. Farji,Iraq,Strømsgodset,Norway 1 - Eliteserien,Left Wing,Attack,21.0,2343.0,49.4,49.4,50.6,43.5
37503643,24943,532.0,M. Fenger,Denmark,IFK Göteborg,Sweden 1 - Allsvenskan,Centre Forward,Attack,23.0,2678.0,48.6,48.8,48.3,48.4
37423023,24971,270.0,M. Fischer,Denmark,Haugesund,Norway 1 - Eliteserien,Centre Back,Defence,21.0,1989.0,49.4,50.1,49.5,46.0
37328080,25177,27467.0,M. Fjodorovs,Latvia,Grobiņa,Latvia 1 - Virsliga,Defensive Midfield,Midfield,21.0,1931.0,40.3,39.9,41.7,48.2
37528549,25069,850.0,M. Fonsell,Finland,Mariehamn,Finland 1 - Veikkausliiga,Centre Back,Defence,21.0,989.0,50.2,51.1,49.4,40.8
37611771,25177,6556.0,M. Gaye,Senegal,Rīgas FS,Latvia 1 - Virsliga,Right Wing,Attack,26.0,1802.0,54.5,56.2,56.7,58.6
83946,25016,8503.0,M. Hansen,Denmark,Vestri,Iceland 1 - Besta deild,Centre Back,Defence,31.0,1831.0,46.0,45.9,46.0,35.8
80924,25177,261064.0,M. Hasek,Czech Republic,FS Jelgava,Latvia 1 - Virsliga,Central Midfield,Midfield,29.0,1230.0,51.2,50.8,50.0,46.6
92718,25069,1840.0,M. Haukioja,Finland,VPS,Finland 1 - Veikkausliiga,Centre Back,Defence,25.0,2430.0,51.2,52.5,52.4,37.4
37391474,24942,207.0,M. Healy,Republic of Ireland,Shamrock Rovers,Republic of Ireland 1 - Premier Division,Central Midfield,Midfield,22.0,2758.0,50.9,51.1,49.7,49.4
37509367,24943,2678.0,M. Heier,Sweden,Sirius,Sweden 1 - Allsvenskan,Defensive Midfield,Midfield,23.0,2495.0,48.9,49.1,49.7,43.1
37642562,25177,7220.0,M. Ivulāns,Latvia,Metta / LU,Latvia 1 - Virsliga,Left Wing,Attack,18.0,1930.0,47.4,47.1,47.7,39.7
37705846,25069,5696.0,M. Jatta,Gambia,Oulu,Finland 1 - Veikkausliiga,Centre Back,Defence,20.0,1013.0,47.2,46.7,46.4,43.6
37663600,24971,270.0,M. Kalvenes Hope,Norway,Haugesund,Norway 1 - Eliteserien,Right Back,Defence,18.0,1103.0,44.9,44.7,44.1,38.5
37595897,24943,2353.0,M. Karlsson,Sweden,Hammarby,Sweden 1 - Allsvenskan,Central Midfield,Midfield,21.0,2488.0,49.6,49.8,48.1,47.2
37740042,24942,326.0,M. Kiernan,Republic of Ireland,Cork City,Republic of Ireland 1 - Premier Division,Left Back,Defence,18.0,1640.0,45.3,44.7,43.3,42.6
24963,24971,2601.0,M. Koch,Netherlands,Sarpsborg 08,Norway 1 - Eliteserien,Centre Back,Defence,30.0,2604.0,49.1,49.0,47.2,51.5
37601984,25177,234431.0,M. Koné,Ivory Coast,FC Daugavpils,Latvia 1 - Virsliga,Right Wing,Attack,21.0,1678.0,49.0,49.6,50.4,46.5
35280464,25069,5696.0,M. Koskela,Finland,Oulu,Finland 1 - Veikkausliiga,Centre Back,Defence,21.0,1306.0,44.7,44.9,45.2,48.9
17281527,25069,7566.0,M. Kusu,Sweden,Jaro,Finland 1 - Veikkausliiga,Defensive Midfield,Midfield,23.0,1620.0,47.3,47.9,48.1,42.8
34898488,25177,6142.0,M. Laušić,Croatia,Liepāja,Latvia 1 - Virsliga,Central Midfield,Midfield,23.0,2456.0,53.4,54.0,54.3,46.5
37304032,24943,2678.0,M. Lindberg,Denmark,Sirius,Sweden 1 - Allsvenskan,Central Midfield,Midfield,24.0,2165.0,50.5,50.3,49.5,59.5
150494,24971,290.0,M. Linnes,Norway,Molde,Norway 1 - Eliteserien,Right Back,Defence,33.0,1391.0,54.7,54.5,54.8,46.9
152474,24943,2535.0,M. Lode,Norway,Häcken,Sweden 1 - Allsvenskan,Centre Back,Defence,32.0,2025.0,51.4,52.0,52.1,43.3
151058,25016,2929.0,M. Lundemo,Norway,Valur,Iceland 1 - Besta deild,Defensive Midfield,Midfield,30.0,1076.0,41.8,41.3,42.3,46.9
37553667,24943,2353.0,M. Madjed,Sweden,Hammarby,Sweden 1 - Allsvenskan,Right Wing,Attack,19.0,1414.0,56.4,55.9,56.8,44.8
608194,24971,8661.0,M. Mawa,Norway,HamKam,Norway 1 - Eliteserien,Centre Forward,Attack,28.0,1699.0,45.7,46.4,45.4,38.1
37651569,24942,326.0,M. Mbeng,France,Cork City,Republic of Ireland 1 - Premier Division,Right Back,Defence,22.0,1548.0,41.9,43.0,43.0,49.9
151533,24971,313.0,M. Mehnert,Norway,Strømsgodset,Norway 1 - Eliteserien,Right Wing,Attack,27.0,1156.0,46.0,46.4,45.5,47.0
37667253,24942,1260.0,M. Melia,Republic of Ireland,St Patrick's,Republic of Ireland 1 - Premier Division,Centre Forward,Attack,17.0,2582.0,46.2,46.0,46.7,43.2
540122,25177,8889.0,M. Mihoubi,France,Tukums,Latvia 1 - Virsliga,Centre Back,Defence,25.0,2433.0,53.8,56.0,58.2,36.3
2875,24971,290.0,M. Møller Dæhli,Norway,Molde,Norway 1 - Eliteserien,Central Midfield,Midfield,30.0,1900.0,51.4,51.1,50.0,53.7
151442,25016,2929.0,M. Nakkim,Norway,Valur,Iceland 1 - Besta deild,Centre Back,Defence,28.0,1973.0,46.2,46.4,46.8,45.7
37644692,24943,3603.0,M. Neffati,Tunisia,Norrköping,Sweden 1 - Allsvenskan,Right Back,Defence,20.0,2325.0,49.4,49.3,49.4,52.8
37595214,25177,3546.0,M. Ngom,Senegal,Riga,Latvia 1 - Virsliga,Centre Back,Defence,24.0,2568.0,63.9,66.0,63.3,45.0
91618,25069,1840.0,M. Niemi,Finland,VPS,Finland 1 - Veikkausliiga,Right Back,Defence,31.0,1549.0,47.7,46.7,45.7,40.0
151336,24971,11914.0,M. Njie,Norway,KFUM,Norway 1 - Eliteserien,Left Wing,Attack,29.0,1172.0,43.7,43.6,43.8,38.4
37740183,24942,207.0,M. Noonan,Republic of Ireland,Shamrock Rovers,Republic of Ireland 1 - Premier Division,Centre Forward,Attack,16.0,1451.0,45.3,45.7,45.0,47.8
153451,25069,7566.0,M. Ogungbaro,Nigeria,Jaro,Finland 1 - Veikkausliiga,Centre Back,Defence,28.0,2019.0,42.1,41.2,42.7,45.1
37260366,25069,850.0,M. Olawale,Ivory Coast,Mariehamn,Finland 1 - Veikkausliiga,Centre Forward,Attack,26.0,1195.0,41.5,41.3,42.0,46.8
136847,25177,151753.0,M. Ošs,Latvia,Super Nova,Latvia 1 - Virsliga,Centre Back,Defence,33.0,2624.0,46.5,46.5,47.2,46.1
518898,25069,4486.0,M. Paavola,Finland,KTP,Finland 1 - Veikkausliiga,Centre Back,Defence,24.0,1812.0,47.9,47.2,46.3,44.3
91728,25069,5696.0,M. Pitkänen,Finland,Oulu,Finland 1 - Veikkausliiga,Centre Back,Defence,28.0,1654.0,46.6,46.3,46.0,45.8
31255281,25016,8673.0,M. Praest,Denmark,KR Reykjavík,Iceland 1 - Besta deild,Central Midfield,Midfield,24.0,2040.0,48.3,48.6,49.3,37.5
37595901,24943,2753.0,M. Rafferty,Sweden,Degerfors,Sweden 1 - Allsvenskan,Left Wing,Attack,20.0,1751.0,45.7,46.7,47.0,41.2
37569822,24971,869.0,M. Rakneberg,Norway,Kristiansund,Norway 1 - Eliteserien,Left Back,Defence,23.0,2066.0,50.9,50.6,49.8,43.4
15076397,25069,2617.0,M. Rale,Finland,Ilves,Finland 1 - Veikkausliiga,Left Back,Defence,24.0,2880.0,51.9,51.9,51.5,50.2
137833,25177,3546.0,M. Regža,Latvia,Riga,Latvia 1 - Virsliga,Centre Forward,Attack,26.0,1499.0,52.7,52.9,53.4,44.1
37682875,25069,9036.0,M. Ritari,Finland,Gnistan,Finland 1 - Veikkausliiga,Central Midfield,Midfield,19.0,1097.0,44.4,43.6,44.4,37.3
84497,24943,2535.0,M. Rygaard Jensen,Denmark,Häcken,Sweden 1 - Allsvenskan,Central Midfield,Midfield,34.0,1755.0,55.5,55.3,55.3,43.9
83478,25016,7325.0,M. Rømer,Denmark,KA Akureyri,Iceland 1 - Besta deild,Central Midfield,Midfield,33.0,1727.0,46.6,46.3,46.2,44.1
37921852,25177,234431.0,M. Saidy,Latvia,FC Daugavpils,Latvia 1 - Virsliga,Attacking Midfield,Midfield,19.0,1022.0,48.1,47.0,48.1,51.9
14004462,25069,1666.0,M. Sarr,Finland,Inter Turku,Finland 1 - Veikkausliiga,Right Wing,Attack,25.0,1448.0,47.2,46.8,47.4,49.3
5283744,25177,27467.0,M. Sidorovs,Latvia,Grobiņa,Latvia 1 - Virsliga,Left Back,Defence,23.0,2666.0,50.2,51.3,50.9,44.3
37635665,24943,443.0,M. Siltanen,Finland,Djurgården,Sweden 1 - Allsvenskan,Central Midfield,Midfield,18.0,2367.0,50.7,50.5,49.6,50.8
37574295,24971,1335.0,M. Sivertsen Broholm,Norway,Rosenborg,Norway 1 - Eliteserien,Right Wing,Attack,20.0,950.0,52.8,52.2,54.5,45.9
37324936,25069,2617.0,M. Stjopin,Finland,Ilves,Finland 1 - Veikkausliiga,Attacking Midfield,Midfield,21.0,1793.0,50.1,49.0,51.8,48.1
34779,25069,4486.0,M. Sumusalo,Finland,KTP,Finland 1 - Veikkausliiga,Left Back,Defence,35.0,1610.0,43.8,44.2,46.2,36.7
37577345,25069,2617.0,M. Söderbäck,Finland,Ilves,Finland 1 - Veikkausliiga,Attacking Midfield,Midfield,21.0,2473.0,48.1,46.3,50.3,49.3
12433196,24943,2876.0,M. Tamminen,Finland,Öster,Sweden 1 - Allsvenskan,Right Wing,Attack,23.0,1015.0,46.1,45.2,44.7,49.5
91669,24943,443.0,M. Tenho,Finland,Djurgården,Sweden 1 - Allsvenskan,Centre Back,Defence,29.0,1771.0,51.1,50.9,50.3,49.5
84981,24943,2825.0,M. Thychosen,Denmark,AIK,Sweden 1 - Allsvenskan,Right Back,Defence,27.0,2211.0,48.2,47.2,47.7,49.4
37598882,25177,151753.0,M. Tihonovičs,Latvia,Super Nova,Latvia 1 - Virsliga,Right Back,Defence,19.0,1457.0,45.8,48.5,49.5,46.4
37528881,25016,853.0,M. Tomić,Serbia,ÍBV,Iceland 1 - Besta deild,Defensive Midfield,Midfield,25.0,1644.0,42.9,42.7,43.0,48.8
37777286,25069,4323.0,M. Toure,Guinea,KuPS,Finland 1 - Veikkausliiga,Centre Forward,Attack,19.0,1718.0,54.2,53.5,55.2,51.0
13646843,25177,3546.0,M. Toņiševs,Latvia,Riga,Latvia 1 - Virsliga,Right Back,Defence,24.0,2155.0,53.8,55.8,56.9,51.3
37637178,24971,11914.0,M. Tønnessen,Norway,KFUM,Norway 1 - Eliteserien,Centre Back,Defence,21.0,2428.0,52.8,53.9,51.6,59.8
184259,25016,1268.0,M. Vardić,Slovenia,ÍA,Iceland 1 - Besta deild,Defensive Midfield,Midfield,29.0,2017.0,43.1,43.5,43.5,46.0
192241,24943,3603.0,M. Watson,Sweden,Norrköping,Sweden 1 - Allsvenskan,Centre Back,Defence,29.0,2635.0,45.0,44.6,44.9,48.6
37689169,24943,1777.0,M. Wendin Thomasson,Sweden,GAIS,Sweden 1 - Allsvenskan,Left Back,Defence,26.0,1100.0,51.2,51.3,52.3,47.7
37252512,24971,1743.0,M. Woledzi,Ghana,Fredrikstad,Norway 1 - Eliteserien,Centre Back,Defence,23.0,2498.0,49.8,49.4,48.3,54.8
10967315,24942,910.0,M. Wolfe,England,Sligo Rovers,Republic of Ireland 1 - Premier Division,Central Midfield,Midfield,24.0,915.0,44.9,45.3,45.5,49.3
2876,24971,290.0,M. Wolff Eikrem,Norway,Molde,Norway 1 - Eliteserien,Secondary Striker,Attack,34.0,1628.0,51.3,51.4,49.6,46.1
37510948,25069,724.0,M. Ylitolva,Finland,HJK,Finland 1 - Veikkausliiga,Right Back,Defence,20.0,2233.0,46.2,47.9,48.3,42.9
37529302,24943,1777.0,M. de Brienne,Canada,GAIS,Sweden 1 - Allsvenskan,Left Back,Defence,22.0,1239.0,49.1,48.9,48.1,54.4
23637735,25177,11230.0,M. dos Santos Clemente,Portugal,Auda,Latvia 1 - Virsliga,Central Midfield,Midfield,26.0,1491.0,51.2,52.4,51.9,55.6
16144550,25016,5856.0,M. Ægisson,Iceland,Fram,Iceland 1 - Besta deild,Right Midfield,Midfield,25.0,1743.0,43.8,43.7,44.1,38.9
191067,24943,2353.0,N. Besara,Sweden,Hammarby,Sweden 1 - Allsvenskan,Attacking Midfield,Midfield,34.0,2522.0,48.7,48.3,49.1,40.7
151624,24971,2474.0,N. Castro,Chile,Brann,Norway 1 - Eliteserien,Left Wing,Attack,29.0,980.0,51.8,50.6,51.0,44.7
37315731,25177,8889.0,N. Dusalijevs,Latvia,Tukums,Latvia 1 - Virsliga,Right Wing,Attack,23.0,2827.0,51.9,52.3,50.9,46.4
37744332,25069,1840.0,N. Fleuriau Chateau,Canada,VPS,Finland 1 - Veikkausliiga,Centre Forward,Attack,22.0,1197.0,48.1,48.4,48.0,42.8
92188,25069,7828.0,N. Friberg,Finland,Haka,Finland 1 - Veikkausliiga,Centre Back,Defence,29.0,1896.0,48.6,49.0,48.2,32.0
196244,24943,2753.0,N. Girmai,Sweden,Degerfors,Sweden 1 - Allsvenskan,Central Midfield,Midfield,30.0,2151.0,47.6,47.4,46.4,46.0
7206,24971,270.0,N. Hamalainen,Finland,Haugesund,Norway 1 - Eliteserien,Left Back,Defence,28.0,1041.0,46.2,45.9,45.1,42.1
84065,25016,2688.0,N. Hansen,Denmark,Víkingur Reykjavík,Iceland 1 - Besta deild,Centre Forward,Attack,32.0,1369.0,45.6,45.2,46.1,52.7
6306111,24971,1335.0,N. Holm,Norway,Rosenborg,Norway 1 - Eliteserien,Centre Forward,Attack,23.0,970.0,46.8,47.4,46.0,53.4
96310,24943,1226.0,N. Hult,Sweden,Elfsborg,Sweden 1 - Allsvenskan,Left Back,Defence,35.0,2123.0,50.1,49.6,49.0,48.2
12058669,24971,8775.0,N. Jakobsen,Denmark,Bryne,Norway 1 - Eliteserien,Central Midfield,Midfield,25.0,2371.0,45.8,45.6,45.2,42.2
94390,25069,5696.0,N. Jokelainen,Finland,Oulu,Finland 1 - Veikkausliiga,Attacking Midfield,Midfield,25.0,2147.0,47.4,47.7,47.3,44.0
37606838,25069,850.0,N. Kujasalo,Finland,Mariehamn,Finland 1 - Veikkausliiga,Central Midfield,Midfield,21.0,2322.0,51.4,52.5,51.9,41.9
32777592,24943,720.0,N. Mohammed,Ghana,Halmstad,Sweden 1 - Allsvenskan,Centre Forward,Attack,28.0,1618.0,47.8,48.2,47.9,45.9
17177180,24942,374.0,N. Morahan,Republic of Ireland,Bohemians,Republic of Ireland 1 - Premier Division,Central Midfield,Midfield,24.0,2902.0,43.2,43.4,42.3,48.9
93837,24943,720.0,N. Mäenpää,Finland,Halmstad,Sweden 1 - Allsvenskan,Defensive Midfield,Midfield,27.0,1381.0,44.1,43.5,43.5,43.7
84557,24943,411.0,N. Røjkjær,Denmark,Mjällby,Sweden 1 - Allsvenskan,Central Midfield,Midfield,26.0,1211.0,54.0,53.4,52.4,42.9
23697870,24943,2876.0,N. Söderberg,Sweden,Öster,Sweden 1 - Allsvenskan,Central Midfield,Midfield,23.0,1317.0,44.2,44.7,44.8,49.8
37750233,24943,532.0,N. Tolf,Sweden,IFK Göteborg,Sweden 1 - Allsvenskan,Left Back,Defence,19.0,2362.0,53.7,54.4,54.7,53.7
37584917,24971,869.0,N. Ødegård,Norway,Kristiansund,Norway 1 - Eliteserien,Central Midfield,Midfield,21.0,1978.0,46.3,46.5,47.0,53.5
10626586,24971,1668.0,O. Bjørtuft,Norway,Bodø / Glimt,Norway 1 - Eliteserien,Centre Back,Defence,26.0,2266.0,63.0,65.7,59.6,50.1
33587119,24971,1668.0,O. Blomberg,Norway,Bodø / Glimt,Norway 1 - Eliteserien,Right Wing,Attack,24.0,1205.0,52.3,51.0,52.2,43.1
27422647,24942,910.0,O. Denham,Wales,Sligo Rovers,Republic of Ireland 1 - Premier Division,Centre Back,Defence,22.0,1439.0,44.1,44.6,44.5,52.6
194190,25016,2688.0,O. Ekroth,Sweden,Víkingur Reykjavík,Iceland 1 - Besta deild,Centre Back,Defence,33.0,1887.0,50.1,50.8,50.4,45.7
37691888,24942,910.0,O. Elding,England,Sligo Rovers,Republic of Ireland 1 - Premier Division,Centre Forward,Attack,18.0,3075.0,47.2,47.0,47.0,44.5
26690058,24943,443.0,O. Fallenius,Sweden,Djurgården,Sweden 1 - Allsvenskan,Right Wing,Attack,23.0,947.0,47.9,47.9,46.8,46.8
37407423,24943,2753.0,O. Faraj,Sweden,Degerfors,Sweden 1 - Allsvenskan,Centre Forward,Attack,23.0,1068.0,50.3,50.1,50.7,47.5
7694298,25177,3546.0,O. Galo Calderón,Costa Rica,Riga,Latvia 1 - Virsliga,Defensive Midfield,Midfield,24.0,2182.0,49.6,49.4,50.4,44.7
35719439,25016,853.0,O. Heidarsson,Iceland,ÍBV,Iceland 1 - Besta deild,Right Wing,Attack,24.0,1593.0,50.5,51.2,50.1,38.7
16136389,25069,1840.0,O. Jakonen,Finland,VPS,Finland 1 - Veikkausliiga,Centre Forward,Attack,24.0,976.0,44.6,44.8,44.3,46.9
37509545,25069,2617.0,O. Jukkola,Finland,Ilves,Finland 1 - Veikkausliiga,Left Wing,Attack,22.0,2182.0,50.7,51.7,51.8,54.8
2823500,24943,2678.0,O. Krusnell,Sweden,Sirius,Sweden 1 - Allsvenskan,Left Back,Defence,26.0,1114.0,52.3,51.5,51.9,49.9
2823500,24971,270.0,O. Krusnell,Sweden,Haugesund,Norway 1 - Eliteserien,Left Back,Defence,26.0,1041.0,49.4,48.6,47.8,47.5
37568635,24942,1152.0,O. Lambe,United States,Drogheda United,Republic of Ireland 1 - Premier Division,Right Back,Defence,24.0,2908.0,45.6,44.4,45.1,38.4
37547394,24943,6607.0,O. Liimatta,Finland,Värnamo,Sweden 1 - Allsvenskan,Attacking Midfield,Midfield,20.0,912.0,48.6,47.8,47.9,49.5
37396533,25177,11230.0,O. Ogunji,Nigeria,Auda,Latvia 1 - Virsliga,Right Back,Defence,24.0,1607.0,50.7,52.7,53.8,47.3
37555865,25177,11230.0,O. Ogunniyi,Nigeria,Auda,Latvia 1 - Virsliga,Right Wing,Attack,23.0,1460.0,47.9,49.5,49.3,51.5
37509377,25069,9036.0,O. Pettersson,Finland,Gnistan,Finland 1 - Veikkausliiga,Centre Back,Defence,21.0,1793.0,43.7,42.8,41.4,37.9
37344022,25177,27467.0,O. Raščevskis,Latvia,Grobiņa,Latvia 1 - Virsliga,Right Wing,Attack,22.0,2684.0,45.9,47.2,46.4,46.4
37608175,24943,354.0,O. Rosengren,Sweden,Malmö FF,Sweden 1 - Allsvenskan,Central Midfield,Midfield,21.0,2130.0,52.7,52.3,52.0,52.2
137694,25177,11230.0,O. Rubenis,Latvia,Auda,Latvia 1 - Virsliga,Left Wing,Attack,26.0,1300.0,49.1,48.9,48.4,45.2
37575295,25069,4323.0,O. Ruoppi,Finland,KuPS,Finland 1 - Veikkausliiga,Attacking Midfield,Midfield,19.0,2384.0,49.3,48.6,50.1,45.5
465020,25069,7828.0,O. Sallinen,Finland,Haka,Finland 1 - Veikkausliiga,Attacking Midfield,Midfield,23.0,1008.0,40.8,43.2,41.0,48.3
96640,24971,1335.0,O. Selnæs,Norway,Rosenborg,Norway 1 - Eliteserien,Defensive Midfield,Midfield,30.0,1826.0,55.5,55.9,54.5,60.7
23310979,25016,1268.0,O. Stefánsson,Iceland,ÍA,Iceland 1 - Besta deild,Centre Back,Defence,22.0,1146.0,43.6,43.6,43.4,38.0
23715932,24943,2876.0,O. Uddenäs,Sweden,Öster,Sweden 1 - Allsvenskan,Right Wing,Attack,22.0,1121.0,45.5,45.9,46.3,47.8
37451196,25177,261064.0,O. Ullman,Czech Republic,FS Jelgava,Latvia 1 - Virsliga,Right Back,Defence,24.0,2761.0,50.9,51.6,52.8,48.1
24817160,25177,6142.0,O. Vientiess,Latvia,Liepāja,Latvia 1 - Virsliga,Centre Back,Defence,22.0,1016.0,47.2,47.5,48.8,44.6
24817160,25177,8889.0,O. Vientiess,Latvia,Tukums,Latvia 1 - Virsliga,Centre Back,Defence,22.0,1170.0,48.9,50.0,50.2,37.7
37586360,25069,826.0,O. Väistö,Finland,SJK,Finland 1 - Veikkausliiga,Centre Back,Defence,19.0,1607.0,46.0,46.1,45.8,43.0
37620534,25177,234431.0,O. Williams,England,FC Daugavpils,Latvia 1 - Virsliga,Centre Back,Defence,24.0,2183.0,47.1,47.1,48.8,50.8
23697866,24943,3285.0,O. Zandén,Sweden,Brommapojkarna,Sweden 1 - Allsvenskan,Left Back,Defence,23.0,2157.0,49.3,48.7,49.1,53.8
37614783,24943,1777.0,O. Ågren,Sweden,GAIS,Sweden 1 - Allsvenskan,Centre Back,Defence,26.0,2129.0,49.7,50.3,50.5,45.6
84398,25016,2929.0,O. Ómarsson,Iceland,Valur,Iceland 1 - Besta deild,Centre Back,Defence,30.0,1958.0,47.6,47.5,46.3,41.0
37430897,24943,2353.0,P. Abraham,Sweden,Hammarby,Sweden 1 - Allsvenskan,Centre Forward,Attack,22.0,1782.0,49.7,49.7,50.2,47.2
30446971,25069,1840.0,P. Ahiabu,Ghana,VPS,Finland 1 - Veikkausliiga,Defensive Midfield,Midfield,25.0,2201.0,44.1,43.1,45.2,48.2
5270496,25069,1840.0,P. Almeida Gomes,Guinea-Bissau,VPS,Finland 1 - Veikkausliiga,Centre Back,Defence,24.0,1322.0,43.8,43.5,44.2,50.1
11320,24942,1387.0,P. Amond,Republic of Ireland,Waterford United,Republic of Ireland 1 - Premier Division,Centre Forward,Attack,36.0,3307.0,43.0,42.8,43.6,42.4
37787101,24943,3285.0,P. Arrhov,Sweden,Brommapojkarna,Sweden 1 - Allsvenskan,Attacking Midfield,Midfield,16.0,1309.0,46.0,44.3,45.9,45.0
121748,24942,744.0,P. Barrett,Republic of Ireland,Shelbourne,Republic of Ireland 1 - Premier Division,Centre Back,Defence,31.0,1711.0,51.1,53.2,52.4,37.9
37597571,25177,27467.0,P. Bekili,Belgium,Grobiņa,Latvia 1 - Virsliga,Left Back,Defence,24.0,2015.0,44.1,44.6,45.2,44.4
151243,24971,1668.0,P. Berg,Norway,Bodø / Glimt,Norway 1 - Eliteserien,Defensive Midfield,Midfield,27.0,2291.0,54.0,53.1,53.3,52.1
29416281,24971,270.0,P. Bizoza,Burundi,Haugesund,Norway 1 - Eliteserien,Defensive Midfield,Midfield,26.0,2009.0,44.5,43.9,43.0,43.5
21781711,24971,321.0,P. Christiansen,Denmark,Viking,Norway 1 - Eliteserien,Centre Forward,Attack,25.0,2107.0,48.2,48.1,48.5,41.1
37527850,25177,11230.0,P. Ferreira Godinho,Brazil,Auda,Latvia 1 - Virsliga,Centre Back,Defence,23.0,1130.0,54.6,56.0,55.0,41.9
90775,25069,4486.0,P. Forsell,Finland,KTP,Finland 1 - Veikkausliiga,Attacking Midfield,Midfield,34.0,1853.0,49.6,49.3,49.8,36.4
37915480,25069,9036.0,P. Gnanou,Burkina Faso,Gnistan,Finland 1 - Veikkausliiga,Centre Back,Defence,20.0,2337.0,45.4,44.0,47.3,48.3
464014,24971,270.0,P. Hannola,Finland,Haugesund,Norway 1 - Eliteserien,Central Midfield,Midfield,23.0,1111.0,51.3,51.1,49.8,37.5
37643891,24942,312.0,P. Hickey,United States,Galway United,Republic of Ireland 1 - Premier Division,Centre Back,Defence,26.0,2790.0,41.6,40.9,37.8,51.9
6970,24943,354.0,P. Jansson,Sweden,Malmö FF,Sweden 1 - Allsvenskan,Centre Back,Defence,34.0,1495.0,45.4,44.0,46.0,63.2
37460646,25069,850.0,P. Lindgren,Sweden,Mariehamn,Finland 1 - Veikkausliiga,Centre Back,Defence,24.0,1697.0,42.2,42.2,42.7,35.8
79627,25177,6556.0,P. Mareš,Czech Republic,Rīgas FS,Latvia 1 - Virsliga,Left Back,Defence,34.0,2411.0,55.0,55.0,56.7,40.1
121786,24942,910.0,P. McClean,Northern Ireland,Sligo Rovers,Republic of Ireland 1 - Premier Division,Centre Back,Defence,28.0,1212.0,47.5,48.0,49.0,55.2
37702404,25069,724.0,P. Mentu,Finland,HJK,Finland 1 - Veikkausliiga,Central Midfield,Midfield,18.0,1927.0,53.5,54.0,54.2,48.1
785923,24971,1743.0,P. Metcalfe,Canada,Fredrikstad,Norway 1 - Eliteserien,Central Midfield,Midfield,26.0,1945.0,46.7,46.3,46.2,41.3
85298,25016,2929.0,P. Pedersen,Denmark,Valur,Iceland 1 - Besta deild,Centre Forward,Attack,33.0,1561.0,52.4,52.0,53.3,38.9
91372,25069,4323.0,P. Pennanen,Finland,KuPS,Finland 1 - Veikkausliiga,Central Midfield,Midfield,34.0,1869.0,48.3,47.9,48.0,39.0
20708339,24971,2601.0,P. Reinhardsen,Norway,Sarpsborg 08,Norway 1 - Eliteserien,Right Back,Defence,25.0,1022.0,49.2,49.4,51.6,49.7
151123,24971,502.0,P. Strand,Norway,Vålerenga,Norway 1 - Eliteserien,Central Midfield,Midfield,30.0,1484.0,47.8,47.7,47.8,46.2
1452319,24943,2353.0,P. Vagic,Sweden,Hammarby,Sweden 1 - Allsvenskan,Centre Back,Defence,25.0,2156.0,45.0,44.9,44.0,44.3
138684,25177,27467.0,R. Baravykas,Lithuania,Grobiņa,Latvia 1 - Virsliga,Right Back,Defence,29.0,1529.0,48.9,50.8,51.8,44.0
121111,24942,1097.0,R. Benson,Republic of Ireland,Derry City,Republic of Ireland 1 - Premier Division,Attacking Midfield,Midfield,32.0,1097.0,45.4,43.9,44.1,57.0
37579985,25177,261064.0,R. Bečers,Latvia,FS Jelgava,Latvia 1 - Virsliga,Right Wing,Attack,21.0,2312.0,44.1,45.4,44.5,38.1
37295886,24942,1097.0,R. Boyce,Republic of Ireland,Derry City,Republic of Ireland 1 - Premier Division,Right Back,Defence,23.0,2394.0,43.4,43.4,43.1,44.1
121275,24942,1152.0,R. Brennan,Republic of Ireland,Drogheda United,Republic of Ireland 1 - Premier Division,Central Midfield,Midfield,33.0,2668.0,40.9,41.1,41.1,49.4
37259099,24942,1387.0,R. Burke,Republic of Ireland,Waterford United,Republic of Ireland 1 - Premier Division,Left Back,Defence,24.0,2964.0,46.0,44.7,43.7,44.8
84306,24971,869.0,R. Corlu,Denmark,Kristiansund,Norway 1 - Eliteserien,Attacking Midfield,Midfield,27.0,1473.0,46.1,46.7,46.8,46.4
121309,24942,374.0,R. Cornwall,Republic of Ireland,Bohemians,Republic of Ireland 1 - Premier Division,Centre Back,Defence,30.0,1656.0,44.7,44.6,46.7,42.2
37781207,25177,151753.0,R. Deružinskis,Latvia,Super Nova,Latvia 1 - Virsliga,Centre Forward,Attack,20.0,932.0,43.5,43.1,43.4,46.8
461564,25177,27467.0,R. Džeriņš,Latvia,Grobiņa,Latvia 1 - Virsliga,Centre Back,Defence,27.0,1542.0,46.2,46.4,45.0,39.4
127926,25069,9036.0,R. Eremenko,Finland,Gnistan,Finland 1 - Veikkausliiga,Attacking Midfield,Midfield,38.0,1572.0,50.1,49.5,51.1,45.0
122501,24942,326.0,R. Feely,Republic of Ireland,Cork City,Republic of Ireland 1 - Premier Division,Right Back,Defence,28.0,1041.0,40.1,40.0,40.3,50.5
518776,24943,1777.0,R. Frej,Sweden,GAIS,Sweden 1 - Allsvenskan,Centre Back,Defence,26.0,2095.0,51.5,52.2,50.4,52.7
9537,24942,207.0,R. Gaffney,Republic of Ireland,Shamrock Rovers,Republic of Ireland 1 - Premier Division,Centre Forward,Attack,35.0,1178.0,49.2,49.2,49.7,43.2
37642169,25177,27467.0,R. Gaučis,Latvia,Grobiņa,Latvia 1 - Virsliga,Centre Forward,Attack,19.0,1191.0,43.9,44.0,43.9,49.0
120062,25016,7325.0,R. Gomez Mateo,Spain,KA Akureyri,Iceland 1 - Besta deild,Defensive Midfield,Midfield,36.0,1955.0,38.5,37.6,40.6,38.7
37250916,25016,5856.0,R. Hauksson,Iceland,Fram,Iceland 1 - Besta deild,Centre Forward,Attack,23.0,1389.0,40.4,40.7,39.6,45.6
15412894,24942,910.0,R. Hutchinson,England,Sligo Rovers,Republic of Ireland 1 - Premier Division,Left Back,Defence,24.0,1967.0,48.9,47.7,46.3,44.5
137348,25177,3546.0,R. Jurkovskis,Latvia,Riga,Latvia 1 - Virsliga,Right Back,Defence,28.0,2735.0,53.8,55.7,57.5,41.0
192045,24943,720.0,R. Kaib,Tunisia,Halmstad,Sweden 1 - Allsvenskan,Left Back,Defence,27.0,1095.0,52.0,52.0,54.6,38.8
93932,25069,826.0,R. Karjalainen,Finland,SJK,Finland 1 - Veikkausliiga,Centre Forward,Attack,29.0,1767.0,51.9,51.8,51.5,45.3
37743069,25177,11230.0,R. Kragliks,Latvia,Auda,Latvia 1 - Virsliga,Centre Back,Defence,21.0,1243.0,49.9,50.0,49.3,50.6
37527805,24971,869.0,R. Kristensen Alte,Norway,Kristiansund,Norway 1 - Eliteserien,Central Midfield,Midfield,25.0,1296.0,49.1,48.8,49.5,36.9
37731227,25177,7220.0,R. Kļavinskis,Latvia,Metta / LU,Latvia 1 - Virsliga,Attacking Midfield,Midfield,17.0,1406.0,46.7,45.4,48.8,48.7
120887,24942,207.0,R. Lopes,Cape Verde,Shamrock Rovers,Republic of Ireland 1 - Premier Division,Centre Back,Defence,32.0,2952.0,46.5,47.1,49.9,56.7
23278676,24942,1387.0,R. McDonald,England,Waterford United,Republic of Ireland 1 - Premier Division,Defensive Midfield,Midfield,23.0,1588.0,45.1,45.5,46.0,48.4
6139,24942,1260.0,R. McLaughlin,Northern Ireland,St Patrick's,Republic of Ireland 1 - Premier Division,Right Back,Defence,30.0,959.0,45.2,44.6,44.4,51.6
37750482,24943,6607.0,R. Mohammed,Ghana,Värnamo,Sweden 1 - Allsvenskan,Centre Back,Defence,19.0,1283.0,54.1,54.3,55.2,61.4
37445117,25177,151753.0,R. Nakamura,Japan,Super Nova,Latvia 1 - Virsliga,Central Midfield,Midfield,23.0,2460.0,50.4,51.1,51.6,45.8
37683782,24943,1777.0,R. Niklasson Johansson,Sweden,GAIS,Sweden 1 - Allsvenskan,Right Wing,Attack,21.0,1472.0,48.3,47.2,47.5,37.0
37537567,24971,7242.0,R. Norheim,Norway,Tromsø,Norway 1 - Eliteserien,Left Back,Defence,20.0,1320.0,49.9,51.3,51.5,43.1
37260519,24942,910.0,R. O'Kane,Republic of Ireland,Sligo Rovers,Republic of Ireland 1 - Premier Division,Left Wing,Attack,21.0,900.0,45.2,44.5,45.0,35.5
37531009,25177,3546.0,R. Ramires de Oliveira Albertino,Brazil,Riga,Latvia 1 - Virsliga,Centre Forward,Attack,23.0,2020.0,49.0,49.1,49.2,40.9
24817149,25177,8889.0,R. Reingolcs,Latvia,Tukums,Latvia 1 - Virsliga,Centre Back,Defence,22.0,2714.0,47.1,47.1,47.6,40.4
39468,25069,2617.0,R. Riski,Finland,Ilves,Finland 1 - Veikkausliiga,Centre Forward,Attack,33.0,1836.0,49.6,49.8,49.6,39.7
136294,25177,6556.0,R. Savaļnieks,Latvia,Rīgas FS,Latvia 1 - Virsliga,Right Back,Defence,32.0,2232.0,56.1,56.8,58.4,40.3
90686,24943,443.0,R. Schüller,Finland,Djurgården,Sweden 1 - Allsvenskan,Defensive Midfield,Midfield,33.0,1122.0,51.8,52.1,51.3,63.9
23287280,24971,1743.0,R. Shein,Estonia,Fredrikstad,Norway 1 - Eliteserien,Central Midfield,Midfield,21.0,1596.0,52.2,52.2,52.6,55.1
25069,25016,1268.0,R. Sigurjónsson,Iceland,ÍA,Iceland 1 - Besta deild,Central Midfield,Midfield,34.0,2022.0,49.6,49.9,49.9,46.0
137797,25177,234431.0,R. Skrebels,Latvia,FC Daugavpils,Latvia 1 - Virsliga,Central Midfield,Midfield,25.0,2382.0,43.2,42.9,43.0,40.5
14358061,24942,312.0,R. Slevin,Republic of Ireland,Galway United,Republic of Ireland 1 - Premier Division,Centre Back,Defence,26.0,3003.0,42.1,42.3,41.7,52.1
23698092,24942,374.0,R. Tierney,Republic of Ireland,Bohemians,Republic of Ireland 1 - Premier Division,Central Midfield,Midfield,23.0,2929.0,40.6,40.2,41.3,43.8
784809,25177,11230.0,R. Varslavāns,Latvia,Auda,Latvia 1 - Virsliga,Attacking Midfield,Midfield,23.0,1919.0,50.1,52.1,51.4,50.8
8417178,25177,261064.0,R. Veips,Latvia,FS Jelgava,Latvia 1 - Virsliga,Centre Back,Defence,25.0,1576.0,47.6,48.7,48.2,42.3
27441103,24943,1226.0,R. Wikström,Sweden,Elfsborg,Sweden 1 - Allsvenskan,Centre Back,Defence,24.0,2175.0,50.9,50.6,49.5,51.3
25897,24971,7242.0,R. Yttergård Jenssen,Norway,Tromsø,Norway 1 - Eliteserien,Central Midfield,Midfield,36.0,2700.0,52.0,51.3,50.4,39.5
24817157,25177,151753.0,R. Zeņģis,Latvia,Super Nova,Latvia 1 - Virsliga,Left Back,Defence,22.0,1154.0,46.0,47.5,48.0,48.8
37704500,25177,11230.0,R. da Silva Pontelo,Brazil,Auda,Latvia 1 - Virsliga,Centre Back,Defence,22.0,1322.0,50.9,51.5,50.7,46.3
14011789,25177,8889.0,R. Ķiršs,Latvia,Tukums,Latvia 1 - Virsliga,Left Wing,Attack,25.0,1530.0,46.4,47.3,47.3,52.3
37579996,25177,151753.0,R. Šitjakovs,Latvia,Super Nova,Latvia 1 - Virsliga,Central Midfield,Midfield,20.0,1565.0,43.2,42.8,43.9,37.9
37560659,24943,532.0,S. Alioum Moubarak,Cameroon,IFK Göteborg,Sweden 1 - Allsvenskan,Right Wing,Attack,21.0,1064.0,48.5,47.7,48.0,47.0
37459086,24943,2535.0,S. Andersen,Denmark,Häcken,Sweden 1 - Allsvenskan,Defensive Midfield,Midfield,20.0,2183.0,52.9,53.4,54.2,63.3
15160817,24971,8775.0,S. Bojadzic,Norway,Bryne,Norway 1 - Eliteserien,Centre Forward,Attack,26.0,1418.0,48.2,48.2,48.8,48.8
786289,24942,744.0,S. Bone,England,Shelbourne,Republic of Ireland 1 - Premier Division,Centre Back,Defence,27.0,1087.0,46.4,46.7,46.5,48.0
122612,24942,744.0,S. Boyd,Republic of Ireland,Shelbourne,Republic of Ireland 1 - Premier Division,Centre Forward,Attack,26.0,1106.0,44.4,44.8,43.9,57.0
151532,24971,1668.0,S. Brunstad Fet,Norway,Bodø / Glimt,Norway 1 - Eliteserien,Central Midfield,Midfield,28.0,959.0,46.9,46.3,47.2,56.6
1056,25016,8680.0,S. Caulker,Sierra Leone,Stjarnan,Iceland 1 - Besta deild,Centre Back,Defence,33.0,990.0,44.1,43.8,43.8,46.5
21762174,24971,2601.0,S. Christiansen,Norway,Sarpsborg 08,Norway 1 - Eliteserien,Central Midfield,Midfield,23.0,1978.0,47.1,46.7,46.5,47.2
37324950,25069,826.0,S. Chukwudi,Faroe Islands,SJK,Finland 1 - Veikkausliiga,Centre Back,Defence,21.0,1801.0,47.7,46.8,47.3,49.3
92192,25069,850.0,S. Dahlström,Finland,Mariehamn,Finland 1 - Veikkausliiga,Central Midfield,Midfield,28.0,2009.0,43.7,43.5,44.3,39.1
538022,24942,1097.0,S. Diallo,England,Derry City,Republic of Ireland 1 - Premier Division,Defensive Midfield,Midfield,25.0,1588.0,51.8,53.1,52.0,45.4
37532507,24971,270.0,S. Diarra,Mali,Haugesund,Norway 1 - Eliteserien,Centre Forward,Attack,25.0,1509.0,47.9,47.9,47.3,48.7
37579294,25016,2688.0,S. Diljan Þórðarson,Iceland,Víkingur Reykjavík,Iceland 1 - Besta deild,Left Wing,Attack,19.0,929.0,48.6,48.7,48.4,48.9
91879,25069,7566.0,S. Eremenko,Finland,Jaro,Finland 1 - Veikkausliiga,Central Midfield,Midfield,26.0,2207.0,48.5,48.5,48.6,42.3
120251,25016,8503.0,S. Fall,Senegal,Vestri,Iceland 1 - Besta deild,Right Midfield,Midfield,31.0,960.0,43.4,42.0,44.1,47.9
12789367,24942,1152.0,S. Farrell,Republic of Ireland,Drogheda United,Republic of Ireland 1 - Premier Division,Central Midfield,Midfield,24.0,1910.0,37.9,37.7,41.3,48.5
118581,25016,8680.0,S. Friðjónsson,Iceland,Stjarnan,Iceland 1 - Besta deild,Central Midfield,Midfield,29.0,1923.0,50.8,51.1,50.9,53.3
120957,24942,744.0,S. Gannon,Republic of Ireland,Shelbourne,Republic of Ireland 1 - Premier Division,Right Back,Defence,33.0,1556.0,46.4,45.6,45.2,47.9
37692636,25069,826.0,S. Giabo Yussif,Ghana,SJK,Finland 1 - Veikkausliiga,Right Back,Defence,22.0,1989.0,50.5,51.8,50.2,56.3
37543256,24942,1387.0,S. Glenfield,Northern Ireland,Waterford United,Republic of Ireland 1 - Premier Division,Central Midfield,Midfield,19.0,1726.0,43.6,43.8,44.3,52.9
37640109,24971,290.0,S. Granaas,Norway,Molde,Norway 1 - Eliteserien,Central Midfield,Midfield,18.0,913.0,45.1,44.8,45.2,48.3
37569718,24942,374.0,S. Grehan,Republic of Ireland,Bohemians,Republic of Ireland 1 - Premier Division,Centre Back,Defence,21.0,1574.0,51.9,53.9,52.2,43.1
25578,24943,2535.0,S. Gustafson,Sweden,Häcken,Sweden 1 - Allsvenskan,Attacking Midfield,Midfield,30.0,1856.0,51.5,54.4,50.2,59.1
37679601,24971,11914.0,S. Hakami Sandal,Norway,KFUM,Norway 1 - Eliteserien,Central Midfield,Midfield,21.0,2177.0,51.4,51.7,50.9,56.0
191107,24943,354.0,S. Haksabanovic,Montenegro,Malmö FF,Sweden 1 - Allsvenskan,Left Wing,Attack,25.0,1409.0,50.0,50.6,50.2,51.2
528041,25016,10420.0,S. Hallsson,Iceland,FH,Iceland 1 - Besta deild,Centre Forward,Attack,25.0,2006.0,48.8,48.2,49.8,50.8
35718,24943,1226.0,S. Hedlund,Sweden,Elfsborg,Sweden 1 - Allsvenskan,Right Back,Defence,32.0,2335.0,46.7,46.8,47.6,39.0
464833,25069,9036.0,S. Heiskanen,Finland,Gnistan,Finland 1 - Veikkausliiga,Right Back,Defence,23.0,2143.0,54.5,56.3,57.5,33.8
37692747,24971,869.0,S. Hestetun Kilen,Norway,Kristiansund,Norway 1 - Eliteserien,Left Wing,Attack,19.0,2072.0,45.4,45.6,46.0,42.8
37260534,24971,11914.0,S. Hestnes,Norway,KFUM,Norway 1 - Eliteserien,Central Midfield,Midfield,29.0,2261.0,49.1,49.3,48.7,44.4
36481011,25016,853.0,S. Hjaltested,Iceland,ÍBV,Iceland 1 - Besta deild,Centre Forward,Attack,24.0,1385.0,45.9,45.5,46.2,43.1
121543,24942,1260.0,S. Hoare,Republic of Ireland,St Patrick's,Republic of Ireland 1 - Premier Division,Centre Back,Defence,30.0,1093.0,45.8,46.5,50.1,50.4
193048,24943,2535.0,S. Holm,Sweden,Häcken,Sweden 1 - Allsvenskan,Central Midfield,Midfield,27.0,1753.0,56.0,55.8,54.6,48.6
170529,24943,1226.0,S. Holmén,Sweden,Elfsborg,Sweden 1 - Allsvenskan,Centre Back,Defence,32.0,1211.0,50.6,50.9,51.0,44.8
92361,25069,724.0,S. Hostikka,Finland,HJK,Finland 1 - Veikkausliiga,Left Wing,Attack,27.0,2193.0,55.8,56.6,57.2,56.0
37625440,24971,270.0,S. Håvik Innvær,Norway,Haugesund,Norway 1 - Eliteserien,Left Back,Defence,20.0,1004.0,45.4,47.4,48.1,39.4
527451,25016,8680.0,S. Ingimarsson,Iceland,Stjarnan,Iceland 1 - Besta deild,Centre Back,Defence,26.0,1792.0,51.2,52.2,50.9,38.9
37325025,24943,532.0,S. Jagne,Sweden,IFK Göteborg,Sweden 1 - Allsvenskan,Central Midfield,Midfield,21.0,1168.0,46.2,46.9,47.3,45.1
1497505,24971,502.0,S. Jarl,Norway,Vålerenga,Norway 1 - Eliteserien,Centre Back,Defence,25.0,1378.0,53.1,53.7,54.3,40.9
37634431,25177,11230.0,S. Jeudy,Haiti,Auda,Latvia 1 - Virsliga,Centre Forward,Attack,20.0,1426.0,47.9,47.9,47.4,44.0
21762796,24943,3603.0,S. Jørgensen,Denmark,Norrköping,Sweden 1 - Allsvenskan,Right Wing,Attack,24.0,914.0,48.6,48.0,49.8,43.9
37707615,24971,290.0,S. Kabini,South Africa,Molde,Norway 1 - Eliteserien,Left Back,Defence,21.0,1505.0,48.8,49.2,49.2,58.1
37684943,24971,617.0,S. Kristiansen,Norway,Sandefjord,Norway 1 - Eliteserien,Centre Back,Defence,26.0,2566.0,51.7,52.5,53.6,48.9
37576138,24971,321.0,S. Kvia-Egeskog,Norway,Viking,Norway 1 - Eliteserien,Central Midfield,Midfield,21.0,1173.0,48.7,48.7,49.4,45.3
3533845,25069,7828.0,S. Lindholm,Finland,Haka,Finland 1 - Veikkausliiga,Central Midfield,Midfield,23.0,1825.0,42.4,42.8,43.4,41.2
118098,25016,2929.0,S. Lárusson,Iceland,Valur,Iceland 1 - Besta deild,Left Wing,Attack,33.0,983.0,42.8,42.9,41.9,54.1
119557,25016,853.0,S. Magnússon,Iceland,ÍBV,Iceland 1 - Besta deild,Centre Back,Defence,25.0,2097.0,44.3,43.8,44.6,42.7
12404,24942,326.0,S. Maguire,Republic of Ireland,Cork City,Republic of Ireland 1 - Premier Division,Centre Forward,Attack,30.0,1611.0,43.2,42.8,43.2,42.8
190407,24943,3285.0,S. Martinsson-Ngouali,Gabon,Brommapojkarna,Sweden 1 - Allsvenskan,Defensive Midfield,Midfield,33.0,1501.0,48.7,49.4,46.0,47.4
37535531,25069,4323.0,S. Miettinen,Finland,KuPS,Finland 1 - Veikkausliiga,Centre Back,Defence,20.0,1671.0,49.9,50.8,49.0,43.9
369090,24971,1743.0,S. Molde,Norway,Fredrikstad,Norway 1 - Eliteserien,Left Back,Defence,28.0,1861.0,45.2,44.8,44.4,41.4
37685614,25177,234431.0,S. Murakami,Japan,FC Daugavpils,Latvia 1 - Virsliga,Right Back,Defence,24.0,1024.0,44.4,46.8,50.2,35.7
2562,24942,326.0,S. Murray,Republic of Ireland,Cork City,Republic of Ireland 1 - Premier Division,Central Midfield,Midfield,31.0,1978.0,43.2,43.6,43.1,48.8
23661271,24971,617.0,S. Mørk,Norway,Sandefjord,Norway 1 - Eliteserien,Defensive Midfield,Midfield,24.0,1421.0,44.0,42.6,43.7,37.4
1493359,24971,8661.0,S. Nilsen,Norway,HamKam,Norway 1 - Eliteserien,Centre Back,Defence,28.0,1466.0,46.7,45.9,43.4,44.3
37707016,24943,2535.0,S. Nioule,Ivory Coast,Häcken,Sweden 1 - Allsvenskan,Left Wing,Attack,20.0,1164.0,49.0,49.1,49.3,49.8
191137,24943,2753.0,S. Ohlsson,Sweden,Degerfors,Sweden 1 - Allsvenskan,Centre Back,Defence,32.0,1181.0,50.9,51.3,51.2,43.8
191197,24943,2753.0,S. Ohlsson,Sweden,Degerfors,Sweden 1 - Allsvenskan,Right Midfield,Midfield,31.0,2047.0,42.2,42.8,42.0,51.4
192278,24943,1226.0,S. Olsson,Sweden,Elfsborg,Sweden 1 - Allsvenskan,Central Midfield,Midfield,27.0,1705.0,53.1,54.2,54.4,47.1
177917,25177,6556.0,S. Panić,Serbia,Rīgas FS,Latvia 1 - Virsliga,Defensive Midfield,Midfield,32.0,2950.0,57.1,58.0,56.6,55.4
110003,24943,2825.0,S. Papagiannopoulos,Sweden,AIK,Sweden 1 - Allsvenskan,Centre Back,Defence,34.0,2431.0,47.2,47.5,48.2,50.8
30701,24943,2353.0,S. Pinas,Suriname,Hammarby,Sweden 1 - Allsvenskan,Centre Back,Defence,27.0,1692.0,59.9,62.2,56.0,50.5
786223,24942,1260.0,S. Power,Republic of Ireland,St Patrick's,Republic of Ireland 1 - Premier Division,Right Midfield,Midfield,26.0,1568.0,46.9,45.1,47.0,43.3
28912857,24942,910.0,S. Quirk,England,Sligo Rovers,Republic of Ireland 1 - Premier Division,Left Back,Defence,23.0,917.0,43.9,43.3,42.6,52.0
528043,25016,5856.0,S. Rúnarsson,Iceland,Fram,Iceland 1 - Besta deild,Centre Back,Defence,24.0,2230.0,42.2,41.0,41.4,41.0
37920613,25177,7220.0,S. Saleh,Nigeria,Metta / LU,Latvia 1 - Virsliga,Centre Forward,Attack,18.0,1621.0,43.3,43.5,43.6,46.4
71124,24943,2678.0,S. Sandberg,Sweden,Sirius,Sweden 1 - Allsvenskan,Centre Back,Defence,31.0,1932.0,48.4,48.1,49.9,39.0
91818,25069,4323.0,S. Savolainen,Finland,KuPS,Finland 1 - Veikkausliiga,Right Wing,Attack,28.0,1864.0,45.7,45.6,44.6,54.1
6306087,24971,617.0,S. Sigurdarson,Iceland,Sandefjord,Norway 1 - Eliteserien,Centre Forward,Attack,24.0,2038.0,47.5,47.3,47.9,48.8
37629709,25069,5696.0,S. Silander,Finland,Oulu,Finland 1 - Veikkausliiga,Right Back,Defence,20.0,1029.0,40.5,41.9,44.0,45.6
151210,24971,321.0,S. Svendsen,Norway,Viking,Norway 1 - Eliteserien,Left Wing,Attack,27.0,1332.0,47.6,46.6,46.6,43.0
153021,24971,2601.0,S. Sørli,Norway,Sarpsborg 08,Norway 1 - Eliteserien,Right Wing,Attack,29.0,1167.0,48.6,47.9,48.8,48.5
154892,24971,1743.0,S. Sørløkk,Norway,Fredrikstad,Norway 1 - Eliteserien,Left Back,Defence,27.0,1739.0,42.7,43.2,43.1,48.2
25108,24943,6607.0,S. Thern,Sweden,Värnamo,Sweden 1 - Allsvenskan,Central Midfield,Midfield,32.0,1474.0,51.2,51.7,51.8,44.0
25521,25016,5856.0,S. Tibbling,Sweden,Fram,Iceland 1 - Besta deild,Central Midfield,Midfield,30.0,2298.0,52.8,53.7,53.2,42.8
786371,24942,1097.0,S. Todd,Republic of Ireland,Derry City,Republic of Ireland 1 - Premier Division,Centre Back,Defence,26.0,2158.0,49.2,49.7,46.6,51.9
15169863,24943,2353.0,S. Tounekti,Tunisia,Hammarby,Sweden 1 - Allsvenskan,Left Wing,Attack,22.0,1623.0,50.7,49.8,50.5,44.1
91682,25069,2617.0,S. Väisänen,Finland,Ilves,Finland 1 - Veikkausliiga,Centre Back,Defence,30.0,2542.0,49.3,50.6,49.7,48.1
11346988,24971,1335.0,S. Väänänen,Finland,Rosenborg,Norway 1 - Eliteserien,Defensive Midfield,Midfield,23.0,1573.0,44.9,44.0,43.8,49.9
120779,24942,312.0,S. Walsh,Republic of Ireland,Galway United,Republic of Ireland 1 - Premier Division,Centre Forward,Attack,34.0,1866.0,42.5,42.8,42.5,46.3
37616665,24971,2601.0,S. Ørjasæter,Norway,Sarpsborg 08,Norway 1 - Eliteserien,Left Wing,Attack,21.0,1249.0,49.6,49.3,49.9,43.4
37623997,25016,2688.0,S. Þorkelsson,Iceland,Víkingur Reykjavík,Iceland 1 - Besta deild,Centre Back,Defence,21.0,1145.0,52.1,51.4,50.8,50.4
37251788,24943,354.0,T. Ali,Sweden,Malmö FF,Sweden 1 - Allsvenskan,Left Wing,Attack,26.0,1535.0,49.9,50.3,50.1,47.2
23698073,24943,2678.0,T. Anker,Denmark,Sirius,Sweden 1 - Allsvenskan,Centre Back,Defence,24.0,2520.0,47.6,47.8,46.6,52.0
37598783,24943,2825.0,T. Ayari,Sweden,AIK,Sweden 1 - Allsvenskan,Left Wing,Attack,19.0,967.0,46.6,47.7,45.7,58.1
37632369,24943,443.0,T. Bergvall,Sweden,Djurgården,Sweden 1 - Allsvenskan,Right Back,Defence,20.0,1560.0,50.7,50.8,49.3,54.1
2510268,24943,532.0,T. Christensen,Denmark,IFK Göteborg,Sweden 1 - Allsvenskan,Right Back,Defence,26.0,1786.0,44.8,45.0,45.0,49.2
37575276,24971,2601.0,T. Degaulle,Nigeria,Sarpsborg 08,Norway 1 - Eliteserien,Centre Back,Defence,25.0,1439.0,56.8,58.9,53.8,53.5
28669,25069,1840.0,T. Dekker,Netherlands,VPS,Finland 1 - Veikkausliiga,Right Back,Defence,27.0,1379.0,45.8,49.1,50.3,48.4
37920608,25177,234431.0,T. Diakité,Republic of Ireland,FC Daugavpils,Latvia 1 - Virsliga,Central Midfield,Midfield,19.0,1779.0,45.4,46.1,46.1,50.8
37663603,24971,270.0,T. Engseth Nyhammer,Norway,Haugesund,Norway 1 - Eliteserien,Attacking Midfield,Midfield,18.0,1361.0,44.2,44.0,44.4,46.8
3169824,24942,1260.0,T. Grivosti,England,St Patrick's,Republic of Ireland 1 - Premier Division,Centre Back,Defence,25.0,1615.0,47.3,47.9,50.7,45.3
37315654,24943,443.0,T. Gulliksen,Norway,Djurgården,Sweden 1 - Allsvenskan,Attacking Midfield,Midfield,21.0,1376.0,52.0,50.0,51.1,46.7
537451,24971,11914.0,T. Haltvik,Norway,KFUM,Norway 1 - Eliteserien,Left Wing,Attack,24.0,1019.0,46.5,47.3,47.2,50.4
118933,25016,2929.0,T. Haraldsson,Iceland,Valur,Iceland 1 - Besta deild,Left Wing,Attack,28.0,1987.0,54.3,53.1,53.6,35.7
151719,24943,532.0,T. Heintz,Norway,IFK Göteborg,Sweden 1 - Allsvenskan,Left Wing,Attack,26.0,2534.0,51.8,51.7,51.3,46.1
23707305,25177,11230.0,T. Hrvoj,Croatia,Auda,Latvia 1 - Virsliga,Right Back,Defence,23.0,1644.0,52.0,53.9,54.3,44.3
37509553,25069,2617.0,T. Hytönen,Finland,Ilves,Finland 1 - Veikkausliiga,Centre Forward,Attack,22.0,915.0,47.0,46.6,46.7,48.0
37429243,25016,2688.0,T. Ibrahimagic,Denmark,Víkingur Reykjavík,Iceland 1 - Besta deild,Central Midfield,Midfield,24.0,1435.0,51.6,52.0,51.8,47.0
33562821,25069,5696.0,T. Kaukua,Finland,Oulu,Finland 1 - Veikkausliiga,Right Wing,Attack,24.0,1685.0,48.3,48.8,48.3,46.4
37634919,25177,6142.0,T. Konde Samba,Switzerland,Liepāja,Latvia 1 - Virsliga,Left Wing,Attack,22.0,1087.0,56.9,57.2,55.9,55.1
37569702,24971,7242.0,T. Kvalvågnes Guddal,Norway,Tromsø,Norway 1 - Eliteserien,Centre Back,Defence,22.0,2587.0,52.5,54.1,51.9,57.1
37573979,24942,1387.0,T. Lonergan	,Republic of Ireland,Waterford United,Republic of Ireland 1 - Premier Division,Centre Forward,Attack,21.0,2536.0,43.4,43.2,43.7,44.8
91921,25069,2617.0,T. Miettunen,Finland,Ilves,Finland 1 - Veikkausliiga,Centre Back,Defence,29.0,2003.0,50.1,51.1,49.5,39.0
21782251,24971,1335.0,T. Nemčík,Slovakia,Rosenborg,Norway 1 - Eliteserien,Centre Back,Defence,23.0,1967.0,55.9,58.1,55.5,47.3
150832,24943,443.0,T. Nguen,Norway,Djurgården,Sweden 1 - Allsvenskan,Centre Forward,Attack,31.0,2107.0,50.8,51.1,50.7,44.8
32795621,24942,1152.0,T. Oluwya,Republic of Ireland,Drogheda United,Republic of Ireland 1 - Premier Division,Centre Forward,Attack,24.0,1672.0,40.4,40.2,40.9,44.7
37570968,25016,10420.0,T. Orri Robertsson,Iceland,FH,Iceland 1 - Besta deild,Central Midfield,Midfield,20.0,1988.0,46.3,46.6,46.5,52.2
152778,24971,2474.0,T. Pedersen,Norway,Brann,Norway 1 - Eliteserien,Centre Back,Defence,28.0,1532.0,57.2,57.9,52.8,52.4
62303,24943,411.0,T. Pettersson,Sweden,Mjällby,Sweden 1 - Allsvenskan,Centre Back,Defence,35.0,1620.0,48.5,47.2,48.7,50.0
193941,24943,2825.0,T. Poppler-Isherwood,Sweden,AIK,Sweden 1 - Allsvenskan,Centre Back,Defence,27.0,2263.0,44.3,43.2,44.9,47.9
23715946,24943,3603.0,T. Prica,Sweden,Norrköping,Sweden 1 - Allsvenskan,Centre Forward,Attack,22.0,1009.0,47.3,47.6,46.4,46.8
31433,25069,724.0,T. Pukki,Finland,HJK,Finland 1 - Veikkausliiga,Centre Forward,Attack,35.0,2075.0,53.8,54.3,54.6,40.2
16146424,24943,1226.0,T. Silverholt,Sweden,Elfsborg,Sweden 1 - Allsvenskan,Centre Forward,Attack,23.0,1531.0,46.8,47.4,45.9,41.7
432151,24943,411.0,T. Stavitski,Finland,Mjällby,Sweden 1 - Allsvenskan,Right Wing,Attack,25.0,967.0,48.6,48.0,47.8,54.2
1497104,24971,8661.0,T. Sørås,Norway,HamKam,Norway 1 - Eliteserien,Central Midfield,Midfield,26.0,1911.0,48.2,48.0,47.1,53.4
191093,24943,2353.0,T. Tekie,Sweden,Hammarby,Sweden 1 - Allsvenskan,Central Midfield,Midfield,27.0,2207.0,51.7,51.9,50.6,50.0
161131,25016,8503.0,T. Theophilus Phete,South Africa,Vestri,Iceland 1 - Besta deild,Defensive Midfield,Midfield,31.0,1282.0,39.1,37.6,40.8,45.6
83799,25016,6913.0,T. Thomsen,Denmark,Breidablik,Iceland 1 - Besta deild,Centre Forward,Attack,32.0,1791.0,46.8,46.4,46.6,44.5
3861601,25016,8680.0,T. Thórisson,Iceland,Stjarnan,Iceland 1 - Besta deild,Right Back,Defence,25.0,933.0,47.2,48.2,48.7,48.8
457608,24943,2876.0,T. Varmanen,Finland,Öster,Sweden 1 - Allsvenskan,Right Back,Defence,26.0,2073.0,45.9,45.0,45.5,38.2
36414,25069,9036.0,T. Väyrynen,Finland,Gnistan,Finland 1 - Veikkausliiga,Centre Forward,Attack,32.0,2192.0,45.4,45.5,45.6,49.1
37627677,24943,1226.0,T. Yegbe,Ghana,Elfsborg,Sweden 1 - Allsvenskan,Centre Back,Defence,24.0,1502.0,52.5,53.7,51.5,49.6
467029,24971,1743.0,U. Fredriksen,Norway,Fredrikstad,Norway 1 - Eliteserien,Centre Back,Defence,25.0,2678.0,48.2,48.2,49.1,48.5
15169841,24971,2474.0,U. Mathisen,Norway,Brann,Norway 1 - Eliteserien,Right Wing,Attack,26.0,1417.0,47.3,46.7,46.4,50.4
151192,24971,1668.0,U. Saltnes,Norway,Bodø / Glimt,Norway 1 - Eliteserien,Central Midfield,Midfield,32.0,1610.0,47.4,46.8,48.3,45.8
152879,24971,1335.0,U. Yttergård Jenssen,Norway,Rosenborg,Norway 1 - Eliteserien,Left Back,Defence,28.0,1523.0,52.0,50.6,49.6,47.4
118977,25016,2688.0,V. Andrason,Iceland,Víkingur Reykjavík,Iceland 1 - Besta deild,Defensive Midfield,Midfield,25.0,1196.0,49.3,48.5,47.9,37.2
34972142,24942,312.0,V. Borden,United States,Galway United,Republic of Ireland 1 - Premier Division,Central Midfield,Midfield,25.0,1393.0,42.8,44.0,43.8,48.3
363904,25016,5856.0,V. Dimitrijevic,Iceland,Fram,Iceland 1 - Besta deild,Left Wing,Attack,24.0,1314.0,49.0,49.1,51.3,40.7
31570,24971,502.0,V. Eggen Hedenstad,Norway,Vålerenga,Norway 1 - Eliteserien,Right Back,Defence,33.0,1536.0,54.3,54.0,53.2,45.4
37924015,25177,261064.0,V. Eghomwarne Promise,Nigeria,FS Jelgava,Latvia 1 - Virsliga,Right Wing,Attack,18.0,1128.0,48.1,50.3,49.6,53.0
18236368,24943,2353.0,V. Eriksson,Sweden,Hammarby,Sweden 1 - Allsvenskan,Centre Back,Defence,24.0,2610.0,47.7,47.5,46.3,58.5
477002,24971,7242.0,V. Erlien,Norway,Tromsø,Norway 1 - Eliteserien,Centre Forward,Attack,26.0,2098.0,49.5,49.5,48.9,44.5
37569395,25069,826.0,V. Gasc,Argentina,SJK,Finland 1 - Veikkausliiga,Central Midfield,Midfield,24.0,2396.0,46.7,46.9,46.3,46.0
786595,24943,411.0,V. Gustafsson,Sweden,Mjällby,Sweden 1 - Allsvenskan,Defensive Midfield,Midfield,30.0,1988.0,46.9,46.5,44.2,39.8
37594780,24971,2601.0,V. Halvorsen,Norway,Sarpsborg 08,Norway 1 - Eliteserien,Central Midfield,Midfield,20.0,1451.0,45.5,44.7,45.1,46.7
119035,25016,2688.0,V. Ingimundarson,Iceland,Víkingur Reykjavík,Iceland 1 - Besta deild,Centre Forward,Attack,25.0,1901.0,51.9,51.9,51.5,44.2
136588,25177,6142.0,V. Isajevs,Latvia,Liepāja,Latvia 1 - Virsliga,Centre Back,Defence,31.0,1393.0,53.0,54.5,52.3,45.3
118718,24971,8661.0,V. Jonsson,Iceland,HamKam,Norway 1 - Eliteserien,Right Midfield,Midfield,31.0,1340.0,50.9,49.1,52.3,48.6
118283,25016,1268.0,V. Jónsson,Iceland,ÍA,Iceland 1 - Besta deild,Centre Forward,Attack,30.0,2244.0,44.8,44.8,45.1,49.5
37288042,24943,6607.0,V. Larsson,Sweden,Värnamo,Sweden 1 - Allsvenskan,Centre Back,Defence,24.0,1620.0,49.1,48.5,47.8,45.2
37325013,24943,3285.0,V. Lind,Denmark,Brommapojkarna,Sweden 1 - Allsvenskan,Left Wing,Attack,21.0,2118.0,48.8,48.3,49.7,50.1
37514174,25177,234431.0,V. Lizunovs,Latvia,FC Daugavpils,Latvia 1 - Virsliga,Right Wing,Attack,21.0,1827.0,43.9,43.8,44.0,42.9
118816,25016,6913.0,V. Margeirsson,Iceland,Breidablik,Iceland 1 - Besta deild,Centre Back,Defence,30.0,2340.0,47.0,47.7,47.5,39.7
37678458,24971,502.0,V. Nogueira de Oliveira,Brazil,Vålerenga,Norway 1 - Eliteserien,Left Back,Defence,23.0,2168.0,49.0,49.8,50.1,49.5
37615695,25069,7828.0,V. Purosalo,Finland,Haka,Finland 1 - Veikkausliiga,Right Back,Defence,19.0,1203.0,53.5,53.3,53.8,40.3
37642062,25177,261064.0,V. Purs,Latvia,FS Jelgava,Latvia 1 - Virsliga,Centre Back,Defence,19.0,1089.0,42.4,42.1,42.1,38.8
37418816,24971,7242.0,V. Skjærvik,Norway,Tromsø,Norway 1 - Eliteserien,Centre Back,Defence,24.0,2460.0,56.8,58.3,54.9,43.4
137509,25177,6142.0,V. Sorokins,Latvia,Liepāja,Latvia 1 - Virsliga,Right Back,Defence,27.0,3153.0,50.3,50.9,50.9,47.7
456198,25069,724.0,V. Tikkanen,Finland,HJK,Finland 1 - Veikkausliiga,Centre Back,Defence,25.0,2604.0,47.9,48.3,49.4,41.1
118882,25016,8503.0,V. Tufegdžić,Serbia,Vestri,Iceland 1 - Besta deild,Centre Forward,Attack,33.0,1837.0,42.0,41.8,41.4,41.9
16144495,25016,6913.0,V. Valgeirsson,Iceland,Breidablik,Iceland 1 - Besta deild,Right Back,Defence,22.0,2005.0,50.5,50.6,50.2,53.9
36480865,25016,853.0,V. Valor Martínez,Spain,ÍBV,Iceland 1 - Besta deild,Central Midfield,Midfield,,1773.0,50.1,51.1,52.0,44.0
37570167,24971,617.0,V. Walle Egeli,Norway,Sandefjord,Norway 1 - Eliteserien,Left Back,Defence,20.0,1154.0,49.1,50.8,50.7,49.1
37683421,24942,1152.0,W. Davis,Republic of Ireland,Drogheda United,Republic of Ireland 1 - Premier Division,Centre Forward,Attack,19.0,2128.0,44.0,44.1,44.6,48.5
7688269,24942,910.0,W. Fitzgerald,Republic of Ireland,Sligo Rovers,Republic of Ireland 1 - Premier Division,Left Wing,Attack,25.0,3222.0,45.2,44.9,42.8,42.3
37560941,25177,234431.0,W. Fofana,Gambia,FC Daugavpils,Latvia 1 - Virsliga,Attacking Midfield,Midfield,22.0,1881.0,47.9,48.5,48.4,47.0
600674,24943,720.0,W. Granath,Sweden,Halmstad,Sweden 1 - Allsvenskan,Right Midfield,Midfield,26.0,2578.0,48.9,48.9,48.4,59.2
37710213,24971,869.0,W. Igor,Nigeria,Kristiansund,Norway 1 - Eliteserien,Defensive Midfield,Midfield,20.0,2038.0,42.7,41.5,45.1,51.7
23715927,24943,1777.0,W. Milovanovic,Sweden,GAIS,Sweden 1 - Allsvenskan,Central Midfield,Midfield,22.0,1710.0,45.4,45.5,45.7,46.7
37573873,24943,3285.0,W. Odefalk,Sweden,Brommapojkarna,Sweden 1 - Allsvenskan,Attacking Midfield,Midfield,20.0,919.0,48.3,46.3,47.4,45.8
28931592,24943,1226.0,W. Oliveira do Nascimento,Brazil,Elfsborg,Sweden 1 - Allsvenskan,Central Midfield,Midfield,25.0,1042.0,49.6,50.0,50.2,46.9
37296701,25069,1840.0,Y. El Ouatki,France,VPS,Finland 1 - Veikkausliiga,Central Midfield,Midfield,26.0,2033.0,45.8,44.4,45.3,37.9
37539094,25177,6556.0,Y. Karashima,Japan,Rīgas FS,Latvia 1 - Virsliga,Defensive Midfield,Midfield,28.0,1141.0,53.6,53.8,53.5,43.5
37762049,25177,261064.0,Y. Muhammad,Nigeria,FS Jelgava,Latvia 1 - Virsliga,Left Back,Defence,20.0,1894.0,46.3,48.7,49.4,41.3
581096,24942,1260.0,Z. Elbouzedi,Republic of Ireland,St Patrick's,Republic of Ireland 1 - Premier Division,Right Wing,Attack,26.0,1890.0,45.1,44.4,44.8,37.5
37690276,24971,617.0,Z. Smajlovic,Sweden,Sandefjord,Norway 1 - Eliteserien,Centre Back,Defence,21.0,2274.0,52.5,53.0,54.7,50.9
35036,24971,321.0,Z. Tripić,Norway,Viking,Norway 1 - Eliteserien,Left Wing,Attack,32.0,1936.0,58.7,56.9,55.9,48.7
118995,25016,8503.0,Á. Hlynsson,Iceland,Vestri,Iceland 1 - Besta deild,Attacking Midfield,Midfield,25.0,1019.0,43.0,42.0,45.4,40.7
119699,25016,7325.0,Á. Sigurgeirsson,Iceland,KA Akureyri,Iceland 1 - Besta deild,Centre Forward,Attack,28.0,1635.0,44.4,45.2,44.0,39.7
118934,25016,8673.0,Á. Thórdarson,Iceland,KR Reykjavík,Iceland 1 - Besta deild,Right Back,Defence,25.0,1330.0,43.9,45.9,46.8,50.5
23680697,24943,3603.0,Í. Sigurgeirsson,Iceland,Norrköping,Sweden 1 - Allsvenskan,Left Wing,Attack,21.0,2571.0,46.4,45.7,45.3,49.3
120081,25016,7325.0,Í. Árnason,Iceland,KA Akureyri,Iceland 1 - Besta deild,Centre Back,Defence,28.0,2217.0,49.2,50.5,49.7,47.8
531942,25016,10420.0,Í. Ólafsson,Iceland,FH,Iceland 1 - Besta deild,Centre Back,Defence,24.0,1469.0,42.3,41.3,42.4,44.1
84399,25016,10443.0,Ó. Sigurjónsson,Iceland,Afturelding,Iceland 1 - Besta deild,Defensive Midfield,Midfield,30.0,1227.0,46.1,45.9,46.4,40.1
23680698,25016,6913.0,Ó. Ómarsson,Iceland,Breidablik,Iceland 1 - Besta deild,Right Wing,Attack,22.0,1761.0,49.3,50.9,50.8,41.9
458747,25016,8680.0,Ö. Eggertsson,Iceland,Stjarnan,Iceland 1 - Besta deild,Right Wing,Attack,26.0,1904.0,46.5,47.0,48.6,47.3
37520097,25016,853.0,Þ. Baxter,Iceland,ÍBV,Iceland 1 - Besta deild,Attacking Midfield,Midfield,20.0,1584.0,44.9,44.3,45.5,50.6
364342,25016,10443.0,Þ. Hafþórsson,Iceland,Afturelding,Iceland 1 - Besta deild,Attacking Midfield,Midfield,23.0,951.0,45.9,44.1,47.1,44.2
538511,25177,6556.0,Ž. Lipušček,Slovenia,Rīgas FS,Latvia 1 - Virsliga,Centre Back,Defence,28.0,2623.0,53.6,55.0,53.5,49.5
37606065,25682,347.0,?. Akdağ,Romania,Alanyaspor,Türkiye 1 - Super Lig,Centre Back,Defence,21.0,2624.0,54.4,55.0,54.5,53.7
37608676,25641,803.0,?. Bană,Romania,Otelul,Romania 1 - Superliga,Right Wing,Attack,20.0,1691.0,47.9,47.6,47.9,47.0
37748224,25584,7391.0,?. Butić,Croatia,Vukovar,Croatia 1 - 1. HNL,Right Wing,Attack,19.0,954.0,45.7,46.1,45.3,39.0
37774860,25673,6827.0,?. García Pascual,Spain,Cádiz,Spain 2 - La Liga 2,Centre Forward,Attack,23.0,2736.0,48.5,49.6,47.8,53.0
37570287,25566,396.0,?. Gordić,Serbia,Debrecen,Hungary 1 - NB I,Central Midfield,Midfield,20.0,1461.0,47.4,47.0,48.5,46.2
37596430,25584,906.0,?. Hrgović,Croatia,Hajduk Split,Croatia 1 - 1. HNL,Left Back,Defence,21.0,2238.0,50.9,50.8,51.3,43.8
37722503,25566,2566.0,?. Markgráf,Hungary,Puskás,Hungary 1 - NB I,Left Back,Defence,20.0,2609.0,45.9,46.4,45.8,49.6
37571660,25584,7920.0,?. Mikolčić,Croatia,Osijek,Croatia 1 - 1. HNL,Attacking Midfield,Midfield,21.0,1208.0,51.4,51.1,50.2,50.5
37625728,25745,269225.0,?. Perea Abonce,Colombia,AVS,Portugal 1 - Liga Portugal,Left Wing,Attack,19.0,1257.0,50.2,50.8,50.9,50.5
37682223,25567,2707.0,?. Skoko,Serbia,Javor Ivanjica,Serbia 1 - Super Liga,Centre Back,Defence,22.0,3196.0,47.2,46.9,47.9,47.3
37592147,25735,1674.0,?. Soumah-Abbad,France,RFC Seraing,Belgium 2 - Challenger Pro League,Left Wing,Attack,22.0,2587.0,47.0,47.4,47.8,49.4
100560,25658,2919.0,A. Abdallah,Comoros,Guingamp,France 2 - Ligue 2,Left Back,Defence,27.0,2005.0,51.5,50.3,49.6,46.9
37550144,25591,463.0,A. Abdu Kayondo,Uganda,Slovan Liberec,Czech Republic 1 - Chance Liga,Left Back,Defence,22.0,1977.0,50.5,51.1,50.6,58.1
37554905,25649,294.0,A. Abdullah,England,Leyton Orient,England 3 - League One,Central Midfield,Midfield,,1963.0,43.3,42.8,43.8,48.8
37915518,25601,8224.0,A. Abdullahi,Nigeria,Skalica,Slovakia 1 - Niké Liga,Left Wing,Attack,19.0,1038.0,46.9,46.5,45.8,44.0
37615782,25658,6898.0,A. Ackra,France,Clermont,France 2 - Ligue 2,Central Midfield,Midfield,21.0,1032.0,47.7,47.6,47.7,57.4
37648345,25597,664.0,A. Adelgaard,Denmark,Go Ahead Eagles,Netherlands 1 - Eredivisie,Left Back,Defence,21.0,1561.0,49.4,49.6,49.4,56.2
37337132,25600,700.0,A. Adnane,Belgium,Standard Liège,Belgium 1 - Pro League,Right Wing,Attack,21.0,2127.0,52.2,52.6,51.2,54.4
8417254,26164,267.0,A. Adorante,Italy,Venezia,Italy 2 - Serie B,Centre Forward,Attack,25.0,2183.0,53.5,53.0,54.1,49.9
37646609,25636,1276.0,A. Ahmad,Denmark,B 93,Denmark 2 - First Division,Centre Forward,Attack,22.0,1996.0,46.6,46.7,46.3,52.9
37625846,25648,33.0,A. Ahmed,Canada,Norwich City,England 2 - Championship,Left Midfield,Midfield,24.0,1314.0,53.2,52.3,52.6,56.9
37547774,25673,12330.0,A. Ahmed Ahmed,Spain,Ceuta,Spain 2 - La Liga 2,Attacking Midfield,Midfield,24.0,2954.0,45.1,43.8,44.4,49.5
37603838,25598,282.0,A. Ahmed Fatah,Sweden,Dundee United,Scotland 1 - Premiership,Left Wing,Attack,21.0,1886.0,51.0,51.2,52.2,50.4
7118,25597,73.0,A. Ahmedhodzic,Bosnia and Herzegovina,Feyenoord,Netherlands 1 - Eredivisie,Centre Back,Defence,26.0,2212.0,52.6,52.8,50.6,54.9
33792,25607,468.0,A. Ajeti,Switzerland,Basel,Switzerland 1 - Super League,Centre Forward,Attack,28.0,1655.0,50.7,50.6,50.5,50.9
37601341,25636,8759.0,A. Akalé,France,Middelfart,Denmark 2 - First Division,Centre Forward,Attack,20.0,1805.0,44.1,43.9,44.2,45.3
7346257,25641,11676.0,A. Al Hamlawi,Palestine,Universitatea Craiova,Romania 1 - Superliga,Centre Forward,Attack,24.0,1616.0,53.2,53.0,53.7,51.1
197017,25535,1069.0,A. Al-Ammari,Iraq,Cracovia Kraków,Poland 1 - Ekstraklasa,Defensive Midfield,Midfield,27.0,2505.0,52.4,53.0,49.8,46.4
37619423,25599,237672.0,A. Alarcón Mendoza,Colombia,Dynamo Makhachkala,Russia 1 - Premier League,Centre Back,Defence,24.0,1012.0,47.5,47.0,48.0,51.1
37718224,25735,3960.0,A. Ali Abdallah,France,Royal Francs Borains,Belgium 2 - Challenger Pro League,Centre Forward,Attack,19.0,1378.0,48.9,49.1,48.9,49.1
92193,25641,3599.0,A. Aliev,Sweden,CFR Cluj,Romania 1 - Superliga,Centre Forward,Attack,28.0,1318.0,45.9,46.5,45.9,47.1
37663313,25658,6898.0,A. Allal,Morocco,Clermont,France 2 - Ligue 2,Central Midfield,Midfield,20.0,2122.0,50.1,49.6,49.4,56.1
33213465,25673,429.0,A. Altimira Reynaldos,Spain,Deportivo La Coruña,Spain 2 - La Liga 2,Right Back,Defence,24.0,1884.0,53.3,54.3,55.0,52.0
96698,25591,3643.0,A. Alégué Elandi,Cameroon,Jablonec,Czech Republic 1 - Chance Liga,Right Wing,Attack,28.0,1809.0,53.9,53.4,51.7,48.1
37680350,25745,35867.0,A. Amorim de Freitas Filho,Brazil,Alverca,Portugal 1 - Liga Portugal,Central Midfield,Midfield,20.0,1634.0,52.7,52.8,52.9,52.4
26313013,25536,2933.0,A. Andersen,Denmark,Fredericia,Denmark 1 - Superliga,Defensive Midfield,Midfield,24.0,1772.0,50.6,50.7,50.1,43.1
513103,25653,3369.0,A. Andrade Cedeño,Panama,LASK Linz,Austria 1 - Admiral Bundesliga,Centre Back,Defence,26.0,2697.0,59.2,60.9,60.3,50.3
37546837,25607,647.0,A. Antonio Sanches,Switzerland,Young Boys,Switzerland 1 - Super League,Attacking Midfield,Midfield,22.0,1939.0,55.2,55.3,55.9,55.7
16827159,25658,840.0,A. Appiah,England,Amiens SC,France 2 - Ligue 2,Left Back,Defence,24.0,999.0,51.8,51.2,49.5,44.9
37696370,25637,2783.0,A. Appiah,Netherlands,Jong Ajax,Netherlands 2 - Eerste Divisie,Right Back,Defence,19.0,2687.0,44.2,43.5,42.8,44.9
186371,25673,60.0,A. Arbilla Zabala,Spain,SD Eibar,Spain 2 - La Liga 2,Centre Back,Defence,38.0,2891.0,55.8,56.2,56.6,47.0
2951,25648,65.0,A. Armstrong,England,Southampton,England 2 - Championship,Centre Forward,Attack,28.0,2041.0,57.0,57.1,56.7,48.0
37667492,25682,1071.0,A. Arous,Tunisia,Kasımpaşa,Türkiye 1 - Super Lig,Centre Back,Defence,21.0,1672.0,48.6,48.3,49.1,51.4
238195,25599,35.0,A. Arroyo Córdoba,Colombia,Rubin Kazan,Russia 1 - Premier League,Right Back,Defence,25.0,1813.0,49.4,50.2,50.2,53.0
459408,25662,3229.0,A. Ashta,Israel,Hapoel Jerusalem,Israel 1 - Ligat ha'Al,Defensive Midfield,Midfield,25.0,2043.0,44.3,43.6,41.9,46.1
37259885,25745,12152.0,A. Atanasov Chernev,Bulgaria,Estrela Amadora,Portugal 1 - Liga Portugal,Centre Back,Defence,23.0,1018.0,46.4,45.5,48.1,45.9
37697001,25567,2673.0,A. Avdić,Serbia,Crvena Zvezda,Serbia 1 - Super Liga,Left Back,Defence,17.0,1460.0,55.9,57.2,56.7,61.5
37714553,25735,277379.0,A. Ayindé,Burkina Faso,Jong Gent,Belgium 2 - Challenger Pro League,Left Back,Defence,20.0,1192.0,45.9,46.5,46.5,44.2
21036566,25662,8644.0,A. Azugi,Israel,Bnei Sakhnin,Israel 1 - Ligat ha'Al,Right Back,Defence,26.0,2734.0,47.8,47.2,47.8,46.2
38202150,25735,1674.0,A. Ba,Senegal,RFC Seraing,Belgium 2 - Challenger Pro League,Left Wing,Attack,21.0,1867.0,49.1,49.2,50.1,52.1
4267,25759,649.0,A. Baba,Ghana,PAOK,Greece 1 - Super League,Left Back,Defence,31.0,1915.0,51.7,50.5,49.8,48.6
348754,25653,3569.0,A. Bajic,Austria,Ried,Austria 1 - Admiral Bundesliga,Right Midfield,Midfield,29.0,2649.0,48.8,48.3,48.7,48.1
37367993,25607,3091.0,A. Bajrami,Albania,Luzern,Switzerland 1 - Super League,Centre Back,Defence,23.0,2814.0,53.2,54.0,53.8,53.1
107938,25759,57.0,A. Bakasetas,Greece,Panathinaikos,Greece 1 - Super League,Attacking Midfield,Midfield,32.0,1488.0,54.6,55.6,55.0,60.6
21781038,25637,2475.0,A. Bakir,Germany,FC Emmen,Netherlands 2 - Eerste Divisie,Attacking Midfield,Midfield,24.0,1476.0,48.5,47.4,47.9,50.4
37653813,26164,1628.0,A. Bakoune,Italy,Monza,Italy 2 - Serie B,Right Back,Defence,19.0,1046.0,53.1,54.3,53.6,57.1
37342695,25607,362.0,A. Balde,Senegal,St. Gallen,Switzerland 1 - Super League,Left Wing,Attack,22.0,2291.0,48.6,49.2,50.4,46.4
16496642,25682,1071.0,A. Baldursson,Iceland,Kasımpaşa,Türkiye 1 - Super Lig,Defensive Midfield,Midfield,23.0,2720.0,46.5,46.3,45.6,52.3
15054,25649,137.0,A. Baldwin,England,Bradford City,England 3 - League One,Centre Back,Defence,28.0,2790.0,51.3,53.0,51.5,54.6
31255596,25584,3358.0,A. Barco Del Solar,Peru,Rijeka,Croatia 1 - 1. HNL,Defensive Midfield,Midfield,23.0,1131.0,49.0,49.6,49.9,45.7
201370,25682,34.0,A. Bardakcı,Türkiye,Galatasaray,Türkiye 1 - Super Lig,Centre Back,Defence,30.0,2547.0,56.9,57.4,56.4,53.8
37287534,25653,3630.0,A. Bari,Gambia,Austria Wien,Austria 1 - Admiral Bundesliga,Central Midfield,Midfield,25.0,2422.0,51.6,52.2,53.7,50.0
129900,26164,249160.0,A. Barreca,Italy,Calcio Padova,Italy 2 - Serie B,Left Back,Defence,30.0,1805.0,50.3,50.8,51.2,40.3
16119552,25682,688.0,A. Batagov,Ukraine,Trabzonspor,Türkiye 1 - Super Lig,Centre Back,Defence,23.0,2116.0,58.9,60.2,60.7,52.4
98821,25567,28023.0,A. Batisse,France,IMT Novi Beograd,Serbia 1 - Super Liga,Centre Back,Defence,30.0,1273.0,50.9,51.5,53.4,47.7
37674431,25599,490.0,A. Batrakov,Russia,Lokomotiv Moskva,Russia 1 - Premier League,Attacking Midfield,Midfield,20.0,2494.0,56.9,57.6,56.4,52.3
37725115,25607,468.0,A. Bačanin,Serbia,Basel,Switzerland 1 - Super League,Defensive Midfield,Midfield,18.0,1335.0,54.7,54.9,54.2,46.2
37667194,25601,2759.0,A. Baždarić,Croatia,Trenčín,Slovakia 1 - Niké Liga,Defensive Midfield,Midfield,19.0,983.0,48.8,48.7,50.3,43.6
37594785,25536,2447.0,A. Bech,Denmark,Viborg FF,Denmark 1 - Superliga,Central Midfield,Midfield,22.0,1151.0,50.7,50.8,51.9,50.5
6049,25648,4.0,A. Bell,Jamaica,Charlton Athletic,England 2 - Championship,Centre Back,Defence,31.0,2702.0,51.8,52.5,49.2,48.4
37548535,25566,7926.0,A. Benbouali,Algeria,Győri ETO,Hungary 1 - NB I,Centre Forward,Attack,25.0,2564.0,49.3,49.4,49.3,52.9
13186483,25682,1071.0,A. Benedyczak,Poland,Kasımpaşa,Türkiye 1 - Super Lig,Centre Forward,Attack,24.0,1122.0,54.6,54.2,54.5,49.0
56081,25641,8474.0,A. Benga,Romania,UTA Arad,Romania 1 - Superliga,Centre Back,Defence,36.0,1370.0,47.6,46.7,48.3,50.4
19616116,25652,3611.0,A. Bernhardsson,Sweden,Holstein Kiel,Germany 2 - 2. Bundesliga,Right Wing,Attack,26.0,1401.0,56.9,57.1,54.8,60.5
537319,25600,1087.0,A. Bernier,Belgium,Sporting Charleroi,Belgium 1 - Pro League,Right Wing,Attack,27.0,2377.0,48.0,48.5,49.3,52.9
21089949,25600,2555.0,A. Bertaccini,Belgium,Anderlecht,Belgium 1 - Pro League,Centre Forward,Attack,24.0,1561.0,53.9,53.8,54.6,47.8
434090,25641,10266.0,A. Bettaieb,Tunisia,Argeş,Romania 1 - Superliga,Left Wing,Attack,28.0,2814.0,47.1,46.9,48.6,49.7
37787934,25591,3269.0,A. Bewene,Nigeria,Baník Ostrava,Czech Republic 1 - Chance Liga,Right Midfield,Midfield,20.0,1644.0,45.4,48.0,45.4,55.8
38201214,25658,430.0,A. Bi Zaouai,,Bastia,France 2 - Ligue 2,Attacking Midfield,Midfield,20.0,1103.0,52.6,52.3,53.8,58.3
37687068,25600,2709.0,A. Bibout,Cameroon,Genk,Belgium 1 - Pro League,Centre Forward,Attack,20.0,1171.0,54.2,53.6,54.6,59.3
37687068,25735,261624.0,A. Bibout,Cameroon,Jong KRC Genk U23,Belgium 2 - Challenger Pro League,Centre Forward,Attack,20.0,1303.0,52.8,52.5,53.7,50.4
37566650,25597,750.0,A. Blake,England,FC Utrecht,Netherlands 1 - Eredivisie,Left Wing,Attack,20.0,1031.0,51.7,51.5,52.5,47.3
37594329,25658,108.0,A. Boakye,Ghana,Saint-Étienne,France 2 - Ligue 2,Attacking Midfield,Midfield,24.0,2523.0,55.7,55.7,54.5,49.9
98919,25658,1838.0,A. Bobichon,France,Pau,France 2 - Ligue 2,Central Midfield,Midfield,29.0,1426.0,54.1,53.7,53.9,39.9
37459092,25636,2650.0,A. Bondergaard,Denmark,Lyngby Boldklub,Denmark 2 - First Division,Centre Forward,Attack,21.0,990.0,46.7,47.2,46.6,41.4
37600525,25641,7773.0,A. Borza,Romania,Rapid Bucuresti,Romania 1 - Superliga,Left Back,Defence,19.0,2224.0,47.8,47.4,47.6,50.6
75000,25584,7684.0,A. Boršić,Croatia,Varaždin,Croatia 1 - 1. HNL,Left Back,Defence,29.0,2330.0,48.8,48.5,47.8,43.6
108589,25759,213.0,A. Bouchalakis,Greece,Panaitolikos,Greece 1 - Super League,Central Midfield,Midfield,32.0,2333.0,53.1,53.1,52.8,50.3
5666540,25658,430.0,A. Boutrah,France,Bastia,France 2 - Ligue 2,Left Wing,Attack,24.0,1831.0,50.3,51.1,50.4,51.4
37593199,26164,2892.0,A. Bozzolan,Italy,Reggiana,Italy 2 - Serie B,Left Back,Defence,21.0,1639.0,46.0,47.3,48.7,46.4
98841,25658,1838.0,A. Briançon,France,Pau,France 2 - Ligue 2,Centre Back,Defence,30.0,1682.0,54.1,54.9,57.3,47.0
37336936,25653,3300.0,A. Briedl,Austria,Blau-Weiß Linz,Austria 1 - Admiral Bundesliga,Defensive Midfield,Midfield,23.0,2211.0,47.3,47.2,45.9,47.6
37391640,25648,21.0,A. Brookes,England,Sheffield United,England 2 - Championship,Central Midfield,Midfield,21.0,2441.0,51.4,51.7,53.6,55.4
28912973,25682,88.0,A. Brown,England,Fenerbahçe,Türkiye 1 - Super Lig,Left Back,Defence,23.0,1533.0,54.0,54.3,54.0,58.0
3449,25648,7.0,A. Browne,Republic of Ireland,Middlesbrough,England 2 - Championship,Central Midfield,Midfield,30.0,2623.0,54.2,54.3,54.1,57.6
37539879,25735,247549.0,A. Brrou,Belgium,KSC Lokeren,Belgium 2 - Challenger Pro League,Right Wing,Attack,26.0,2518.0,43.8,43.7,43.3,45.4
4095,25637,94.0,A. Büttner,Netherlands,Vitesse,Netherlands 2 - Eerste Divisie,Left Back,Defence,36.0,2500.0,51.6,50.7,52.8,41.3
37755168,26164,6947.0,A. Cacciamani,Italy,Juve Stabia,Italy 2 - Serie B,Left Midfield,Midfield,18.0,2601.0,50.9,49.4,49.6,46.2
2483371,26164,1343.0,A. Cagnano,Italy,Pescara,Italy 2 - Serie B,Left Back,Defence,27.0,1068.0,49.4,48.8,48.3,44.5
37544761,25673,10008.0,A. Calatrava Torrado,Spain,Castellón,Spain 2 - La Liga 2,Attacking Midfield,Midfield,25.0,3672.0,51.5,52.7,52.2,47.6
37361394,25641,11711.0,A. Camara,France,Metaloglobus,Romania 1 - Superliga,Centre Back,Defence,24.0,2065.0,42.8,42.0,42.9,44.3
37750900,25735,261624.0,A. Camara,Belgium,Jong KRC Genk U23,Belgium 2 - Challenger Pro League,Right Wing,Attack,17.0,976.0,48.5,49.2,48.3,55.7
37583460,25658,6898.0,A. Camblan,France,Clermont,France 2 - Ligue 2,Right Wing,Attack,21.0,1656.0,48.9,48.3,47.5,45.4
368786,26164,345.0,A. Candela,Italy,Spezia,Italy 2 - Serie B,Right Back,Defence,25.0,1041.0,48.4,48.8,49.6,44.5
368786,26164,397.0,A. Candela,Italy,Empoli,Italy 2 - Serie B,Right Back,Defence,25.0,1045.0,50.5,50.9,52.2,48.6
37580203,26164,249160.0,A. Capelli,Italy,Calcio Padova,Italy 2 - Serie B,Right Midfield,Midfield,28.0,2864.0,50.3,50.6,50.0,46.4
2816157,25641,3195.0,A. Caputo Ferreira,Portugal,Botoşani,Romania 1 - Superliga,Defensive Midfield,Midfield,27.0,1357.0,51.5,52.3,53.5,48.4
37391070,26164,1628.0,A. Carboni,Italy,Monza,Italy 2 - Serie B,Centre Back,Defence,17.0,2557.0,52.3,52.1,51.3,57.6
37260883,25597,1652.0,A. Carlén,Sweden,Excelsior,Netherlands 1 - Eredivisie,Defensive Midfield,Midfield,25.0,1223.0,47.0,46.6,46.7,54.6
24468966,25673,274.0,A. Carrillo Alacid,Spain,Huesca,Spain 2 - La Liga 2,Centre Back,Defence,23.0,2308.0,49.8,48.9,48.7,45.0
37702848,26164,10771.0,A. Castellini,Italy,Mantova,Italy 2 - Serie B,Centre Back,Defence,22.0,3115.0,52.5,53.3,53.4,53.7
3510186,25673,618.0,A. Centelles Plaza,Spain,Almería,Spain 2 - La Liga 2,Left Back,Defence,25.0,1111.0,51.8,52.0,52.3,51.2
132004,26164,1234.0,A. Cerri,Italy,Cesena,Italy 2 - Serie B,Centre Forward,Attack,29.0,1016.0,54.2,54.7,54.0,58.4
5283493,25599,2645.0,A. Chernikov,Russia,Krasnodar,Russia 1 - Premier League,Defensive Midfield,Midfield,25.0,1589.0,51.3,51.1,50.9,50.7
62894,25641,9426.0,A. Chipciu,Romania,Universitatea Cluj,Romania 1 - Superliga,Left Back,Defence,36.0,2974.0,51.8,51.4,50.3,54.0
96157,25641,12619.0,A. Chițu,Romania,Hermannstadt,Romania 1 - Superliga,Centre Forward,Attack,34.0,2296.0,51.4,51.1,51.7,51.1
37354899,25759,27943.0,A. Christópoulos,Greece,Kifisia,Greece 1 - Super League,Centre Forward,Attack,22.0,1130.0,48.1,48.3,47.3,50.3
37710043,25735,1674.0,A. Chukwu Hemsley,Nigeria,RFC Seraing,Belgium 2 - Challenger Pro League,Centre Forward,Attack,20.0,1340.0,48.9,48.7,49.9,47.7
165458,25641,11676.0,A. Cicâldău,Romania,Universitatea Craiova,Romania 1 - Superliga,Attacking Midfield,Midfield,28.0,2161.0,52.1,54.3,51.9,47.3
418694,25607,3091.0,A. Cigaņiks,Latvia,Luzern,Switzerland 1 - Super League,Left Back,Defence,28.0,1019.0,55.8,55.2,56.1,60.9
165480,25641,803.0,A. Ciobanu,Romania,Otelul,Romania 1 - Superliga,Attacking Midfield,Midfield,27.0,1751.0,48.9,50.3,49.0,50.1
3876808,26164,1234.0,A. Ciofi,Italy,Cesena,Italy 2 - Serie B,Centre Back,Defence,26.0,3065.0,51.9,52.3,50.3,47.3
28568,25637,669.0,A. Ciranni,Belgium,Willem II,Netherlands 2 - Eerste Divisie,Right Back,Defence,29.0,1417.0,52.3,51.5,51.9,51.5
37622541,26164,7471.0,A. Cisse,Italy,Catanzaro,Italy 2 - Serie B,Attacking Midfield,Midfield,18.0,1715.0,49.2,50.7,50.5,51.6
99181,25567,5634.0,A. Cissé,Guinea,Novi Pazar,Serbia 1 - Super Liga,Defensive Midfield,Midfield,29.0,1346.0,47.4,47.4,47.7,52.2
37676882,25567,6662.0,A. Cissé,Senegal,Čukarički,Serbia 1 - Super Liga,Left Wing,Attack,21.0,975.0,43.5,44.3,45.6,51.6
133035,26164,445.0,A. Cistana,Italy,Bari 1908,Italy 2 - Serie B,Centre Back,Defence,28.0,1440.0,53.1,53.5,50.5,55.2
37668630,25637,2475.0,A. Claridge Jensen,Denmark,FC Emmen,Netherlands 2 - Eerste Divisie,Central Midfield,Midfield,19.0,1453.0,45.9,45.8,46.3,46.5
1494374,25648,12.0,A. Cochrane,England,Birmingham City,England 2 - Championship,Left Back,Defence,25.0,1537.0,58.4,56.6,55.9,53.5
1452236,25662,4136.0,A. Cohen,Israel,Maccabi Netanya,Israel 1 - Ligat ha'Al,Right Back,Defence,26.0,1614.0,49.7,50.4,49.8,51.3
524102,25649,254.0,A. Collins,England,Peterborough United,England 3 - League One,Defensive Midfield,Midfield,25.0,4005.0,50.6,50.5,48.8,48.2
16120895,26164,1628.0,A. Colpani,Italy,Monza,Italy 2 - Serie B,Attacking Midfield,Midfield,26.0,1432.0,52.2,50.6,52.9,52.7
4536544,25673,429.0,A. Comas Freixas,Spain,Deportivo La Coruña,Spain 2 - La Liga 2,Centre Back,Defence,25.0,1578.0,47.8,46.9,47.7,49.9
41288,25652,3588.0,A. Condé,Germany,Elversberg,Germany 2 - 2. Bundesliga,Defensive Midfield,Midfield,28.0,2131.0,50.5,50.3,49.4,47.9
1494381,25649,294.0,A. Connolly,Republic of Ireland,Leyton Orient,England 3 - League One,Centre Forward,Attack,25.0,1725.0,52.7,52.6,52.7,44.0
163505,25745,11741.0,A. Conté,Portugal,Casa Pia,Portugal 1 - Liga Portugal,Left Back,Defence,27.0,1428.0,52.7,53.3,53.7,45.6
19960397,25641,3599.0,A. Cordea,Romania,CFR Cluj,Romania 1 - Superliga,Right Wing,Attack,26.0,1967.0,52.8,51.8,54.1,51.6
22262876,25535,3260.0,A. Cortés Heredia,Spain,Korona Kielce,Poland 1 - Ekstraklasa,Centre Forward,Attack,25.0,1653.0,46.1,46.2,46.3,44.3
37588118,25745,652.0,A. Costa,Portugal,Porto,Portugal 1 - Liga Portugal,Right Back,Defence,21.0,2227.0,56.5,56.2,55.7,57.4
160336,25662,6963.0,A. Costa Silva,Portugal,Hapoel Tel Aviv,Israel 1 - Ligat ha'Al,Left Wing,Attack,28.0,1011.0,50.1,50.3,49.8,59.3
37593191,25641,9426.0,A. Coubis,Romania,Universitatea Cluj,Romania 1 - Superliga,Centre Back,Defence,21.0,1304.0,50.9,50.6,53.7,52.4
37565028,25649,16.0,A. Cozier-Duberry,England,Bolton Wanderers,England 3 - League One,Right Wing,Attack,20.0,2921.0,54.2,53.4,53.9,48.2
1261,25648,26.0,A. Cresswell,England,Stoke City,England 2 - Championship,Left Back,Defence,35.0,2003.0,54.1,53.0,52.6,49.5
115277,25566,4312.0,A. Csonka,Hungary,Zalaegerszegi TE,Hungary 1 - NB I,Defensive Midfield,Midfield,25.0,2000.0,46.0,45.6,47.5,48.9
23279144,25641,10282.0,A. Csürös,Romania,Csikszereda,Romania 1 - Superliga,Centre Back,Defence,30.0,1750.0,43.9,42.8,43.5,40.0
37687845,25637,669.0,A. Culum,Sweden,Willem II,Netherlands 2 - Eerste Divisie,Left Wing,Attack,21.0,994.0,51.4,51.1,51.7,55.3
37658167,25567,3674.0,A. Cvetković,Serbia,OFK Beograd,Serbia 1 - Super Liga,Defensive Midfield,Midfield,20.0,2250.0,45.6,44.2,45.1,42.0
157438,25535,2764.0,A. Czerwiński,Poland,Katowice,Poland 1 - Ekstraklasa,Centre Back,Defence,32.0,2310.0,50.0,49.8,48.8,36.4
380631,25673,8366.0,A. Córdoba Kerejeta,Spain,Burgos,Spain 2 - La Liga 2,Centre Back,Defence,30.0,1565.0,50.0,50.3,51.3,40.8
37544107,25673,9656.0,A. Dadie Izagirre,Spain,Real Sociedad II,Spain 2 - La Liga 2,Right Back,Defence,23.0,2549.0,50.2,49.9,49.5,51.6
37336764,25637,822.0,A. Darelas,Greece,FC Dordrecht,Netherlands 2 - Eerste Divisie,Attacking Midfield,Midfield,21.0,1140.0,45.2,48.0,45.9,44.4
37743121,25735,261625.0,A. De Ridder,Belgium,RSCA Futures U23,Belgium 2 - Challenger Pro League,Central Midfield,Midfield,17.0,2270.0,52.4,52.4,51.9,59.1
62477,25735,3239.0,A. De Sart,Belgium,RFC Liège,Belgium 2 - Challenger Pro League,Central Midfield,Midfield,28.0,1626.0,44.7,44.4,45.0,52.7
37743678,25735,261624.0,A. De Wannemacker,Belgium,Jong KRC Genk U23,Belgium 2 - Challenger Pro League,Central Midfield,Midfield,16.0,1953.0,52.7,52.8,52.6,55.2
37706787,26164,7818.0,A. Debenedetti,Italy,Virtus Entella,Italy 2 - Serie B,Centre Forward,Attack,21.0,1717.0,45.9,45.9,45.6,52.5
22493645,25745,605.0,A. Dedić,Bosnia and Herzegovina,Benfica,Portugal 1 - Liga Portugal,Right Back,Defence,22.0,1903.0,57.0,57.6,56.3,49.5
2823509,25682,286.0,A. Dele-Bashiru,Nigeria,Gençlerbirliği,Türkiye 1 - Super Lig,Defensive Midfield,Midfield,25.0,2362.0,48.1,47.5,50.0,47.0
37601247,26164,1000.0,A. Dellavalle,Italy,Modena,Italy 2 - Serie B,Centre Back,Defence,21.0,1221.0,51.7,51.9,50.4,55.3
37613882,26164,10771.0,A. Dembélé,France,Mantova,Italy 2 - Serie B,Right Back,Defence,21.0,1210.0,48.8,49.3,48.2,53.9
203954,25682,2632.0,A. Demirbağ,Türkiye,Konyaspor,Türkiye 1 - Super Lig,Centre Back,Defence,27.0,2088.0,52.6,51.9,53.9,48.2
37453012,25658,2919.0,A. Demouchy,France,Guingamp,France 2 - Ligue 2,Centre Back,Defence,23.0,1698.0,53.0,53.9,54.6,50.4
37681820,25682,3897.0,A. Dennis,Nigeria,Göztepe,Türkiye 1 - Super Lig,Defensive Midfield,Midfield,21.0,2483.0,47.7,47.2,47.1,54.9
37391514,25648,99.0,A. Devine,England,Preston North End,England 2 - Championship,Attacking Midfield,Midfield,21.0,3121.0,53.4,53.6,53.4,51.3
133370,26164,1343.0,A. Di Nardo,Italy,Pescara,Italy 2 - Serie B,Centre Forward,Attack,26.0,2959.0,49.2,49.3,49.3,43.6
4536539,26164,522.0,A. Di Pardo,Italy,Sampdoria,Italy 2 - Serie B,Right Back,Defence,26.0,1401.0,49.7,49.6,49.1,50.4
5640920,25607,2866.0,A. Diaby,Mali,Grasshopper,Switzerland 1 - Super League,Centre Back,Defence,25.0,1367.0,47.4,47.4,47.5,58.6
129696,25673,844.0,A. Diawara,Guinea,Leganés,Spain 2 - La Liga 2,Defensive Midfield,Midfield,28.0,3493.0,50.1,49.9,51.6,45.1
10780,25682,13860.0,A. Dijksteel,Suriname,Kocaelispor,Türkiye 1 - Super Lig,Centre Back,Defence,28.0,2686.0,50.3,49.4,50.8,45.1
13171217,25641,8132.0,A. Dinu,Romania,Unirea Slobozia,Romania 1 - Superliga,Centre Back,Defence,27.0,2269.0,43.9,44.0,44.9,39.0
37629263,25637,2460.0,A. Dizdarević,Croatia,Helmond Sport,Netherlands 2 - Eerste Divisie,Central Midfield,Midfield,21.0,2201.0,47.9,48.0,47.6,51.2
189937,25535,3191.0,A. Diéguez Grande,Spain,Radomiak Radom,Poland 1 - Ekstraklasa,Centre Back,Defence,29.0,2511.0,53.4,54.3,55.1,46.1
95896,25599,2712.0,A. Djiku,Ghana,Spartak Moskva,Russia 1 - Premier League,Centre Back,Defence,30.0,1725.0,51.9,51.9,52.4,56.6
37605429,25735,3117.0,A. Dony,Belgium,Patro Eisden Maasmechelen,Belgium 2 - Challenger Pro League,Left Back,Defence,21.0,2379.0,48.8,47.9,47.7,52.2
37585738,25641,8132.0,A. Dorobanțu,Romania,Unirea Slobozia,Romania 1 - Superliga,Right Back,Defence,20.0,2165.0,48.9,49.3,49.4,53.1
21762789,25648,64.0,A. Doughty,England,Millwall,England 2 - Championship,Left Midfield,Midfield,25.0,1439.0,61.5,64.3,62.9,57.2
6604,25648,5.0,A. Dozzell,England,Portsmouth,England 2 - Championship,Central Midfield,Midfield,26.0,3158.0,50.8,50.7,50.5,44.2
4192331,25641,8132.0,A. Dragu,Romania,Unirea Slobozia,Romania 1 - Superliga,Left Back,Defence,25.0,1650.0,47.7,48.0,47.5,45.7
25954318,25637,822.0,A. Drakpe,Netherlands,FC Dordrecht,Netherlands 2 - Eerste Divisie,Centre Back,Defence,23.0,1785.0,50.3,50.4,50.3,52.6
37289085,25658,1447.0,A. Drouhin,France,Annecy,France 2 - Ligue 2,Centre Back,Defence,25.0,2262.0,45.3,44.1,46.5,52.9
37332647,25641,132584.0,A. Dumitrescu,Romania,Petrolul 52,Romania 1 - Superliga,Left Back,Defence,24.0,1296.0,43.5,44.0,44.2,48.3
23697672,25607,3525.0,A. Durrer,Switzerland,Winterthur,Switzerland 1 - Super League,Defensive Midfield,Midfield,24.0,1431.0,49.1,49.7,51.7,58.8
169510,25599,237670.0,A. Dzyuba,Russia,Akron,Russia 1 - Premier League,Centre Forward,Attack,36.0,2222.0,50.8,50.8,51.3,58.8
1485418,25535,2778.0,A. Edmundsson,Faroe Islands,Wisła Płock,Poland 1 - Ekstraklasa,Centre Back,Defence,24.0,1620.0,47.7,47.5,48.6,53.5
2996,25649,249.0,A. Edun,England,Stockport County,England 3 - League One,Left Back,Defence,27.0,1781.0,48.3,48.8,47.8,58.3
28952175,25652,1092.0,A. El Azzouzi,Morocco,Fortuna Düsseldorf,Germany 2 - 2. Bundesliga,Central Midfield,Midfield,24.0,2524.0,48.7,49.1,48.9,53.9
529756,25658,1461.0,A. El Farissi,France,Boulogne,France 2 - Ligue 2,Attacking Midfield,Midfield,26.0,1925.0,49.6,50.8,49.6,44.6
24817138,25600,3958.0,A. El Hadj,Belgium,Union Saint-Gilloise,Belgium 1 - Pro League,Attacking Midfield,Midfield,23.0,2657.0,52.0,51.0,51.6,45.0
10631219,25759,602.0,A. El Kaabi,Morocco,Olympiacos F.C.,Greece 1 - Super League,Centre Forward,Attack,32.0,2110.0,56.6,56.3,57.3,46.4
37437784,25648,64.0,A. Emakhu,Republic of Ireland,Millwall,England 2 - Championship,Left Wing,Attack,21.0,1160.0,56.5,56.5,55.7,58.1
186513,25673,618.0,A. Embarba Blázquez,Spain,Almería,Spain 2 - La Liga 2,Right Wing,Attack,33.0,3131.0,56.5,55.8,56.8,56.1
37551489,25600,1118.0,A. Ementa,Denmark,Zulte-Waregem,Belgium 1 - Pro League,Centre Forward,Attack,23.0,2616.0,50.1,50.5,50.1,63.5
37337212,25598,53.0,A. Engels,Belgium,Celtic,Scotland 1 - Premiership,Central Midfield,Midfield,21.0,2009.0,49.6,48.9,49.0,48.8
37459062,25597,750.0,A. Engwanda,Belgium,FC Utrecht,Netherlands 1 - Eredivisie,Defensive Midfield,Midfield,22.0,2971.0,48.7,48.2,49.6,54.9
73159,25584,8082.0,A. Erceg,Croatia,Gorica,Croatia 1 - 1. HNL,Centre Forward,Attack,35.0,1035.0,52.4,51.6,53.2,48.3
62932,25566,892.0,A. Esiti,Nigeria,Diósgyőr,Hungary 1 - NB I,Defensive Midfield,Midfield,31.0,1194.0,44.0,42.6,47.9,55.0
37592761,25745,364.0,A. Espigares Morillas,Spain,Gil Vicente,Portugal 1 - Liga Portugal,Centre Back,Defence,20.0,988.0,55.0,55.5,57.6,55.1
86033,25566,2566.0,A. Favorov,Ukraine,Puskás,Hungary 1 - NB I,Central Midfield,Midfield,31.0,1300.0,50.0,50.1,50.1,54.6
37509454,25682,3702.0,A. Fayzullayev,Uzbekistan,İstanbul Başakşehir,Türkiye 1 - Super Lig,Right Wing,Attack,21.0,1118.0,54.8,54.2,54.4,63.9
36404,25745,269225.0,A. Fernandes Mendes,Portugal,AVS,Portugal 1 - Liga Portugal,Centre Forward,Attack,32.0,2025.0,46.6,46.5,46.0,60.8
37575663,25745,1198.0,A. Ferreira Lacximicant,Portugal,Estoril,Portugal 1 - Liga Portugal,Left Wing,Attack,24.0,1209.0,50.5,50.1,50.2,49.4
37296197,25641,3599.0,A. Fica,Romania,CFR Cluj,Romania 1 - Superliga,Central Midfield,Midfield,24.0,1248.0,50.0,49.9,50.4,54.8
170461,25599,6067.0,A. Filin,Russia,Baltika Kaliningrad,Russia 1 - Premier League,Centre Back,Defence,29.0,1466.0,51.0,51.0,51.1,55.5
112328,25566,3955.0,A. Fiola,Hungary,Újpest,Hungary 1 - NB I,Right Back,Defence,35.0,2000.0,47.4,47.1,46.4,45.0
4701,25649,28.0,A. Fletcher,England,Blackpool,England 3 - League One,Centre Forward,Attack,29.0,3212.0,50.5,50.3,50.7,50.8
37341800,25637,1433.0,A. Foa Sam,Netherlands,Almere City,Netherlands 2 - Eerste Divisie,Right Back,Defence,22.0,1340.0,49.3,49.0,48.3,64.8
37445073,26164,6911.0,A. Fontanarosa,Italy,Avellino,Italy 2 - Serie B,Centre Back,Defence,22.0,2001.0,50.6,50.9,51.0,51.3
1716,25648,2.0,A. Forshaw,England,Blackburn Rovers,England 2 - Championship,Central Midfield,Midfield,33.0,1150.0,51.9,52.0,51.3,57.1
37642698,25641,3195.0,A. Friday,Nigeria,Botoşani,Romania 1 - Superliga,Right Back,Defence,22.0,1404.0,46.9,47.7,46.1,50.8
19979707,25673,931.0,A. Fuentes González,Spain,Córdoba,Spain 2 - La Liga 2,Centre Forward,Attack,29.0,2727.0,50.6,50.4,50.9,47.4
37569676,25597,629.0,A. Gaaei,Denmark,Ajax,Netherlands 1 - Eredivisie,Right Back,Defence,22.0,2002.0,51.9,51.7,52.1,49.2
124910,25662,229320.0,A. Gaber,Palestine,Maccabi Bnei Raina,Israel 1 - Ligat ha'Al,Left Back,Defence,32.0,1955.0,45.7,44.8,44.5,45.8
504866,26164,6947.0,A. Gabrielloni,Italy,Juve Stabia,Italy 2 - Serie B,Centre Forward,Attack,31.0,1631.0,47.6,48.1,47.1,58.8
37546857,25601,2417.0,A. Gajdoš,Slovakia,Slovan Bratislava,Slovakia 1 - Niké Liga,Attacking Midfield,Midfield,21.0,1337.0,51.5,52.7,51.1,51.3
37666322,25662,516.0,A. Ganah,Israel,Hapoel Be'er Sheva,Israel 1 - Ligat ha'Al,Left Wing,Attack,21.0,1911.0,52.1,51.2,51.7,43.8
37526437,25652,67.0,A. Gantenbein,Switzerland,Schalke 04,Germany 2 - 2. Bundesliga,Right Back,Defence,24.0,947.0,51.9,52.4,52.6,57.9
37661770,25673,238115.0,A. García Lopéz,Spain,FC Andorra,Spain 2 - La Liga 2,Left Wing,Attack,21.0,1364.0,51.0,51.7,51.8,54.7
37592783,25673,60.0,A. Garrido Cañizares,Spain,SD Eibar,Spain 2 - La Liga 2,Central Midfield,Midfield,21.0,2107.0,53.6,53.2,52.5,44.5
37527677,25653,3787.0,A. Gattermayer,Austria,Wolfsberger AC,Austria 1 - Admiral Bundesliga,Right Wing,Attack,23.0,1834.0,47.4,48.0,47.1,50.5
37332035,25601,2798.0,A. Gavrylenko,Ukraine,Podbrezová,Slovakia 1 - Niké Liga,Left Midfield,Midfield,24.0,974.0,47.9,49.0,47.5,51.4
37342581,25601,8224.0,A. Gaži,Slovakia,Skalica,Slovakia 1 - Niké Liga,Left Back,Defence,22.0,2005.0,46.0,46.4,45.9,48.4
97989,25658,1281.0,A. Georgen,France,Dunkerque,France 2 - Ligue 2,Right Back,Defence,26.0,2626.0,55.0,55.1,54.2,60.1
159937,25745,11741.0,A. Geraldes de Barros,Portugal,Casa Pia,Portugal 1 - Liga Portugal,Right Back,Defence,34.0,2004.0,46.5,46.9,46.1,42.8
37455133,25591,3097.0,A. Ghali,Nigeria,Sigma Olomouc,Czech Republic 1 - Chance Liga,Left Midfield,Midfield,25.0,1406.0,49.5,47.6,49.4,44.4
36097548,26164,397.0,A. Ghion,Italy,Empoli,Italy 2 - Serie B,Defensive Midfield,Midfield,25.0,1718.0,52.2,52.1,51.8,52.9
297691,25535,302.0,A. Gholizadeh,Iran,Lech Poznań,Poland 1 - Ekstraklasa,Right Wing,Attack,29.0,1136.0,55.3,55.3,55.3,47.1
32819178,25607,647.0,A. Gigovic,Bosnia and Herzegovina,Young Boys,Switzerland 1 - Super League,Central Midfield,Midfield,23.0,2118.0,50.9,50.2,50.3,51.9
37297915,26164,6947.0,A. Giorgini,Italy,Juve Stabia,Italy 2 - Serie B,Centre Back,Defence,23.0,3341.0,51.8,53.2,53.2,54.1
37621257,25591,512.0,A. Gning,Senegal,Karviná,Czech Republic 1 - Chance Liga,Centre Forward,Attack,26.0,1417.0,48.7,48.7,47.9,54.1
37621257,25591,3269.0,A. Gning,Senegal,Baník Ostrava,Czech Republic 1 - Chance Liga,Centre Forward,Attack,26.0,1143.0,46.8,46.7,46.2,54.3
31607879,25682,3897.0,A. Godói Santos,Brazil,Göztepe,Türkiye 1 - Super Lig,Centre Back,Defence,32.0,1853.0,49.2,48.2,47.0,57.1
9781,25598,496.0,A. Gogić,Cyprus,St. Mirren,Scotland 1 - Premiership,Centre Back,Defence,31.0,2963.0,46.8,46.4,47.1,46.9
67827,25584,3358.0,A. Gojak,Bosnia and Herzegovina,Rijeka,Croatia 1 - 1. HNL,Attacking Midfield,Midfield,28.0,1585.0,47.5,46.7,48.1,50.0
37625898,25735,234702.0,A. Granados Torres,Spain,Club NXT U23,Belgium 2 - Challenger Pro League,Central Midfield,Midfield,19.0,1535.0,51.9,52.0,51.3,49.2
608329,26164,1343.0,A. Gravillon,Guadeloupe,Pescara,Italy 2 - Serie B,Centre Back,Defence,27.0,1463.0,51.5,50.9,50.5,51.0
37745,25607,3091.0,A. Grbic,Austria,Luzern,Switzerland 1 - Super League,Centre Forward,Attack,28.0,1339.0,51.5,51.5,51.1,52.2
35317,25607,13775.0,A. Grgic,Switzerland,Lugano,Switzerland 1 - Super League,Central Midfield,Midfield,28.0,3190.0,55.1,54.5,54.2,49.8
375272,25599,35.0,A. Gritsaenko,Russia,Rubin Kazan,Russia 1 - Premier League,Centre Back,Defence,30.0,975.0,44.6,43.3,45.3,53.0
52569,25601,662.0,A. Gruber,Austria,Dunajská Streda,Slovakia 1 - Niké Liga,Right Wing,Attack,30.0,1885.0,50.7,49.9,48.2,41.4
537631,25566,396.0,A. Guerrero Aguilar,Spain,Debrecen,Hungary 1 - NB I,Left Back,Defence,27.0,1530.0,45.5,46.0,46.8,41.8
9938963,25648,2.0,A. Guojohnsen,Iceland,Blackburn Rovers,England 2 - Championship,Centre Forward,Attack,23.0,1552.0,52.3,52.1,52.1,51.3
37725782,25636,6953.0,A. Gøthler,Denmark,HB Køge,Denmark 2 - First Division,Centre Forward,Attack,18.0,1857.0,47.4,47.5,48.3,43.9
125196,25662,229320.0,A. Habashi,Israel,Maccabi Bnei Raina,Israel 1 - Ligat ha'Al,Centre Back,Defence,30.0,1989.0,45.0,44.0,48.9,42.9
32672,25607,389.0,A. Hack,Germany,Zürich,Switzerland 1 - Super League,Centre Back,Defence,31.0,1119.0,52.6,53.7,52.9,57.5
37391642,25649,301.0,A. Hackford,England,AFC Wimbledon,England 3 - League One,Centre Forward,Attack,21.0,919.0,49.6,50.0,49.3,53.2
37579972,25597,73.0,A. Hadj,Algeria,Feyenoord,Netherlands 1 - Eredivisie,Right Wing,Attack,23.0,2555.0,57.0,57.2,57.7,48.4
67948,25648,22.0,A. Hadžiahmetović,Bosnia and Herzegovina,Hull City,England 2 - Championship,Defensive Midfield,Midfield,28.0,2129.0,51.9,52.4,51.9,52.1
38201175,25567,5634.0,A. Hadžimujović,Serbia,Novi Pazar,Serbia 1 - Super Liga,Centre Back,Defence,17.0,1375.0,50.2,50.9,50.8,47.3
86034,25649,183.0,A. Hagelskjær,Denmark,Wycombe Wanderers,England 3 - League One,Centre Back,Defence,28.0,2090.0,50.4,51.3,51.0,49.1
37533562,26164,267.0,A. Hainaut,France,Venezia,Italy 2 - Serie B,Right Back,Defence,23.0,3049.0,50.6,51.2,51.9,55.9
96691,25682,3702.0,A. Harit,Morocco,İstanbul Başakşehir,Türkiye 1 - Super Lig,Left Wing,Attack,28.0,1567.0,53.8,54.8,53.6,60.8
332283,25649,150.0,A. Hartridge,England,Burton Albion,England 3 - League One,Centre Back,Defence,26.0,3363.0,53.8,56.5,51.8,51.5
21054117,25535,1069.0,A. Hasić,Bosnia and Herzegovina,Cracovia Kraków,Poland 1 - Ekstraklasa,Attacking Midfield,Midfield,23.0,2044.0,49.3,48.1,50.0,47.7
37718674,25598,284.0,A. Hay,England,Dundee,Scotland 1 - Premiership,Centre Forward,Attack,22.0,1318.0,47.7,47.6,47.5,59.4
31991278,25658,1447.0,A. Hbouch,France,Annecy,France 2 - Ligue 2,Attacking Midfield,Midfield,26.0,1331.0,51.8,49.0,52.1,48.8
17176170,25648,10.0,A. Heggebø,Norway,West Bromwich Albion,England 2 - Championship,Centre Forward,Attack,24.0,3168.0,50.8,50.9,50.5,52.2
524782,25636,1276.0,A. Heimer,Denmark,B 93,Denmark 2 - First Division,Centre Back,Defence,27.0,2503.0,51.6,53.3,50.0,49.1
311129,25591,2488.0,A. Helal,Bahrain,Bohemians 1905,Czech Republic 1 - Chance Liga,Centre Forward,Attack,32.0,1854.0,44.3,44.0,43.7,58.8
527722,25658,2919.0,A. Hemia,France,Guingamp,France 2 - Ligue 2,Attacking Midfield,Midfield,27.0,1083.0,54.9,54.4,53.1,48.7
37643535,25636,211.0,A. Herdonsson,Sweden,Horsens,Denmark 2 - First Division,Defensive Midfield,Midfield,21.0,1683.0,42.3,41.7,40.4,48.5
37581752,25649,185.0,A. Higgins,England,Exeter City,England 3 - League One,Right Wing,Attack,20.0,1035.0,50.7,50.7,50.4,53.1
84059,25536,7466.0,A. Hjulsager,Denmark,Vejle Boldklub,Denmark 1 - Superliga,Central Midfield,Midfield,30.0,1585.0,49.9,50.5,51.0,49.1
37702672,25653,5724.0,A. Hofleitner,Austria,Grazer AK,Austria 1 - Admiral Bundesliga,Centre Forward,Attack,25.0,1343.0,48.3,48.4,47.8,60.9
37337089,25566,2940.0,A. Horváth,Hungary,MTK,Hungary 1 - NB I,Defensive Midfield,Midfield,21.0,1371.0,47.9,47.3,50.3,40.8
1486200,25584,674.0,A. Hoxha,Kosovo,Dinamo Zagreb,Croatia 1 - 1. HNL,Left Wing,Attack,26.0,1818.0,53.3,53.3,53.6,47.0
26935,25597,1403.0,A. Hrustic,Australia,Heracles Almelo,Netherlands 1 - Eredivisie,Central Midfield,Midfield,29.0,2222.0,52.0,51.9,52.1,40.8
9522,25648,99.0,A. Hughes,Wales,Preston North End,England 2 - Championship,Centre Back,Defence,33.0,3297.0,53.1,53.9,50.6,59.6
37344313,25607,3525.0,A. Hunziker,Switzerland,Winterthur,Switzerland 1 - Super League,Centre Forward,Attack,22.0,2536.0,49.8,49.6,49.7,56.9
37570527,25584,3358.0,A. Husic,Switzerland,Rijeka,Croatia 1 - 1. HNL,Centre Back,Defence,24.0,1500.0,52.1,52.9,52.3,47.1
37572161,25662,3229.0,A. Idoko,Nigeria,Hapoel Jerusalem,Israel 1 - Ligat ha'Al,Left Wing,Attack,19.0,1891.0,46.4,46.2,46.3,54.4
37694419,25735,277379.0,A. Idris Abdullahi,Nigeria,Jong Gent,Belgium 2 - Challenger Pro League,Centre Forward,Attack,19.0,2132.0,48.7,48.7,49.2,54.2
37539845,25636,8657.0,A. Iljazovski,Denmark,Hvidovre,Denmark 2 - First Division,Right Back,Defence,27.0,1516.0,48.8,48.7,48.9,52.7
37579645,25745,6377.0,A. Inácio da Silva,Brazil,Rio Ave,Portugal 1 - Liga Portugal,Right Wing,Attack,23.0,1500.0,53.8,53.7,54.3,51.1
37560897,25648,42.0,A. Issahaku,Ghana,Leicester City,England 2 - Championship,Right Wing,Attack,21.0,3723.0,54.4,55.1,54.9,56.1
37527764,25600,2402.0,A. Ito,Japan,Gent,Belgium 1 - Pro League,Central Midfield,Midfield,26.0,2177.0,53.0,53.1,53.1,48.9
165211,25759,7261.0,A. Ivan,Romania,Panserraikos,Greece 1 - Super League,Centre Forward,Attack,28.0,2315.0,44.6,45.1,44.5,46.3
70964,25641,12619.0,A. Ivanov,Bulgaria,Hermannstadt,Romania 1 - Superliga,Central Midfield,Midfield,29.0,2254.0,45.1,44.8,44.6,53.2
37705665,25599,11364.0,A. Ivlev,Russia,FK Nizjni Novgorod,Russia 1 - Premier League,Attacking Midfield,Midfield,18.0,1399.0,46.8,48.1,46.7,52.2
129515,26164,1628.0,A. Izzo,Italy,Monza,Italy 2 - Serie B,Centre Back,Defence,33.0,1122.0,60.3,60.5,60.9,52.6
32012874,25641,134619.0,A. Ișfan,Romania,Farul Constanța,Romania 1 - Superliga,Centre Forward,Attack,25.0,2981.0,45.5,45.4,45.7,43.4
37704799,25584,2500.0,A. Jagušić,Croatia,Slaven Koprivnica,Croatia 1 - 1. HNL,Attacking Midfield,Midfield,19.0,1728.0,52.2,52.6,52.9,54.5
25147,25600,2741.0,A. Jahanbakhsh,Iran,Dender,Belgium 1 - Pro League,Right Wing,Attack,31.0,900.0,47.9,48.6,48.4,49.8
37596440,25584,2500.0,A. Jakir,Croatia,Slaven Koprivnica,Croatia 1 - 1. HNL,Left Back,Defence,22.0,1033.0,51.2,50.5,51.1,56.5
19979243,25673,10008.0,A. Jakobsen,Denmark,Castellón,Spain 2 - La Liga 2,Centre Forward,Attack,26.0,2126.0,45.9,46.2,45.4,48.9
23638505,25607,3525.0,A. Jankewitz,Switzerland,Winterthur,Switzerland 1 - Super League,Central Midfield,Midfield,23.0,2171.0,48.1,47.9,48.5,49.1
37342704,25636,1020.0,A. Jasson,United States,Aalborg BK,Denmark 2 - First Division,Central Midfield,Midfield,23.0,1198.0,51.9,51.7,50.4,55.4
37505264,25598,273.0,A. Jensen,Denmark,Aberdeen,Scotland 1 - Premiership,Right Back,Defence,23.0,1863.0,49.4,49.4,48.1,48.8
190998,25759,649.0,A. Jeremejeff,Sweden,PAOK,Greece 1 - Super League,Centre Forward,Attack,31.0,973.0,54.5,54.6,54.5,51.1
188930,25673,10008.0,A. Jiménez Benítez,Spain,Castellón,Spain 2 - La Liga 2,Centre Back,Defence,32.0,3312.0,55.2,55.3,54.9,55.5
581045,25648,7.0,A. Jones,Canada,Middlesbrough,England 2 - Championship,Centre Back,Defence,27.0,1886.0,51.0,50.8,50.6,51.2
67766,25566,2613.0,A. Jovičić,Bosnia and Herzegovina,Várda SE,Hungary 1 - NB I,Centre Back,Defence,30.0,1433.0,46.2,45.8,45.4,52.0
432805,25658,3520.0,A. Julloux,France,Nancy,France 2 - Ligue 2,Centre Back,Defence,28.0,1376.0,49.9,49.7,48.7,42.6
74016,25584,7391.0,A. Jurilj,Bosnia and Herzegovina,Vukovar,Croatia 1 - 1. HNL,Left Wing,Attack,29.0,1222.0,44.7,44.8,44.2,43.6
37594485,25584,3358.0,A. Jurič,Croatia,Rijeka,Croatia 1 - 1. HNL,Centre Forward,Attack,22.0,1106.0,50.9,50.9,50.7,59.3
87122,25636,211.0,A. Justinussen,Faroe Islands,Horsens,Denmark 2 - First Division,Left Wing,Attack,26.0,904.0,42.9,43.0,43.2,44.2
87122,25636,22608.0,A. Justinussen,Faroe Islands,Hillerød,Denmark 2 - First Division,Left Wing,Attack,26.0,1519.0,48.4,48.0,49.8,43.1
157863,25535,2764.0,A. Jędrych,Poland,Katowice,Poland 1 - Ekstraklasa,Centre Back,Defence,33.0,2970.0,47.7,47.5,50.0,49.6
199726,25607,462.0,A. Kabacalman,Switzerland,Sion,Switzerland 1 - Super League,Defensive Midfield,Midfield,29.0,3052.0,54.7,55.3,57.4,45.3
37569216,25591,2488.0,A. Kadlec,Czech Republic,Bohemians 1905,Czech Republic 1 - Chance Liga,Right Back,Defence,22.0,1073.0,48.0,47.6,48.8,48.8
37261828,25600,2402.0,A. Kadri,Algeria,Gent,Belgium 1 - Pro League,Attacking Midfield,Midfield,25.0,2077.0,53.6,52.8,52.8,56.3
68104,25584,4504.0,A. Kadušić,Bosnia and Herzegovina,Istra 1961,Croatia 1 - 1. HNL,Right Back,Defence,27.0,2046.0,51.6,50.7,49.9,58.0
37678844,25662,229320.0,A. Kanani,Israel,Maccabi Bnei Raina,Israel 1 - Ligat ha'Al,Centre Forward,Attack,23.0,1315.0,46.0,46.0,45.5,47.2
102012,25600,2402.0,A. Kanga,France,Gent,Belgium 1 - Pro League,Centre Forward,Attack,27.0,2840.0,52.7,52.7,52.3,52.5
37508679,25662,571.0,A. Kangami,Israel,Maccabi Haifa,Israel 1 - Ligat ha'Al,Right Wing,Attack,22.0,1071.0,48.7,49.1,48.4,59.4
37344222,25597,494.0,A. Kaplan,Türkiye,NEC Nijmegen,Netherlands 1 - Eredivisie,Centre Back,Defence,22.0,2047.0,55.4,54.9,53.3,61.1
33165957,25652,3611.0,A. Kaprálik,Slovakia,Holstein Kiel,Germany 2 - 2. Bundesliga,Right Wing,Attack,23.0,2128.0,47.6,48.8,47.6,43.8
78369,25641,12619.0,A. Karo,Cyprus,Hermannstadt,Romania 1 - Superliga,Centre Back,Defence,28.0,1585.0,46.4,45.9,46.0,49.8
37576907,25599,490.0,A. Karpukas,Russia,Lokomotiv Moskva,Russia 1 - Premier League,Defensive Midfield,Midfield,23.0,2144.0,55.0,55.9,54.1,58.6
6232,25658,1447.0,A. Kashi,Algeria,Annecy,France 2 - Ligue 2,Defensive Midfield,Midfield,36.0,3009.0,48.8,49.4,50.8,47.4
37571578,25599,3452.0,A. Kasimov,Russia,Orenburg,Russia 1 - Premier League,Centre Back,Defence,22.0,1054.0,49.0,48.2,48.9,50.7
155908,25535,2512.0,A. Kasperkiewicz,Poland,Nieciecza,Poland 1 - Ekstraklasa,Centre Back,Defence,30.0,2280.0,46.6,45.7,47.6,50.1
108470,25567,2673.0,A. Katai,Serbia,Crvena Zvezda,Serbia 1 - Super Liga,Attacking Midfield,Midfield,34.0,2233.0,53.7,54.3,55.2,48.6
37660075,25584,8082.0,A. Kavelj,Croatia,Gorica,Croatia 1 - 1. HNL,Attacking Midfield,Midfield,19.0,3106.0,44.1,44.9,43.1,59.4
85609,25566,892.0,A. Keita,Ivory Coast,Diósgyőr,Hungary 1 - NB I,Defensive Midfield,Midfield,27.0,1125.0,45.3,45.2,44.1,50.3
785060,25641,7773.0,A. Keita,France,Rapid Bucuresti,Romania 1 - Superliga,Defensive Midfield,Midfield,24.0,2573.0,51.1,51.8,53.0,51.9
37596751,25735,2412.0,A. Keita,Guinea,KAS Eupen,Belgium 2 - Challenger Pro League,Central Midfield,Midfield,23.0,1057.0,47.7,47.7,47.3,50.1
37577671,25652,3431.0,A. Keller,Switzerland,SpVgg Greuther Fürth,Germany 2 - 2. Bundesliga,Left Midfield,Midfield,21.0,1844.0,49.1,46.9,48.8,44.4
37595860,25600,3958.0,A. Khalaili,Israel,Union Saint-Gilloise,Belgium 1 - Pro League,Right Midfield,Midfield,20.0,3101.0,56.7,56.0,57.2,60.3
35259800,25598,314.0,A. Kiziridis,Greece,Hearts,Scotland 1 - Premiership,Left Wing,Attack,24.0,2804.0,51.8,51.4,50.8,45.4
66946,25759,781.0,A. Koita,Mauritania,AEK Athens,Greece 1 - Super League,Left Wing,Attack,26.0,1948.0,50.4,52.0,51.8,53.6
37721764,25658,1028.0,A. Koné,Ivory Coast,Reims,France 2 - Ligue 2,Centre Back,Defence,20.0,2249.0,56.3,57.1,56.1,57.8
37669313,25567,2736.0,A. Kostić,Montenegro,Partizan,Serbia 1 - Super Liga,Centre Forward,Attack,18.0,1215.0,55.5,55.1,56.5,49.5
37578156,25599,5585.0,A. Kovalenko,Russia,Sochi,Russia 1 - Premier League,Central Midfield,Midfield,21.0,1040.0,48.9,49.2,49.0,46.6
37529236,25535,302.0,A. Kozubal,Poland,Lech Poznań,Poland 1 - Ekstraklasa,Defensive Midfield,Midfield,20.0,2541.0,50.3,50.4,52.5,52.5
1477387,25662,6963.0,A. Kraev,Bulgaria,Hapoel Tel Aviv,Israel 1 - Ligat ha'Al,Central Midfield,Midfield,26.0,2392.0,48.3,48.1,48.3,55.3
181588,25601,28077.0,A. Krčík,Slovakia,Komárno,Slovakia 1 - Niké Liga,Right Back,Defence,29.0,1607.0,44.9,45.0,46.0,39.4
37687549,25567,28029.0,A. Kuljanin,Serbia,Železničar Pančevo,Serbia 1 - Super Liga,Right Wing,Attack,21.0,1477.0,50.5,50.9,49.2,54.3
37375221,25682,3897.0,A. Kurtulan,Türkiye,Göztepe,Türkiye 1 - Super Lig,Right Midfield,Midfield,22.0,2439.0,52.1,55.1,51.0,57.5
3510215,25682,4192.0,A. Kızıldağ,Türkiye,Gaziantep F.K.,Türkiye 1 - Super Lig,Centre Back,Defence,26.0,1769.0,47.7,46.8,47.3,48.5
80750,25591,1745.0,A. Křapka,Czech Republic,Zlín,Czech Republic 1 - Chance Liga,Centre Back,Defence,31.0,2018.0,47.1,46.7,48.2,38.6
37663889,25735,2432.0,A. Labie,Belgium,K. Beerschot V.A.,Belgium 2 - Challenger Pro League,Centre Back,Defence,21.0,1094.0,53.1,54.0,51.7,45.7
37643754,25591,512.0,A. Labik,Czech Republic,Karviná,Czech Republic 1 - Chance Liga,Left Back,Defence,21.0,1991.0,53.2,52.1,52.0,44.3
37639937,25600,357.0,A. Lapage,Belgium,Westerlo,Belgium 1 - Pro League,Centre Back,Defence,20.0,1266.0,56.2,57.0,58.6,52.2
361530,25658,1447.0,A. Larose,France,Annecy,France 2 - Ligue 2,Right Wing,Attack,32.0,1516.0,49.5,50.3,50.0,45.7
7346393,25584,7684.0,A. Latković,Montenegro,Varaždin,Croatia 1 - 1. HNL,Attacking Midfield,Midfield,24.0,2492.0,51.0,49.1,51.9,44.7
435573,25658,7758.0,A. Lauray,France,Le Mans,France 2 - Ligue 2,Defensive Midfield,Midfield,28.0,1877.0,54.2,54.8,55.2,56.2
101987,25658,840.0,A. Leautey,France,Amiens SC,France 2 - Ligue 2,Right Wing,Attack,29.0,1578.0,48.9,48.4,48.6,41.3
37554459,25735,3239.0,A. Lefebvre,France,RFC Liège,Belgium 2 - Challenger Pro League,Right Wing,Attack,22.0,1553.0,44.9,45.5,47.2,52.0
37541179,25637,2460.0,A. Leipold,Germany,Helmond Sport,Netherlands 2 - Eerste Divisie,Right Wing,Attack,23.0,1981.0,45.5,46.0,45.5,52.7
37730406,25662,6963.0,A. Lemkin,Israel,Hapoel Tel Aviv,Israel 1 - Ligat ha'Al,Attacking Midfield,Midfield,19.0,1127.0,43.6,45.4,45.3,56.4
580962,25649,225.0,A. Lewis,Wales,Mansfield Town,England 3 - League One,Central Midfield,Midfield,27.0,1974.0,44.4,43.4,43.7,43.4
22136576,25759,7261.0,A. Liasos,Greece,Panserraikos,Greece 1 - Super League,Defensive Midfield,Midfield,25.0,1286.0,47.5,47.9,45.9,54.9
37574119,25636,1020.0,A. Lien Håpnes,Norway,Aalborg BK,Denmark 2 - First Division,Defensive Midfield,Midfield,23.0,2145.0,45.0,44.9,43.7,46.5
26295918,25658,1281.0,A. Linguet,France,Dunkerque,France 2 - Ligue 2,Right Back,Defence,25.0,1502.0,54.9,53.8,52.4,53.2
37656745,25673,8366.0,A. Lizancos Saldaña,Spain,Burgos,Spain 2 - La Liga 2,Right Back,Defence,21.0,3072.0,51.1,51.4,50.7,54.3
1479701,25641,3444.0,A. Lourenço Duarte,Portugal,FCSB,Romania 1 - Superliga,Centre Back,Defence,27.0,1119.0,51.4,52.1,53.3,45.3
177897,25567,5421.0,A. Lutovac,Serbia,Napredak,Serbia 1 - Super Liga,Right Midfield,Midfield,28.0,1938.0,46.6,45.7,46.3,47.3
37577669,25536,390.0,A. Lyng,Denmark,Sønderjyske Fodbold,Denmark 1 - Superliga,Left Wing,Attack,20.0,1692.0,48.4,48.3,48.6,47.9
37257798,25658,840.0,A. Lô,Senegal,Amiens SC,France 2 - Ligue 2,Centre Back,Defence,25.0,1818.0,45.0,43.3,46.1,50.6
37675893,25600,2555.0,A. Maamar,Belgium,Anderlecht,Belgium 1 - Pro League,Right Back,Defence,20.0,1364.0,56.1,56.1,54.4,57.0
84619,25673,10008.0,A. Mabil,Australia,Castellón,Spain 2 - La Liga 2,Left Wing,Attack,29.0,1721.0,49.4,48.4,48.2,47.4
37545024,25673,60.0,A. Madariaga Susaeta,Spain,SD Eibar,Spain 2 - La Liga 2,Central Midfield,Midfield,23.0,1678.0,48.8,48.5,48.4,47.3
179081,25567,5421.0,A. Majdevac,Serbia,Napredak,Serbia 1 - Super Liga,Centre Forward,Attack,27.0,2346.0,47.8,47.8,47.7,41.1
73972,25584,3358.0,A. Majstorović,Croatia,Rijeka,Croatia 1 - 1. HNL,Centre Back,Defence,31.0,2679.0,54.1,55.2,54.1,52.8
375836,25599,5585.0,A. Makarchuk,Russia,Sochi,Russia 1 - Premier League,Left Back,Defence,29.0,1074.0,49.7,50.2,51.7,47.1
540694,25682,2811.0,A. Makoumbou,France,Samsunspor,Türkiye 1 - Super Lig,Defensive Midfield,Midfield,27.0,2240.0,53.6,53.8,54.9,42.3
31092068,25648,7.0,A. Malanda,France,Middlesbrough,England 2 - Championship,Centre Back,Defence,23.0,2127.0,53.5,54.0,52.8,55.8
37589396,25653,3357.0,A. Malic,Bosnia and Herzegovina,Sturm Graz,Austria 1 - Admiral Bundesliga,Right Back,Defence,19.0,1040.0,53.9,54.1,53.1,57.7
430505,25682,286.0,A. Malouda Traoré,Mali,Gençlerbirliği,Türkiye 1 - Super Lig,Right Wing,Attack,30.0,1072.0,48.7,48.2,48.5,49.9
37719250,25673,9656.0,A. Marchal Garcia,Spain,Real Sociedad II,Spain 2 - La Liga 2,Left Wing,Attack,17.0,1264.0,50.3,49.2,49.2,53.5
37537978,25745,12152.0,A. Marcus,Nigeria,Estrela Amadora,Portugal 1 - Liga Portugal,Right Wing,Attack,25.0,2575.0,50.8,51.1,50.6,53.3
24817078,25652,956.0,A. Marhiev,Finland,Nürnberg,Germany 2 - 2. Bundesliga,Defensive Midfield,Midfield,23.0,2180.0,52.8,52.9,55.4,58.2
37262098,25673,6968.0,A. Mari Sánchez,Spain,Mirandés,Spain 2 - La Liga 2,Centre Forward,Attack,24.0,959.0,50.3,50.6,49.8,55.0
37601998,25601,2798.0,A. Markovic,Serbia,Podbrezová,Slovakia 1 - Niké Liga,Centre Back,Defence,23.0,1333.0,50.6,50.0,51.0,42.2
8403615,25745,1198.0,A. Marqués Méndez,Venezuela,Estoril,Portugal 1 - Liga Portugal,Centre Forward,Attack,25.0,1147.0,50.2,49.9,49.9,52.9
37336994,25649,138.0,A. Martha,Curaçao,Rotherham United,England 3 - League One,Right Wing,Attack,21.0,2573.0,45.3,45.4,44.9,45.7
3219728,25673,9818.0,A. Martín García,Spain,Racing Santander,Spain 2 - La Liga 2,Right Wing,Attack,26.0,3457.0,56.0,56.0,57.3,45.6
37600317,25601,3137.0,A. Masaryk,Slovakia,Tatran Prešov,Slovakia 1 - Niké Liga,Left Wing,Attack,20.0,1073.0,44.6,45.8,45.6,55.3
128366,26164,176.0,A. Masiello,Italy,Südtirol,Italy 2 - Serie B,Centre Back,Defence,39.0,929.0,52.6,54.5,51.5,49.1
163973,25641,132584.0,A. Mateiu,Romania,Petrolul 52,Romania 1 - Superliga,Central Midfield,Midfield,35.0,1081.0,46.4,46.5,45.6,51.6
4545348,25566,3955.0,A. Matko,Slovenia,Újpest,Hungary 1 - NB I,Right Wing,Attack,25.0,2716.0,47.4,47.8,50.1,39.7
37688968,25584,7920.0,A. Matković,Croatia,Osijek,Croatia 1 - 1. HNL,Centre Forward,Attack,19.0,996.0,45.6,45.9,44.5,50.1
29495,25648,116.0,A. Matusiwa,Netherlands,Ipswich Town,England 2 - Championship,Defensive Midfield,Midfield,27.0,3862.0,55.3,55.6,55.2,57.8
80601,26164,345.0,A. Matějů,Czech Republic,Spezia,Italy 2 - Serie B,Centre Back,Defence,29.0,2446.0,51.8,51.9,50.6,58.2
37591643,25735,8307.0,A. Maurer,Morocco,RWDM Brussels,Belgium 2 - Challenger Pro League,Attacking Midfield,Midfield,20.0,2000.0,48.9,46.9,50.3,47.3
37616075,25584,4504.0,A. Mauric,Croatia,Istra 1961,Croatia 1 - 1. HNL,Defensive Midfield,Midfield,21.0,1825.0,50.2,49.6,48.6,44.1
31822,25682,4192.0,A. Maxim,Romania,Gaziantep F.K.,Türkiye 1 - Super Lig,Attacking Midfield,Midfield,35.0,2698.0,54.8,55.0,53.4,44.5
13870,25649,251.0,A. May,England,Huddersfield Town,England 3 - League One,Centre Forward,Attack,32.0,2159.0,50.2,50.7,49.8,41.9
37532822,25648,47.0,A. Mbengue,Senegal,Queens Park Rangers,England 2 - Championship,Centre Back,Defence,23.0,3138.0,52.1,52.4,48.9,50.4
378921,25648,99.0,A. McCann,Scotland,Preston North End,England 2 - Championship,Central Midfield,Midfield,25.0,1743.0,50.4,50.0,49.5,58.5
34873442,25597,1016.0,A. McNulty,Republic of Ireland,PEC Zwolle,Netherlands 1 - Eredivisie,Centre Back,Defence,22.0,2845.0,51.4,51.5,51.2,43.4
188849,25673,3169.0,A. Medina Delgado,Spain,Albacete,Spain 2 - La Liga 2,Central Midfield,Midfield,30.0,2076.0,48.1,48.1,48.6,39.5
28575734,25648,116.0,A. Mehmeti,Albania,Ipswich Town,England 2 - Championship,Attacking Midfield,Midfield,24.0,1029.0,53.1,53.1,53.6,54.2
28575734,25648,122.0,A. Mehmeti,Albania,Bristol City,England 2 - Championship,Attacking Midfield,Midfield,24.0,2348.0,53.5,52.5,54.2,46.9
25922119,25641,11676.0,A. Mekvabishvili,Georgia,Universitatea Craiova,Romania 1 - Superliga,Defensive Midfield,Midfield,24.0,2141.0,54.6,54.1,54.9,46.8
3510292,25673,3169.0,A. Meléndez Ruiz,Spain,Albacete,Spain 2 - La Liga 2,Central Midfield,Midfield,26.0,2508.0,52.0,52.5,51.5,55.2
37576529,25591,3545.0,A. Memić,Bosnia and Herzegovina,Viktoria Plzeň,Czech Republic 1 - Chance Liga,Right Midfield,Midfield,24.0,2342.0,52.5,52.9,51.9,49.5
21437348,25662,589.0,A. Mendes Tavares,Portugal,Beitar Jerusalem,Israel 1 - Ligat ha'Al,Defensive Midfield,Midfield,27.0,913.0,49.7,49.6,47.8,54.4
96528,25658,581.0,A. Mendy,Guinea-Bissau,Montpellier,France 2 - Ligue 2,Centre Forward,Attack,31.0,2929.0,49.7,49.8,49.6,48.2
436090,26164,445.0,A. Meroni,Italy,Bari 1908,Italy 2 - Serie B,Centre Back,Defence,28.0,967.0,46.6,46.1,46.1,57.0
62522,25535,302.0,A. Milić,Croatia,Lech Poznań,Poland 1 - Ekstraklasa,Centre Back,Defence,31.0,1992.0,51.9,51.9,53.2,49.6
10948398,25658,7047.0,A. Mille,France,Troyes,France 2 - Ligue 2,Central Midfield,Midfield,27.0,2921.0,54.2,54.5,54.8,54.6
31625666,25673,844.0,A. Millán Iranzo,Spain,Leganés,Spain 2 - La Liga 2,Centre Forward,Attack,25.0,1588.0,49.7,49.5,49.9,53.5
37753871,25567,230490.0,A. Milosevic,Serbia,Mladost Lučani,Serbia 1 - Super Liga,Centre Back,Defence,18.0,1314.0,47.6,47.2,46.5,46.5
37538779,25600,2641.0,A. Minda García,Ecuador,Cercle Brugge,Belgium 1 - Pro League,Right Wing,Attack,22.0,972.0,53.3,53.0,53.9,45.7
142516,25662,8644.0,A. Miranyan,Armenia,Bnei Sakhnin,Israel 1 - Ligat ha'Al,Centre Forward,Attack,29.0,2324.0,44.3,44.2,43.7,40.8
20693576,25599,6564.0,A. Mironov,Russia,Rostov,Russia 1 - Premier League,Central Midfield,Midfield,25.0,2203.0,54.1,54.7,54.6,50.7
37391203,25649,110.0,A. Mitchell,England,Plymouth Argyle,England 3 - League One,Centre Back,Defence,23.0,3500.0,45.8,44.9,45.7,54.3
1525202,25682,1041.0,A. Mocsi,Hungary,Rizespor,Türkiye 1 - Super Lig,Centre Back,Defence,25.0,1747.0,53.0,53.1,53.9,47.8
6655155,25601,6615.0,A. Mojžiš,Slovakia,Ružomberok,Slovakia 1 - Niké Liga,Centre Back,Defence,26.0,1705.0,50.2,51.4,48.7,50.7
98420,25658,7047.0,A. Monfray,France,Troyes,France 2 - Ligue 2,Centre Back,Defence,34.0,2880.0,56.6,58.4,59.4,52.9
37624034,25745,364.0,A. Moreira Morales,Uruguay,Gil Vicente,Portugal 1 - Liga Portugal,Right Wing,Attack,24.0,1029.0,52.9,52.2,52.3,57.1
21053529,25649,28.0,A. Morgan,England,Blackpool,England 3 - League One,Central Midfield,Midfield,25.0,1308.0,51.6,51.6,52.0,46.9
9529,25649,183.0,A. Morley,England,Wycombe Wanderers,England 3 - League One,Central Midfield,Midfield,25.0,1363.0,51.7,51.7,51.5,40.7
180791,25601,8224.0,A. Morong,Slovakia,Skalica,Slovakia 1 - Niké Liga,Right Wing,Attack,32.0,1595.0,42.2,43.3,42.2,50.1
25548700,25648,7.0,A. Morris,United States,Middlesbrough,England 2 - Championship,Central Midfield,Midfield,23.0,3504.0,57.8,58.3,57.1,60.1
37551798,25662,6900.0,A. Moucketou Moussounda,Gabon,Hapoel Petah Tikva,Israel 1 - Ligat ha'Al,Centre Back,Defence,24.0,932.0,47.3,46.1,48.6,48.4
21394426,25658,108.0,A. Moueffek,Morocco,Saint-Étienne,France 2 - Ligue 2,Central Midfield,Midfield,24.0,1361.0,54.2,54.4,54.4,50.4
3285,25648,10.0,A. Mowatt,England,West Bromwich Albion,England 2 - Championship,Central Midfield,Midfield,30.0,2765.0,54.4,54.1,53.2,50.8
187270,25673,3968.0,A. Moya Vega,Spain,Real Zaragoza,Spain 2 - La Liga 2,Central Midfield,Midfield,27.0,1236.0,52.3,52.5,51.5,49.8
404697,25662,571.0,A. Muhammad Al Faz,Niger,Maccabi Haifa,Israel 1 - Ligat ha'Al,Defensive Midfield,Midfield,29.0,1363.0,56.9,58.1,57.2,60.5
1122923,25600,355.0,A. Muja,Albania,Sint-Truiden,Belgium 1 - Pro League,Right Wing,Attack,26.0,1859.0,52.0,51.7,53.1,47.7
129949,25641,9426.0,A. Murgia,Italy,Universitatea Cluj,Romania 1 - Superliga,Central Midfield,Midfield,28.0,925.0,51.1,50.9,50.0,47.1
32404512,25682,2811.0,A. Musaba,Netherlands,Samsunspor,Türkiye 1 - Super Lig,Left Wing,Attack,24.0,1175.0,52.8,53.0,53.5,44.2
37563597,25641,1026.0,A. Musi,Romania,Dinamo Bucureşti,Romania 1 - Superliga,Left Wing,Attack,20.0,2571.0,48.1,49.4,49.6,51.4
37604639,25567,5354.0,A. Mussá Baldé,Portugal,Radnički Kragujevac,Serbia 1 - Super Liga,Right Wing,Attack,20.0,1588.0,48.6,48.0,47.8,47.4
188453,25673,618.0,A. Muñoz Miguel,Spain,Almería,Spain 2 - La Liga 2,Left Back,Defence,31.0,3414.0,51.1,50.7,51.1,55.1
37376874,25601,662.0,A. Méndez García,Spain,Dunajská Streda,Slovakia 1 - Niké Liga,Left Back,Defence,23.0,1985.0,46.3,46.8,47.2,49.8
37259429,25652,3114.0,A. Müller,Germany,Karlsruher SC,Germany 2 - 2. Bundesliga,Defensive Midfield,Midfield,25.0,1212.0,50.2,50.0,51.0,49.7
165644,25759,213.0,A. Măţan,Romania,Panaitolikos,Greece 1 - Super League,Attacking Midfield,Midfield,25.0,2579.0,49.7,50.0,50.0,46.6
157957,25535,11356.0,A. Najemski,Poland,Motor Lublin,Poland 1 - Ekstraklasa,Centre Back,Defence,29.0,1209.0,45.8,44.9,45.6,44.1
37600806,25601,5905.0,A. Narimanidze,Georgia,Žilina,Slovakia 1 - Niké Liga,Centre Back,Defence,20.0,1974.0,45.7,45.5,46.9,51.4
37722644,25637,3115.0,A. Natali,Italy,Jong AZ,Netherlands 2 - Eerste Divisie,Centre Back,Defence,17.0,921.0,52.6,53.9,51.2,46.8
187680,25673,361.0,A. Ndiaye,Senegal,Real Valladolid,Spain 2 - La Liga 2,Right Wing,Attack,29.0,1044.0,48.8,48.9,50.4,59.3
37532941,25745,830.0,A. Ndoye,Senegal,Vitória Guimarães,Portugal 1 - Liga Portugal,Centre Forward,Attack,23.0,951.0,51.6,51.5,51.9,59.5
530921,25535,1228.0,A. Nguiamba,France,Arka Gdynia,Poland 1 - Ekstraklasa,Defensive Midfield,Midfield,26.0,1659.0,46.6,46.4,46.4,48.6
37656201,25673,126.0,A. Niño Heredia,Spain,Málaga,Spain 2 - La Liga 2,Centre Forward,Attack,21.0,1385.0,55.1,55.0,55.3,48.2
44040,25652,3527.0,A. Nollenberger,Germany,Magdeburg,Germany 2 - 2. Bundesliga,Left Back,Defence,28.0,2541.0,50.2,51.9,52.6,45.3
6293,26164,2892.0,A. Novakovich,United States,Reggiana,Italy 2 - Serie B,Centre Forward,Attack,28.0,1584.0,49.0,49.0,48.9,53.7
3533119,25641,11676.0,A. Nsimba Labe,France,Universitatea Craiova,Romania 1 - Superliga,Centre Forward,Attack,29.0,1821.0,54.0,54.0,54.3,51.9
37337085,25745,6377.0,A. Ntoi,Greece,Rio Ave,Portugal 1 - Liga Portugal,Centre Back,Defence,22.0,2360.0,51.5,50.8,49.0,49.1
37597524,25536,2933.0,A. Nygaard Andersen,Denmark,Fredericia,Denmark 1 - Superliga,Centre Back,Defence,19.0,1726.0,46.0,45.6,46.5,40.7
23697809,25566,2566.0,A. Németh,Hungary,Puskás,Hungary 1 - NB I,Centre Forward,Attack,22.0,1192.0,45.5,45.8,45.0,50.7
37348888,25636,8630.0,A. Nørager,Denmark,Kolding IF,Denmark 2 - First Division,Left Back,Defence,25.0,2467.0,52.8,52.0,52.4,49.0
37567290,25745,7035.0,A. Núñez Duarte,Paraguay,Nacional,Portugal 1 - Liga Portugal,Right Back,Defence,20.0,1672.0,52.2,52.3,53.0,43.8
37551416,25597,2396.0,A. Oehlers,Netherlands,FC Volendam,Netherlands 1 - Eredivisie,Right Wing,Attack,21.0,1539.0,48.8,48.2,48.9,47.2
83865,25536,390.0,A. Oggesen,Denmark,Sønderjyske Fodbold,Denmark 1 - Superliga,Right Back,Defence,31.0,2055.0,53.3,52.8,52.6,45.5
37629495,26164,6947.0,A. Okoro,Nigeria,Juve Stabia,Italy 2 - Serie B,Centre Forward,Attack,20.0,924.0,48.3,48.5,47.8,49.2
85390,25636,8657.0,A. Okosun,Denmark,Hvidovre,Denmark 2 - First Division,Central Midfield,Midfield,31.0,1510.0,45.0,45.0,44.0,56.8
37561116,25653,4080.0,A. Ola-Adebomi,England,WSG Tirol,Austria 1 - Admiral Bundesliga,Centre Forward,Attack,21.0,1319.0,45.6,45.8,45.6,50.1
37715786,25673,238115.0,A. Olabarrieta Capelo,Spain,FC Andorra,Spain 2 - La Liga 2,Right Wing,Attack,19.0,1214.0,50.6,51.3,50.5,48.2
37592765,26164,1343.0,A. Oliveri,Italy,Pescara,Italy 2 - Serie B,Right Midfield,Midfield,22.0,929.0,45.7,46.3,46.7,50.4
3861546,25682,643.0,A. Opoku,Germany,Kayserispor,Türkiye 1 - Super Lig,Right Wing,Attack,26.0,1234.0,49.2,49.7,47.8,52.1
37633238,25599,11364.0,A. Opoku Sarfo,Ghana,FK Nizjni Novgorod,Russia 1 - Premier League,Defensive Midfield,Midfield,20.0,1260.0,49.6,50.2,49.3,64.1
7698454,25745,1198.0,A. Orellana Gómez,Spain,Estoril,Portugal 1 - Liga Portugal,Defensive Midfield,Midfield,25.0,1318.0,51.8,51.9,48.9,47.8
37530358,25584,3358.0,A. Oreč,Croatia,Rijeka,Croatia 1 - 1. HNL,Right Back,Defence,23.0,2338.0,48.3,49.0,50.2,50.1
1485606,25599,452.0,A. Oroz,Croatia,Krylya Sovetov,Russia 1 - Premier League,Centre Back,Defence,24.0,1650.0,50.5,49.8,49.1,46.5
5811,25649,225.0,A. Oshilaja,England,Mansfield Town,England 3 - League One,Centre Back,Defence,32.0,2996.0,46.8,47.3,46.7,51.3
114115,25566,112.0,A. Osváth,Hungary,Ferencvárosi,Hungary 1 - NB I,Right Back,Defence,29.0,986.0,50.6,51.2,51.7,52.2
114115,25566,2791.0,A. Osváth,Hungary,Paksi SE,Hungary 1 - NB I,Right Back,Defence,29.0,1408.0,54.3,55.0,56.9,46.8
37749199,25637,2783.0,A. Ouazane,Morocco,Jong Ajax,Netherlands 2 - Eerste Divisie,Attacking Midfield,Midfield,16.0,1499.0,51.8,51.4,51.4,46.4
25930745,25600,1087.0,A. Ousou,Sweden,Sporting Charleroi,Belgium 1 - Pro League,Centre Back,Defence,25.0,3396.0,53.0,53.1,53.7,49.4
37407034,25662,4136.0,A. Outtara Mohammed,Ivory Coast,Maccabi Netanya,Israel 1 - Ligat ha'Al,Defensive Midfield,Midfield,24.0,2102.0,50.9,51.5,55.2,51.6
35280474,26164,4070.0,A. Oyono Omva Torque,France,Frosinone,Italy 2 - Serie B,Right Back,Defence,24.0,2764.0,53.7,54.0,53.5,49.6
201517,25682,13860.0,A. Oğuz,Türkiye,Kocaelispor,Türkiye 1 - Super Lig,Right Back,Defence,32.0,2148.0,54.4,52.5,52.3,57.1
183440,25759,990.0,A. Ožbolt,Slovenia,Levadiakos,Greece 1 - Super League,Centre Forward,Attack,29.0,1674.0,50.8,51.0,50.7,38.3
31616510,25673,3169.0,A. Pacheco Ruiz,Spain,Albacete,Spain 2 - La Liga 2,Central Midfield,Midfield,23.0,2100.0,50.7,50.9,50.9,53.9
199661,25641,8474.0,A. Padula,Italy,UTA Arad,Romania 1 - Superliga,Left Back,Defence,29.0,1057.0,49.1,50.7,50.1,50.3
28912771,25584,906.0,A. Pajaziti,Albania,Hajduk Split,Croatia 1 - 1. HNL,Defensive Midfield,Midfield,22.0,1970.0,55.2,55.8,56.2,49.4
132272,26164,1216.0,A. Palumbo,Italy,Palermo,Italy 2 - Serie B,Central Midfield,Midfield,29.0,2645.0,55.2,54.9,55.5,44.6
3876547,25607,13775.0,A. Papadopoulos,Germany,Lugano,Switzerland 1 - Super League,Centre Back,Defence,25.0,2945.0,50.9,49.3,51.5,52.1
37451385,26164,2892.0,A. Papetti,Italy,Reggiana,Italy 2 - Serie B,Centre Back,Defence,23.0,2934.0,47.2,47.6,44.7,46.2
18567638,25653,3300.0,A. Pasic,Austria,Blau-Weiß Linz,Austria 1 - Admiral Bundesliga,Centre Back,Defence,27.0,2007.0,48.7,49.1,46.4,50.5
37788996,25567,3674.0,A. Pavlovic,Serbia,OFK Beograd,Serbia 1 - Super Liga,Centre Back,Defence,17.0,2152.0,45.8,45.5,45.0,45.4
540008,25641,7773.0,A. Pașcanu,Romania,Rapid Bucuresti,Romania 1 - Superliga,Centre Back,Defence,26.0,2380.0,48.2,47.5,48.9,43.4
5283627,25662,229320.0,A. Pejić,Serbia,Maccabi Bnei Raina,Israel 1 - Ligat ha'Al,Defensive Midfield,Midfield,26.0,1183.0,44.9,44.8,45.1,51.6
177330,25567,6318.0,A. Pejović,Serbia,Radnik Surdulica,Serbia 1 - Super Liga,Defensive Midfield,Midfield,34.0,1736.0,58.5,60.9,57.8,45.6
5332181,25535,890.0,A. Pelmard,France,Jagiellonia Białystok,Poland 1 - Ekstraklasa,Centre Back,Defence,25.0,1392.0,50.9,51.1,51.0,42.2
23278611,25597,61.0,A. Penetra Correia,Portugal,AZ,Netherlands 1 - Eredivisie,Centre Back,Defence,23.0,2849.0,53.6,54.0,54.1,48.4
37543787,25735,3117.0,A. Penin,France,Patro Eisden Maasmechelen,Belgium 2 - Challenger Pro League,Right Back,Defence,22.0,1817.0,42.2,42.6,43.1,45.4
37264438,25649,110.0,A. Pepple,Canada,Plymouth Argyle,England 3 - League One,Centre Forward,Attack,22.0,2148.0,51.3,51.0,52.4,46.8
129910,26164,1628.0,A. Petagna,Italy,Monza,Italy 2 - Serie B,Centre Forward,Attack,30.0,1267.0,56.4,56.8,57.2,58.0
378647,25759,27943.0,A. Petkov,Bulgaria,Kifisia,Greece 1 - Super League,Centre Back,Defence,26.0,1693.0,46.5,45.8,48.2,49.9
37659711,25567,28028.0,A. Petrović,Serbia,Bačka Topola,Serbia 1 - Super Liga,Central Midfield,Midfield,19.0,1158.0,47.5,46.7,47.0,42.5
537362,25649,54.0,A. Phillips,England,Barnsley,England 3 - League One,Attacking Midfield,Midfield,27.0,2976.0,47.7,48.2,46.9,48.2
37582649,25648,26.0,A. Phillips,England,Stoke City,England 2 - Championship,Centre Back,Defence,20.0,3340.0,48.2,47.4,48.4,51.8
37590625,25600,357.0,A. Piedfort,Belgium,Westerlo,Belgium 1 - Pro League,Defensive Midfield,Midfield,20.0,2994.0,49.6,49.4,47.9,54.1
37554677,25658,1461.0,A. Pinot,France,Boulogne,France 2 - Ligue 2,Centre Back,Defence,24.0,1783.0,48.7,48.2,48.7,50.5
1496514,25641,803.0,A. Pinto Lopes,Portugal,Otelul,Romania 1 - Superliga,Left Wing,Attack,28.0,2761.0,46.2,45.9,45.6,46.3
37646668,25636,8724.0,A. Pisani Laugesen,Denmark,Aarhus Fremad,Denmark 2 - First Division,Centre Back,Defence,21.0,1679.0,44.3,44.1,45.5,51.7
37580239,25658,1461.0,A. Platret,France,Boulogne,France 2 - Ligue 2,Right Midfield,Midfield,22.0,1430.0,52.9,53.9,52.7,53.9
85866,25536,86.0,A. Poulsen,Denmark,Silkeborg IF,Denmark 1 - Superliga,Left Back,Defence,25.0,1925.0,46.1,46.1,46.6,46.5
108970,25759,118.0,A. Poungouras,Greece,OFI,Greece 1 - Super League,Centre Back,Defence,29.0,1080.0,43.4,42.6,43.8,38.7
189349,25535,890.0,A. Pozo Pozo,Spain,Jagiellonia Białystok,Poland 1 - Ekstraklasa,Right Wing,Attack,26.0,2429.0,46.6,46.2,46.0,51.8
12393393,25591,2727.0,A. Preciado Quiñónez,Ecuador,Sparta Praha,Czech Republic 1 - Chance Liga,Right Back,Defence,27.0,963.0,53.3,54.3,54.4,58.2
37603723,25648,12.0,A. Priske,Denmark,Birmingham City,England 2 - Championship,Centre Forward,Attack,21.0,911.0,49.9,50.0,49.9,58.8
37680258,25535,808.0,A. Przyborek,Poland,Pogoń Szczecin,Poland 1 - Ekstraklasa,Attacking Midfield,Midfield,18.0,953.0,48.9,49.4,49.3,44.8
7698433,25673,618.0,A. Puigmal Martínez,Spain,Almería,Spain 2 - La Liga 2,Right Wing,Attack,24.0,1510.0,56.6,55.4,54.8,57.6
1477625,25535,890.0,A. Pululu,France,Jagiellonia Białystok,Poland 1 - Ekstraklasa,Centre Forward,Attack,26.0,2361.0,53.8,53.7,54.8,49.6
155817,25535,2512.0,A. Putivtsev,Ukraine,Nieciecza,Poland 1 - Ekstraklasa,Centre Back,Defence,36.0,1089.0,47.6,47.4,46.5,50.4
37587454,25673,274.0,A. Pérez Hidalgo,Spain,Huesca,Spain 2 - La Liga 2,Right Wing,Attack,22.0,1158.0,49.8,50.0,49.8,48.7
37286727,25649,183.0,A. Quitirna,England,Wycombe Wanderers,England 3 - League One,Attacking Midfield,Midfield,25.0,1612.0,47.3,46.7,50.2,55.9
97394,25658,7758.0,A. Rabillard,France,Le Mans,France 2 - Ligue 2,Centre Forward,Attack,29.0,1658.0,53.1,53.6,52.8,48.5
37681446,25567,2707.0,A. Radonjić,Serbia,Javor Ivanjica,Serbia 1 - Super Liga,Right Wing,Attack,19.0,2017.0,44.2,44.6,45.7,46.5
178034,25673,3968.0,A. Radovanović,Serbia,Real Zaragoza,Spain 2 - La Liga 2,Centre Back,Defence,31.0,1567.0,49.1,48.9,49.3,47.7
159361,25535,1266.0,A. Radwański,Poland,Zagłębie Lubin,Poland 1 - Ekstraklasa,Attacking Midfield,Midfield,27.0,1628.0,52.2,51.1,50.8,49.9
66795,25599,452.0,A. Rahmanović,Bosnia and Herzegovina,Krylya Sovetov,Russia 1 - Premier League,Attacking Midfield,Midfield,31.0,1560.0,45.3,45.9,46.0,51.7
37570226,26164,4070.0,A. Raimondo,Italy,Frosinone,Italy 2 - Serie B,Centre Forward,Attack,21.0,2375.0,49.9,49.6,49.9,48.5
37702638,25735,3117.0,A. Rais,Netherlands,Patro Eisden Maasmechelen,Belgium 2 - Challenger Pro League,Attacking Midfield,Midfield,20.0,1485.0,42.1,40.1,43.3,53.9
173129,25598,53.0,A. Ralston,Scotland,Celtic,Scotland 1 - Premiership,Right Back,Defence,26.0,1300.0,58.3,57.2,55.3,58.9
25591532,25648,122.0,A. Randell,England,Bristol City,England 2 - Championship,Defensive Midfield,Midfield,24.0,3639.0,52.9,53.2,51.2,50.1
37718039,25658,108.0,A. Raslan Kanté,Ivory Coast,Saint-Étienne,France 2 - Ligue 2,Defensive Midfield,Midfield,20.0,1149.0,53.8,54.5,54.2,52.6
24818234,25536,2394.0,A. Rasmussen,Denmark,Nordsjælland,Denmark 1 - Superliga,Centre Forward,Attack,23.0,1316.0,50.4,50.7,50.3,52.1
2663,25649,305.0,A. Reach,England,Lincoln City,England 3 - League One,Left Back,Defence,32.0,2613.0,48.5,48.4,50.1,48.6
32636,25584,906.0,A. Rebić,Croatia,Hajduk Split,Croatia 1 - 1. HNL,Left Wing,Attack,31.0,1828.0,51.0,51.2,51.3,53.3
96276,25658,7758.0,A. Ribelin,France,Le Mans,France 2 - Ligue 2,Right Back,Defence,29.0,1051.0,47.9,47.6,48.0,45.3
23288620,26164,522.0,A. Riccio,Italy,Sampdoria,Italy 2 - Serie B,Centre Back,Defence,23.0,977.0,49.7,49.8,49.5,46.9
447151,25759,7261.0,A. Riera Torrecillas,Spain,Panserraikos,Greece 1 - Super League,Attacking Midfield,Midfield,29.0,1357.0,47.7,47.0,48.0,49.4
28912759,25649,69.0,A. Robertson,Australia,Cardiff City,England 3 - League One,Central Midfield,Midfield,22.0,2153.0,52.4,52.5,52.2,54.2
165863,25641,8474.0,A. Roman,Romania,UTA Arad,Romania 1 - Superliga,Attacking Midfield,Midfield,31.0,2941.0,55.2,55.7,53.5,41.3
37666500,26164,345.0,A. Romano,Switzerland,Spezia,Italy 2 - Serie B,Defensive Midfield,Midfield,19.0,1429.0,54.7,55.4,52.1,49.7
37616325,25653,3678.0,A. Romeo,Ivory Coast,SK Rapid,Austria 1 - Admiral Bundesliga,Central Midfield,Midfield,22.0,2768.0,54.2,55.0,54.8,60.3
9302725,25658,430.0,A. Roncaglia,France,Bastia,France 2 - Ligue 2,Centre Back,Defence,24.0,1771.0,48.4,48.2,47.8,43.7
37572246,25591,2727.0,A. Rrahmani,Kosovo,Sparta Praha,Czech Republic 1 - Chance Liga,Centre Forward,Attack,24.0,1778.0,55.5,55.3,55.7,52.7
37563219,25673,3169.0,A. Rubio Roldan,Spain,Albacete,Spain 2 - La Liga 2,Centre Forward,Attack,23.0,952.0,52.4,52.8,52.7,41.9
1452869,25599,490.0,A. Rudenko,Russia,Lokomotiv Moskva,Russia 1 - Premier League,Left Wing,Attack,26.0,2070.0,48.5,47.9,48.9,53.1
116888,25641,11676.0,A. Rus,Romania,Universitatea Craiova,Romania 1 - Superliga,Centre Back,Defence,29.0,2163.0,48.0,47.1,50.8,48.4
30446986,25658,2919.0,A. Sagna,Senegal,Guingamp,France 2 - Ligue 2,Right Wing,Attack,26.0,1698.0,45.4,45.6,45.3,52.8
37560925,25636,211.0,A. Saine,Gambia,Horsens,Denmark 2 - First Division,Centre Back,Defence,22.0,1316.0,49.1,47.7,46.7,49.8
23661347,25597,682.0,A. Salah-Eddine,Morocco,PSV,Netherlands 1 - Eredivisie,Left Back,Defence,23.0,1092.0,52.9,53.5,52.2,57.7
37766974,25636,211.0,A. Salam Moro,Denmark,Horsens,Denmark 2 - First Division,Defensive Midfield,Midfield,19.0,1202.0,52.4,52.7,54.1,56.6
37711162,25597,919.0,A. Santos,Netherlands,Sparta Rotterdam,Netherlands 1 - Eredivisie,Attacking Midfield,Midfield,20.0,1569.0,48.7,49.1,48.9,58.6
8788,25649,137.0,A. Sarcevic,England,Bradford City,England 3 - League One,Attacking Midfield,Midfield,33.0,3008.0,44.7,45.0,44.9,47.0
165524,25641,11711.0,A. Sava,Romania,Metaloglobus,Romania 1 - Superliga,Left Back,Defence,34.0,2406.0,50.1,49.7,50.1,39.9
5641079,25600,357.0,A. Sayyadmanesh,Iran,Westerlo,Belgium 1 - Pro League,Right Wing,Attack,24.0,2236.0,52.6,52.3,52.9,54.2
103140,25600,1087.0,A. Scheidler,France,Sporting Charleroi,Belgium 1 - Pro League,Centre Forward,Attack,27.0,2930.0,49.0,48.9,48.5,56.9
37555815,25745,605.0,A. Schjelderup,Norway,Benfica,Portugal 1 - Liga Portugal,Left Wing,Attack,21.0,1732.0,56.2,55.5,56.2,57.1
32549,25653,3787.0,A. Schöpf,Austria,Wolfsberger AC,Austria 1 - Admiral Bundesliga,Central Midfield,Midfield,31.0,1824.0,52.7,52.6,52.7,49.5
153244,25662,571.0,A. Seck,Senegal,Maccabi Haifa,Israel 1 - Ligat ha'Al,Centre Back,Defence,33.0,2173.0,51.5,51.6,50.3,52.8
37407448,25648,5.0,A. Segečić,Croatia,Portsmouth,England 2 - Championship,Right Wing,Attack,21.0,2284.0,53.3,53.0,53.4,44.5
37337514,25636,1371.0,A. Sejr Lausen,Denmark,Esbjerg,Denmark 2 - First Division,Central Midfield,Midfield,22.0,2646.0,50.2,50.3,50.7,47.2
24816774,25601,6615.0,A. Selecký,Slovakia,Ružomberok,Slovakia 1 - Niké Liga,Left Back,Defence,22.0,2360.0,46.8,46.9,50.1,41.2
25954329,26164,1000.0,A. Sersanti,Italy,Modena,Italy 2 - Serie B,Central Midfield,Midfield,23.0,1086.0,48.7,49.2,50.0,67.9
38208042,25662,6961.0,A. Sheratzky,Israel,Ironi Kiryat Shmona,Israel 1 - Ligat ha'Al,Attacking Midfield,Midfield,23.0,976.0,50.1,49.2,48.5,37.4
32786785,25567,3001.0,A. Shestyuk,Belarus,Radnički Niš,Serbia 1 - Super Liga,Centre Forward,Attack,23.0,949.0,50.1,49.8,50.1,46.2
37317013,25535,1228.0,A. Sidibe,Ivory Coast,Arka Gdynia,Poland 1 - Ekstraklasa,Attacking Midfield,Midfield,23.0,1079.0,44.7,44.3,44.9,59.8
37738301,25649,249.0,A. Sidibeh,England,Stockport County,England 3 - League One,Centre Forward,Attack,27.0,1226.0,48.6,48.3,48.7,49.8
37445049,25673,10008.0,A. Sienra,Argentina,Castellón,Spain 2 - La Liga 2,Centre Back,Defence,26.0,1781.0,51.7,51.8,49.2,53.5
37562176,25607,468.0,A. Silu,Brazil,Basel,Switzerland 1 - Super League,Central Midfield,Midfield,22.0,2263.0,51.1,51.2,51.1,59.8
25548620,25599,490.0,A. Silyanov,Russia,Lokomotiv Moskva,Russia 1 - Premier League,Right Back,Defence,24.0,2356.0,51.9,51.4,51.6,54.7
37341855,25682,347.0,A. Simão Muanza,Angola,Alanyaspor,Türkiye 1 - Super Lig,Defensive Midfield,Midfield,22.0,1425.0,52.6,51.7,51.7,50.8
99187,25600,355.0,A. Sissako,France,Sint-Truiden,Belgium 1 - Pro League,Defensive Midfield,Midfield,27.0,3350.0,51.1,50.7,52.4,55.3
34455832,25636,1371.0,A. Skipper Hendriksen,Denmark,Esbjerg,Denmark 2 - First Division,Centre Back,Defence,25.0,2067.0,47.1,47.3,45.9,48.1
28571322,25566,4312.0,A. Skribek,Hungary,Zalaegerszegi TE,Hungary 1 - NB I,Left Wing,Attack,24.0,2226.0,50.4,50.4,50.7,40.6
37357411,25648,33.0,A. Slimane,Tunisia,Norwich City,England 2 - Championship,Attacking Midfield,Midfield,24.0,1232.0,54.1,55.6,54.5,55.4
37539305,25636,8657.0,A. Smed,Denmark,Hvidovre,Denmark 2 - First Division,Left Wing,Attack,28.0,2222.0,45.1,44.1,43.3,42.6
25188217,25649,301.0,A. Smith,England,AFC Wimbledon,England 3 - League One,Central Midfield,Midfield,26.0,4017.0,45.2,45.3,45.4,46.8
37634563,25637,3115.0,A. Smits,Netherlands,Jong AZ,Netherlands 2 - Eerste Divisie,Centre Forward,Attack,20.0,1014.0,46.1,46.9,45.2,49.2
172130,25599,2963.0,A. Sobolev,Russia,Zenit,Russia 1 - Premier League,Centre Forward,Attack,28.0,1658.0,53.1,53.2,53.8,60.8
37656175,25591,3552.0,A. Sojka,Czech Republic,Hradec Králové,Czech Republic 1 - Chance Liga,Central Midfield,Midfield,22.0,1085.0,48.3,48.0,48.2,55.1
530758,25673,103.0,A. Sola López Ocaña,Spain,Granada,Spain 2 - La Liga 2,Right Wing,Attack,26.0,2605.0,50.4,51.1,49.9,58.2
377250,25599,5585.0,A. Soldatenkov,Russia,Sochi,Russia 1 - Premier League,Centre Back,Defence,28.0,1979.0,50.2,50.9,51.4,51.1
9308116,25641,1026.0,A. Soro Álvarez,Spain,Dinamo Bucureşti,Romania 1 - Superliga,Attacking Midfield,Midfield,26.0,1606.0,52.7,55.8,51.2,49.0
159809,25682,88.0,A. Souza Conceição,Brazil,Fenerbahçe,Türkiye 1 - Super Lig,Attacking Midfield,Midfield,31.0,1957.0,56.5,56.3,56.8,49.2
37579791,25607,2357.0,A. Sow,Switzerland,Lausanne Sport,Switzerland 1 - Super League,Centre Back,Defence,22.0,2523.0,47.5,47.0,48.9,57.7
132244,25682,1041.0,A. Sowe,Gambia,Rizespor,Türkiye 1 - Super Lig,Centre Forward,Attack,31.0,2293.0,51.2,51.4,51.2,46.5
37655682,25735,247549.0,A. Spegelaere,Belgium,KSC Lokeren,Belgium 2 - Challenger Pro League,Centre Back,Defence,22.0,1437.0,46.1,45.3,46.1,42.2
37733807,25567,28028.0,A. Stancic,Serbia,Bačka Topola,Serbia 1 - Super Liga,Central Midfield,Midfield,18.0,1280.0,49.0,49.3,49.7,48.6
37619380,25735,227972.0,A. Stanic,Belgium,Koninklijke Lierse Sportkring,Belgium 2 - Challenger Pro League,Centre Forward,Attack,20.0,1108.0,47.8,47.7,48.2,47.1
37600650,25600,340.0,A. Stankovic,Serbia,Club Brugge,Belgium 1 - Pro League,Defensive Midfield,Midfield,19.0,3076.0,54.9,54.9,56.9,53.6
37653343,25597,750.0,A. Stepanov,Ukraine,FC Utrecht,Netherlands 1 - Eredivisie,Centre Forward,Attack,17.0,941.0,52.6,52.3,52.8,51.8
37705033,25584,5428.0,A. Stojaković,Slovenia,Lokomotiva Zagreb,Croatia 1 - 1. HNL,Centre Forward,Attack,21.0,2620.0,47.1,47.0,46.9,45.5
30875547,25567,6662.0,A. Stojanović,Serbia,Čukarički,Serbia 1 - Super Liga,Left Back,Defence,26.0,1178.0,52.1,52.1,52.1,51.9
37430182,25591,234.0,A. Stoǰchevski,Macedonia,Slovácko,Czech Republic 1 - Chance Liga,Centre Back,Defence,22.0,2179.0,47.3,46.9,46.1,49.0
21781423,25591,3097.0,A. Sylla,Guinea,Sigma Olomouc,Czech Republic 1 - Chance Liga,Centre Back,Defence,25.0,2296.0,52.0,52.4,52.5,46.4
37590857,25601,662.0,A. Sylla,Senegal,Dunajská Streda,Slovakia 1 - Niké Liga,Left Wing,Attack,22.0,1235.0,50.3,49.9,50.0,55.0
53557,25535,808.0,A. Szalai,Hungary,Pogoń Szczecin,Poland 1 - Ekstraklasa,Centre Back,Defence,27.0,1260.0,51.0,51.8,51.5,42.0
53557,25682,1071.0,A. Szalai,Hungary,Kasımpaşa,Türkiye 1 - Super Lig,Centre Back,Defence,27.0,1165.0,53.2,53.6,52.6,47.6
52750,25591,2727.0,A. Sørensen,Denmark,Sparta Praha,Czech Republic 1 - Chance Liga,Centre Back,Defence,29.0,1855.0,53.4,54.3,55.6,50.4
12058670,25536,1789.0,A. Sørensen,Denmark,Odense BK,Denmark 1 - Superliga,Left Back,Defence,24.0,1496.0,48.3,48.7,49.4,48.4
37767711,25637,94.0,A. Tahaui,Netherlands,Vitesse,Netherlands 2 - Eerste Divisie,Central Midfield,Midfield,20.0,2830.0,52.4,52.6,53.4,45.6
11675760,25601,3283.0,A. Taiwo,Nigeria,Spartak Trnava,Slovakia 1 - Niké Liga,Centre Forward,Attack,26.0,931.0,48.6,48.4,49.2,46.5
37684847,25735,261625.0,A. Tajaouart,Belgium,RSCA Futures U23,Belgium 2 - Challenger Pro League,Central Midfield,Midfield,19.0,1314.0,50.8,50.5,50.3,49.1
540017,25600,1118.0,A. Tanghe,Belgium,Zulte-Waregem,Belgium 1 - Pro League,Centre Back,Defence,26.0,1665.0,52.7,52.5,54.3,42.5
20693916,25591,4484.0,A. Tanko,Nigeria,Pardubice,Czech Republic 1 - Chance Liga,Right Wing,Attack,27.0,2040.0,49.4,49.5,49.4,46.1
27422479,25535,3191.0,A. Tapsoba,Burkina Faso,Radomiak Radom,Poland 1 - Ekstraklasa,Centre Forward,Attack,23.0,1201.0,49.5,48.8,49.9,59.0
37354828,25745,605.0,A. Tavares Silva,Portugal,Benfica,Portugal 1 - Liga Portugal,Centre Back,Defence,21.0,1858.0,62.1,63.7,61.1,57.8
106654,25599,3452.0,A. Tchitchinadze,Georgia,Orenburg,Russia 1 - Premier League,Centre Back,Defence,27.0,1265.0,47.7,47.8,44.6,48.3
204936,25759,7261.0,A. Teixeira Santos,Brazil,Panserraikos,Greece 1 - Super League,Attacking Midfield,Midfield,35.0,1291.0,46.9,46.0,46.6,42.5
5283710,25566,506.0,A. Temesvári,Hungary,Nyíregyháza Spartacus,Hungary 1 - NB I,Centre Back,Defence,25.0,1997.0,46.6,46.3,46.4,55.3
2170272,25653,49.0,A. Terzić,Serbia,Salzburg,Austria 1 - Admiral Bundesliga,Left Back,Defence,25.0,997.0,55.7,55.6,55.8,55.7
37603288,25759,57.0,A. Tetteh,Ghana,Panathinaikos,Greece 1 - Super League,Centre Forward,Attack,24.0,1108.0,53.3,53.0,53.9,54.3
37603288,25759,27943.0,A. Tetteh,Ghana,Kifisia,Greece 1 - Super League,Centre Forward,Attack,24.0,1247.0,50.5,50.9,51.3,53.9
37916297,25735,7085.0,A. Thea,Belgium,OC Charleroi,Belgium 2 - Challenger Pro League,Left Back,Defence,20.0,1221.0,46.3,46.3,45.9,45.5
37725959,25637,2971.0,A. Thomas,Netherlands,Jong PSV,Netherlands 2 - Eerste Divisie,Left Wing,Attack,18.0,1492.0,48.9,49.4,49.9,46.9
37693996,25658,1028.0,A. Tia,Mali,Reims,France 2 - Ligue 2,Attacking Midfield,Midfield,18.0,1568.0,52.1,53.2,52.6,58.7
133621,26164,7818.0,A. Tiritiello,Italy,Virtus Entella,Italy 2 - Serie B,Centre Back,Defence,30.0,2210.0,54.2,54.9,55.4,58.3
62946,25759,57.0,A. Touba,Algeria,Panathinaikos,Greece 1 - Super League,Centre Back,Defence,27.0,1922.0,50.7,51.4,49.5,52.9
37909881,25567,3471.0,A. Trajković,Serbia,Spartak Subotica,Serbia 1 - Super Liga,Attacking Midfield,Midfield,18.0,1175.0,46.1,45.9,45.4,54.0
37697452,25591,512.0,A. Traoré,Ivory Coast,Karviná,Czech Republic 1 - Chance Liga,Right Back,Defence,20.0,1714.0,47.0,48.0,47.9,51.0
37768886,25600,1947.0,A. Traoré,Guinea,OH Leuven,Belgium 1 - Pro League,Centre Forward,Attack,18.0,950.0,51.3,51.2,51.3,52.0
12393469,25745,4092.0,A. Trezza Hernández,Uruguay,Arouca,Portugal 1 - Liga Portugal,Right Wing,Attack,26.0,2346.0,49.5,49.3,50.0,45.3
37606827,25636,1371.0,A. Troelsen,Denmark,Esbjerg,Denmark 2 - First Division,Centre Back,Defence,22.0,1596.0,51.4,52.3,51.4,45.8
3857303,25658,9291.0,A. Trouillet,France,Rodez,France 2 - Ligue 2,Central Midfield,Midfield,24.0,1109.0,49.0,49.0,49.2,52.7
262280,25598,53.0,A. Trusty,United States,Celtic,Scotland 1 - Premiership,Centre Back,Defence,26.0,2162.0,55.8,57.3,54.6,58.9
28912824,25745,1198.0,A. Tsoungui,Belgium,Estoril,Portugal 1 - Liga Portugal,Centre Back,Defence,22.0,1372.0,53.9,52.9,52.1,51.0
189956,25673,12330.0,A. Tuhami,Morocco,Ceuta,Spain 2 - La Liga 2,Right Wing,Attack,30.0,1935.0,44.9,44.8,44.0,60.8
37512318,25601,6615.0,A. Tučný,Slovakia,Ružomberok,Slovakia 1 - Niké Liga,Left Wing,Attack,23.0,1461.0,48.0,47.6,47.6,47.9
37624325,25566,112.0,A. Tóth,Hungary,Ferencvárosi,Hungary 1 - NB I,Central Midfield,Midfield,19.0,992.0,55.1,55.9,55.8,42.9
21773355,25597,73.0,A. Ueda,Japan,Feyenoord,Netherlands 1 - Eredivisie,Centre Forward,Attack,26.0,2536.0,54.9,54.2,55.5,54.2
259279,25662,6961.0,A. Ugarriza Tello,Peru,Ironi Kiryat Shmona,Israel 1 - Ligat ha'Al,Centre Forward,Attack,28.0,2594.0,51.0,50.6,51.3,42.8
37423161,25600,328.0,A. Valencia,Ecuador,Antwerp,Belgium 1 - Pro League,Right Wing,Attack,22.0,1322.0,55.2,55.1,56.0,55.4
54042,25653,3357.0,A. Vallci,Austria,Sturm Graz,Austria 1 - Admiral Bundesliga,Centre Back,Defence,30.0,1260.0,53.4,53.6,53.0,56.9
188769,25566,892.0,A. Vallejo Mínguez,Spain,Diósgyőr,Hungary 1 - NB I,Defensive Midfield,Midfield,33.0,2211.0,50.9,51.6,53.7,51.4
29674834,25597,1403.0,A. Van Hoorenbeeck,Belgium,Heracles Almelo,Netherlands 1 - Eredivisie,Centre Back,Defence,26.0,2156.0,48.9,48.4,49.1,48.1
37571731,25653,3569.0,A. Van Wyk,South Africa,Ried,Austria 1 - Admiral Bundesliga,Right Wing,Attack,23.0,1986.0,48.6,48.8,48.9,45.9
37537770,25745,652.0,A. Varela,Argentina,Porto,Portugal 1 - Liga Portugal,Defensive Midfield,Midfield,24.0,2322.0,58.4,58.6,55.8,49.6
178084,25567,230490.0,A. Varjačić,Serbia,Mladost Lučani,Serbia 1 - Super Liga,Right Midfield,Midfield,34.0,946.0,52.1,52.3,52.7,49.4
37723753,25607,3091.0,A. Vasovic,Switzerland,Luzern,Switzerland 1 - Super League,Centre Forward,Attack,17.0,954.0,51.6,51.5,51.8,46.6
37695458,25600,328.0,A. Verstraeten,Belgium,Antwerp,Belgium 1 - Pro League,Centre Back,Defence,19.0,922.0,56.0,55.9,55.3,48.9
37569795,25536,86.0,A. Vikman,Sweden,Silkeborg IF,Denmark 1 - Superliga,Central Midfield,Midfield,21.0,968.0,49.7,49.3,48.8,45.7
187160,25673,9818.0,A. Villalibre Molina,Spain,Racing Santander,Spain 2 - La Liga 2,Centre Forward,Attack,27.0,1331.0,56.2,55.9,57.0,49.0
37526248,25607,647.0,A. Virginius,France,Young Boys,Switzerland 1 - Super League,Left Midfield,Midfield,22.0,1603.0,55.6,52.1,53.8,46.7
80894,25591,3552.0,A. Vlkanova,Czech Republic,Hradec Králové,Czech Republic 1 - Chance Liga,Attacking Midfield,Midfield,30.0,2187.0,49.2,48.0,48.9,48.6
37651709,25607,362.0,A. Vogt,Switzerland,St. Gallen,Switzerland 1 - Super League,Centre Forward,Attack,20.0,2338.0,50.9,50.8,51.6,46.7
177992,25567,2945.0,A. Vukanović,Serbia,Vojvodina,Serbia 1 - Super Liga,Centre Forward,Attack,33.0,2263.0,48.6,48.9,48.3,49.5
37600660,25567,3674.0,A. Vukičević,Serbia,OFK Beograd,Serbia 1 - Super Liga,Centre Back,Defence,20.0,1490.0,48.7,48.8,47.3,49.0
129384,25652,482.0,A. Vukotić,Serbia,Darmstadt 98,Germany 2 - 2. Bundesliga,Centre Back,Defence,30.0,1583.0,52.3,52.4,54.6,61.6
147556,25648,99.0,A. Vukčević,Montenegro,Preston North End,England 2 - Championship,Left Back,Defence,28.0,1260.0,50.6,52.2,53.4,49.0
339,25653,3678.0,A. Weimann,Austria,SK Rapid,Austria 1 - Admiral Bundesliga,Centre Forward,Attack,33.0,1305.0,45.4,44.8,44.8,44.2
37659140,25601,2759.0,A. Yakubu Hassan,Nigeria,Trenčín,Slovakia 1 - Niké Liga,Defensive Midfield,Midfield,20.0,1337.0,51.2,51.6,56.3,53.2
6507,25649,23.0,A. Yiadom,Ghana,Reading,England 3 - League One,Right Back,Defence,33.0,1065.0,47.7,48.1,47.2,55.7
37561722,25735,261624.0,A. Yokoyama,Japan,Jong KRC Genk U23,Belgium 2 - Challenger Pro League,Left Wing,Attack,22.0,1144.0,55.6,55.3,55.3,43.6
37610637,25662,589.0,A. Yona,Israel,Beitar Jerusalem,Israel 1 - Ligat ha'Al,Attacking Midfield,Midfield,21.0,1565.0,48.2,48.8,48.7,46.4
95978,25566,396.0,A. Youga,Central African Republic,Debrecen,Hungary 1 - NB I,Central Midfield,Midfield,32.0,1278.0,47.1,47.7,46.7,48.4
5640845,25567,28029.0,A. Yusif,Ghana,Železničar Pančevo,Serbia 1 - Super Liga,Right Back,Defence,23.0,1199.0,48.3,48.3,47.8,53.5
4536591,25597,1652.0,A. Zagre,France,Excelsior,Netherlands 1 - Eredivisie,Left Back,Defence,23.0,2387.0,49.3,50.4,49.5,48.7
37920793,25637,1731.0,A. Zaian,Netherlands,MVV Maastricht,Netherlands 2 - Eerste Divisie,Centre Back,Defence,21.0,1149.0,47.3,47.0,48.8,49.4
37259845,25759,57.0,A. Zaroury,Morocco,Panathinaikos,Greece 1 - Super League,Left Wing,Attack,24.0,1612.0,53.0,53.0,52.7,49.3
32777472,25566,2940.0,A. Zeljković,Slovenia,MTK,Hungary 1 - NB I,Defensive Midfield,Midfield,22.0,1041.0,48.0,48.6,49.6,51.3
376791,25599,5585.0,A. Zinkovskiy,Russia,Sochi,Russia 1 - Premier League,Left Wing,Attack,29.0,1700.0,52.1,51.7,51.4,48.6
21781590,25600,3958.0,A. Zorgane,Algeria,Union Saint-Gilloise,Belgium 1 - Pro League,Central Midfield,Midfield,25.0,2968.0,56.1,56.4,55.2,49.6
37778516,25658,1281.0,A. Zossou,Ivory Coast,Dunkerque,France 2 - Ligue 2,Left Wing,Attack,20.0,2034.0,49.5,49.3,49.5,45.6
81817,25535,2764.0,A. Zreľák,Slovakia,Katowice,Poland 1 - Ekstraklasa,Centre Forward,Attack,31.0,1323.0,45.6,45.8,45.2,50.8
181497,25601,5581.0,A. Zubairu,Nigeria,Zemplín Michalovce,Slovakia 1 - Niké Liga,Central Midfield,Midfield,26.0,1870.0,48.8,48.8,47.5,51.2
159396,25745,269225.0,A. de Jesus Santos,Brazil,AVS,Portugal 1 - Liga Portugal,Centre Back,Defence,36.0,1031.0,51.4,51.3,50.3,60.1
5641044,25745,1085.0,A. de Souza Guimarães,Brazil,Moreirense,Portugal 1 - Liga Portugal,Attacking Midfield,Midfield,25.0,2706.0,53.6,55.2,52.5,41.1
8093403,25745,2628.0,A. dos Santos da Silva,Brazil,Santa Clara,Portugal 1 - Liga Portugal,Defensive Midfield,Midfield,25.0,1447.0,52.6,52.8,52.8,40.8
27641,25637,2344.0,A. van den Hurk,Curaçao,Roda JC Kerkrade,Netherlands 2 - Eerste Divisie,Centre Forward,Attack,32.0,2621.0,50.9,50.5,50.7,51.2
9939204,25637,1073.0,A. van der Heide,Netherlands,De Graafschap,Netherlands 2 - Eerste Divisie,Right Wing,Attack,23.0,1029.0,53.7,53.9,52.7,53.5
3533357,25682,3990.0,A. Çankaya,Türkiye,Fatih Karagümrük,Türkiye 1 - Super Lig,Centre Back,Defence,27.0,1530.0,50.7,50.4,47.5,52.4
37620818,25682,3990.0,A. Çınar,Türkiye,Fatih Karagümrük,Türkiye 1 - Super Lig,Centre Back,Defence,22.0,1100.0,47.3,46.6,47.6,56.8
202531,25682,81.0,A. Ömür,Türkiye,Antalyaspor,Türkiye 1 - Super Lig,Right Midfield,Midfield,26.0,1322.0,48.0,48.3,47.8,49.4
21054928,25535,135.0,A. Ćirković,Serbia,Lechia Gdańsk,Poland 1 - Ekstraklasa,Left Wing,Attack,23.0,1689.0,52.7,52.1,51.9,47.7
539361,25759,57.0,A. Čerin,Slovenia,Panathinaikos,Greece 1 - Super League,Central Midfield,Midfield,26.0,1467.0,53.8,53.6,53.1,58.6
80320,25591,2488.0,A. Čermák,Czech Republic,Bohemians 1905,Czech Republic 1 - Chance Liga,Attacking Midfield,Midfield,30.0,2549.0,48.4,49.5,48.1,49.0
37583444,25567,3674.0,A. Đermanović,Serbia,OFK Beograd,Serbia 1 - Super Liga,Centre Back,Defence,22.0,1600.0,50.4,50.0,50.8,49.6
33165956,25599,237670.0,A. Đurasović,Serbia,Akron,Russia 1 - Premier League,Defensive Midfield,Midfield,22.0,920.0,48.0,47.7,45.8,44.6
37253391,25535,1266.0,A. Ławniczak,Poland,Zagłębie Lubin,Poland 1 - Ekstraklasa,Centre Back,Defence,26.0,1518.0,46.6,46.1,45.3,48.1
165633,25641,3444.0,A. Şut,Romania,FCSB,Romania 1 - Superliga,Defensive Midfield,Midfield,26.0,1190.0,55.2,56.1,57.2,47.3
37597184,25591,2727.0,A. Ševínský,Czech Republic,Sparta Praha,Czech Republic 1 - Chance Liga,Centre Back,Defence,21.0,1540.0,51.0,51.0,52.3,49.1
182905,25601,2417.0,A. Šporar,Slovenia,Slovan Bratislava,Slovakia 1 - Niké Liga,Centre Forward,Attack,31.0,985.0,57.5,57.9,58.4,45.5
37571435,25584,2500.0,A. Šuto,Australia,Slaven Koprivnica,Croatia 1 - 1. HNL,Centre Forward,Attack,25.0,1260.0,47.2,48.2,47.5,51.1
160928,25759,649.0,A. Živković,Serbia,PAOK,Greece 1 - Super League,Right Wing,Attack,29.0,1911.0,56.8,55.9,54.0,53.9
164430,25641,3195.0,A. Țigănașu,Romania,Botoşani,Romania 1 - Superliga,Left Back,Defence,35.0,1711.0,48.6,47.8,47.3,51.4
23688806,25641,11711.0,A. Țîrlea,Romania,Metaloglobus,Romania 1 - Superliga,Right Back,Defence,25.0,901.0,44.6,43.9,43.7,39.9
37954129,25566,2613.0,Abdulrasaq Ridwan Popoola,,Várda SE,Hungary 1 - NB I,Defensive Midfield,Midfield,18.0,2085.0,50.1,50.1,52.6,63.2
37503616,25601,662.0,Ammar Ramadan,Syria,Dunajská Streda,Slovakia 1 - Niké Liga,Left Wing,Attack,24.0,2009.0,52.5,53.2,54.1,50.7
37716699,25673,6827.0,Antonio Cordero,Spain,Cádiz,Spain 2 - La Liga 2,Left Wing,Attack,18.0,1304.0,51.5,50.4,50.3,42.4
80331,26164,522.0,Antonín Barák,Czech Republic,Sampdoria,Italy 2 - Serie B,Attacking Midfield,Midfield,30.0,1053.0,52.8,52.0,51.9,58.8
25206181,25735,227972.0,B. Adinany,Comoros,Koninklijke Lierse Sportkring,Belgium 2 - Challenger Pro League,Centre Forward,Attack,25.0,1791.0,45.9,46.2,46.5,53.0
25206251,25745,6377.0,B. Aguilera Zamora,Costa Rica,Rio Ave,Portugal 1 - Liga Portugal,Central Midfield,Midfield,22.0,1380.0,51.2,51.5,51.3,50.5
37579452,25745,269225.0,B. Akinsola,Nigeria,AVS,Portugal 1 - Liga Portugal,Left Wing,Attack,22.0,2444.0,49.3,49.5,48.4,45.9
38204755,25735,261625.0,B. Akomolede,Nigeria,RSCA Futures U23,Belgium 2 - Challenger Pro League,Left Back,Defence,18.0,978.0,47.1,46.6,46.4,55.4
24816933,25641,3444.0,B. Alhassan,Ghana,FCSB,Romania 1 - Superliga,Defensive Midfield,Midfield,25.0,1122.0,52.8,52.9,53.8,58.3
37266196,25652,2554.0,B. Allgeier,Germany,Hannover 96,Germany 2 - 2. Bundesliga,Centre Back,Defence,23.0,1102.0,52.5,52.5,51.9,47.2
37739331,25662,6900.0,B. Amian,Ivory Coast,Hapoel Petah Tikva,Israel 1 - Ligat ha'Al,Central Midfield,Midfield,22.0,1631.0,47.0,46.7,46.5,52.5
173948,25598,180.0,B. Anderson,Scotland,Kilmarnock,Scotland 1 - Premiership,Centre Forward,Attack,26.0,1910.0,44.9,45.1,44.5,41.1
37604832,25600,2938.0,B. Antonio,Zimbabwe,Mechelen,Belgium 1 - Pro League,Right Wing,Attack,22.0,1156.0,50.5,51.0,49.9,57.6
28912998,25745,884.0,B. Arrey-Mbi,Germany,Sporting Braga,Portugal 1 - Liga Portugal,Centre Back,Defence,22.0,1830.0,51.4,51.1,48.8,50.0
27805158,25682,81.0,B. Balcı,Türkiye,Antalyaspor,Türkiye 1 - Super Lig,Right Back,Defence,25.0,2351.0,51.6,50.8,50.7,52.4
112702,25566,2791.0,B. Balogh,Hungary,Paksi SE,Hungary 1 - NB I,Central Midfield,Midfield,35.0,918.0,52.3,52.8,52.3,46.7
23697799,25682,13860.0,B. Balogh,Hungary,Kocaelispor,Türkiye 1 - Super Lig,Centre Back,Defence,23.0,1657.0,48.5,48.5,50.2,50.2
581071,25598,314.0,B. Baningime,DR Congo,Hearts,Scotland 1 - Premiership,Defensive Midfield,Midfield,26.0,1742.0,47.5,46.4,49.1,48.9
340,25648,56.0,B. Bannan,Scotland,Sheffield Wednesday,England 2 - Championship,Central Midfield,Midfield,35.0,2457.0,57.9,58.6,57.4,44.5
113681,25566,396.0,B. Batik,Hungary,Debrecen,Hungary 1 - NB I,Defensive Midfield,Midfield,31.0,1808.0,44.8,45.6,44.8,52.8
37549637,25566,506.0,B. Benczenleitner,Hungary,Nyíregyháza Spartacus,Hungary 1 - NB I,Left Back,Defence,21.0,1527.0,48.0,47.5,47.4,48.4
133972,26164,1216.0,B. Bereszyński,Poland,Palermo,Italy 2 - Serie B,Right Back,Defence,33.0,920.0,49.1,49.6,49.9,57.3
15789914,26164,267.0,B. Bjarkson,Iceland,Venezia,Italy 2 - Serie B,Left Midfield,Midfield,25.0,908.0,51.8,51.0,51.3,50.9
37613757,25652,2927.0,B. Boakye,Ghana,DSC Arminia Bielefeld,Germany 2 - 2. Bundesliga,Left Wing,Attack,20.0,1245.0,46.4,48.1,46.6,59.8
37544385,25652,1077.0,B. Bobzien,Germany,Dynamo Dresden,Germany 2 - 2. Bundesliga,Left Wing,Attack,22.0,1157.0,52.8,52.3,52.3,47.2
37915710,25600,2938.0,B. Boersma,Netherlands,Mechelen,Belgium 1 - Pro League,Centre Forward,Attack,20.0,1325.0,48.0,48.3,48.4,49.9
37915710,25637,1073.0,B. Boersma,Netherlands,De Graafschap,Netherlands 2 - Eerste Divisie,Centre Forward,Attack,20.0,1405.0,52.7,52.4,53.6,51.6
412433,25584,8082.0,B. Bogojević,Croatia,Gorica,Croatia 1 - 1. HNL,Right Wing,Attack,27.0,1255.0,49.3,48.7,49.1,45.0
21803040,25658,3520.0,B. Bokangou,France,Nancy,France 2 - Ligue 2,Right Wing,Attack,25.0,1338.0,47.1,47.9,47.8,53.8
3169774,25653,3678.0,B. Bolla,Hungary,SK Rapid,Austria 1 - Admiral Bundesliga,Right Back,Defence,25.0,2478.0,57.0,57.2,57.5,44.6
37328039,25584,5428.0,B. Bošković,Bosnia and Herzegovina,Lokomotiva Zagreb,Croatia 1 - 1. HNL,Defensive Midfield,Midfield,23.0,2459.0,47.2,46.9,46.8,61.1
7835,25648,24.0,B. Brereton,Chile,Derby County,England 2 - Championship,Centre Forward,Attack,26.0,3071.0,49.4,49.4,48.7,45.8
37651108,25598,770.0,B. Broggio,England,Falkirk,Scotland 1 - Premiership,Left Wing,Attack,18.0,944.0,49.1,48.8,49.3,43.0
1479107,25735,3239.0,B. Bruggeman,Belgium,RFC Liège,Belgium 2 - Challenger Pro League,Left Wing,Attack,28.0,2002.0,46.6,46.5,45.2,58.5
37611833,25637,3115.0,B. Budko,Ukraine,Jong AZ,Netherlands 2 - Eerste Divisie,Central Midfield,Midfield,19.0,1207.0,49.0,49.3,49.7,56.0
37259252,25637,1433.0,B. Burgering,Netherlands,Almere City,Netherlands 2 - Eerste Divisie,Right Wing,Attack,24.0,1722.0,50.3,50.2,50.5,39.4
4237048,25566,892.0,B. Bárdos,Hungary,Diósgyőr,Hungary 1 - NB I,Centre Back,Defence,27.0,1254.0,47.5,48.2,48.6,49.4
37764339,25566,7926.0,B. Bíró,Hungary,Győri ETO,Hungary 1 - NB I,Right Back,Defence,20.0,922.0,49.4,49.9,49.7,43.4
24817991,25653,4080.0,B. Böckle,Austria,WSG Tirol,Austria 1 - Admiral Bundesliga,Left Back,Defence,23.0,2499.0,46.5,46.7,48.1,44.5
7687676,25648,30.0,B. Cabango,Wales,Swansea City,England 2 - Championship,Centre Back,Defence,25.0,4035.0,53.3,54.1,53.0,55.7
37562822,25648,56.0,B. Cadamarteri,England,Sheffield Wednesday,England 2 - Championship,Centre Forward,Attack,20.0,2106.0,47.7,47.9,46.7,47.3
30105866,25662,589.0,B. Carabalí Bonilla,Colombia,Beitar Jerusalem,Israel 1 - Ligat ha'Al,Centre Back,Defence,26.0,2916.0,50.2,50.6,50.4,56.2
37537142,25535,890.0,B. Cardoso Vital,Portugal,Jagiellonia Białystok,Poland 1 - Ekstraklasa,Centre Back,Defence,24.0,2211.0,56.2,57.1,57.5,53.6
70043,25641,12619.0,B. Chorbadzhiyski,Bulgaria,Hermannstadt,Romania 1 - Superliga,Centre Back,Defence,29.0,1094.0,45.7,44.1,46.7,48.9
37282898,25648,33.0,B. Chrisene,England,Norwich City,England 2 - Championship,Left Back,Defence,21.0,1296.0,51.6,51.8,51.1,54.1
2510963,25566,2613.0,B. Cipetić,Bosnia and Herzegovina,Várda SE,Hungary 1 - NB I,Right Back,Defence,30.0,2099.0,52.2,51.5,51.1,43.2
37298102,25648,24.0,B. Clark,England,Derby County,England 2 - Championship,Central Midfield,Midfield,20.0,2948.0,48.6,49.3,50.1,51.4
37538103,25652,3588.0,B. Conté,Germany,Elversberg,Germany 2 - 2. Bundesliga,Attacking Midfield,Midfield,22.0,1855.0,52.9,52.5,52.8,57.9
10319489,25607,462.0,B. Costa Rodrigues de Oliveira,Brazil,Sion,Switzerland 1 - Super League,Central Midfield,Midfield,25.0,2595.0,50.3,50.2,50.2,57.7
28575705,25601,5581.0,B. Cottrell,England,Zemplín Michalovce,Slovakia 1 - Niké Liga,Central Midfield,Midfield,23.0,2025.0,46.8,46.7,46.5,43.0
433134,25658,1083.0,B. Danger,France,Red Star,France 2 - Ligue 2,Centre Back,Defence,27.0,2463.0,51.3,50.5,53.7,47.6
433146,25607,3525.0,B. Dansoko,Guinea,Winterthur,Switzerland 1 - Super League,Left Wing,Attack,29.0,1300.0,47.8,47.9,47.6,56.7
37927678,25600,1118.0,B. De Jaegere,Belgium,Zulte-Waregem,Belgium 1 - Pro League,Centre Back,Defence,21.0,928.0,49.6,50.1,49.5,47.4
33587428,25648,297.0,B. De Keersmaecker,Belgium,Oxford United,England 2 - Championship,Defensive Midfield,Midfield,25.0,2248.0,51.9,51.3,51.7,48.0
37773120,25735,227972.0,B. De Kerf,Belgium,Koninklijke Lierse Sportkring,Belgium 2 - Challenger Pro League,Centre Back,Defence,21.0,1620.0,44.3,43.5,48.4,42.9
61139,25735,1130.0,B. Dejaegere,Belgium,KV Kortrijk,Belgium 2 - Challenger Pro League,Central Midfield,Midfield,34.0,2083.0,51.9,52.3,52.1,56.7
37489044,25673,103.0,B. Diallo,Senegal,Granada,Spain 2 - La Liga 2,Left Back,Defence,24.0,2559.0,49.4,48.9,48.2,46.3
608115,25567,2707.0,B. Doucouré,France,Javor Ivanjica,Serbia 1 - Super Liga,Defensive Midfield,Midfield,26.0,2953.0,48.2,48.2,48.5,53.8
227227,25567,2673.0,B. Duarte da Silva,Brazil,Crvena Zvezda,Serbia 1 - Super Liga,Centre Forward,Attack,29.0,1633.0,58.4,58.3,58.6,57.0
177821,25567,6318.0,B. Duronjić,Serbia,Radnik Surdulica,Serbia 1 - Super Liga,Left Wing,Attack,27.0,1269.0,43.8,44.1,44.7,44.3
23513,25566,396.0,B. Dzsudzsák,Hungary,Debrecen,Hungary 1 - NB I,Attacking Midfield,Midfield,38.0,2584.0,51.7,55.9,50.0,36.8
52356,25566,506.0,B. Edomwonyi,Nigeria,Nyíregyháza Spartacus,Hungary 1 - NB I,Centre Forward,Attack,31.0,1112.0,50.6,50.3,51.2,46.5
37317375,25682,3990.0,B. Elmaz,Türkiye,Fatih Karagümrük,Türkiye 1 - Super Lig,Defensive Midfield,Midfield,22.0,1042.0,56.4,57.6,57.5,50.9
37545409,25598,282.0,B. Esselink,Netherlands,Dundee United,Scotland 1 - Premiership,Centre Back,Defence,25.0,1632.0,46.7,46.7,48.0,51.3
37615882,25566,506.0,B. Farkas,Hungary,Nyíregyháza Spartacus,Hungary 1 - NB I,Right Back,Defence,20.0,1025.0,49.9,48.7,48.5,55.1
21054114,26164,267.0,B. Franjić,Croatia,Venezia,Italy 2 - Serie B,Left Back,Defence,25.0,1246.0,52.1,52.0,51.4,56.2
37762071,25607,3091.0,B. Freimann,Switzerland,Luzern,Switzerland 1 - Super League,Centre Back,Defence,19.0,2761.0,53.8,54.1,55.5,56.2
187275,25535,2764.0,B. Galán González,Spain,Katowice,Poland 1 - Ekstraklasa,Left Midfield,Midfield,32.0,2272.0,47.9,45.6,47.7,57.5
24427761,25649,348.0,B. Garrity,England,Port Vale,England 3 - League One,Central Midfield,Midfield,28.0,1936.0,45.4,45.9,45.6,58.0
37590338,25673,10008.0,B. Gerenabarrena Zendoia,Spain,Castellón,Spain 2 - La Liga 2,Central Midfield,Midfield,22.0,2796.0,50.7,51.1,50.3,59.1
1548410,25566,3955.0,B. Gergényi,Hungary,Újpest,Hungary 1 - NB I,Left Back,Defence,27.0,1203.0,49.8,49.5,48.8,53.3
37632013,25682,3224.0,B. Gezek,Türkiye,Eyüpspor,Türkiye 1 - Super Lig,Defensive Midfield,Midfield,19.0,1383.0,46.0,45.2,47.9,51.6
37261505,25599,6067.0,B. Gil Hurtado,El Salvador,Baltika Kaliningrad,Russia 1 - Premier League,Centre Forward,Attack,24.0,1562.0,53.3,52.9,54.3,46.7
75251,25584,674.0,B. Goda,Croatia,Dinamo Zagreb,Croatia 1 - 1. HNL,Left Back,Defence,27.0,1587.0,53.4,52.4,50.5,61.3
61734,25735,1272.0,B. Godeau,Belgium,SK Beveren,Belgium 2 - Challenger Pro League,Centre Back,Defence,33.0,2443.0,51.5,51.7,54.8,47.0
7958,25536,293.0,B. Godfrey,England,Brøndby IF,Denmark 1 - Superliga,Centre Back,Defence,27.0,1037.0,48.1,47.6,46.8,51.4
360913,25600,2741.0,B. Goncalves,France,Dender,Belgium 1 - Pro League,Centre Back,Defence,29.0,2113.0,60.1,62.4,60.3,46.4
380828,25759,118.0,B. González Tejada,Spain,OFI,Greece 1 - Super League,Right Back,Defence,29.0,1185.0,53.6,53.1,54.4,48.0
37764816,25600,2402.0,B. Goore,Ivory Coast,Gent,Belgium 1 - Pro League,Centre Forward,Attack,19.0,1427.0,54.7,54.9,54.6,51.5
30841486,26164,7818.0,B. Guiu Vilanova,Spain,Virtus Entella,Italy 2 - Serie B,Centre Forward,Attack,24.0,1619.0,51.8,52.2,50.9,55.2
9465,25649,235.0,B. Hanlan,England,Doncaster Rovers,England 3 - League One,Centre Forward,Attack,28.0,1967.0,44.9,44.9,44.7,46.9
14946,25649,348.0,B. Heneghan,England,Port Vale,England 3 - League One,Centre Back,Defence,31.0,1339.0,46.2,46.4,47.4,59.3
62617,25600,2709.0,B. Heynen,Belgium,Genk,Belgium 1 - Pro League,Central Midfield,Midfield,28.0,3603.0,56.8,57.6,55.8,62.0
37436346,25649,249.0,B. Hills,England,Stockport County,England 3 - League One,Centre Back,Defence,21.0,2279.0,48.3,48.7,48.5,58.5
2875883,25649,305.0,B. House,Scotland,Lincoln City,England 3 - League One,Left Wing,Attack,26.0,2153.0,46.0,46.1,46.8,63.4
31544,25652,3431.0,B. Hrgota,Sweden,SpVgg Greuther Fürth,Germany 2 - 2. Bundesliga,Attacking Midfield,Midfield,32.0,2772.0,53.5,53.4,52.0,50.2
37565027,25649,110.0,B. Ibrahim,England,Plymouth Argyle,England 3 - League One,Defensive Midfield,Midfield,20.0,1032.0,48.3,46.9,47.3,47.6
23269745,25599,35.0,B. Jocic,Serbia,Rubin Kazan,Russia 1 - Premier League,Central Midfield,Midfield,24.0,1069.0,47.4,46.8,47.5,50.4
37391727,25598,258.0,B. Kabongolo,England,Livingston,Scotland 1 - Premiership,Centre Back,Defence,22.0,1200.0,44.2,43.0,44.0,53.0
1605,25535,349.0,B. Kapustka,Poland,Legia Warszawa,Poland 1 - Ekstraklasa,Attacking Midfield,Midfield,28.0,1870.0,48.0,48.7,48.1,57.8
37545809,25566,506.0,B. Katona,Hungary,Nyíregyháza Spartacus,Hungary 1 - NB I,Attacking Midfield,Midfield,22.0,1798.0,47.6,47.3,48.3,51.6
537313,25597,637.0,B. Kemper,Netherlands,NAC Breda,Netherlands 1 - Eredivisie,Left Back,Defence,26.0,2821.0,50.3,49.2,49.1,51.0
37581786,25649,254.0,B. Khela,England,Peterborough United,England 3 - League One,Central Midfield,Midfield,20.0,2444.0,48.7,48.6,48.3,46.8
37540758,25673,10008.0,B. Kibambe Cipenga,DR Congo,Castellón,Spain 2 - La Liga 2,Left Wing,Attack,27.0,2249.0,52.4,51.8,51.7,51.3
114620,25566,4312.0,B. Kiss,Hungary,Zalaegerszegi TE,Hungary 1 - NB I,Central Midfield,Midfield,26.0,2416.0,50.4,51.0,50.6,47.5
37503640,25567,28029.0,B. Knežević,Serbia,Železničar Pančevo,Serbia 1 - Super Liga,Central Midfield,Midfield,22.0,2173.0,46.9,46.7,47.0,38.2
35971,25637,2460.0,B. Koglin,Germany,Helmond Sport,Netherlands 2 - Eerste Divisie,Centre Back,Defence,28.0,2289.0,49.8,49.7,51.9,53.9
197818,25607,462.0,B. Kololli,Kosovo,Sion,Switzerland 1 - Super League,Left Midfield,Midfield,33.0,1339.0,53.8,53.7,54.8,44.1
154981,25535,2512.0,B. Kopacz,Poland,Nieciecza,Poland 1 - Ekstraklasa,Centre Back,Defence,33.0,1710.0,43.0,41.6,42.3,48.0
37725116,25567,2736.0,B. Kostić,Serbia,Partizan,Serbia 1 - Super Liga,Left Wing,Attack,18.0,997.0,46.9,47.3,47.5,49.0
37259161,25598,284.0,B. Koumetio,France,Dundee,Scotland 1 - Premiership,Centre Back,Defence,22.0,1263.0,48.1,48.3,47.9,59.6
163019,25600,328.0,B. Kouyate,Mali,Antwerp,Belgium 1 - Pro League,Centre Back,Defence,28.0,1190.0,47.9,46.4,48.3,67.2
179740,25567,5354.0,B. Kovačević,Serbia,Radnički Kragujevac,Serbia 1 - Super Liga,Left Back,Defence,29.0,1433.0,50.0,49.5,49.0,46.2
37597539,25673,6827.0,B. Kovačević,Serbia,Cádiz,Spain 2 - La Liga 2,Centre Back,Defence,21.0,1825.0,44.1,43.6,43.7,47.4
23233053,25607,389.0,B. Krasniqi,Switzerland,Zürich,Switzerland 1 - Super League,Central Midfield,Midfield,24.0,1673.0,53.2,53.1,53.9,42.1
25414,25745,4092.0,B. Kuipers,Netherlands,Arouca,Portugal 1 - Liga Portugal,Left Back,Defence,30.0,1353.0,47.9,47.6,47.7,39.4
37520128,25682,2632.0,B. Kutlu,Türkiye,Konyaspor,Türkiye 1 - Super Lig,Central Midfield,Midfield,27.0,1057.0,51.5,51.8,51.6,48.3
25680,25597,2396.0,B. Kuwas,Curaçao,FC Volendam,Netherlands 1 - Eredivisie,Right Wing,Attack,32.0,2025.0,48.5,48.9,48.5,43.3
116819,25566,10196.0,B. Kártik,Hungary,Kazincbarcika,Hungary 1 - NB I,Defensive Midfield,Midfield,28.0,2578.0,47.0,46.3,45.7,40.9
92348,25652,2554.0,B. Källman,Finland,Hannover 96,Germany 2 - 2. Bundesliga,Centre Forward,Attack,27.0,2090.0,51.8,51.4,51.9,47.3
37587261,25535,135.0,B. Kłudka,Poland,Lechia Gdańsk,Poland 1 - Ekstraklasa,Right Back,Defence,23.0,970.0,49.6,49.0,49.1,56.8
433721,25607,10655.0,B. Labeau Melchior,Martinique,Thun,Switzerland 1 - Super League,Centre Forward,Attack,29.0,2039.0,46.1,46.5,46.2,53.7
37599918,25735,277379.0,B. Lagae,Belgium,Jong Gent,Belgium 2 - Challenger Pro League,Centre Back,Defence,21.0,900.0,57.4,58.9,58.4,50.4
37613457,25607,2357.0,B. Lekweiry,Mauritania,Lausanne Sport,Switzerland 1 - Super League,Attacking Midfield,Midfield,20.0,1721.0,51.2,52.1,52.5,50.3
37317439,25597,1403.0,B. Limbombe,Belgium,Heracles Almelo,Netherlands 1 - Eredivisie,Right Wing,Attack,24.0,1310.0,49.6,49.6,48.8,44.8
23657,25597,494.0,B. Linssen,Netherlands,NEC Nijmegen,Netherlands 1 - Eredivisie,Centre Forward,Attack,34.0,2253.0,52.3,52.8,51.4,49.5
27422477,25567,2707.0,B. Loue,Ivory Coast,Javor Ivanjica,Serbia 1 - Super Liga,Centre Forward,Attack,24.0,2128.0,48.2,48.1,48.0,47.2
15061999,25649,409.0,B. Lubala,DR Congo,Stevenage,England 3 - League One,Left Wing,Attack,27.0,1007.0,47.4,48.2,47.5,56.0
28918,25597,637.0,B. Lucassen,Netherlands,NAC Breda,Netherlands 1 - Eredivisie,Right Back,Defence,27.0,1110.0,46.6,46.8,47.7,48.8
149461,25598,180.0,B. Lyons,Northern Ireland,Kilmarnock,Scotland 1 - Premiership,Central Midfield,Midfield,28.0,2040.0,48.3,48.2,48.2,55.2
37341853,25745,830.0,B. Mambuene Mukendi,Angola,Vitória Guimarães,Portugal 1 - Liga Portugal,Central Midfield,Midfield,23.0,2248.0,54.4,54.8,53.9,58.0
37657986,25735,261624.0,B. Manguelle,Belgium,Jong KRC Genk U23,Belgium 2 - Challenger Pro League,Centre Back,Defence,17.0,1652.0,47.5,47.3,48.1,44.8
37670509,25566,506.0,B. Manner,Hungary,Nyíregyháza Spartacus,Hungary 1 - NB I,Attacking Midfield,Midfield,20.0,1467.0,46.3,46.3,46.7,47.2
37565390,26164,445.0,B. Manè,Italy,Bari 1908,Italy 2 - Serie B,Right Back,Defence,21.0,952.0,45.6,45.7,47.1,48.9
37328023,25653,5769.0,B. Markuš,Slovenia,Hartberg,Austria 1 - Admiral Bundesliga,Defensive Midfield,Midfield,24.0,2829.0,47.5,48.0,49.0,48.3
4813,25597,919.0,B. Martins Indi,Netherlands,Sparta Rotterdam,Netherlands 1 - Eredivisie,Centre Back,Defence,33.0,2212.0,52.8,53.0,53.0,50.3
37611980,25653,3787.0,B. Matić,Serbia,Wolfsberger AC,Austria 1 - Admiral Bundesliga,Right Back,Defence,20.0,1846.0,52.7,53.2,54.5,52.2
96818,25607,1970.0,B. Mazikou,France,Servette,Switzerland 1 - Super League,Left Back,Defence,29.0,2453.0,54.1,53.7,51.8,57.4
37721100,25535,890.0,B. Mazurek,Poland,Jagiellonia Białystok,Poland 1 - Ekstraklasa,Attacking Midfield,Midfield,18.0,1429.0,52.8,53.0,52.4,58.3
37595219,25567,3001.0,B. Mboup,Senegal,Radnički Niš,Serbia 1 - Super Liga,Centre Forward,Attack,22.0,947.0,44.9,45.3,44.5,50.0
61848,25600,340.0,B. Mechele,Belgium,Club Brugge,Belgium 1 - Pro League,Centre Back,Defence,32.0,3435.0,56.5,56.6,57.4,60.3
37621484,25745,3497.0,B. Medina,Colombia,Tondela,Portugal 1 - Liga Portugal,Centre Back,Defence,23.0,2199.0,47.3,46.4,45.6,54.3
1460,25648,21.0,B. Mee,England,Sheffield United,England 2 - Championship,Centre Back,Defence,35.0,1254.0,52.3,52.5,51.5,57.0
37570132,25600,340.0,B. Meijer,Netherlands,Club Brugge,Belgium 1 - Pro League,Left Back,Defence,22.0,1023.0,56.5,56.6,57.1,59.7
206682,25566,2613.0,B. Melnyk,Ukraine,Várda SE,Hungary 1 - NB I,Right Back,Defence,28.0,2589.0,47.3,47.0,46.6,39.9
4536496,25598,62.0,B. Miovski,Macedonia,Rangers,Scotland 1 - Premiership,Centre Forward,Attack,26.0,1305.0,51.3,51.3,50.9,50.5
34492317,25648,64.0,B. Mitchell,England,Millwall,England 2 - Championship,Defensive Midfield,Midfield,24.0,2101.0,53.8,54.5,56.5,53.2
37915521,25584,906.0,B. Mlacic,Croatia,Hajduk Split,Croatia 1 - 1. HNL,Centre Back,Defence,18.0,1284.0,46.5,45.4,46.2,49.3
37650450,25735,277379.0,B. Morel,Belgium,Jong Gent,Belgium 2 - Challenger Pro League,Right Back,Defence,19.0,914.0,49.1,49.4,48.8,48.9
37653586,26164,397.0,B. Moruzzi,Italy,Empoli,Italy 2 - Serie B,Left Back,Defence,21.0,1736.0,51.2,51.7,52.2,55.8
12433161,25649,110.0,B. Mumba,England,Plymouth Argyle,England 3 - League One,Left Back,Defence,23.0,2010.0,47.5,48.5,48.4,44.2
12433161,25649,251.0,B. Mumba,England,Huddersfield Town,England 3 - League One,Left Back,Defence,23.0,1691.0,46.1,46.8,46.8,43.5
100590,25759,213.0,B. NKololo,France,Panaitolikos,Greece 1 - Super League,Right Wing,Attack,28.0,954.0,48.0,47.7,49.2,54.1
2483278,25566,112.0,B. Nagy,Hungary,Ferencvárosi,Hungary 1 - NB I,Left Back,Defence,24.0,2061.0,48.5,48.9,49.8,42.3
108642,25567,2736.0,B. Natcho,Israel,Partizan,Serbia 1 - Super Liga,Attacking Midfield,Midfield,37.0,969.0,60.7,60.5,58.0,64.7
37342596,25648,42.0,B. Nelson,England,Leicester City,England 2 - Championship,Centre Back,Defence,21.0,1911.0,50.4,49.8,51.4,55.8
37316468,25607,362.0,B. Neziri,Kosovo,St. Gallen,Switzerland 1 - Super League,Defensive Midfield,Midfield,22.0,1529.0,48.6,48.2,46.6,53.8
37259153,25567,6662.0,B. Nikčević,Montenegro,Čukarički,Serbia 1 - Super Liga,Left Wing,Attack,25.0,1116.0,45.8,46.8,45.0,49.8
156018,25535,2764.0,B. Nowak,Poland,Katowice,Poland 1 - Ekstraklasa,Attacking Midfield,Midfield,31.0,3015.0,52.5,52.4,51.3,38.9
37526237,25600,2741.0,B. Nsimba,Belgium,Dender,Belgium 1 - Pro League,Centre Forward,Attack,25.0,1820.0,53.5,53.5,53.8,50.3
37773259,25673,429.0,B. Nsongo Tonfack,Spain,Deportivo La Coruña,Spain 2 - La Liga 2,Centre Forward,Attack,20.0,920.0,53.5,53.1,54.0,53.3
19979885,25598,53.0,B. Nygren,Sweden,Celtic,Scotland 1 - Premiership,Attacking Midfield,Midfield,24.0,2542.0,52.5,51.8,53.7,51.3
6608215,25600,1118.0,B. Nyssen,Belgium,Zulte-Waregem,Belgium 1 - Pro League,Right Back,Defence,27.0,1743.0,52.1,51.9,52.1,44.7
12393436,25673,6827.0,B. Ocampo Ferreira,Uruguay,Cádiz,Spain 2 - La Liga 2,Left Wing,Attack,26.0,1413.0,52.2,52.2,53.3,61.0
37259630,25607,2357.0,B. Okoh,Switzerland,Lausanne Sport,Switzerland 1 - Super League,Centre Back,Defence,22.0,982.0,52.9,53.1,53.0,62.7
37341835,25658,108.0,B. Old,New Zealand,Saint-Étienne,France 2 - Ligue 2,Left Back,Defence,22.0,1880.0,51.2,50.9,49.7,52.4
70428,25673,344.0,B. Oliván Herrero,Spain,Sporting Gijón,Spain 2 - La Liga 2,Left Back,Defence,31.0,1139.0,48.6,48.1,48.3,42.4
20335120,25658,581.0,B. Omeragic,Switzerland,Montpellier,France 2 - Ligue 2,Centre Back,Defence,23.0,1973.0,47.5,46.5,46.6,43.8
37623398,25597,494.0,B. Onal,Netherlands,NEC Nijmegen,Netherlands 1 - Eredivisie,Left Wing,Attack,21.0,2070.0,54.4,53.6,53.8,49.9
6580,25648,12.0,B. Osayi-Samuel,Nigeria,Birmingham City,England 2 - Championship,Right Back,Defence,27.0,1554.0,53.5,53.2,51.9,53.1
3230,25649,249.0,B. Osborn,England,Stockport County,England 3 - League One,Central Midfield,Midfield,30.0,3191.0,49.7,49.1,48.5,48.0
37706709,25591,234.0,B. Ouanda,Ivory Coast,Slovácko,Czech Republic 1 - Chance Liga,Right Wing,Attack,20.0,1053.0,46.1,46.4,47.1,39.7
37598324,25653,5724.0,B. Owusu,France,Grazer AK,Austria 1 - Admiral Bundesliga,Centre Back,Defence,21.0,2700.0,50.6,50.9,50.7,50.6
6634,25648,26.0,B. Pearson,England,Stoke City,England 2 - Championship,Defensive Midfield,Midfield,30.0,1878.0,50.7,50.3,51.0,52.5
37342613,25597,494.0,B. Pereira,France,NEC Nijmegen,Netherlands 1 - Eredivisie,Centre Back,Defence,22.0,1165.0,54.6,53.5,51.7,55.3
131838,25682,13860.0,B. Petković,Croatia,Kocaelispor,Türkiye 1 - Super Lig,Centre Forward,Attack,30.0,1339.0,52.1,51.8,52.4,56.2
37725606,25567,28028.0,B. Petrovic,Serbia,Bačka Topola,Serbia 1 - Super Liga,Centre Forward,Attack,20.0,1715.0,45.6,45.6,45.1,47.2
35503835,25658,1083.0,B. Pierret,France,Red Star,France 2 - Ligue 2,Defensive Midfield,Midfield,25.0,1170.0,54.8,56.1,53.5,57.8
17867668,25735,2432.0,B. Plat,Netherlands,K. Beerschot V.A.,Belgium 2 - Challenger Pro League,Centre Back,Defence,25.0,2676.0,51.0,51.0,50.9,46.9
37356504,25535,135.0,B. Pllana,Kosovo,Lechia Gdańsk,Poland 1 - Ekstraklasa,Centre Back,Defence,23.0,1199.0,49.9,49.9,48.7,50.9
37658386,25649,137.0,B. Pointon,England,Bradford City,England 3 - League One,Attacking Midfield,Midfield,21.0,2351.0,47.0,46.4,48.3,43.3
31616427,25535,3270.0,B. Racovitan,France,Raków Częstochowa,Poland 1 - Ekstraklasa,Centre Back,Defence,25.0,2550.0,47.7,47.4,47.3,45.0
61217,25600,2938.0,B. Raman,Belgium,Mechelen,Belgium 1 - Pro League,Centre Forward,Attack,30.0,1056.0,53.5,54.1,53.7,46.3
3140,25648,42.0,B. Reid,Jamaica,Leicester City,England 2 - Championship,Attacking Midfield,Midfield,32.0,1803.0,53.9,53.2,53.5,47.4
4545371,25637,1433.0,B. Reith,Netherlands,Almere City,Netherlands 2 - Eerste Divisie,Right Back,Defence,26.0,2095.0,50.8,50.2,50.2,52.4
429923,25600,357.0,B. Reynolds,United States,Westerlo,Belgium 1 - Pro League,Right Back,Defence,24.0,3494.0,54.0,53.9,53.8,48.5
11676212,25567,28028.0,B. Roux,France,Bačka Topola,Serbia 1 - Super Liga,Centre Back,Defence,25.0,1972.0,53.5,55.2,54.0,53.6
27048385,25745,652.0,B. Sainz Eguskiza,Spain,Porto,Portugal 1 - Liga Portugal,Left Wing,Attack,24.0,1604.0,53.8,54.1,54.3,55.3
751463,25591,2488.0,B. Sakala,Zambia,Bohemians 1905,Czech Republic 1 - Chance Liga,Defensive Midfield,Midfield,28.0,1862.0,45.6,46.0,45.8,49.1
113846,25566,506.0,B. Sanković,Montenegro,Nyíregyháza Spartacus,Hungary 1 - NB I,Defensive Midfield,Midfield,31.0,925.0,45.3,45.2,47.3,49.0
21762790,25649,110.0,B. Sarpong Wiredu,England,Plymouth Argyle,England 3 - League One,Centre Back,Defence,25.0,1968.0,48.1,47.3,45.6,50.5
21412352,25745,12152.0,B. Schappo,Brazil,Estrela Amadora,Portugal 1 - Liga Portugal,Centre Back,Defence,26.0,2056.0,50.3,51.1,51.7,61.6
180800,25567,3471.0,B. Sekulić,Slovakia,Spartak Subotica,Serbia 1 - Super Liga,Right Back,Defence,33.0,2495.0,44.1,44.3,43.8,43.4
37577431,25652,3647.0,B. Sertdemir,Denmark,Preußen Münster,Germany 2 - 2. Bundesliga,Attacking Midfield,Midfield,20.0,1075.0,48.0,47.7,47.6,49.8
37696592,25662,6961.0,B. Shaheen,Israel,Ironi Kiryat Shmona,Israel 1 - Ligat ha'Al,Left Back,Defence,22.0,1471.0,45.1,46.0,46.2,54.0
1384,25649,235.0,B. Sharp,England,Doncaster Rovers,England 3 - League One,Centre Forward,Attack,39.0,1797.0,46.8,46.6,47.1,44.3
340204,25648,283.0,B. Sheaf,England,Wrexham,England 2 - Championship,Defensive Midfield,Midfield,27.0,1845.0,56.0,56.6,56.1,55.3
219293,25662,2495.0,B. Silva Almeida,Brazil,Hapoel Haifa,Israel 1 - Ligat ha'Al,Centre Back,Defence,31.0,1407.0,43.6,42.9,45.9,42.4
506092,25536,293.0,B. Slisz,Poland,Brøndby IF,Denmark 1 - Superliga,Defensive Midfield,Midfield,26.0,1290.0,53.6,54.3,52.0,54.3
37646947,25535,3260.0,B. Smolarczyk,Poland,Korona Kielce,Poland 1 - Ekstraklasa,Centre Back,Defence,22.0,1574.0,47.1,46.3,46.3,47.5
3188134,25598,770.0,B. Spencer,Scotland,Falkirk,Scotland 1 - Premiership,Defensive Midfield,Midfield,29.0,3222.0,51.0,52.3,55.0,48.4
37436364,25648,297.0,B. Spencer,Northern Ireland,Oxford United,England 2 - Championship,Right Back,Defence,21.0,2147.0,46.4,46.4,45.6,60.4
172957,25598,314.0,B. Spittal,Scotland,Hearts,Scotland 1 - Premiership,Central Midfield,Midfield,29.0,1158.0,54.1,54.6,54.3,50.8
37911049,25598,770.0,B. Stewart,England,Falkirk,Scotland 1 - Premiership,Centre Forward,Attack,21.0,1419.0,48.8,48.7,48.6,48.9
37732436,25566,892.0,B. Szakos,Hungary,Diósgyőr,Hungary 1 - NB I,Right Back,Defence,18.0,1394.0,49.3,50.1,50.8,51.6
37514124,25536,293.0,B. Tahirovic,Bosnia and Herzegovina,Brøndby IF,Denmark 1 - Superliga,Central Midfield,Midfield,22.0,1200.0,53.5,53.1,53.0,49.6
23697498,25662,589.0,B. Takang,Cameroon,Beitar Jerusalem,Israel 1 - Ligat ha'Al,Central Midfield,Midfield,25.0,1523.0,49.0,49.0,48.7,54.5
37518832,25648,117.0,B. Thomas,England,Coventry City,England 2 - Championship,Centre Back,Defence,24.0,2924.0,56.3,56.7,54.9,57.2
9543,25648,117.0,B. Thomas-Asante,Ghana,Coventry City,England 2 - Championship,Centre Forward,Attack,26.0,1865.0,56.9,56.9,57.2,54.4
85511,25636,1020.0,B. Tiedemann Hansen,Denmark,Aalborg BK,Denmark 2 - First Division,Centre Back,Defence,31.0,1357.0,54.1,55.8,53.8,52.2
458905,25652,2554.0,B. Tomiak,Germany,Hannover 96,Germany 2 - 2. Bundesliga,Centre Back,Defence,26.0,2101.0,56.9,57.0,57.6,50.4
37618899,25658,1447.0,B. Touré,Ivory Coast,Annecy,France 2 - Ligue 2,Centre Forward,Attack,21.0,1057.0,51.3,51.7,51.7,54.6
37553666,25607,468.0,B. Traore,Ivory Coast,Basel,Switzerland 1 - Super League,Left Wing,Attack,22.0,2077.0,52.3,52.6,53.5,52.9
37543468,25535,1069.0,B. Traoré,France,Cracovia Kraków,Poland 1 - Ekstraklasa,Centre Back,Defence,21.0,906.0,47.4,47.2,46.4,46.1
3857295,25566,2791.0,B. Tóth,Hungary,Paksi SE,Hungary 1 - NB I,Centre Forward,Attack,30.0,1591.0,50.2,50.0,50.5,55.6
24065261,25535,135.0,B. V'Yunnik,Ukraine,Lechia Gdańsk,Poland 1 - Ekstraklasa,Attacking Midfield,Midfield,23.0,962.0,51.2,46.9,50.5,57.6
37632340,25566,396.0,B. Vajda,Hungary,Debrecen,Hungary 1 - NB I,Left Midfield,Midfield,21.0,1463.0,48.8,48.6,48.3,52.6
62782,25641,8474.0,B. Van Durmen,Belgium,UTA Arad,Romania 1 - Superliga,Defensive Midfield,Midfield,28.0,1835.0,46.0,45.4,47.1,44.8
37526197,25735,2432.0,B. Van den Eynden,Belgium,K. Beerschot V.A.,Belgium 2 - Challenger Pro League,Centre Back,Defence,23.0,2162.0,55.5,55.9,56.2,53.1
52903,25566,112.0,B. Varga,Hungary,Ferencvárosi,Hungary 1 - NB I,Centre Forward,Attack,30.0,1271.0,51.9,51.4,52.2,59.1
52903,25759,781.0,B. Varga,Hungary,AEK Athens,Greece 1 - Super League,Centre Forward,Attack,30.0,1203.0,49.5,49.6,49.1,59.8
9939133,25566,2940.0,B. Varju,Hungary,MTK,Hungary 1 - NB I,Right Back,Defence,24.0,1640.0,48.7,48.3,47.8,49.5
61784,25600,1947.0,B. Verstraete,Belgium,OH Leuven,Belgium 1 - Pro League,Defensive Midfield,Midfield,31.0,1712.0,48.4,48.3,48.5,52.0
37723871,25735,261625.0,B. Vroninks,Belgium,RSCA Futures U23,Belgium 2 - Challenger Pro League,Right Back,Defence,18.0,1165.0,47.2,48.2,48.1,49.8
37328117,25566,4312.0,B. Várkonyi,Hungary,Zalaegerszegi TE,Hungary 1 - NB I,Centre Back,Defence,23.0,2651.0,44.5,43.8,46.9,40.9
112755,25566,2791.0,B. Vécsei,Hungary,Paksi SE,Hungary 1 - NB I,Central Midfield,Midfield,32.0,2055.0,47.7,48.4,47.0,55.8
37596774,25641,10282.0,B. Végh,Hungary,Csikszereda,Romania 1 - Superliga,Defensive Midfield,Midfield,28.0,2241.0,47.3,47.8,49.0,53.9
10275906,25649,348.0,B. Waine,New Zealand,Port Vale,England 3 - League One,Centre Forward,Attack,24.0,1137.0,47.5,47.5,47.5,53.2
17885690,25535,890.0,B. Wdowik,Poland,Jagiellonia Białystok,Poland 1 - Ekstraklasa,Left Back,Defence,24.0,2288.0,56.9,56.2,57.3,47.8
9686,25648,99.0,B. Whiteman,England,Preston North End,England 2 - Championship,Central Midfield,Midfield,29.0,3736.0,54.7,55.2,54.4,53.5
1872650,25649,251.0,B. Wiles,England,Huddersfield Town,England 3 - League One,Central Midfield,Midfield,26.0,1288.0,49.0,48.6,48.7,39.6
5283769,25597,2345.0,B. Willumsson,Iceland,FC Groningen,Netherlands 1 - Eredivisie,Centre Forward,Attack,24.0,1281.0,50.2,50.3,50.0,51.4
13477,25648,26.0,B. Wilmot,England,Stoke City,England 2 - Championship,Centre Back,Defence,25.0,2954.0,53.7,53.6,57.1,54.5
132873,25535,11356.0,B. Wolski,Poland,Motor Lublin,Poland 1 - Ekstraklasa,Defensive Midfield,Midfield,28.0,2868.0,50.2,49.5,46.9,42.2
37391609,25649,254.0,B. Woods,England,Peterborough United,England 3 - League One,Central Midfield,Midfield,22.0,1255.0,49.4,48.9,48.3,49.2
37615861,25652,956.0,B. Yilmaz,Germany,Nürnberg,Germany 2 - 2. Bundesliga,Left Back,Defence,20.0,2899.0,51.3,51.8,52.0,52.1
4243131,25682,34.0,B. Yılmaz,Türkiye,Galatasaray,Türkiye 1 - Super Lig,Left Wing,Attack,25.0,2318.0,59.3,58.5,58.0,53.3
37576865,25662,4136.0,B. Zaarura,Israel,Maccabi Netanya,Israel 1 - Ligat ha'Al,Central Midfield,Midfield,22.0,1294.0,48.5,47.8,48.7,47.5
52701,25653,3949.0,B. Zech,Austria,Rheindorf Altach,Austria 1 - Admiral Bundesliga,Centre Back,Defence,34.0,2597.0,47.1,47.2,49.5,48.1
1254,25649,110.0,B. Zibusiso Galloway,Zimbabwe,Plymouth Argyle,England 3 - League One,Centre Back,Defence,29.0,1599.0,46.8,47.0,44.0,55.7
37325139,25636,8759.0,B. Zjajo,Denmark,Middelfart,Denmark 2 - First Division,Central Midfield,Midfield,24.0,1304.0,46.0,46.4,47.2,35.7
37629344,25637,3115.0,B. van Duijl,Netherlands,Jong AZ,Netherlands 2 - Eerste Divisie,Centre Back,Defence,19.0,2116.0,60.1,62.2,61.8,44.7
24081688,25535,11356.0,B. van Hoeven,Netherlands,Motor Lublin,Poland 1 - Ekstraklasa,Left Wing,Attack,25.0,1160.0,52.5,52.1,49.6,56.6
37532884,25637,2360.0,B. van Hove,Belgium,TOP Oss,Netherlands 2 - Eerste Divisie,Left Back,Defence,25.0,1730.0,47.3,48.7,49.9,53.8
20357597,25597,593.0,B. van Rooij,Netherlands,FC Twente,Netherlands 1 - Eredivisie,Right Back,Defence,24.0,2928.0,53.2,52.8,52.4,58.8
37400388,25637,320.0,B. van Schuppen,Netherlands,FC Eindhoven,Netherlands 2 - Eerste Divisie,Attacking Midfield,Midfield,23.0,942.0,48.4,47.8,47.8,45.5
37916293,25637,2379.0,B. van Zijl,Netherlands,VVV-Venlo,Netherlands 2 - Eerste Divisie,Centre Forward,Attack,21.0,1393.0,51.5,51.8,51.9,49.1
37528665,25566,892.0,B. Ágoston András,Hungary,Diósgyőr,Hungary 1 - NB I,Central Midfield,Midfield,22.0,1178.0,47.5,47.8,48.6,49.6
37652746,25735,2412.0,B. Çalışkan,Belgium,KAS Eupen,Belgium 2 - Challenger Pro League,Right Wing,Attack,20.0,1155.0,44.9,44.7,43.8,45.7
117051,25566,112.0,B. Ötvös,Hungary,Ferencvárosi,Hungary 1 - NB I,Defensive Midfield,Midfield,27.0,1107.0,54.5,55.3,56.4,54.4
35265,25682,3990.0,B. Özcan,Türkiye,Fatih Karagümrük,Türkiye 1 - Super Lig,Central Midfield,Midfield,27.0,2375.0,50.4,50.4,50.2,44.3
450413,25682,3702.0,B. Özdemir,Türkiye,İstanbul Başakşehir,Türkiye 1 - Super Lig,Defensive Midfield,Midfield,27.0,920.0,59.0,60.8,65.3,53.1
37375376,25682,3224.0,B. Özyurt,Türkiye,Eyüpspor,Türkiye 1 - Super Lig,Centre Back,Defence,22.0,908.0,50.9,50.8,52.0,56.6
19256159,25535,1069.0,B. Šutalo,Croatia,Cracovia Kraków,Poland 1 - Ekstraklasa,Centre Back,Defence,25.0,2195.0,50.3,49.7,48.2,49.4
165164,25641,134619.0,B. Țîru,Romania,Farul Constanța,Romania 1 - Superliga,Centre Back,Defence,31.0,2196.0,43.3,42.4,44.9,46.9
35259777,25745,7035.0,C. Abidi,Tunisia,Nacional,Portugal 1 - Liga Portugal,Central Midfield,Midfield,24.0,1620.0,48.8,48.7,49.0,54.6
37558511,25641,8132.0,C. Afalna,Cameroon,Unirea Slobozia,Romania 1 - Superliga,Centre Forward,Attack,26.0,1430.0,45.0,44.9,45.1,46.0
159945,25745,269225.0,C. Afonso,Portugal,AVS,Portugal 1 - Liga Portugal,Left Back,Defence,30.0,1530.0,52.7,51.9,51.5,57.9
379302,25673,931.0,C. Albarrán Sanz,Spain,Córdoba,Spain 2 - La Liga 2,Right Back,Defence,31.0,2499.0,45.4,44.8,44.5,44.3
165719,25641,8132.0,C. Albu,Romania,Unirea Slobozia,Romania 1 - Superliga,Defensive Midfield,Midfield,31.0,1417.0,43.6,42.5,42.6,42.8
10274958,25641,12619.0,C. Albu,Romania,Hermannstadt,Romania 1 - Superliga,Defensive Midfield,Midfield,24.0,2525.0,47.0,47.2,45.5,41.4
37422913,25598,770.0,C. Allan,Scotland,Falkirk,Scotland 1 - Premiership,Centre Back,Defence,21.0,1947.0,45.2,44.8,45.7,43.7
37620415,25636,22608.0,C. Allen,Denmark,Hillerød,Denmark 2 - First Division,Right Back,Defence,21.0,2141.0,47.0,47.6,48.1,39.4
37780593,25759,2934.0,C. Almiras,Greece,Asteras Tripolis,Greece 1 - Super League,Central Midfield,Midfield,20.0,1139.0,48.2,47.9,48.0,66.7
222032,25745,3497.0,C. Alves Santana,Brazil,Tondela,Portugal 1 - Liga Portugal,Defensive Midfield,Midfield,28.0,1203.0,50.1,50.5,47.4,53.8
28912777,25648,65.0,C. Archer,England,Southampton,England 2 - Championship,Centre Forward,Attack,23.0,998.0,55.4,55.6,55.2,51.9
37550074,25649,69.0,C. Ashford,Wales,Cardiff City,England 3 - League One,Right Wing,Attack,20.0,2183.0,49.3,49.2,50.0,49.1
37656068,25636,1020.0,C. Axel Olsson,Denmark,Aalborg BK,Denmark 2 - First Division,Centre Back,Defence,19.0,1457.0,50.8,51.4,51.2,49.4
21072549,26164,10771.0,C. Bani,Italy,Mantova,Italy 2 - Serie B,Left Back,Defence,26.0,1300.0,53.1,52.2,51.1,54.7
24817485,25598,62.0,C. Barron,Scotland,Rangers,Scotland 1 - Premiership,Defensive Midfield,Midfield,22.0,1489.0,55.1,54.3,53.2,57.6
62907,25607,647.0,C. Bedia,Ivory Coast,Young Boys,Switzerland 1 - Super League,Centre Forward,Attack,29.0,2010.0,56.4,56.3,56.8,53.2
529703,25658,1447.0,C. Billemaz,France,Annecy,France 2 - Ligue 2,Left Midfield,Midfield,26.0,2557.0,49.5,52.1,48.5,49.0
8956,25648,5.0,C. Bishop,England,Portsmouth,England 2 - Championship,Centre Forward,Attack,28.0,3399.0,44.4,44.3,44.2,54.8
7689031,25636,1276.0,C. Björk,Sweden,B 93,Denmark 2 - First Division,Centre Forward,Attack,25.0,2095.0,45.0,44.9,44.7,42.8
512975,25601,2417.0,C. Blackman,Panama,Slovan Bratislava,Slovakia 1 - Niké Liga,Right Back,Defence,27.0,2177.0,53.3,54.0,52.9,51.4
37410636,25600,340.0,C. Borges,Portugal,Club Brugge,Belgium 1 - Pro League,Right Wing,Attack,21.0,2818.0,56.4,56.0,56.3,50.2
3862769,25607,362.0,C. Boukhalfa,Germany,St. Gallen,Switzerland 1 - Super League,Attacking Midfield,Midfield,26.0,3111.0,46.8,48.2,47.9,50.9
6972189,25649,183.0,C. Boyd Munce,Northern Ireland,Wycombe Wanderers,England 3 - League One,Central Midfield,Midfield,25.0,1752.0,52.9,53.6,53.8,56.5
3861834,25652,2642.0,C. Brackelmann,Germany,Paderborn,Germany 2 - 2. Bundesliga,Centre Back,Defence,25.0,2022.0,57.5,58.8,57.0,53.6
1494443,25649,115.0,C. Bramall,England,Luton Town,England 3 - League One,Left Back,Defence,29.0,1611.0,50.9,51.2,51.6,43.2
4405,25648,297.0,C. Brannagan,England,Oxford United,England 2 - Championship,Central Midfield,Midfield,29.0,3092.0,53.1,53.5,52.8,45.4
28646,25641,3599.0,C. Braun,Germany,CFR Cluj,Romania 1 - Superliga,Right Back,Defence,33.0,905.0,47.8,48.1,47.7,50.3
28646,25641,7773.0,C. Braun,Germany,Rapid Bucuresti,Romania 1 - Superliga,Right Back,Defence,33.0,954.0,45.9,47.3,46.8,49.6
8018,25648,7.0,C. Brittain,England,Middlesbrough,England 2 - Championship,Right Back,Defence,27.0,3921.0,57.2,57.6,57.1,53.8
22536,25648,297.0,C. Brown,England,Oxford United,England 2 - Championship,Centre Back,Defence,27.0,3321.0,47.6,46.8,46.9,52.2
12433124,25597,637.0,C. Brym,Canada,NAC Breda,Netherlands 1 - Eredivisie,Centre Forward,Attack,27.0,1504.0,50.3,50.6,50.3,52.5
26029,25735,1272.0,C. Brüls,Belgium,SK Beveren,Belgium 2 - Challenger Pro League,Attacking Midfield,Midfield,36.0,2548.0,57.4,57.5,55.0,52.1
752564,25641,803.0,C. Buchanelli Holz,Brazil,Otelul,Romania 1 - Superliga,Left Back,Defence,28.0,2340.0,47.2,48.1,48.3,50.8
125732,25566,7926.0,C. Bumba,Romania,Győri ETO,Hungary 1 - NB I,Attacking Midfield,Midfield,31.0,2037.0,47.2,46.8,46.9,44.0
132239,26164,249160.0,C. Buonaiuto,Italy,Calcio Padova,Italy 2 - Serie B,Left Wing,Attack,32.0,940.0,57.5,56.8,56.6,58.1
5922,25648,30.0,C. Burgess,Australia,Swansea City,England 2 - Championship,Centre Back,Defence,29.0,4140.0,54.4,55.9,54.9,59.6
6081,25600,3958.0,C. Burgess,England,Union Saint-Gilloise,Belgium 1 - Pro League,Centre Back,Defence,33.0,3147.0,54.4,54.8,56.9,58.9
164932,25641,8132.0,C. Bărbuţ,Romania,Unirea Slobozia,Romania 1 - Superliga,Right Wing,Attack,30.0,1621.0,44.8,44.2,43.1,52.3
172828,25598,66.0,C. Cadden,Scotland,Hibernian,Scotland 1 - Premiership,Right Back,Defence,28.0,1150.0,46.5,46.1,46.2,51.1
37539853,25658,108.0,C. Camará Lamba,Portugal,Saint-Étienne,France 2 - Ligue 2,Centre Back,Defence,22.0,1046.0,54.1,55.0,52.5,48.5
24081648,25649,409.0,C. Campbell,Wales,Stevenage,England 3 - League One,Left Wing,Attack,22.0,1175.0,46.6,47.3,47.9,54.4
35685,25682,643.0,C. Cardoso Mané,Guinea-Bissau,Kayserispor,Türkiye 1 - Super Lig,Right Wing,Attack,31.0,1046.0,47.6,47.5,47.3,53.7
37414368,25745,269225.0,C. Castro,Colombia,AVS,Portugal 1 - Liga Portugal,Centre Back,Defence,24.0,2167.0,48.5,48.2,49.0,45.0
1177,25649,69.0,C. Chambers,England,Cardiff City,England 3 - League One,Centre Back,Defence,30.0,1779.0,53.9,55.0,53.3,52.6
12216,25648,5.0,C. Chaplin,England,Portsmouth,England 2 - Championship,Secondary Striker,Attack,28.0,2236.0,51.1,51.2,49.9,52.2
2306,25649,16.0,C. Christie,Republic of Ireland,Bolton Wanderers,England 3 - League One,Right Back,Defence,32.0,1184.0,53.7,53.5,54.0,58.7
37259175,25641,1026.0,C. Cirjan,Romania,Dinamo Bucureşti,Romania 1 - Superliga,Central Midfield,Midfield,22.0,3351.0,54.2,55.0,53.7,38.0
186134,25673,361.0,C. Clerc Martínez,Spain,Real Valladolid,Spain 2 - La Liga 2,Left Back,Defence,33.0,1138.0,51.4,51.7,50.7,50.3
37346912,25598,284.0,C. Congreve,Wales,Dundee,Scotland 1 - Premiership,Right Wing,Attack,21.0,2592.0,49.9,49.4,48.6,44.5
4795,25649,249.0,C. Connolly,England,Stockport County,England 3 - League One,Centre Back,Defence,27.0,1100.0,47.8,47.8,47.2,49.8
3861637,25652,3565.0,C. Conteh,Germany,Eintracht Braunschweig,Germany 2 - 2. Bundesliga,Right Wing,Attack,25.0,1250.0,49.8,50.1,49.8,43.0
581197,25648,4.0,C. Coventry,Republic of Ireland,Charlton Athletic,England 2 - Championship,Defensive Midfield,Midfield,25.0,2920.0,53.2,54.3,54.1,51.3
55444,25653,3300.0,C. Cvetko,Austria,Blau-Weiß Linz,Austria 1 - Admiral Bundesliga,Central Midfield,Midfield,28.0,1130.0,46.5,46.4,46.5,49.9
43504,25652,1077.0,C. Daferner,Germany,Dynamo Dresden,Germany 2 - 2. Bundesliga,Centre Forward,Attack,27.0,1141.0,53.3,53.2,53.4,56.0
101971,25735,2432.0,C. Dagba,France,K. Beerschot V.A.,Belgium 2 - Challenger Pro League,Right Back,Defence,26.0,1807.0,53.2,52.7,52.9,47.6
62683,25648,64.0,C. De Norre,Belgium,Millwall,England 2 - Championship,Defensive Midfield,Midfield,28.0,2345.0,53.1,52.9,53.0,50.6
20708316,25598,314.0,C. Devlin,Australia,Hearts,Scotland 1 - Premiership,Central Midfield,Midfield,27.0,2392.0,50.4,50.7,49.5,64.3
37714004,25653,3787.0,C. Diabaté,Austria,Wolfsberger AC,Austria 1 - Admiral Bundesliga,Centre Back,Defence,21.0,1351.0,46.8,45.8,48.4,52.7
37651201,25662,3229.0,C. Don,Ivory Coast,Hapoel Jerusalem,Israel 1 - Ligat ha'Al,Central Midfield,Midfield,21.0,1517.0,46.5,46.6,47.9,41.8
108568,25535,3191.0,C. Donis,Greece,Radomiak Radom,Poland 1 - Ekstraklasa,Defensive Midfield,Midfield,30.0,1383.0,49.3,48.6,49.8,47.6
37316508,25673,126.0,C. Dotor Gonzalez,Spain,Málaga,Spain 2 - La Liga 2,Central Midfield,Midfield,24.0,2730.0,51.4,51.1,50.5,45.7
37537875,25648,283.0,C. Doyle,England,Wrexham,England 2 - Championship,Centre Back,Defence,21.0,2875.0,57.7,59.5,56.5,55.9
21412958,25648,22.0,C. Drameh,England,Hull City,England 2 - Championship,Right Back,Defence,23.0,1448.0,52.3,52.7,51.7,55.1
37527863,25597,682.0,C. Driouech,Morocco,PSV,Netherlands 1 - Eredivisie,Left Wing,Attack,23.0,944.0,58.4,56.8,57.6,64.8
27422485,25536,390.0,C. Duru,Nigeria,Sønderjyske Fodbold,Denmark 1 - Superliga,Left Back,Defence,25.0,1077.0,46.2,46.0,45.6,56.5
3320,25648,24.0,C. Elder,Australia,Derby County,England 2 - Championship,Left Back,Defence,30.0,2195.0,54.3,53.1,55.2,55.5
608299,25636,1703.0,C. Enemark,Denmark,Hobro,Denmark 2 - First Division,Centre Back,Defence,26.0,1179.0,50.7,50.7,48.2,35.6
28650,25637,320.0,C. Essers,Netherlands,FC Eindhoven,Netherlands 2 - Eerste Divisie,Right Back,Defence,28.0,2438.0,47.5,47.0,46.8,53.3
37586235,26164,249160.0,C. Faedo,Italy,Calcio Padova,Italy 2 - Serie B,Centre Back,Defence,26.0,2240.0,53.1,52.6,50.7,47.1
37667383,25658,1838.0,C. Fall,Senegal,Pau,France 2 - Ligue 2,Central Midfield,Midfield,21.0,927.0,49.5,49.2,48.8,54.3
198139,25607,647.0,C. Fassnacht,Switzerland,Young Boys,Switzerland 1 - Super League,Right Midfield,Midfield,31.0,2363.0,51.0,50.1,49.8,46.0
433180,25658,1461.0,C. Fatou,France,Boulogne,France 2 - Ligue 2,Centre Forward,Attack,26.0,1258.0,49.8,50.0,49.6,47.8
37608597,26164,7471.0,C. Favasuli,Italy,Catanzaro,Italy 2 - Serie B,Right Midfield,Midfield,21.0,3497.0,51.6,48.8,50.4,57.2
37748381,25641,10266.0,C. Ferreira Martins,Brazil,Argeş,Romania 1 - Superliga,Right Wing,Attack,24.0,1172.0,52.1,52.8,51.9,49.4
37579655,25649,16.0,C. Forino-Joseph,England,Bolton Wanderers,England 3 - League One,Centre Back,Defence,25.0,2643.0,46.6,45.8,46.5,63.3
2326,25648,24.0,C. Forsyth,Scotland,Derby County,England 2 - Championship,Left Back,Defence,36.0,1145.0,52.9,52.0,51.5,54.8
37600887,25536,7466.0,C. Gammelgaard,Denmark,Vejle Boldklub,Denmark 1 - Superliga,Right Wing,Attack,22.0,2351.0,48.8,47.9,48.7,36.8
165456,25641,134619.0,C. Ganea,Romania,Farul Constanța,Romania 1 - Superliga,Left Back,Defence,33.0,2796.0,49.6,49.5,48.4,54.0
4545463,25673,344.0,C. Gelabert Pina,Spain,Sporting Gijón,Spain 2 - La Liga 2,Attacking Midfield,Midfield,24.0,3360.0,49.9,51.0,51.1,48.2
109586,26164,2892.0,C. Gondo,Ivory Coast,Reggiana,Italy 2 - Serie B,Centre Forward,Attack,28.0,1640.0,47.5,47.7,47.3,52.8
9274,25649,409.0,C. Goode,England,Stevenage,England 3 - League One,Centre Back,Defence,29.0,3822.0,47.7,47.7,45.1,58.2
23715988,25641,7773.0,C. Grameni,Romania,Rapid Bucuresti,Romania 1 - Superliga,Central Midfield,Midfield,22.0,1848.0,50.7,50.2,49.6,53.4
36488,26164,445.0,C. Gytkjær,Denmark,Bari 1908,Italy 2 - Serie B,Centre Forward,Attack,35.0,996.0,49.2,48.9,48.8,47.0
174388,25598,314.0,C. Halkett,Scotland,Hearts,Scotland 1 - Premiership,Centre Back,Defence,30.0,2536.0,48.3,47.9,50.0,58.1
338887,25649,348.0,C. Hall,England,Port Vale,England 3 - League One,Centre Back,Defence,32.0,3250.0,49.8,50.3,49.1,52.4
12506,25649,28.0,C. Hamilton,England,Blackpool,England 3 - League One,Left Wing,Attack,30.0,2566.0,44.8,44.0,43.6,52.8
37736118,25597,1550.0,C. Hatenboer,Netherlands,Telstar,Netherlands 1 - Eredivisie,Defensive Midfield,Midfield,20.0,1148.0,53.3,53.7,53.6,45.7
37357804,25649,254.0,C. Hayes,England,Peterborough United,England 3 - League One,Right Wing,Attack,22.0,1270.0,51.3,51.3,50.8,60.0
188754,25673,12330.0,C. Hernández Alarcón,Spain,Ceuta,Spain 2 - La Liga 2,Centre Back,Defence,34.0,3433.0,41.3,39.6,40.5,54.0
37612958,25653,5769.0,C. Hoffmann,Germany,Hartberg,Austria 1 - Admiral Bundesliga,Centre Forward,Attack,21.0,1878.0,46.9,47.0,46.4,52.5
523964,25682,2811.0,C. Holse,Denmark,Samsunspor,Türkiye 1 - Super Lig,Attacking Midfield,Midfield,26.0,2610.0,51.0,51.7,51.4,52.6
37392977,25648,22.0,C. Hughes,England,Hull City,England 2 - Championship,Centre Back,Defence,21.0,3459.0,54.0,54.3,54.3,56.3
4445,25649,348.0,C. Humphreys,England,Port Vale,England 3 - League One,Centre Back,Defence,26.0,3195.0,46.2,45.9,45.7,47.4
37550477,25649,251.0,C. Humphreys,England,Huddersfield Town,England 3 - League One,Central Midfield,Midfield,21.0,1561.0,48.0,47.7,47.7,55.6
84192,25682,1041.0,C. Højer Nielsen,Denmark,Rizespor,Türkiye 1 - Super Lig,Left Back,Defence,30.0,2716.0,51.5,51.5,51.4,48.2
357366,25607,10655.0,C. Ibayi,France,Thun,Switzerland 1 - Super League,Centre Forward,Attack,30.0,1676.0,50.5,50.7,50.6,49.1
37761103,25682,688.0,C. Inao Oulaï,Ivory Coast,Trabzonspor,Türkiye 1 - Super Lig,Central Midfield,Midfield,19.0,2077.0,58.2,58.7,59.2,54.1
198066,25652,1092.0,C. Itten,Switzerland,Fortuna Düsseldorf,Germany 2 - 2. Bundesliga,Centre Forward,Attack,28.0,2625.0,51.4,51.2,51.8,50.9
37539823,25648,65.0,C. Jander,Germany,Southampton,England 2 - Championship,Central Midfield,Midfield,22.0,2945.0,53.9,53.8,53.1,61.6
63907,25735,1272.0,C. Janssens,Belgium,SK Beveren,Belgium 2 - Challenger Pro League,Left Back,Defence,27.0,2574.0,54.3,53.3,53.0,56.9
19970141,25636,6953.0,C. Jensen,Denmark,HB Køge,Denmark 2 - First Division,Left Wing,Attack,25.0,2063.0,43.5,43.7,44.6,43.5
190914,25652,3611.0,C. Johansson,Sweden,Holstein Kiel,Germany 2 - 2. Bundesliga,Centre Back,Defence,31.0,946.0,48.0,46.7,50.0,55.3
24816752,25649,254.0,C. Johnston,Northern Ireland,Peterborough United,England 3 - League One,Right Back,Defence,23.0,1975.0,52.9,51.7,49.2,54.8
37402212,25598,284.0,C. Jones,Wales,Dundee,Scotland 1 - Premiership,Central Midfield,Midfield,24.0,1305.0,49.5,49.7,49.4,52.6
32761,25658,581.0,C. Jullien,France,Montpellier,France 2 - Ligue 2,Centre Back,Defence,32.0,1655.0,49.0,48.5,51.2,53.7
37526457,25636,8630.0,C. Jørgensen,Denmark,Kolding IF,Denmark 2 - First Division,Central Midfield,Midfield,22.0,1942.0,46.4,46.1,46.6,44.3
37331699,25636,2650.0,C. Kaarsbo Winther,Denmark,Lyngby Boldklub,Denmark 2 - First Division,Central Midfield,Midfield,22.0,1855.0,52.9,53.1,51.9,48.5
37332164,25567,28023.0,C. Keita,France,IMT Novi Beograd,Serbia 1 - Super Liga,Centre Forward,Attack,26.0,1292.0,46.9,47.1,46.8,56.2
122905,25649,137.0,C. Kelly,Republic of Ireland,Bradford City,England 3 - League One,Centre Back,Defence,27.0,1056.0,48.5,49.6,48.9,58.9
25922177,25648,4.0,C. Kelman,England,Charlton Athletic,England 2 - Championship,Centre Forward,Attack,23.0,1561.0,50.4,50.4,50.3,43.4
20216,25648,116.0,C. Kipre,Ivory Coast,Ipswich Town,England 2 - Championship,Centre Back,Defence,28.0,2589.0,58.1,58.9,57.6,55.4
37317328,25652,1092.0,C. Kjelder Rasmussen,Denmark,Fortuna Düsseldorf,Germany 2 - 2. Bundesliga,Right Wing,Attack,22.0,1056.0,55.0,54.6,54.2,51.7
3502642,25648,12.0,C. Klarer,Austria,Birmingham City,England 2 - Championship,Centre Back,Defence,25.0,3870.0,53.8,54.5,53.4,64.2
37681831,25658,6898.0,C. Konaté,Mali,Clermont,France 2 - Ligue 2,Right Back,Defence,21.0,1028.0,52.3,53.2,52.6,55.6
37681831,25759,27943.0,C. Konaté,Mali,Kifisia,Greece 1 - Super League,Right Back,Defence,21.0,1352.0,47.4,48.3,47.8,49.1
15074746,25641,11711.0,C. Kouadio,Ivory Coast,Metaloglobus,Romania 1 - Superliga,Right Back,Defence,24.0,1097.0,46.3,46.5,46.5,44.3
186921,25682,3990.0,C. Kranevitter,Argentina,Fatih Karagümrük,Türkiye 1 - Super Lig,Defensive Midfield,Midfield,32.0,1780.0,50.6,51.2,49.4,44.8
1525246,25652,2927.0,C. Lannert,Germany,DSC Arminia Bielefeld,Germany 2 - 2. Bundesliga,Right Back,Defence,27.0,1553.0,55.3,55.0,55.4,55.1
262216,25648,65.0,C. Larin,Canada,Southampton,England 2 - Championship,Centre Forward,Attack,30.0,948.0,56.5,56.2,57.0,55.1
432653,25735,3960.0,C. Lavie,France,Royal Francs Borains,Belgium 2 - Challenger Pro League,Right Wing,Attack,28.0,1864.0,45.7,45.4,45.2,49.2
25582,25597,637.0,C. Leemans,Netherlands,NAC Breda,Netherlands 1 - Eredivisie,Central Midfield,Midfield,29.0,1360.0,52.7,52.4,51.8,52.8
37650245,25652,999.0,C. Lenz,Germany,VfL Bochum 1848,Germany 2 - 2. Bundesliga,Defensive Midfield,Midfield,19.0,2189.0,48.6,47.8,50.0,49.2
37591679,25567,28029.0,C. Lhernault,France,Železničar Pančevo,Serbia 1 - Super Liga,Central Midfield,Midfield,22.0,931.0,53.0,53.2,52.3,50.5
1524954,25653,5724.0,C. Lichtenberger,Austria,Grazer AK,Austria 1 - Admiral Bundesliga,Attacking Midfield,Midfield,29.0,1085.0,48.0,48.2,49.0,52.8
37680349,26164,2892.0,C. Lima Pontes,Brazil,Reggiana,Italy 2 - Serie B,Defensive Midfield,Midfield,21.0,2045.0,50.0,49.7,51.4,54.0
37637488,25637,814.0,C. Lokesa,Belgium,RKC Waalwijk,Netherlands 2 - Eerste Divisie,Left Wing,Attack,20.0,928.0,50.6,50.9,50.5,50.4
13239062,25566,112.0,C. Lopes Cruz,Brazil,Ferencvárosi,Hungary 1 - NB I,Right Midfield,Midfield,27.0,968.0,50.3,50.2,51.2,53.4
784457,25682,4192.0,C. Lungoyi,Switzerland,Gaziantep F.K.,Türkiye 1 - Super Lig,Left Wing,Attack,25.0,1811.0,49.2,50.1,49.7,49.4
37689358,25649,115.0,C. Makosso,France,Luton Town,England 3 - League One,Centre Back,Defence,21.0,925.0,53.9,55.2,50.8,56.5
21762178,25566,112.0,C. Makreckis,Latvia,Ferencvárosi,Hungary 1 - NB I,Right Back,Defence,25.0,913.0,53.4,54.9,54.5,45.3
418377,25652,3647.0,C. Makridis,Germany,Preußen Münster,Germany 2 - 2. Bundesliga,Left Wing,Attack,29.0,1185.0,48.2,49.6,48.3,58.8
101340,25658,1112.0,C. Mandouki,Martinique,Laval,France 2 - Ligue 2,Defensive Midfield,Midfield,33.0,2456.0,47.6,47.7,47.9,56.3
62659,25641,7773.0,C. Manea,Romania,Rapid Bucuresti,Romania 1 - Superliga,Right Back,Defence,27.0,1451.0,52.2,51.5,52.1,50.6
22158825,25759,213.0,C. Manrique Diaz,Spain,Panaitolikos,Greece 1 - Super League,Left Back,Defence,26.0,2181.0,47.4,47.2,46.9,43.7
33186843,25745,3497.0,C. Marques,Portugal,Tondela,Portugal 1 - Liga Portugal,Centre Back,Defence,22.0,2717.0,48.8,48.1,49.4,40.2
262495,25662,6961.0,C. Martinez,Panama,Ironi Kiryat Shmona,Israel 1 - Ligat ha'Al,Defensive Midfield,Midfield,28.0,2436.0,52.8,53.9,52.3,43.0
140869,25599,2712.0,C. Martins Pereira,Luxembourg,Spartak Moskva,Russia 1 - Premier League,Defensive Midfield,Midfield,28.0,1126.0,47.7,45.8,46.9,50.5
1238,25759,213.0,C. Mavrias,Greece,Panaitolikos,Greece 1 - Super League,Right Back,Defence,31.0,1958.0,47.6,47.5,47.8,46.8
37938591,25607,362.0,C. May,Switzerland,St. Gallen,Switzerland 1 - Super League,Centre Back,Defence,18.0,1474.0,47.3,46.5,47.7,38.1
9824,25649,301.0,C. Maycock,England,AFC Wimbledon,England 3 - League One,Defensive Midfield,Midfield,27.0,2111.0,41.7,40.6,39.0,34.7
122154,25649,221.0,C. McCarthy,Republic of Ireland,Northampton Town,England 3 - League One,Centre Back,Defence,27.0,2156.0,46.6,45.9,45.4,51.7
5967839,25536,86.0,C. McCowatt,New Zealand,Silkeborg IF,Denmark 1 - Superliga,Attacking Midfield,Midfield,26.0,2511.0,53.0,54.3,53.5,53.7
12233,25649,221.0,C. McGeehan,Northern Ireland,Northampton Town,England 3 - League One,Central Midfield,Midfield,30.0,2708.0,44.2,44.0,43.9,40.0
6332,25649,305.0,C. McGrandles,Scotland,Lincoln City,England 3 - League One,Central Midfield,Midfield,29.0,3941.0,49.5,49.6,50.3,57.4
8585,25598,53.0,C. McGregor,Scotland,Celtic,Scotland 1 - Premiership,Defensive Midfield,Midfield,32.0,3197.0,54.4,54.8,52.1,47.3
148853,25598,496.0,C. McMenamin,Northern Ireland,St. Mirren,Scotland 1 - Premiership,Left Wing,Attack,29.0,1205.0,48.5,48.3,47.5,54.5
30467944,25648,56.0,C. McNeill,England,Sheffield Wednesday,England 2 - Championship,Centre Forward,Attack,21.0,2055.0,49.2,49.0,48.9,50.7
12433344,25535,135.0,C. Mena Márquez,Colombia,Lechia Gdańsk,Poland 1 - Ekstraklasa,Right Wing,Attack,22.0,2719.0,51.1,50.3,50.8,53.9
339083,25648,10.0,C. Mepham,Wales,West Bromwich Albion,England 2 - Championship,Centre Back,Defence,27.0,1936.0,53.3,53.3,54.0,57.2
203698,25682,3224.0,C. Meraş,Türkiye,Eyüpspor,Türkiye 1 - Super Lig,Left Back,Defence,29.0,1827.0,50.5,49.7,48.9,50.0
173230,25598,770.0,C. Miller,Scotland,Falkirk,Scotland 1 - Premiership,Left Midfield,Midfield,27.0,2903.0,51.0,49.6,50.6,38.7
37578333,25637,1731.0,C. Mmaee,Morocco,MVV Maastricht,Netherlands 2 - Eerste Divisie,Right Wing,Attack,21.0,1003.0,47.6,48.1,48.5,51.4
8201,25598,258.0,C. Montaño Castillo,Colombia,Livingston,Scotland 1 - Premiership,Left Midfield,Midfield,33.0,1755.0,46.6,49.4,45.8,58.0
253701,25599,490.0,C. Montes Castro,Mexico,Lokomotiv Moskva,Russia 1 - Premier League,Centre Back,Defence,28.0,2208.0,51.0,49.9,52.1,58.6
37414279,25641,11676.0,C. Mora,Costa Rica,Universitatea Craiova,Romania 1 - Superliga,Right Midfield,Midfield,24.0,2033.0,53.2,53.7,52.8,58.5
6618,25648,24.0,C. Morris,England,Derby County,England 2 - Championship,Centre Forward,Attack,29.0,2124.0,54.2,53.8,54.3,59.7
37664291,25759,602.0,C. Mouzakitis,Greece,Olympiacos F.C.,Greece 1 - Super League,Central Midfield,Midfield,18.0,1152.0,58.5,59.5,58.6,52.1
537186,25673,931.0,C. Muñoz Obejero,Spain,Córdoba,Spain 2 - La Liga 2,Right Back,Defence,27.0,1410.0,52.8,51.9,52.1,46.9
37532696,25591,463.0,C. N'Guessan,France,Slovan Liberec,Czech Republic 1 - Chance Liga,Centre Back,Defence,21.0,2452.0,46.9,46.0,47.6,49.4
37546792,25648,64.0,C. Neghli,Algeria,Millwall,England 2 - Championship,Right Wing,Attack,23.0,3474.0,51.9,52.1,52.1,54.5
167862,25641,12619.0,C. Neguţ,Romania,Hermannstadt,Romania 1 - Superliga,Centre Forward,Attack,29.0,2719.0,48.5,48.7,48.1,47.5
526803,25673,3169.0,C. Neva Tey,Spain,Albacete,Spain 2 - La Liga 2,Left Back,Defence,29.0,2665.0,47.9,47.2,46.8,45.2
37627140,25536,2447.0,C. Ngos Nouck Horneman,Denmark,Viborg FF,Denmark 1 - Superliga,Left Wing,Attack,21.0,1628.0,52.7,53.0,53.3,48.0
37260808,25601,28077.0,C. Nguidjol Bayemi,Cameroon,Komárno,Slovakia 1 - Niké Liga,Left Wing,Attack,26.0,1269.0,47.8,46.6,45.7,44.1
83971,25600,700.0,C. Nielsen,Denmark,Standard Liège,Belgium 1 - Pro League,Central Midfield,Midfield,31.0,1879.0,52.2,52.7,52.6,49.4
37539679,25591,1745.0,C. Nombil,Ghana,Zlín,Czech Republic 1 - Chance Liga,Defensive Midfield,Midfield,24.0,2490.0,47.1,47.0,46.3,56.9
37635461,25653,3787.0,C. Nwaiwu,Nigeria,Wolfsberger AC,Austria 1 - Admiral Bundesliga,Centre Back,Defence,22.0,997.0,49.8,48.9,52.3,61.9
37635461,25682,688.0,C. Nwaiwu,Nigeria,Trabzonspor,Türkiye 1 - Super Lig,Centre Back,Defence,22.0,1310.0,54.8,54.4,54.9,64.1
8270,25648,21.0,C. O'Hare,England,Sheffield United,England 2 - Championship,Attacking Midfield,Midfield,27.0,3461.0,52.4,51.8,51.5,51.5
7570,25649,54.0,C. O'Keeffe,Republic of Ireland,Barnsley,England 3 - League One,Right Back,Defence,27.0,1906.0,50.8,51.3,52.0,50.2
37590188,25649,235.0,C. O'Riordan,Republic of Ireland,Doncaster Rovers,England 3 - League One,Centre Back,Defence,21.0,1556.0,46.3,46.0,48.0,52.8
37257608,26164,445.0,C. Odenthal,Netherlands,Bari 1908,Italy 2 - Serie B,Centre Back,Defence,24.0,1574.0,46.1,45.4,45.4,52.9
12332,25648,5.0,C. Ogilvie,England,Portsmouth,England 2 - Championship,Left Back,Defence,29.0,2606.0,49.0,49.0,48.3,56.0
43265,25607,362.0,C. Okoroji,Germany,St. Gallen,Switzerland 1 - Super League,Left Back,Defence,28.0,2957.0,50.1,49.0,49.3,47.6
97319,25682,3702.0,C. Operi,Ivory Coast,İstanbul Başakşehir,Türkiye 1 - Super Lig,Left Back,Defence,28.0,1825.0,54.7,54.6,53.8,55.8
366889,26164,6911.0,C. Patierno,Italy,Avellino,Italy 2 - Serie B,Centre Forward,Attack,34.0,993.0,46.3,46.5,45.8,47.1
24829972,25641,7773.0,C. Petrila,Romania,Rapid Bucuresti,Romania 1 - Superliga,Left Wing,Attack,24.0,2638.0,49.6,48.7,48.4,48.2
37341884,25637,1128.0,C. Peupion,Australia,ADO Den Haag,Netherlands 2 - Eerste Divisie,Left Wing,Attack,22.0,2123.0,49.9,50.3,51.3,53.4
7689,25649,409.0,C. Piergianni,England,Stevenage,England 3 - League One,Centre Back,Defence,33.0,3785.0,48.8,49.7,48.7,61.8
37522713,26164,6947.0,C. Pierobon,Italy,Juve Stabia,Italy 2 - Serie B,Central Midfield,Midfield,23.0,1324.0,50.0,49.9,50.5,60.9
380958,25673,3968.0,C. Pomares Rayo,Spain,Real Zaragoza,Spain 2 - La Liga 2,Left Back,Defence,32.0,1189.0,51.1,50.3,49.4,55.5
6608242,25648,122.0,C. Pring,England,Bristol City,England 2 - Championship,Left Back,Defence,27.0,1527.0,51.0,51.4,50.8,57.8
37297497,25673,126.0,C. Puga Medina,Spain,Málaga,Spain 2 - La Liga 2,Right Back,Defence,24.0,2950.0,51.9,52.8,51.7,58.6
537056,25759,9848.0,C. Pérez Sayol,Spain,Aris,Greece 1 - Super League,Right Wing,Attack,27.0,1542.0,49.7,49.9,49.6,51.3
165309,25641,3599.0,C. Păun Alexandru,Romania,CFR Cluj,Romania 1 - Superliga,Central Midfield,Midfield,30.0,1208.0,54.1,54.4,55.8,45.8
37586635,25600,2641.0,C. Ravych,Belgium,Cercle Brugge,Belgium 1 - Pro League,Centre Back,Defence,22.0,2244.0,49.6,49.8,48.6,48.3
96714,25682,1071.0,C. Ribeiro Dias,Portugal,Kasımpaşa,Türkiye 1 - Super Lig,Central Midfield,Midfield,32.0,1325.0,52.5,52.6,52.1,49.1
9306,25598,284.0,C. Robertson,Scotland,Dundee,Scotland 1 - Premiership,Centre Back,Defence,31.0,1276.0,47.7,46.6,49.8,41.4
3530,25649,69.0,C. Robinson,Republic of Ireland,Cardiff City,England 3 - League One,Centre Forward,Attack,30.0,1197.0,55.3,55.4,55.5,47.7
37640769,25673,126.0,C. Ruiz Rubio,Spain,Málaga,Spain 2 - La Liga 2,Centre Forward,Attack,20.0,2931.0,55.1,55.0,55.7,47.9
37266026,25600,328.0,C. Scott,Germany,Antwerp,Belgium 1 - Pro League,Left Midfield,Midfield,23.0,2216.0,49.9,51.2,50.2,50.6
37554726,25637,2344.0,C. Seedorf,Netherlands,Roda JC Kerkrade,Netherlands 2 - Eerste Divisie,Left Wing,Attack,25.0,1355.0,51.4,51.5,50.7,53.7
2511221,25648,5.0,C. Shaughnessy,Republic of Ireland,Portsmouth,England 2 - Championship,Centre Back,Defence,29.0,1132.0,49.8,49.1,49.5,62.5
2510233,25759,213.0,C. Shelis,Cyprus,Panaitolikos,Greece 1 - Super League,Centre Back,Defence,25.0,2326.0,47.7,47.0,49.0,46.0
37562870,25567,2945.0,C. Shichenje,Kenya,Vojvodina,Serbia 1 - Super Liga,Centre Back,Defence,21.0,1476.0,49.6,49.5,49.6,56.6
37577760,26164,1234.0,C. Shpendi,Albania,Cesena,Italy 2 - Serie B,Centre Forward,Attack,22.0,2955.0,51.7,51.8,52.0,43.2
173733,25598,282.0,C. Sibbald,Scotland,Dundee United,Scotland 1 - Premiership,Defensive Midfield,Midfield,30.0,1772.0,45.6,45.2,45.8,44.8
581047,25598,309.0,C. Slattery,England,Motherwell,Scotland 1 - Premiership,Central Midfield,Midfield,26.0,2325.0,52.7,52.7,53.0,45.6
37289500,25598,314.0,C. Soares Braga,Portugal,Hearts,Scotland 1 - Premiership,Centre Forward,Attack,25.0,2902.0,49.9,49.5,50.9,49.7
448139,25759,134582.0,C. Soria Grau,Spain,Volos NFC,Greece 1 - Super League,Right Back,Defence,28.0,1740.0,48.4,48.8,49.1,43.8
354107,25535,3260.0,C. Soteriou,Cyprus,Korona Kielce,Poland 1 - Ekstraklasa,Centre Back,Defence,29.0,2463.0,45.9,45.0,48.3,48.4
37346887,25591,3545.0,C. Souare,France,Viktoria Plzeň,Czech Republic 1 - Chance Liga,Left Midfield,Midfield,22.0,1856.0,53.1,53.7,53.0,45.3
37529955,25637,2475.0,C. Staring,Netherlands,FC Emmen,Netherlands 2 - Eerste Divisie,Defensive Midfield,Midfield,24.0,1302.0,48.6,48.7,48.7,44.3
10351,25648,10.0,C. Styles,Hungary,West Bromwich Albion,England 2 - Championship,Left Back,Defence,25.0,3671.0,52.6,52.1,51.4,57.7
83717,25536,7466.0,C. Sørensen,Denmark,Vejle Boldklub,Denmark 1 - Superliga,Left Back,Defence,32.0,2028.0,51.5,50.5,50.6,43.0
37758059,25636,211.0,C. Tapé,Ivory Coast,Horsens,Denmark 2 - First Division,Left Back,Defence,19.0,2324.0,49.0,48.6,47.1,56.4
3300,25648,10.0,C. Taylor,England,West Bromwich Albion,England 2 - Championship,Left Back,Defence,31.0,1662.0,50.8,50.7,50.2,55.1
33991728,25648,64.0,C. Taylor,England,Millwall,England 2 - Championship,Centre Back,Defence,22.0,2242.0,50.1,48.8,50.8,63.6
37298071,25649,183.0,C. Taylor,England,Wycombe Wanderers,England 3 - League One,Centre Back,Defence,23.0,2139.0,50.6,50.4,51.1,58.9
15729,25649,137.0,C. Tilt,Jamaica,Bradford City,England 3 - League One,Centre Back,Defence,33.0,2848.0,46.6,47.4,46.7,55.6
524852,25662,229320.0,C. Tiéhi,Ivory Coast,Maccabi Bnei Raina,Israel 1 - Ligat ha'Al,Defensive Midfield,Midfield,27.0,982.0,46.0,45.5,47.5,51.4
37666501,25607,389.0,C. Tsawa,Switzerland,Zürich,Switzerland 1 - Super League,Central Midfield,Midfield,18.0,2680.0,50.2,50.0,50.1,47.8
37536867,25637,669.0,C. Twigt,Netherlands,Willem II,Netherlands 2 - Eerste Divisie,Defensive Midfield,Midfield,22.0,1145.0,54.6,55.0,54.1,53.6
24817182,25600,340.0,C. Tzolis,Greece,Club Brugge,Belgium 1 - Pro League,Left Wing,Attack,23.0,3071.0,65.3,63.3,63.4,52.8
37736095,25597,637.0,C. Valerius,Netherlands,NAC Breda,Netherlands 1 - Eredivisie,Right Back,Defence,19.0,1832.0,48.3,48.9,49.8,50.2
37714559,25735,227972.0,C. Van Meirvenne,Belgium,Koninklijke Lierse Sportkring,Belgium 2 - Challenger Pro League,Left Wing,Attack,20.0,1912.0,48.3,48.9,49.0,49.8
4977687,25648,12.0,C. Vicente Robles,Spain,Birmingham City,England 2 - Championship,Right Wing,Attack,26.0,992.0,53.9,52.5,54.1,54.2
37568811,25649,54.0,C. Vickers,England,Barnsley,England 3 - League One,Right Wing,Attack,20.0,953.0,49.0,48.8,48.5,42.1
525082,25658,1174.0,C. Vidal,France,Grenoble Foot 38,France 2 - Ligue 2,Centre Back,Defence,25.0,2006.0,50.5,50.6,52.8,51.1
65612,25658,430.0,C. Vincent,France,Bastia,France 2 - Ligue 2,Defensive Midfield,Midfield,32.0,1189.0,48.3,46.7,45.4,44.1
27067959,25641,7773.0,C. Vulturar,Romania,Rapid Bucuresti,Romania 1 - Superliga,Defensive Midfield,Midfield,21.0,1103.0,50.0,49.4,51.8,59.7
37397209,25641,803.0,C. Wagatsuma Ferreira,Brazil,Otelul,Romania 1 - Superliga,Left Back,Defence,25.0,1150.0,44.8,45.5,45.6,52.0
28575692,25649,110.0,C. Watts,Australia,Plymouth Argyle,England 3 - League One,Attacking Midfield,Midfield,23.0,1564.0,49.6,50.3,50.7,47.4
37337217,25649,150.0,C. Webster,England,Burton Albion,England 3 - League One,Central Midfield,Midfield,21.0,1877.0,50.7,51.2,51.8,42.8
37259202,25649,294.0,C. Wellens,England,Leyton Orient,England 3 - League One,Central Midfield,Midfield,22.0,2153.0,46.0,46.4,47.0,37.5
37325022,25597,1652.0,C. Widell,Sweden,Excelsior,Netherlands 1 - Eredivisie,Centre Back,Defence,22.0,3054.0,50.9,51.3,52.1,51.8
338938,25649,69.0,C. Willock,England,Cardiff City,England 3 - League One,Left Wing,Attack,27.0,2464.0,52.1,51.2,51.7,47.8
129679,25682,1071.0,C. Winck Neto,Brazil,Kasımpaşa,Türkiye 1 - Super Lig,Right Back,Defence,31.0,2303.0,50.9,49.9,49.5,52.7
37551901,25607,362.0,C. Witzig,Switzerland,St. Gallen,Switzerland 1 - Super League,Left Midfield,Midfield,24.0,1998.0,50.1,50.0,49.4,50.2
2999,25649,183.0,C. Woodrow,England,Wycombe Wanderers,England 3 - League One,Centre Forward,Attack,30.0,2623.0,48.6,48.5,48.2,47.1
21803059,25599,2712.0,C. Wooh,France,Spartak Moskva,Russia 1 - Premier League,Centre Back,Defence,23.0,1623.0,50.0,50.1,49.3,54.4
1481492,25649,17.0,C. Wright,England,Wigan Athletic,England 3 - League One,Central Midfield,Midfield,25.0,3286.0,45.7,45.6,46.3,47.7
37762150,25536,2394.0,C. Yirenkyi,Ghana,Nordsjælland,Denmark 1 - Superliga,Central Midfield,Midfield,19.0,2614.0,53.9,53.5,53.2,62.3
540342,25682,2811.0,C. Yüksel,Türkiye,Samsunspor,Türkiye 1 - Super Lig,Central Midfield,Midfield,27.0,1158.0,52.5,52.7,52.8,63.3
37336218,25591,216.0,C. Zafeiris,Norway,Slavia Praha,Czech Republic 1 - Chance Liga,Central Midfield,Midfield,22.0,1116.0,52.7,53.1,53.2,44.6
37336218,25759,649.0,C. Zafeiris,Norway,PAOK,Greece 1 - Super League,Central Midfield,Midfield,22.0,1334.0,51.2,51.2,50.3,51.7
160850,25745,269225.0,C. dos Santos Rodrigues,Cape Verde,AVS,Portugal 1 - Liga Portugal,Centre Back,Defence,34.0,929.0,44.5,43.4,43.9,48.7
37533201,25600,1087.0,C. keita,France,Sporting Charleroi,Belgium 1 - Pro League,Centre Back,Defence,22.0,3441.0,46.2,44.8,46.6,42.6
37596209,25637,2475.0,C. Ærbo Østergaard,Denmark,FC Emmen,Netherlands 2 - Eerste Divisie,Centre Back,Defence,20.0,2260.0,50.0,50.5,51.0,45.3
202002,25682,554.0,C. Ünder,Türkiye,Beşiktaş,Türkiye 1 - Super Lig,Right Wing,Attack,28.0,1166.0,55.8,55.5,56.3,55.7
37530649,25682,1071.0,C. Üstündag,Austria,Kasımpaşa,Türkiye 1 - Super Lig,Central Midfield,Midfield,24.0,938.0,44.4,44.2,44.0,53.3
37404802,25745,35867.0,Chiquinho,Portugal,Alverca,Portugal 1 - Liga Portugal,Left Wing,Attack,25.0,1495.0,53.6,53.9,52.4,58.5
37402386,25745,6377.0,Clayton,Brazil,Rio Ave,Portugal 1 - Liga Portugal,Centre Forward,Attack,26.0,1602.0,54.4,54.7,54.0,47.8
37412367,25662,6900.0,Clé,Cape Verde,Hapoel Petah Tikva,Israel 1 - Ligat ha'Al,Left Wing,Attack,27.0,2486.0,47.3,47.1,46.6,45.4
28255,25607,2866.0,D. Abels,Netherlands,Grasshopper,Switzerland 1 - Super League,Centre Back,Defence,28.0,2694.0,48.7,48.8,46.7,47.6
435929,26164,1000.0,D. Adorni,Italy,Modena,Italy 2 - Serie B,Centre Back,Defence,33.0,2275.0,47.3,46.2,47.2,48.1
37608777,25584,3358.0,D. Adu-Adjei,England,Rijeka,Croatia 1 - 1. HNL,Centre Forward,Attack,20.0,1556.0,49.4,49.8,48.9,48.2
5381,25682,13860.0,D. Agyei,Ghana,Kocaelispor,Türkiye 1 - Super Lig,Right Wing,Attack,28.0,2145.0,47.2,47.7,48.3,43.8
187056,25673,238115.0,D. Alende López,Spain,FC Andorra,Spain 2 - La Liga 2,Centre Back,Defence,27.0,1700.0,51.3,51.8,50.7,49.6
62024,25641,134619.0,D. Alibec,Romania,Farul Constanța,Romania 1 - Superliga,Centre Forward,Attack,34.0,991.0,53.6,53.4,53.6,39.1
37609229,25566,4312.0,D. Alves de Lima,Brazil,Zalaegerszegi TE,Hungary 1 - NB I,Centre Forward,Attack,20.0,1042.0,50.7,50.8,50.6,54.1
4978,25649,185.0,D. Andrew,England,Exeter City,England 3 - League One,Left Back,Defence,34.0,1540.0,50.5,50.8,51.2,49.6
37937828,25735,261625.0,D. Antwi,Ghana,RSCA Futures U23,Belgium 2 - Challenger Pro League,Centre Back,Defence,18.0,1354.0,45.8,45.9,46.2,55.5
85768,25536,2447.0,D. Anyembe,Kenya,Viborg FF,Denmark 1 - Superliga,Centre Back,Defence,26.0,2442.0,52.9,54.1,52.9,40.9
173003,25641,1026.0,D. Armstrong,Scotland,Dinamo Bucureşti,Romania 1 - Superliga,Right Wing,Attack,27.0,2648.0,52.4,51.7,50.6,51.0
37286838,25637,1731.0,D. Asante,Netherlands,MVV Maastricht,Netherlands 2 - Eerste Divisie,Right Wing,Attack,25.0,1484.0,45.3,44.6,44.8,46.4
37597012,25735,227972.0,D. Asare,Belgium,Koninklijke Lierse Sportkring,Belgium 2 - Challenger Pro League,Central Midfield,Midfield,21.0,1890.0,43.0,42.2,42.7,48.5
32302,25653,3787.0,D. Avdijaj,Kosovo,Wolfsberger AC,Austria 1 - Admiral Bundesliga,Left Wing,Attack,28.0,910.0,48.7,49.0,48.6,51.2
446955,25566,506.0,D. Babunski Hristovski,Macedonia,Nyíregyháza Spartacus,Hungary 1 - NB I,Centre Forward,Attack,28.0,953.0,47.5,47.5,47.2,58.8
24980,25597,1550.0,D. Bakker,Netherlands,Telstar,Netherlands 1 - Eredivisie,Centre Back,Defence,30.0,2636.0,52.8,53.1,51.5,50.0
37560892,25649,294.0,D. Ballard,England,Leyton Orient,England 3 - League One,Centre Forward,Attack,20.0,3481.0,50.8,50.5,52.2,41.7
137599,25601,3137.0,D. Balodis,Latvia,Tatran Prešov,Slovakia 1 - Niké Liga,Centre Back,Defence,27.0,1080.0,44.3,43.9,43.8,42.0
37629697,25745,11741.0,D. Bandeira,Angola,Casa Pia,Portugal 1 - Liga Portugal,Centre Back,Defence,21.0,992.0,46.7,46.1,46.3,50.5
37554558,25673,429.0,D. Barcia Rama,Spain,Deportivo La Coruña,Spain 2 - La Liga 2,Centre Back,Defence,22.0,1887.0,50.2,49.2,51.5,53.3
170211,25599,490.0,D. Barinov,Russia,Lokomotiv Moskva,Russia 1 - Premier League,Defensive Midfield,Midfield,28.0,1526.0,48.9,47.9,47.8,47.7
170211,25599,543.0,D. Barinov,Russia,CSKA Moskva,Russia 1 - Premier League,Defensive Midfield,Midfield,28.0,949.0,50.2,50.2,50.1,49.0
129148,26164,7818.0,D. Bariti,Italy,Virtus Entella,Italy 2 - Serie B,Right Midfield,Midfield,33.0,1555.0,50.9,50.0,52.8,46.3
180871,25601,8224.0,D. Bariš,Slovakia,Skalica,Slovakia 1 - Niké Liga,Defensive Midfield,Midfield,30.0,2486.0,45.1,45.4,44.0,45.5
4583,25598,66.0,D. Barlaser,England,Hibernian,Scotland 1 - Premiership,Defensive Midfield,Midfield,28.0,2559.0,55.4,56.6,56.1,45.1
173220,25600,700.0,D. Bates,Scotland,Standard Liège,Belgium 1 - Pro League,Centre Back,Defence,28.0,1378.0,45.7,44.4,47.5,53.9
432720,25759,1089.0,D. Batubinsika,DR Congo,Larissa,Greece 1 - Super League,Centre Back,Defence,29.0,1413.0,42.4,41.0,43.2,50.9
53317,25653,3787.0,D. Baumgartner,Austria,Wolfsberger AC,Austria 1 - Admiral Bundesliga,Centre Back,Defence,29.0,2230.0,53.7,54.6,52.3,57.3
37592680,25600,6722.0,D. Benavides Fuentes,Spain,La Louvière,Belgium 1 - Pro League,Right Back,Defence,22.0,970.0,52.2,52.1,52.4,57.4
6599923,26164,1343.0,D. Bettella,Italy,Pescara,Italy 2 - Serie B,Centre Back,Defence,25.0,1422.0,46.5,46.0,47.4,51.7
37612030,25637,2475.0,D. Beukers,Netherlands,FC Emmen,Netherlands 2 - Eerste Divisie,Right Back,Defence,21.0,1275.0,45.7,46.7,47.1,49.9
37599597,25567,3674.0,D. Bezerra de Oliveira,Brazil,OFK Beograd,Serbia 1 - Super Liga,Right Wing,Attack,23.0,1740.0,55.3,54.6,53.2,42.5
37599597,25745,6377.0,D. Bezerra de Oliveira,Brazil,Rio Ave,Portugal 1 - Liga Portugal,Right Wing,Attack,23.0,1267.0,55.1,55.4,54.1,46.3
130216,25682,3990.0,D. Biraschi,Italy,Fatih Karagümrük,Türkiye 1 - Super Lig,Centre Back,Defence,31.0,1146.0,45.7,45.6,44.7,46.5
37262336,25641,3444.0,D. Birligea,Romania,FCSB,Romania 1 - Superliga,Centre Forward,Attack,25.0,1649.0,52.0,51.8,52.1,50.1
131862,26164,1234.0,D. Bisoli,Italy,Cesena,Italy 2 - Serie B,Central Midfield,Midfield,31.0,1719.0,50.4,50.4,49.4,56.1
125390,25662,516.0,D. Biton,Israel,Hapoel Be'er Sheva,Israel 1 - Ligat ha'Al,Right Wing,Attack,30.0,2126.0,50.2,50.3,52.5,39.0
37634609,25641,803.0,D. Bordun,Romania,Otelul,Romania 1 - Superliga,Right Wing,Attack,19.0,1002.0,46.0,46.4,46.2,46.8
37600943,26164,10771.0,D. Bragantini,Italy,Mantova,Italy 2 - Serie B,Right Wing,Attack,22.0,1242.0,52.5,53.1,53.9,49.9
32031673,25673,931.0,D. Bri Carrazoni,Spain,Córdoba,Spain 2 - La Liga 2,Left Back,Defence,22.0,1190.0,51.6,52.6,52.7,54.9
99064,25607,1970.0,D. Bronn,Tunisia,Servette,Switzerland 1 - Super League,Centre Back,Defence,30.0,1216.0,47.8,47.3,47.8,46.8
33587604,25591,3269.0,D. Buchta,Czech Republic,Baník Ostrava,Czech Republic 1 - Chance Liga,Right Wing,Attack,26.0,1060.0,44.5,45.0,44.5,46.5
37581526,25584,7920.0,D. Bukvić,Croatia,Osijek,Croatia 1 - 1. HNL,Right Wing,Attack,21.0,1923.0,48.3,48.6,47.6,56.5
9279559,25648,7.0,D. Burgzorg,Netherlands,Middlesbrough,England 2 - Championship,Left Wing,Attack,26.0,1078.0,54.3,52.9,53.8,48.3
32747,25652,3114.0,D. Burnic,Bosnia and Herzegovina,Karlsruher SC,Germany 2 - 2. Bundesliga,Defensive Midfield,Midfield,27.0,2094.0,50.8,50.6,51.0,42.8
31226217,25566,396.0,D. Bárány,Hungary,Debrecen,Hungary 1 - NB I,Centre Forward,Attack,24.0,1933.0,48.8,48.4,49.4,46.9
157980,25535,3260.0,D. Błanik,Poland,Korona Kielce,Poland 1 - Ekstraklasa,Attacking Midfield,Midfield,28.0,1896.0,50.2,47.6,51.4,45.6
129769,25759,57.0,D. Calabria,Italy,Panathinaikos,Greece 1 - Super League,Right Back,Defence,28.0,2111.0,55.5,55.2,54.5,53.9
73936,25567,5634.0,D. Camaj,Montenegro,Novi Pazar,Serbia 1 - Super Liga,Left Wing,Attack,28.0,1429.0,53.0,53.0,53.5,51.9
23717944,25682,4192.0,D. Camara,Ivory Coast,Gaziantep F.K.,Türkiye 1 - Super Lig,Central Midfield,Midfield,23.0,1741.0,54.2,54.5,56.2,48.7
37553160,25673,6827.0,D. Camara Sankharé,Mauritania,Cádiz,Spain 2 - La Liga 2,Centre Forward,Attack,22.0,1667.0,46.7,46.6,46.5,56.5
741623,25649,221.0,D. Campbell,Scotland,Northampton Town,England 3 - League One,Defensive Midfield,Midfield,24.0,3473.0,49.2,49.5,48.4,46.5
132079,26164,1628.0,D. Carvalho,Portugal,Monza,Italy 2 - Serie B,Centre Forward,Attack,27.0,1921.0,51.3,51.6,50.7,56.6
37289454,25745,1085.0,D. Casals Namura Borges Pinto,Portugal,Moreirense,Portugal 1 - Liga Portugal,Right Back,Defence,24.0,1981.0,53.4,52.6,51.7,56.2
581012,25649,183.0,D. Casey,Republic of Ireland,Wycombe Wanderers,England 3 - League One,Centre Back,Defence,27.0,2063.0,48.3,48.3,47.3,51.2
366492,26164,176.0,D. Casiraghi,Italy,Südtirol,Italy 2 - Serie B,Attacking Midfield,Midfield,32.0,2397.0,52.5,52.7,52.4,49.7
160834,25759,602.0,D. Castelo Podence,Portugal,Olympiacos F.C.,Greece 1 - Super League,Left Wing,Attack,29.0,1311.0,54.7,54.3,53.5,47.8
37595363,25536,939.0,D. Castillo,Ecuador,FC Midtjylland,Denmark 1 - Superliga,Central Midfield,Midfield,21.0,1724.0,53.0,52.6,53.3,55.3
5715,25649,251.0,D. Charles,Northern Ireland,Huddersfield Town,England 3 - League One,Centre Forward,Attack,29.0,1217.0,48.0,48.8,47.1,45.6
51005,25599,6564.0,D. Chistyakov,Russia,Rostov,Russia 1 - Premier League,Centre Back,Defence,31.0,1861.0,45.0,44.4,45.3,57.7
37656477,25637,2783.0,D. Christoffel Annum-Assamoah Konadu,Netherlands,Jong Ajax,Netherlands 2 - Eerste Divisie,Centre Forward,Attack,19.0,1213.0,46.1,46.2,45.4,45.7
785996,25682,13860.0,D. Churlinov,Macedonia,Kocaelispor,Türkiye 1 - Super Lig,Left Wing,Attack,25.0,1057.0,53.3,53.4,51.9,50.8
527474,25641,7773.0,D. Ciobotariu,Romania,Rapid Bucuresti,Romania 1 - Superliga,Centre Back,Defence,27.0,1747.0,50.2,50.2,50.4,44.0
37351238,25637,814.0,D. Cleonise,Netherlands,RKC Waalwijk,Netherlands 2 - Eerste Divisie,Right Wing,Attack,23.0,2128.0,51.8,51.0,51.4,40.4
21054646,25641,9426.0,D. Codrea,Romania,Universitatea Cluj,Romania 1 - Superliga,Defensive Midfield,Midfield,28.0,1593.0,50.6,51.0,52.7,58.6
8934,25649,348.0,D. Cole,England,Port Vale,England 3 - League One,Centre Forward,Attack,30.0,1640.0,48.7,48.5,49.3,47.0
31625665,25673,11354.0,D. Collado Raya,Spain,Cultural Leonesa,Spain 2 - La Liga 2,Left Wing,Attack,24.0,1448.0,49.0,49.5,48.9,55.0
12393289,25599,2645.0,D. Costa Barbosa,Brazil,Krasnodar,Russia 1 - Premier League,Centre Back,Defence,25.0,2379.0,52.6,52.6,55.3,62.5
22515272,25649,17.0,D. Costelloe,Republic of Ireland,Wigan Athletic,England 3 - League One,Left Wing,Attack,22.0,1976.0,43.9,44.4,44.2,46.3
99018,25567,230490.0,D. Cvetinović,Serbia,Mladost Lučani,Serbia 1 - Super Liga,Centre Back,Defence,36.0,1058.0,42.7,41.6,42.3,50.2
33187545,25735,247549.0,D. Cámara Calleja,Spain,KSC Lokeren,Belgium 2 - Challenger Pro League,Centre Back,Defence,27.0,2116.0,50.6,51.7,53.5,42.5
37577745,25648,2.0,D. De Neve,Belgium,Blackburn Rovers,England 2 - Championship,Left Midfield,Midfield,24.0,970.0,51.1,49.8,52.0,54.5
37736026,25735,261625.0,D. Decorte,United States,RSCA Futures U23,Belgium 2 - Challenger Pro League,Attacking Midfield,Midfield,19.0,1610.0,50.1,50.5,49.6,51.7
37343970,26164,397.0,D. Degl'Innocenti,Italy,Empoli,Italy 2 - Serie B,Defensive Midfield,Midfield,22.0,1234.0,51.1,50.4,50.2,47.4
34874042,25599,2712.0,D. Denisov,Russia,Spartak Moskva,Russia 1 - Premier League,Right Back,Defence,22.0,2189.0,50.8,51.4,51.6,51.9
61962,25735,3960.0,D. Dessoleil,Belgium,Royal Francs Borains,Belgium 2 - Challenger Pro League,Centre Back,Defence,33.0,2875.0,47.7,47.9,47.5,42.0
37683590,25735,1674.0,D. Diarra,Senegal,RFC Seraing,Belgium 2 - Challenger Pro League,Central Midfield,Midfield,21.0,1004.0,43.5,43.2,43.0,48.8
37337093,25600,700.0,D. Dierckx,Belgium,Standard Liège,Belgium 1 - Pro League,Centre Back,Defence,22.0,1322.0,50.8,50.9,50.8,55.7
22878483,25584,674.0,D. Dijon,Croatia,Dinamo Zagreb,Croatia 1 - 1. HNL,Centre Forward,Attack,23.0,2619.0,58.7,58.2,59.6,48.3
37593902,25662,516.0,D. Diop,Senegal,Hapoel Be'er Sheva,Israel 1 - Ligat ha'Al,Centre Back,Defence,26.0,2031.0,52.3,53.4,50.0,51.0
37509506,25591,187.0,D. Donat,Czech Republic,Mladá Boleslav,Czech Republic 1 - Chance Liga,Centre Back,Defence,23.0,934.0,48.2,47.4,45.1,52.7
37540371,25641,132584.0,D. Dongmo,Cameroon,Petrolul 52,Romania 1 - Superliga,Central Midfield,Midfield,24.0,2222.0,50.8,51.8,51.8,58.4
537569,25745,2628.0,D. Dos Santos Cabral,Portugal,Santa Clara,Portugal 1 - Liga Portugal,Right Back,Defence,26.0,991.0,49.3,49.8,50.7,48.6
37706028,25735,8307.0,D. Doudaev,Belgium,RWDM Brussels,Belgium 2 - Challenger Pro League,Centre Back,Defence,21.0,1921.0,49.4,49.4,50.9,41.7
4926025,25591,216.0,D. Douděra,Czech Republic,Slavia Praha,Czech Republic 1 - Chance Liga,Right Midfield,Midfield,27.0,1428.0,53.4,55.3,54.2,49.7
96032,25607,1970.0,D. Douline,France,Servette,Switzerland 1 - Super League,Defensive Midfield,Midfield,32.0,2184.0,47.0,46.6,46.4,59.9
37343072,25745,269225.0,D. Duarte Garcete,Paraguay,AVS,Portugal 1 - Liga Portugal,Centre Forward,Attack,23.0,1290.0,47.8,48.0,47.8,49.9
3533107,25658,1083.0,D. Durand,France,Red Star,France 2 - Ligue 2,Left Wing,Attack,29.0,2631.0,50.8,50.2,51.6,42.2
22535982,25658,1083.0,D. Durivaux,France,Red Star,France 2 - Ligue 2,Centre Back,Defence,24.0,3150.0,55.4,55.7,54.4,50.3
37687947,25673,9656.0,D. Díaz Gándara,Spain,Real Sociedad II,Spain 2 - La Liga 2,Right Wing,Attack,19.0,1179.0,54.8,56.1,54.8,49.1
154855,25535,1266.0,D. Dąbrowski,Poland,Zagłębie Lubin,Poland 1 - Ekstraklasa,Defensive Midfield,Midfield,32.0,1898.0,50.4,50.2,51.5,47.5
418401,25600,700.0,D. Eckert Ayensa,Iran,Standard Liège,Belgium 1 - Pro League,Centre Forward,Attack,28.0,1987.0,49.4,49.2,49.2,52.4
2815999,25759,2934.0,D. Emmanouilidis,Greece,Asteras Tripolis,Greece 1 - Super League,Left Wing,Attack,24.0,1148.0,45.9,46.7,45.9,55.5
32431114,25673,3968.0,D. Esmorís Tasende,Spain,Real Zaragoza,Spain 2 - La Liga 2,Left Back,Defence,25.0,1419.0,54.0,52.8,54.0,57.2
7346622,25759,213.0,D. Esteban Pérez,Spain,Panaitolikos,Greece 1 - Super League,Left Wing,Attack,25.0,2538.0,44.4,44.9,44.1,51.4
37650284,25566,3955.0,D. Fenyö,Hungary,Újpest,Hungary 1 - NB I,Defensive Midfield,Midfield,19.0,1056.0,46.7,46.5,46.0,49.0
446999,25759,2934.0,D. Fernández Fernández,Spain,Asteras Tripolis,Greece 1 - Super League,Right Back,Defence,28.0,932.0,47.3,47.4,47.1,43.7
3187720,25598,258.0,D. Finlayson,Northern Ireland,Livingston,Scotland 1 - Premiership,Right Back,Defence,24.0,3099.0,48.4,47.9,47.0,55.0
37561089,25649,254.0,D. Firth,England,Peterborough United,England 3 - League One,Right Wing,Attack,23.0,936.0,49.1,49.1,48.4,53.4
37555964,25682,3990.0,D. Fofana,Ivory Coast,Fatih Karagümrük,Türkiye 1 - Super Lig,Centre Forward,Attack,22.0,982.0,54.3,53.8,55.5,47.7
170713,25599,2468.0,D. Fomin,Russia,Dinamo Moskva,Russia 1 - Premier League,Defensive Midfield,Midfield,28.0,2279.0,50.5,50.9,50.3,47.3
37618295,25597,494.0,D. Fonville,Curaçao,NEC Nijmegen,Netherlands 1 - Eredivisie,Centre Back,Defence,22.0,1457.0,57.2,57.7,53.0,60.3
538637,25600,328.0,D. Foulon,Belgium,Antwerp,Belgium 1 - Pro League,Left Back,Defence,26.0,2290.0,53.2,52.8,53.7,59.3
53700,25653,5724.0,D. Frieser,Austria,Grazer AK,Austria 1 - Admiral Bundesliga,Right Midfield,Midfield,31.0,1238.0,48.3,50.9,48.5,51.5
5317,25648,7.0,D. Fry,England,Middlesbrough,England 2 - Championship,Centre Back,Defence,27.0,2127.0,49.8,48.7,50.9,63.6
4507,25648,116.0,D. Furlong,England,Ipswich Town,England 2 - Championship,Right Back,Defence,29.0,3525.0,55.3,54.1,53.2,54.8
1468030,25601,227584.0,D. Gallovič,Slovakia,FK Košice,Slovakia 1 - Niké Liga,Central Midfield,Midfield,29.0,2129.0,46.1,45.9,45.9,44.8
33186404,25673,844.0,D. García Campos,Spain,Leganés,Spain 2 - La Liga 2,Centre Forward,Attack,25.0,1804.0,46.1,46.2,45.6,50.6
186394,25759,602.0,D. García Carrillo,Spain,Olympiacos F.C.,Greece 1 - Super League,Defensive Midfield,Midfield,35.0,1365.0,57.9,59.5,58.3,50.3
37337029,25598,62.0,D. Gassama,France,Rangers,Scotland 1 - Premiership,Left Wing,Attack,21.0,2427.0,50.5,50.8,50.4,53.6
47439,25598,273.0,D. Geiger,Germany,Aberdeen,Scotland 1 - Premiership,Central Midfield,Midfield,27.0,912.0,48.6,48.1,47.6,48.6
114149,25566,892.0,D. Gera,Hungary,Diósgyőr,Hungary 1 - NB I,Right Back,Defence,29.0,1247.0,47.7,46.6,46.1,51.5
37687921,25591,3531.0,D. Gilbert,Trinidad and Tobago,Dukla Praha,Czech Republic 1 - Chance Liga,Attacking Midfield,Midfield,20.0,994.0,49.6,48.3,49.0,43.0
8417341,25599,2468.0,D. Glebov,Russia,Dinamo Moskva,Russia 1 - Premier League,Defensive Midfield,Midfield,25.0,1537.0,49.8,50.0,49.1,46.0
370709,25535,1228.0,D. Gojny,Poland,Arka Gdynia,Poland 1 - Ekstraklasa,Left Back,Defence,30.0,1629.0,49.0,48.6,48.0,53.0
434157,25658,2919.0,D. Gomis,Senegal,Guingamp,France 2 - Ligue 2,Centre Back,Defence,30.0,2340.0,52.8,52.5,54.4,50.1
37316515,25673,8366.0,D. Gonzalez Ballesteros,Spain,Burgos,Spain 2 - La Liga 2,Central Midfield,Midfield,23.0,2959.0,48.3,47.6,48.2,47.9
35280470,25673,12330.0,D. González Cabanes,Spain,Ceuta,Spain 2 - La Liga 2,Centre Back,Defence,26.0,2861.0,48.7,49.1,48.1,45.6
186389,25535,3260.0,D. González Plata,Spain,Korona Kielce,Poland 1 - Ekstraklasa,Defensive Midfield,Midfield,34.0,1006.0,48.2,47.7,48.5,53.9
37558976,25649,138.0,D. Gore,England,Rotherham United,England 3 - League One,Central Midfield,Midfield,20.0,2774.0,47.5,48.0,47.9,50.4
63184,25682,286.0,D. Goutas,Greece,Gençlerbirliği,Türkiye 1 - Super Lig,Centre Back,Defence,31.0,2907.0,48.7,48.4,49.2,54.4
63198,25641,3444.0,D. Graovac,Bosnia and Herzegovina,FCSB,Romania 1 - Superliga,Centre Back,Defence,31.0,1579.0,46.8,46.2,47.7,49.5
1572,25648,12.0,D. Gray,Jamaica,Birmingham City,England 2 - Championship,Left Wing,Attack,29.0,2293.0,53.7,52.8,53.3,52.9
118373,25536,390.0,D. Grétarsson,Iceland,Sønderjyske Fodbold,Denmark 1 - Superliga,Centre Back,Defence,29.0,2215.0,54.8,55.3,53.3,51.8
54102,25653,4080.0,D. Gugganig,Austria,WSG Tirol,Austria 1 - Admiral Bundesliga,Centre Back,Defence,28.0,1095.0,53.4,54.9,55.2,52.5
434409,25658,430.0,D. Guidi,France,Bastia,France 2 - Ligue 2,Centre Back,Defence,29.0,1570.0,52.5,53.0,51.5,49.2
766259,25658,7758.0,D. Guèye,Senegal,Le Mans,France 2 - Ligue 2,Centre Forward,Attack,29.0,1840.0,52.3,52.3,52.2,53.8
24100326,25735,2432.0,D. Gyamfi,Netherlands,K. Beerschot V.A.,Belgium 2 - Challenger Pro League,Right Back,Defence,23.0,1461.0,48.0,48.4,47.8,58.4
537210,25673,3968.0,D. Gómez Alcón,Spain,Real Zaragoza,Spain 2 - La Liga 2,Centre Forward,Attack,27.0,2176.0,51.6,51.8,52.1,46.8
37661377,25745,652.0,D. Gül,Türkiye,Porto,Portugal 1 - Liga Portugal,Centre Forward,Attack,21.0,1167.0,52.8,52.9,52.7,55.8
192402,26164,522.0,D. Hadzikadunic,Bosnia and Herzegovina,Sampdoria,Italy 2 - Serie B,Centre Back,Defence,27.0,2213.0,51.4,52.3,50.6,51.1
37562363,25637,669.0,D. Haen,Netherlands,Willem II,Netherlands 2 - Eerste Divisie,Centre Forward,Attack,21.0,2897.0,51.1,50.9,51.0,53.1
37577901,25591,1351.0,D. Halinsky,Czech Republic,Teplice,Czech Republic 1 - Chance Liga,Centre Back,Defence,22.0,2790.0,49.1,49.9,49.3,57.1
37262101,25649,138.0,D. Hall,Netherlands,Rotherham United,England 3 - League One,Right Back,Defence,24.0,1983.0,43.5,43.3,43.9,44.2
2510332,25652,1638.0,D. Hanslik,Germany,Kaiserslautern,Germany 2 - 2. Bundesliga,Centre Forward,Attack,28.0,1118.0,51.6,52.0,50.8,56.2
37543515,25536,2447.0,D. Hanza Meha,Equatorial Guinea,Viborg FF,Denmark 1 - Superliga,Centre Forward,Attack,24.0,1478.0,47.3,47.3,46.7,52.9
14125,25649,294.0,D. Happe,England,Leyton Orient,England 3 - League One,Centre Back,Defence,26.0,2781.0,47.7,48.3,47.1,57.6
172986,25649,183.0,D. Harvie,Scotland,Wycombe Wanderers,England 3 - League One,Left Back,Defence,27.0,3932.0,49.2,49.2,49.3,50.5
3876667,25600,2402.0,D. Hashioka,Japan,Gent,Belgium 1 - Pro League,Right Back,Defence,26.0,1388.0,49.3,49.3,49.3,56.2
25804,25600,357.0,D. Haspolat,Netherlands,Westerlo,Belgium 1 - Pro League,Defensive Midfield,Midfield,25.0,3395.0,54.1,54.1,53.4,50.3
125393,25662,571.0,D. Haziza,Israel,Maccabi Haifa,Israel 1 - Ligat ha'Al,Left Wing,Attack,30.0,1600.0,48.4,48.7,48.8,57.7
2206745,25591,3531.0,D. Hašek,Czech Republic,Dukla Praha,Czech Republic 1 - Chance Liga,Centre Back,Defence,26.0,1244.0,49.5,48.9,48.0,45.4
3156870,25673,10008.0,D. Hernández Barriuso,Spain,Castellón,Spain 2 - La Liga 2,Central Midfield,Midfield,29.0,3134.0,49.7,49.9,49.1,51.2
37266095,25652,3114.0,D. Herold,Germany,Karlsruher SC,Germany 2 - 2. Bundesliga,Left Back,Defence,22.0,2854.0,51.8,52.9,52.7,50.5
63060,25600,2709.0,D. Heymans,Belgium,Genk,Belgium 1 - Pro League,Attacking Midfield,Midfield,26.0,2364.0,53.5,54.2,53.3,62.0
32031641,25535,2512.0,D. Hilbrycht,Poland,Nieciecza,Poland 1 - Ekstraklasa,Left Midfield,Midfield,27.0,2358.0,48.0,48.5,48.8,46.7
80080,25591,3269.0,D. Holzer,Czech Republic,Baník Ostrava,Czech Republic 1 - Chance Liga,Left Midfield,Midfield,29.0,1480.0,47.5,49.4,48.0,43.4
26336992,25637,94.0,D. Hoogerwerf,Netherlands,Vitesse,Netherlands 2 - Eerste Divisie,Left Wing,Attack,22.0,2745.0,46.6,47.2,47.4,48.9
37592682,25673,103.0,D. Hormigo Iturralde,Spain,Granada,Spain 2 - La Liga 2,Left Back,Defence,22.0,984.0,47.9,48.2,47.6,48.2
37522043,25591,3552.0,D. Horák,Czech Republic,Hradec Králové,Czech Republic 1 - Chance Liga,Left Back,Defence,25.0,2767.0,48.4,48.3,49.5,42.2
24445569,25641,8474.0,D. Hrezdac,Romania,UTA Arad,Romania 1 - Superliga,Defensive Midfield,Midfield,23.0,1005.0,46.6,46.4,45.4,56.0
166811,25641,11711.0,D. Huiban,Romania,Metaloglobus,Romania 1 - Superliga,Centre Forward,Attack,35.0,2537.0,44.1,43.9,44.2,44.8
37434662,25637,320.0,D. Huisman,Netherlands,FC Eindhoven,Netherlands 2 - Eerste Divisie,Defensive Midfield,Midfield,23.0,2965.0,50.1,50.6,51.2,47.6
13489,25648,283.0,D. Hyam,Scotland,Wrexham,England 2 - Championship,Centre Back,Defence,29.0,3592.0,49.7,49.8,50.7,52.7
83716,25536,2356.0,D. Høegh,Denmark,Randers FC,Denmark 1 - Superliga,Centre Back,Defence,34.0,2614.0,52.7,53.3,52.6,54.6
205736,25601,2417.0,D. Ihnatenko,Ukraine,Slovan Bratislava,Slovakia 1 - Niké Liga,Central Midfield,Midfield,28.0,1330.0,53.0,52.5,52.6,59.2
6199,25648,56.0,D. Iorfa,England,Sheffield Wednesday,England 2 - Championship,Centre Back,Defence,30.0,2663.0,46.1,45.1,44.9,60.2
37685095,25641,11711.0,D. Irimia,Romania,Metaloglobus,Romania 1 - Superliga,Central Midfield,Midfield,19.0,1068.0,47.6,47.1,48.0,52.0
37685096,25641,11711.0,D. Irimia,Romania,Metaloglobus,Romania 1 - Superliga,Right Back,Defence,19.0,1706.0,45.0,45.9,45.6,41.8
37296251,25597,664.0,D. James,Netherlands,Go Ahead Eagles,Netherlands 1 - Eredivisie,Left Back,Defence,25.0,1630.0,50.8,51.5,53.0,52.7
37688142,25597,2345.0,D. Janse,Netherlands,FC Groningen,Netherlands 1 - Eredivisie,Centre Back,Defence,19.0,2814.0,53.4,53.3,53.3,46.8
37391641,25648,99.0,D. Jebbison,Canada,Preston North End,England 2 - Championship,Centre Forward,Attack,21.0,2014.0,50.0,50.3,50.4,53.4
1233,25598,496.0,D. John,Wales,St. Mirren,Scotland 1 - Premiership,Left Back,Defence,30.0,2377.0,47.4,47.8,49.4,38.3
3455,25682,3990.0,D. Johnson,Jamaica,Fatih Karagümrük,Türkiye 1 - Super Lig,Central Midfield,Midfield,32.0,1012.0,52.5,52.3,52.3,42.5
37332722,25662,6810.0,D. Joulani,Ukraine,Ironi Tiberias,Israel 1 - Ligat ha'Al,Left Back,Defence,22.0,1360.0,45.5,45.8,45.5,43.5
841464,25759,9849.0,D. Jubitana,Belgium,Atromitos,Greece 1 - Super League,Secondary Striker,Attack,26.0,1934.0,51.0,50.7,50.8,54.7
75863,25535,2778.0,D. Jurić,Australia,Wisła Płock,Poland 1 - Ekstraklasa,Centre Forward,Attack,27.0,1168.0,49.0,48.9,49.0,53.0
37259977,25591,216.0,D. Jurásek,Czech Republic,Slavia Praha,Czech Republic 1 - Chance Liga,Left Back,Defence,24.0,1348.0,52.1,52.3,54.0,44.0
372728,25599,35.0,D. Kabutov,Russia,Rubin Kazan,Russia 1 - Premier League,Right Back,Defence,33.0,1328.0,57.7,56.9,58.5,51.1
37552817,25601,2759.0,D. Kam,Burkina Faso,Trenčín,Slovakia 1 - Niké Liga,Right Wing,Attack,20.0,1239.0,45.5,46.1,46.0,46.2
37366611,25597,61.0,D. Kasius,Netherlands,AZ,Netherlands 1 - Eredivisie,Right Back,Defence,22.0,1220.0,51.6,52.7,54.1,46.3
8069,25649,251.0,D. Kasumu,England,Huddersfield Town,England 3 - League One,Central Midfield,Midfield,25.0,1629.0,44.5,44.7,45.2,53.0
378812,25649,54.0,D. Keillor-Dunn,England,Barnsley,England 3 - League One,Centre Forward,Attack,27.0,1986.0,51.4,50.8,51.5,41.0
125072,25662,6810.0,D. Keltjens,Israel,Ironi Tiberias,Israel 1 - Ligat ha'Al,Defensive Midfield,Midfield,30.0,1756.0,43.2,42.7,41.7,53.7
581128,25649,409.0,D. Kemp,England,Stevenage,England 3 - League One,Attacking Midfield,Midfield,26.0,3084.0,46.0,44.9,46.7,41.1
37601796,25535,808.0,D. Keramitsis,Greece,Pogoń Szczecin,Poland 1 - Ekstraklasa,Centre Back,Defence,21.0,2036.0,50.4,50.1,49.2,49.5
24818150,25599,3452.0,D. Khotulev,Russia,Orenburg,Russia 1 - Premier League,Centre Back,Defence,22.0,1983.0,50.4,51.4,48.7,45.2
24594,25597,629.0,D. Klaassen,Netherlands,Ajax,Netherlands 1 - Eredivisie,Central Midfield,Midfield,32.0,1992.0,50.2,49.5,49.1,51.2
37549638,25566,396.0,D. Kocsis,Hungary,Debrecen,Hungary 1 - NB I,Right Wing,Attack,22.0,2232.0,49.3,48.8,49.3,40.7
37257685,25535,1228.0,D. Kocyla,Poland,Arka Gdynia,Poland 1 - Ekstraklasa,Left Wing,Attack,22.0,1968.0,44.2,45.2,45.4,61.4
37569798,25567,2945.0,D. Kokanović,Serbia,Vojvodina,Serbia 1 - Super Liga,Attacking Midfield,Midfield,23.0,1365.0,51.2,52.2,51.6,64.6
37612558,25567,3471.0,D. Kolarić,Serbia,Spartak Subotica,Serbia 1 - Super Liga,Centre Back,Defence,20.0,2477.0,45.0,44.8,43.7,43.5
73585,25584,5428.0,D. Kolinger,Croatia,Lokomotiva Zagreb,Croatia 1 - 1. HNL,Centre Back,Defence,31.0,2693.0,48.1,48.5,48.4,56.7
80955,25591,187.0,D. Kostka,Czech Republic,Mladá Boleslav,Czech Republic 1 - Chance Liga,Right Back,Defence,29.0,2313.0,45.9,46.3,46.7,47.5
37539290,25597,1550.0,D. Koswal,Netherlands,Telstar,Netherlands 1 - Eredivisie,Centre Back,Defence,21.0,1639.0,46.6,45.9,44.6,39.2
37589323,25653,5769.0,D. Kovacevic,Austria,Hartberg,Austria 1 - Admiral Bundesliga,Right Back,Defence,20.0,1320.0,43.8,45.2,45.6,42.0
73867,25584,2500.0,D. Kovačić,Croatia,Slaven Koprivnica,Croatia 1 - 1. HNL,Centre Back,Defence,31.0,2968.0,48.9,48.9,49.4,46.2
155136,25652,3317.0,D. Kownacki,Poland,Hertha BSC,Germany 2 - 2. Bundesliga,Centre Forward,Attack,28.0,1072.0,50.5,50.5,49.8,57.0
37499633,25591,187.0,D. Kozel,Czech Republic,Mladá Boleslav,Czech Republic 1 - Chance Liga,Central Midfield,Midfield,23.0,1188.0,49.6,49.9,50.3,54.7
83069,25591,3531.0,D. Kozma,Czech Republic,Dukla Praha,Czech Republic 1 - Chance Liga,Centre Back,Defence,29.0,1609.0,48.0,46.4,46.1,56.0
37260790,25591,512.0,D. Krcik,Slovakia,Karviná,Czech Republic 1 - Chance Liga,Centre Back,Defence,26.0,1620.0,53.9,53.7,57.4,49.3
37260790,25591,3545.0,D. Krcik,Slovakia,Viktoria Plzeň,Czech Republic 1 - Chance Liga,Centre Back,Defence,26.0,1440.0,56.8,56.5,57.1,52.2
37586328,25536,2933.0,D. Kristjánsson,Iceland,Fredericia,Denmark 1 - Superliga,Left Back,Defence,19.0,999.0,50.0,49.1,48.1,52.8
540200,25599,543.0,D. Krugovoi,Russia,CSKA Moskva,Russia 1 - Premier League,Left Midfield,Midfield,27.0,2503.0,54.5,54.6,54.1,47.0
181131,25601,227584.0,D. Kružliak,Slovakia,FK Košice,Slovakia 1 - Niké Liga,Centre Back,Defence,29.0,1996.0,49.7,50.3,48.5,50.9
37592294,25653,4080.0,D. Kubatta,Germany,WSG Tirol,Austria 1 - Admiral Bundesliga,Centre Back,Defence,21.0,1700.0,50.0,50.4,49.9,49.2
37688240,25662,4136.0,D. Kulikov,Israel,Maccabi Netanya,Israel 1 - Ligat ha'Al,Centre Back,Defence,20.0,1567.0,49.9,50.0,51.0,45.8
155194,25535,2778.0,D. Kun,Poland,Wisła Płock,Poland 1 - Ekstraklasa,Defensive Midfield,Midfield,32.0,2468.0,42.0,40.5,41.1,41.0
170023,25599,35.0,D. Kuzyaev,Russia,Rubin Kazan,Russia 1 - Premier League,Central Midfield,Midfield,32.0,997.0,48.3,48.3,48.3,48.1
27066455,25649,23.0,D. Kyerewaa,Germany,Reading,England 3 - League One,Attacking Midfield,Midfield,23.0,2535.0,46.7,44.9,47.9,45.9
81524,25601,6615.0,D. Köstl,Czech Republic,Ružomberok,Slovakia 1 - Niké Liga,Centre Back,Defence,27.0,1906.0,47.6,46.9,47.9,47.1
37590869,25600,6722.0,D. Lamego,France,La Louvière,Belgium 1 - Pro League,Centre Back,Defence,22.0,2555.0,50.1,51.0,47.9,43.8
37316352,25591,187.0,D. Langhamer,Czech Republic,Mladá Boleslav,Czech Republic 1 - Chance Liga,Central Midfield,Midfield,22.0,1273.0,50.6,50.2,50.7,49.6
37308393,25673,126.0,D. Larrubia Romano,Spain,Málaga,Spain 2 - La Liga 2,Right Wing,Attack,23.0,3621.0,51.1,52.3,53.0,60.6
63576,25653,3357.0,D. Lavalée,Belgium,Sturm Graz,Austria 1 - Admiral Bundesliga,Centre Back,Defence,28.0,1202.0,56.5,58.2,56.3,54.7
37667180,25649,69.0,D. Lawlor,Wales,Cardiff City,England 3 - League One,Centre Back,Defence,19.0,2359.0,55.1,56.3,53.0,50.9
24445761,25662,6963.0,D. Leidner,Israel,Hapoel Tel Aviv,Israel 1 - Ligat ha'Al,Left Back,Defence,23.0,1382.0,47.8,49.0,49.2,53.8
1499092,25599,11364.0,D. Lesovoy,Russia,FK Nizjni Novgorod,Russia 1 - Premier League,Left Wing,Attack,27.0,1415.0,50.8,51.4,51.1,46.4
109204,25597,1459.0,D. Limnios,Greece,Fortuna Sittard,Netherlands 1 - Eredivisie,Right Wing,Attack,27.0,2180.0,51.3,50.1,49.6,48.5
82080,25591,2488.0,D. Lischka,Czech Republic,Bohemians 1905,Czech Republic 1 - Chance Liga,Centre Back,Defence,27.0,1200.0,46.2,45.1,45.2,49.2
1452457,25584,674.0,D. Ljubicic,Austria,Dinamo Zagreb,Croatia 1 - 1. HNL,Defensive Midfield,Midfield,27.0,1008.0,48.5,47.0,47.6,36.4
1452457,25652,67.0,D. Ljubicic,Austria,Schalke 04,Germany 2 - 2. Bundesliga,Defensive Midfield,Midfield,27.0,1182.0,49.3,48.0,46.9,37.9
37673610,25745,830.0,D. Lobão Sousa,Portugal,Vitória Guimarães,Portugal 1 - Liga Portugal,Defensive Midfield,Midfield,19.0,1161.0,58.0,58.4,57.9,54.7
465724,25535,808.0,D. Lončar,Croatia,Pogoń Szczecin,Poland 1 - Ekstraklasa,Centre Back,Defence,28.0,1865.0,45.7,44.6,46.4,44.3
30446984,25673,618.0,D. Lopy,Senegal,Almería,Spain 2 - La Liga 2,Defensive Midfield,Midfield,23.0,2308.0,52.7,52.6,55.7,56.5
37594411,25673,126.0,D. Lorenzo Guerrero,Spain,Málaga,Spain 2 - La Liga 2,Attacking Midfield,Midfield,22.0,2817.0,51.0,51.8,51.9,55.6
98898,25658,2919.0,D. Louiserre,France,Guingamp,France 2 - Ligue 2,Defensive Midfield,Midfield,30.0,2850.0,53.0,53.4,55.4,46.7
1168,25759,649.0,D. Lovren,Croatia,PAOK,Greece 1 - Super League,Centre Back,Defence,36.0,1433.0,53.7,54.2,54.4,54.3
114481,25566,2566.0,D. Lukacs,Hungary,Puskás,Hungary 1 - NB I,Centre Forward,Attack,29.0,2855.0,50.8,50.5,51.2,42.1
37416827,25673,274.0,D. Luna,Colombia,Huesca,Spain 2 - La Liga 2,Right Wing,Attack,22.0,1754.0,48.7,49.0,48.2,52.5
80949,25591,1745.0,D. Machalík,Czech Republic,Zlín,Czech Republic 1 - Chance Liga,Central Midfield,Midfield,29.0,1146.0,46.9,46.8,48.6,50.7
319282,25598,53.0,D. Maeda,Japan,Celtic,Scotland 1 - Premiership,Left Wing,Attack,27.0,2837.0,52.3,51.7,52.9,46.0
37336819,25641,134619.0,D. Maftei,Romania,Farul Constanța,Romania 1 - Superliga,Right Back,Defence,20.0,1805.0,48.9,48.6,49.6,38.4
181323,25601,227584.0,D. Magda,Slovakia,FK Košice,Slovakia 1 - Niké Liga,Right Back,Defence,27.0,1496.0,46.3,46.1,45.7,51.8
37261100,25607,647.0,D. Males,Switzerland,Young Boys,Switzerland 1 - Super League,Right Midfield,Midfield,24.0,1144.0,51.7,50.9,51.8,50.5
61341,25662,2495.0,D. Malul,Israel,Hapoel Haifa,Israel 1 - Ligat ha'Al,Right Back,Defence,36.0,2204.0,48.2,48.0,47.6,46.1
165622,25597,682.0,D. Man,Romania,PSV,Netherlands 1 - Eredivisie,Right Wing,Attack,26.0,1501.0,57.7,57.3,57.8,52.9
52801,25584,906.0,D. Maresic,Austria,Hajduk Split,Croatia 1 - 1. HNL,Centre Back,Defence,25.0,1214.0,54.9,56.2,55.6,49.5
52801,25584,4504.0,D. Maresic,Austria,Istra 1961,Croatia 1 - 1. HNL,Centre Back,Defence,25.0,1798.0,55.8,58.3,56.7,46.5
537027,25591,1351.0,D. Mareček,Czech Republic,Teplice,Czech Republic 1 - Chance Liga,Attacking Midfield,Midfield,27.0,1656.0,44.8,45.3,44.4,46.0
37593161,25745,1085.0,D. Martins Travassos,Portugal,Moreirense,Portugal 1 - Liga Portugal,Right Back,Defence,21.0,2435.0,49.5,51.2,51.7,51.2
37668705,25641,11676.0,D. Matei,Romania,Universitatea Craiova,Romania 1 - Superliga,Central Midfield,Midfield,18.0,2377.0,47.4,47.2,47.6,47.1
37579793,25648,64.0,D. Mazou-Sacko,France,Millwall,England 2 - Championship,Central Midfield,Midfield,20.0,1166.0,50.7,50.4,50.4,55.8
2191,25649,54.0,D. McGoldrick,Republic of Ireland,Barnsley,England 3 - League One,Centre Forward,Attack,37.0,2512.0,53.0,52.6,53.6,47.4
30851895,25658,1838.0,D. Meddah,France,Pau,France 2 - Ligue 2,Centre Back,Defence,22.0,2099.0,56.5,56.5,59.2,54.8
37567341,25584,7391.0,D. Mejía Moscoso,Colombia,Vukovar,Croatia 1 - 1. HNL,Defensive Midfield,Midfield,22.0,951.0,50.3,49.8,48.5,51.2
37593325,25673,429.0,D. Mella Boullón,Spain,Deportivo La Coruña,Spain 2 - La Liga 2,Right Wing,Attack,20.0,1576.0,51.4,51.2,52.4,53.4
56643,25584,906.0,D. Melnjak,Croatia,Hajduk Split,Croatia 1 - 1. HNL,Left Back,Defence,32.0,907.0,54.2,53.1,53.5,55.5
532283,26164,10771.0,D. Mensah,Ghana,Mantova,Italy 2 - Serie B,Centre Forward,Attack,34.0,1217.0,47.5,47.8,47.1,49.3
123947,25662,589.0,D. Micha,Israel,Beitar Jerusalem,Israel 1 - Ligat ha'Al,Attacking Midfield,Midfield,33.0,1674.0,53.0,54.7,50.4,42.1
158756,25535,1266.0,D. Michalski,Poland,Zagłębie Lubin,Poland 1 - Ekstraklasa,Centre Back,Defence,27.0,1827.0,43.9,42.2,43.3,45.7
4977640,25641,3444.0,D. Miculescu,Romania,FCSB,Romania 1 - Superliga,Right Wing,Attack,24.0,2033.0,48.5,48.8,49.5,54.7
73622,25641,9426.0,D. Mikanović,Croatia,Universitatea Cluj,Romania 1 - Superliga,Right Back,Defence,31.0,2815.0,50.1,48.9,48.5,47.0
28009,25597,1403.0,D. Mirani,Netherlands,Heracles Almelo,Netherlands 1 - Eredivisie,Centre Back,Defence,29.0,2933.0,49.8,49.2,49.7,46.8
546780,25649,294.0,D. Mitchell,Jamaica,Leyton Orient,England 3 - League One,Left Back,Defence,28.0,1613.0,46.3,46.9,46.1,45.7
37610686,25652,3588.0,D. Mokwa Ntusu,France,Elversberg,Germany 2 - 2. Bundesliga,Centre Forward,Attack,21.0,1163.0,49.9,49.7,49.2,42.3
37674475,25591,216.0,D. Moses,Nigeria,Slavia Praha,Czech Republic 1 - Chance Liga,Central Midfield,Midfield,21.0,1613.0,48.8,49.0,49.6,57.3
37336532,25673,126.0,D. Murillo Dominguez,Spain,Málaga,Spain 2 - La Liga 2,Centre Back,Defence,24.0,3429.0,56.0,57.1,57.3,52.3
17867671,25648,24.0,D. Murkin,England,Derby County,England 2 - Championship,Left Back,Defence,26.0,985.0,54.2,53.3,53.3,58.6
37555434,25745,4092.0,D. Nandín Berrutti,Uruguay,Arouca,Portugal 1 - Liga Portugal,Centre Forward,Attack,23.0,920.0,49.3,50.2,48.4,56.5
3568417,25597,494.0,D. Nejašmić,Croatia,NEC Nijmegen,Netherlands 1 - Eredivisie,Defensive Midfield,Midfield,26.0,2311.0,55.3,56.1,55.6,60.2
109355,26164,445.0,D. Nikolaou,Greece,Bari 1908,Italy 2 - Serie B,Centre Back,Defence,27.0,1974.0,51.1,51.7,49.3,47.4
127219,25662,6900.0,D. Nir,Israel,Hapoel Petah Tikva,Israel 1 - Ligat ha'Al,Left Back,Defence,31.0,1156.0,44.9,45.5,45.3,44.1
96351,25641,9426.0,D. Nistor,Romania,Universitatea Cluj,Romania 1 - Superliga,Attacking Midfield,Midfield,37.0,1871.0,54.5,54.3,53.7,43.9
581122,25598,496.0,D. Nlundulu,England,St. Mirren,Scotland 1 - Premiership,Centre Forward,Attack,26.0,1543.0,48.6,49.0,48.8,46.9
37527860,25637,2475.0,D. Nunumete,Netherlands,FC Emmen,Netherlands 2 - Eerste Divisie,Central Midfield,Midfield,23.0,1486.0,52.1,52.2,51.9,47.0
37631334,25735,261624.0,D. Nzoko,Finland,Jong KRC Genk U23,Belgium 2 - Challenger Pro League,Right Wing,Attack,17.0,1475.0,49.1,49.1,49.4,47.4
581094,25648,116.0,D. O'Shea,Republic of Ireland,Ipswich Town,England 2 - Championship,Centre Back,Defence,26.0,4140.0,58.1,59.6,59.9,58.8
2158652,25641,10266.0,D. Oancea,Romania,Argeş,Romania 1 - Superliga,Right Back,Defence,28.0,2319.0,54.0,53.0,51.4,53.7
2945,25597,637.0,D. Odoi,Ghana,NAC Breda,Netherlands 1 - Eredivisie,Centre Back,Defence,37.0,1514.0,51.3,50.7,48.4,47.9
189729,25673,274.0,D. Ojeda Saranova,Spain,Huesca,Spain 2 - La Liga 2,Left Wing,Attack,30.0,1317.0,50.3,50.2,50.0,49.6
37536801,25649,254.0,D. Okagbue,Republic of Ireland,Peterborough United,England 3 - League One,Centre Back,Defence,21.0,2318.0,47.2,47.3,47.0,55.6
165910,25641,3444.0,D. Olaru,Romania,FCSB,Romania 1 - Superliga,Attacking Midfield,Midfield,27.0,2798.0,53.3,55.6,52.2,52.2
37563833,25536,939.0,D. Osorio Osorio,Chile,FC Midtjylland,Denmark 1 - Superliga,Right Wing,Attack,21.0,1937.0,55.4,56.1,56.0,59.4
37630690,25658,2919.0,D. Ourega,France,Guingamp,France 2 - Ligue 2,Left Back,Defence,20.0,1087.0,48.3,48.6,49.2,53.9
37773021,25567,6318.0,D. Owusu,Ghana,Radnik Surdulica,Serbia 1 - Super Liga,Right Wing,Attack,19.0,1783.0,49.9,49.6,50.9,50.9
37561117,25648,24.0,D. Ozoh,England,Derby County,England 2 - Championship,Defensive Midfield,Midfield,20.0,1915.0,51.7,51.1,52.4,53.6
81552,25601,28077.0,D. Ožvolda,Czech Republic,Komárno,Slovakia 1 - Niké Liga,Central Midfield,Midfield,28.0,1705.0,41.7,42.3,43.1,47.4
3684,25535,2778.0,D. Pacheco Lobato,Spain,Wisła Płock,Poland 1 - Ekstraklasa,Defensive Midfield,Midfield,34.0,2197.0,57.3,58.2,61.3,44.9
21065097,25641,7773.0,D. Paraschiv,Romania,Rapid Bucuresti,Romania 1 - Superliga,Centre Forward,Attack,26.0,1009.0,48.6,48.4,48.0,50.7
73733,25584,8082.0,D. Pavičić,Croatia,Gorica,Croatia 1 - 1. HNL,Central Midfield,Midfield,31.0,1933.0,49.3,49.4,49.6,42.2
37762068,25567,3001.0,D. Pavlović,Serbia,Radnički Niš,Serbia 1 - Super Liga,Centre Back,Defence,21.0,3127.0,50.4,50.9,51.5,47.3
37528298,25597,2396.0,D. Payne,Netherlands,FC Volendam,Netherlands 1 - Eredivisie,Right Back,Defence,22.0,934.0,46.9,47.3,46.6,51.7
24816838,25591,187.0,D. Pech,Czech Republic,Mladá Boleslav,Czech Republic 1 - Chance Liga,Central Midfield,Midfield,23.0,1035.0,51.2,50.8,49.9,48.5
37663728,25607,647.0,D. Pech,Czech Republic,Young Boys,Switzerland 1 - Super League,Central Midfield,Midfield,18.0,939.0,54.2,54.6,55.1,51.0
125381,25662,2997.0,D. Peretz,Israel,Maccabi Tel Aviv,Israel 1 - Ligat ha'Al,Central Midfield,Midfield,30.0,2707.0,47.4,46.6,46.7,41.9
37703433,25599,237670.0,D. Pestryakov,Russia,Akron,Russia 1 - Premier League,Right Wing,Attack,18.0,2297.0,48.8,48.5,48.6,49.5
38204937,25567,3001.0,D. Petrovic,Serbia,Radnički Niš,Serbia 1 - Super Liga,Right Back,Defence,19.0,1128.0,50.2,50.4,51.9,52.7
183535,25584,3358.0,D. Petrovič,Slovenia,Rijeka,Croatia 1 - 1. HNL,Central Midfield,Midfield,27.0,1396.0,46.6,45.9,45.8,45.2
37293368,25649,409.0,D. Phillips,England,Stevenage,England 3 - League One,Defensive Midfield,Midfield,24.0,2163.0,45.9,45.0,45.7,46.4
31238808,25653,5724.0,D. Pines,United States,Grazer AK,Austria 1 - Admiral Bundesliga,Centre Back,Defence,27.0,2638.0,44.1,42.7,45.8,57.2
37257678,25535,1069.0,D. Piła,Poland,Cracovia Kraków,Poland 1 - Ekstraklasa,Right Back,Defence,24.0,1952.0,45.1,46.0,46.4,50.7
37657971,25591,3269.0,D. Planka,Czech Republic,Baník Ostrava,Czech Republic 1 - Chance Liga,Central Midfield,Midfield,19.0,1973.0,50.2,50.0,50.8,38.8
538615,25591,463.0,D. Plechatý,Czech Republic,Slovan Liberec,Czech Republic 1 - Chance Liga,Centre Back,Defence,26.0,973.0,49.0,48.6,49.6,52.3
37614138,25598,273.0,D. Polvara,United States,Aberdeen,Scotland 1 - Premiership,Defensive Midfield,Midfield,25.0,1046.0,52.0,52.1,49.6,56.5
55954,25641,8474.0,D. Pospelov,Ukraine,UTA Arad,Romania 1 - Superliga,Centre Back,Defence,33.0,2716.0,45.0,43.6,46.7,49.0
61654,25600,328.0,D. Praet,Belgium,Antwerp,Belgium 1 - Pro League,Central Midfield,Midfield,31.0,2528.0,52.5,52.5,52.0,55.8
23661356,25597,494.0,D. Proper,Netherlands,NEC Nijmegen,Netherlands 1 - Eredivisie,Defensive Midfield,Midfield,23.0,1036.0,50.3,49.8,48.0,49.4
2816254,25599,490.0,D. Prutsev,Russia,Lokomotiv Moskva,Russia 1 - Premier League,Central Midfield,Midfield,25.0,1962.0,53.6,53.6,52.9,48.4
133206,26164,2892.0,D. Quaranta,Italy,Reggiana,Italy 2 - Serie B,Centre Back,Defence,28.0,1093.0,45.3,44.5,44.2,45.1
157831,25566,3955.0,D. Rasak,Poland,Újpest,Hungary 1 - NB I,Defensive Midfield,Midfield,29.0,1348.0,49.7,49.6,51.3,45.5
37552077,25601,662.0,D. Redzic,Hungary,Dunajská Streda,Slovakia 1 - Niké Liga,Right Wing,Attack,22.0,1157.0,50.8,51.2,53.4,53.5
54989,25653,3300.0,D. Reiter,Austria,Blau-Weiß Linz,Austria 1 - Admiral Bundesliga,Right Midfield,Midfield,27.0,1091.0,46.1,45.2,46.1,50.7
37662761,25673,931.0,D. Requena Sánchez,Spain,Córdoba,Spain 2 - La Liga 2,Central Midfield,Midfield,21.0,2604.0,48.4,48.6,48.4,59.6
37577578,25607,389.0,D. Reverson,Netherlands,Zürich,Switzerland 1 - Super League,Centre Forward,Attack,21.0,1155.0,53.2,53.6,53.3,47.6
37400393,25745,11741.0,D. Rocha Livramento do Rosario,Cape Verde,Casa Pia,Portugal 1 - Liga Portugal,Centre Forward,Attack,24.0,939.0,48.1,48.4,47.3,55.7
186690,25759,27943.0,D. Rodríguez Santana,Spain,Kifisia,Greece 1 - Super League,Right Back,Defence,36.0,1961.0,51.1,50.8,50.1,53.3
37543407,25673,9818.0,D. Rodríguez Sousa,Spain,Racing Santander,Spain 2 - La Liga 2,Defensive Midfield,Midfield,22.0,966.0,53.8,54.1,53.3,44.3
380232,25673,844.0,D. Rodríguez Vázquez,Spain,Leganés,Spain 2 - La Liga 2,Attacking Midfield,Midfield,37.0,1201.0,53.5,52.6,52.0,56.0
37529951,25597,593.0,D. Rots,Netherlands,FC Twente,Netherlands 1 - Eredivisie,Right Wing,Attack,24.0,2371.0,50.4,50.6,51.2,52.8
37296163,25607,462.0,D. Rrudhani,Kosovo,Sion,Switzerland 1 - Super League,Right Midfield,Midfield,26.0,957.0,55.0,53.5,55.7,54.0
2170239,25599,3452.0,D. Rybchinsky,Russia,Orenburg,Russia 1 - Premier League,Right Midfield,Midfield,26.0,1186.0,49.8,49.7,49.8,41.5
189120,25641,11711.0,D. Sabater Tous,Spain,Metaloglobus,Romania 1 - Superliga,Central Midfield,Midfield,29.0,2952.0,48.6,48.9,48.4,48.8
28403,25637,2379.0,D. Saddiki,Morocco,VVV-Venlo,Netherlands 2 - Eerste Divisie,Defensive Midfield,Midfield,28.0,1126.0,46.1,46.3,43.5,58.7
37592022,25567,5634.0,D. Sadi,England,Novi Pazar,Serbia 1 - Super Liga,Right Wing,Attack,21.0,1660.0,46.6,46.6,46.5,51.0
37538006,25600,2938.0,D. Salifou,Togo,Mechelen,Belgium 1 - Pro League,Central Midfield,Midfield,22.0,996.0,46.3,46.1,46.3,59.4
37505287,25591,512.0,D. Samko,Czech Republic,Karviná,Czech Republic 1 - Chance Liga,Attacking Midfield,Midfield,24.0,2213.0,48.4,50.0,47.9,43.8
37529708,25597,1652.0,D. Sanches Fernandes,Netherlands,Excelsior,Netherlands 1 - Eredivisie,Right Wing,Attack,24.0,2503.0,49.9,50.5,51.1,46.7
1494341,25648,24.0,D. Sanderson,England,Derby County,England 2 - Championship,Centre Back,Defence,25.0,3165.0,48.6,47.5,47.8,46.4
37317387,25759,602.0,D. Santos Nascimento,Portugal,Olympiacos F.C.,Greece 1 - Super League,Central Midfield,Midfield,22.0,979.0,56.8,57.2,57.0,56.1
33577251,25567,28028.0,D. Savić,Serbia,Bačka Topola,Serbia 1 - Super Liga,Right Wing,Attack,24.0,1882.0,48.5,48.7,48.9,41.7
22201,25648,283.0,D. Scarr,England,Wrexham,England 2 - Championship,Centre Back,Defence,30.0,1348.0,47.7,47.2,47.7,51.4
522612,25607,468.0,D. Schmid,Switzerland,Basel,Switzerland 1 - Super League,Left Back,Defence,27.0,2962.0,53.8,52.8,52.4,60.2
37540122,25567,2736.0,D. Seck,Senegal,Partizan,Serbia 1 - Super Liga,Right Wing,Attack,24.0,2818.0,51.4,51.2,51.2,50.0
32070,25682,3702.0,D. Selke,Germany,İstanbul Başakşehir,Türkiye 1 - Super Lig,Centre Forward,Attack,30.0,1204.0,54.2,53.8,54.5,55.6
20694565,25599,35.0,D. Shabanhaxhaj,Austria,Rubin Kazan,Russia 1 - Premier League,Centre Forward,Attack,24.0,1589.0,52.0,51.8,51.8,48.0
37752140,25637,2783.0,D. Sigayro O'Niel,Netherlands,Jong Ajax,Netherlands 2 - Eerste Divisie,Right Wing,Attack,18.0,2882.0,48.5,48.4,48.9,44.1
37561164,25567,3674.0,D. Silue,Ivory Coast,OFK Beograd,Serbia 1 - Super Liga,Centre Forward,Attack,23.0,1150.0,51.4,51.3,52.3,47.6
37356526,25601,3137.0,D. Simon,Haiti,Tatran Prešov,Slovakia 1 - Niké Liga,Defensive Midfield,Midfield,24.0,980.0,49.8,49.8,48.4,51.5
24818229,25536,939.0,D. Simsir,Türkiye,FC Midtjylland,Denmark 1 - Superliga,Left Wing,Attack,23.0,2040.0,60.4,59.8,58.4,44.7
37336830,25641,134619.0,D. Sirbu,Romania,Farul Constanța,Romania 1 - Superliga,Right Back,Defence,22.0,1052.0,47.5,48.2,47.1,58.9
54380,25599,2468.0,D. Skopintsev,Russia,Dinamo Moskva,Russia 1 - Premier League,Left Back,Defence,28.0,1476.0,52.3,53.0,52.7,50.3
37584732,25591,4484.0,D. Smékal,Czech Republic,Pardubice,Czech Republic 1 - Chance Liga,Centre Forward,Attack,23.0,1179.0,49.1,49.3,48.9,52.1
219784,25599,2645.0,D. Soares Gomes,Brazil,Krasnodar,Russia 1 - Premier League,Central Midfield,Midfield,28.0,1738.0,53.9,54.2,52.9,55.8
5283733,25566,2613.0,D. Soltész,Hungary,Várda SE,Hungary 1 - NB I,Attacking Midfield,Midfield,24.0,1201.0,50.1,51.2,49.5,55.2
165701,25682,4192.0,D. Sorescu,Romania,Gaziantep F.K.,Türkiye 1 - Super Lig,Right Back,Defence,27.0,1553.0,48.2,48.8,51.1,45.6
37705618,25648,21.0,D. Soumaré,Senegal,Sheffield United,England 2 - Championship,Defensive Midfield,Midfield,22.0,1083.0,50.9,50.5,51.1,61.2
108323,26164,6911.0,D. Sounas,Greece,Avellino,Italy 2 - Serie B,Defensive Midfield,Midfield,31.0,2415.0,51.4,51.0,49.0,54.9
83566,25591,3643.0,D. Souček,Czech Republic,Jablonec,Czech Republic 1 - Chance Liga,Right Back,Defence,27.0,1412.0,46.6,46.8,46.9,45.7
37597759,25745,269225.0,D. Spencer Marques,Portugal,AVS,Portugal 1 - Liga Portugal,Right Back,Defence,21.0,1007.0,54.5,55.9,54.9,48.1
37587471,25652,3527.0,D. Stalmach,Poland,Magdeburg,Germany 2 - 2. Bundesliga,Defensive Midfield,Midfield,19.0,945.0,51.1,50.3,51.3,62.6
363659,25759,9849.0,D. Stavropoulos,Greece,Atromitos,Greece 1 - Super League,Centre Back,Defence,28.0,3060.0,46.0,45.3,47.5,48.0
83638,25636,8657.0,D. Stenderup,Denmark,Hvidovre,Denmark 2 - First Division,Centre Back,Defence,36.0,2488.0,51.6,52.7,50.4,47.0
537665,25598,62.0,D. Sterling,England,Rangers,Scotland 1 - Premiership,Right Back,Defence,25.0,939.0,51.3,50.7,50.7,53.0
37632375,25567,6318.0,D. Stojanović,Serbia,Radnik Surdulica,Serbia 1 - Super Liga,Centre Back,Defence,23.0,1516.0,49.8,49.7,48.9,44.0
2823100,25535,890.0,D. Stojinovič,Slovenia,Jagiellonia Białystok,Poland 1 - Ekstraklasa,Centre Back,Defence,24.0,1029.0,53.1,53.5,54.6,48.7
9939024,25648,7.0,D. Strelec,Slovakia,Middlesbrough,England 2 - Championship,Centre Forward,Attack,24.0,2077.0,51.3,51.1,51.3,46.9
11545,25649,409.0,D. Sweeney,England,Stevenage,England 3 - League One,Centre Back,Defence,31.0,1220.0,49.6,49.1,48.3,61.3
37308191,25658,1083.0,D. Sylla,Guinea,Red Star,France 2 - Ligue 2,Right Back,Defence,22.0,2288.0,47.2,47.4,47.7,46.3
155550,25535,349.0,D. Szymański,Poland,Legia Warszawa,Poland 1 - Ekstraklasa,Defensive Midfield,Midfield,30.0,1693.0,54.1,54.9,54.0,51.0
163420,25641,134619.0,D. Sá Ramalho,Portugal,Farul Constanța,Romania 1 - Superliga,Central Midfield,Midfield,26.0,2053.0,45.5,45.5,45.5,54.6
26294,25682,34.0,D. Sánchez Mina,Colombia,Galatasaray,Türkiye 1 - Super Lig,Centre Back,Defence,29.0,2426.0,56.2,56.8,56.6,57.7
37543383,25673,344.0,D. Sánchez Pérez,Spain,Sporting Gijón,Spain 2 - La Liga 2,Centre Back,Defence,22.0,2916.0,50.9,50.8,48.5,42.6
33608588,25598,770.0,D. Tait,Scotland,Falkirk,Scotland 1 - Premiership,Central Midfield,Midfield,23.0,2725.0,50.9,51.7,50.6,49.7
1548625,25601,3137.0,D. Taraduda,Ukraine,Tatran Prešov,Slovakia 1 - Niké Liga,Centre Back,Defence,24.0,944.0,45.5,44.6,46.1,53.1
24816767,25649,28.0,D. Taylor,Northern Ireland,Blackpool,England 3 - League One,Centre Forward,Attack,21.0,1005.0,47.1,47.3,47.3,43.4
80699,25591,234.0,D. Tetour,Czech Republic,Slovácko,Czech Republic 1 - Chance Liga,Central Midfield,Midfield,31.0,1205.0,50.3,51.2,50.6,51.3
64767,25658,1461.0,D. Thiam,France,Boulogne,France 2 - Ligue 2,Right Back,Defence,35.0,2626.0,49.1,48.4,48.1,45.9
16496779,25598,180.0,D. Thompson,England,Kilmarnock,Scotland 1 - Premiership,Left Back,Defence,25.0,2636.0,49.9,49.5,51.1,46.1
202192,25682,643.0,D. Toköz,Türkiye,Kayserispor,Türkiye 1 - Super Lig,Defensive Midfield,Midfield,29.0,1354.0,49.3,49.6,51.1,54.7
92767,25637,1128.0,D. Tomas,Finland,ADO Den Haag,Netherlands 2 - Eerste Divisie,Centre Back,Defence,28.0,1250.0,55.5,54.6,56.6,61.8
37445075,26164,1000.0,D. Tonoli,Italy,Modena,Italy 2 - Serie B,Centre Back,Defence,23.0,3057.0,54.3,54.3,50.6,57.1
37554531,25673,361.0,D. Torres Ortiz,Spain,Real Valladolid,Spain 2 - La Liga 2,Centre Back,Defence,22.0,3237.0,48.4,48.3,49.4,45.3
9939008,25600,2741.0,D. Toshevski,Macedonia,Dender,Belgium 1 - Pro League,Centre Forward,Attack,24.0,1492.0,48.3,47.9,48.4,52.0
80590,25591,1351.0,D. Trubač,Czech Republic,Teplice,Czech Republic 1 - Chance Liga,Attacking Midfield,Midfield,28.0,1122.0,47.6,47.9,47.5,47.7
25206170,25759,9849.0,D. Tsakmakis,Greece,Atromitos,Greece 1 - Super League,Centre Back,Defence,26.0,980.0,55.6,56.7,55.0,51.0
173160,25649,69.0,D. Turnbull,Scotland,Cardiff City,England 3 - League One,Central Midfield,Midfield,26.0,1856.0,53.4,52.7,51.7,51.1
25234,25682,2632.0,D. Türüç,Türkiye,Konyaspor,Türkiye 1 - Super Lig,Right Wing,Attack,32.0,1047.0,51.1,51.6,50.3,48.1
24410,25641,11711.0,D. Ubbink,Netherlands,Metaloglobus,Romania 1 - Superliga,Attacking Midfield,Midfield,32.0,1026.0,50.1,52.1,48.9,49.7
28354,25637,2344.0,D. Van den Buijs,Belgium,Roda JC Kerkrade,Netherlands 2 - Eerste Divisie,Centre Back,Defence,29.0,1685.0,53.7,54.8,54.4,47.0
37597160,25599,5585.0,D. Vasilev,Russia,Sochi,Russia 1 - Premier League,Defensive Midfield,Midfield,21.0,1410.0,48.7,48.1,48.1,57.2
20336073,25591,3097.0,D. Vašulín,Czech Republic,Sigma Olomouc,Czech Republic 1 - Chance Liga,Centre Forward,Attack,27.0,1067.0,52.2,51.6,53.0,51.2
14399851,25599,3452.0,D. Vedernikov,Russia,Orenburg,Russia 1 - Premier League,Left Back,Defence,24.0,1657.0,46.0,45.9,47.0,43.4
26991,25597,1053.0,D. Vente,Netherlands,SC Heerenveen,Netherlands 1 - Eredivisie,Centre Forward,Attack,26.0,2218.0,49.7,49.7,49.1,47.7
24619,25637,2385.0,D. Verbeek,Netherlands,FC Den Bosch,Netherlands 2 - Eerste Divisie,Attacking Midfield,Midfield,34.0,918.0,52.6,53.0,51.0,48.8
37530882,25591,1351.0,D. Večerka,Czech Republic,Teplice,Czech Republic 1 - Chance Liga,Centre Back,Defence,22.0,2446.0,45.9,45.6,45.0,38.6
32796743,25637,2360.0,D. Vianello,Netherlands,TOP Oss,Netherlands 2 - Eerste Divisie,Defensive Midfield,Midfield,22.0,3034.0,49.5,49.5,51.8,45.3
31403,25759,781.0,D. Vida,Croatia,AEK Athens,Greece 1 - Super League,Centre Back,Defence,36.0,1106.0,48.4,48.1,47.2,50.9
25568440,25673,238115.0,D. Villahermosa Martínez,Spain,FC Andorra,Spain 2 - La Liga 2,Central Midfield,Midfield,24.0,3205.0,52.3,52.6,51.8,48.7
21539180,25673,429.0,D. Villares Yáñez,Spain,Deportivo La Coruña,Spain 2 - La Liga 2,Central Midfield,Midfield,29.0,2460.0,49.3,49.2,48.7,55.4
37540324,25653,5769.0,D. Vincze,Austria,Hartberg,Austria 1 - Admiral Bundesliga,Centre Back,Defence,21.0,2055.0,47.4,46.5,45.9,48.3
37316363,25591,3545.0,D. Višinský,Czech Republic,Viktoria Plzeň,Czech Republic 1 - Chance Liga,Attacking Midfield,Midfield,22.0,1671.0,50.0,49.2,51.2,51.9
170707,25599,490.0,D. Vorobyev,Russia,Lokomotiv Moskva,Russia 1 - Premier League,Centre Forward,Attack,27.0,1871.0,53.7,53.8,54.1,46.3
23697504,25637,2460.0,D. Vos,Netherlands,Helmond Sport,Netherlands 2 - Eerste Divisie,Centre Back,Defence,23.0,2527.0,49.5,49.9,49.0,38.5
37909215,25607,389.0,D. Vujevic,Switzerland,Zürich,Switzerland 1 - Super League,Centre Back,Defence,18.0,1349.0,48.1,47.2,46.8,53.5
82841,25536,293.0,D. Wass,Denmark,Brøndby IF,Denmark 1 - Superliga,Central Midfield,Midfield,36.0,1500.0,53.1,53.4,52.9,53.6
37590770,25598,180.0,D. Watson,Scotland,Kilmarnock,Scotland 1 - Premiership,Central Midfield,Midfield,20.0,2386.0,46.1,46.6,47.3,45.9
37445078,26164,10771.0,D. Wieser,Italy,Mantova,Italy 2 - Serie B,Central Midfield,Midfield,23.0,1393.0,50.7,50.4,49.8,47.1
3179,25649,23.0,D. Williams,Republic of Ireland,Reading,England 3 - League One,Centre Back,Defence,32.0,2037.0,48.1,48.2,48.9,51.9
37365878,25649,150.0,D. Williams,England,Burton Albion,England 3 - League One,Left Back,Defence,21.0,1401.0,48.4,48.4,49.3,44.9
3752,25598,258.0,D. Wilson,Scotland,Livingston,Scotland 1 - Premiership,Centre Back,Defence,33.0,2689.0,51.0,52.4,52.6,38.1
62611,25735,2591.0,D. Wouters,Belgium,Lommel SK,Belgium 2 - Challenger Pro League,Centre Back,Defence,28.0,3078.0,49.4,49.6,51.1,45.9
8470,25598,284.0,D. Wright,England,Dundee,Scotland 1 - Premiership,Right Midfield,Midfield,30.0,3008.0,45.9,48.9,46.4,51.6
28575672,25735,2432.0,D. Wright-Phillips,England,K. Beerschot V.A.,Belgium 2 - Challenger Pro League,Right Wing,Attack,23.0,950.0,52.5,51.6,51.8,47.8
2510218,25649,138.0,D. Yearwood,England,Rotherham United,England 3 - League One,Central Midfield,Midfield,25.0,1200.0,48.1,48.3,48.5,54.7
27067202,25652,2554.0,D. Yokota,Japan,Hannover 96,Germany 2 - 2. Bundesliga,Right Wing,Attack,25.0,1740.0,53.5,53.9,53.8,50.9
37700505,25637,822.0,D. Yun,South Korea,FC Dordrecht,Netherlands 2 - Eerste Divisie,Right Wing,Attack,18.0,1098.0,49.7,49.7,48.7,46.0
37532463,25637,2379.0,D. Zandbergen,Netherlands,VVV-Venlo,Netherlands 2 - Eerste Divisie,Centre Forward,Attack,23.0,2605.0,50.0,49.7,50.0,55.5
785869,25535,1228.0,D. Zator,Canada,Arka Gdynia,Poland 1 - Ekstraklasa,Centre Back,Defence,30.0,1269.0,46.2,45.2,44.2,45.8
532249,25652,3611.0,D. Zec,Slovenia,Holstein Kiel,Germany 2 - 2. Bundesliga,Centre Back,Defence,25.0,2734.0,49.0,48.2,48.7,48.7
23697916,25591,216.0,D. Zima,Czech Republic,Slavia Praha,Czech Republic 1 - Chance Liga,Centre Back,Defence,24.0,1771.0,49.4,48.9,49.6,52.4
32777042,25653,3787.0,D. Zukić,Serbia,Wolfsberger AC,Austria 1 - Admiral Bundesliga,Attacking Midfield,Midfield,24.0,2573.0,55.3,53.6,54.0,41.6
29313803,25673,931.0,D. de Almeida Leite,Brazil,Córdoba,Spain 2 - La Liga 2,Attacking Midfield,Midfield,25.0,1133.0,52.7,52.9,52.7,55.9
30294,25597,750.0,D. de Wit,Netherlands,FC Utrecht,Netherlands 1 - Eredivisie,Attacking Midfield,Midfield,27.0,2360.0,48.8,49.5,48.5,62.6
37561096,25607,13775.0,D. dos Santos Correia,Switzerland,Lugano,Switzerland 1 - Super League,Attacking Midfield,Midfield,22.0,1930.0,55.6,51.6,54.5,48.2
32614,25599,2963.0,D. dos Santos Justino de Melo,Brazil,Zenit,Russia 1 - Premier League,Left Back,Defence,31.0,1922.0,57.8,57.1,56.0,56.9
23651573,25637,814.0,D. van Kaam,Netherlands,RKC Waalwijk,Netherlands 2 - Eerste Divisie,Defensive Midfield,Midfield,25.0,2251.0,50.5,50.0,48.5,35.9
24705,25637,1128.0,D. van Mieghem,Netherlands,ADO Den Haag,Netherlands 2 - Eerste Divisie,Right Wing,Attack,35.0,1752.0,55.7,55.5,54.6,48.8
37689817,25637,2379.0,D. van Oorschot,Netherlands,VVV-Venlo,Netherlands 2 - Eerste Divisie,Centre Forward,Attack,19.0,1201.0,44.1,44.2,43.2,46.2
27065896,25597,1403.0,D. van der Kust,Suriname,Heracles Almelo,Netherlands 1 - Eredivisie,Left Back,Defence,24.0,1197.0,46.0,45.9,45.9,52.8
37759675,25597,2345.0,D. van der Werff,Netherlands,FC Groningen,Netherlands 1 - Eredivisie,Right Wing,Attack,20.0,2129.0,49.2,49.6,49.2,51.1
118648,25759,1089.0,D. Ólafsson,Iceland,Larissa,Greece 1 - Super League,Left Back,Defence,30.0,1203.0,48.2,48.0,47.9,44.1
21054111,25584,7920.0,D. Čolina,Croatia,Osijek,Croatia 1 - 1. HNL,Left Back,Defence,25.0,1951.0,49.5,49.3,48.5,47.5
72857,25584,3358.0,D. Čop,Croatia,Rijeka,Croatia 1 - 1. HNL,Centre Forward,Attack,35.0,951.0,46.0,45.6,45.9,51.2
35831,25641,3599.0,D. Đoković,Croatia,CFR Cluj,Romania 1 - Superliga,Defensive Midfield,Midfield,35.0,2242.0,47.9,48.4,47.9,46.9
2158653,25641,8132.0,D. Şerbănică,Romania,Unirea Slobozia,Romania 1 - Superliga,Left Back,Defence,29.0,2026.0,44.6,43.9,44.2,48.3
435783,25682,81.0,D. Šarić,Bosnia and Herzegovina,Antalyaspor,Türkiye 1 - Super Lig,Central Midfield,Midfield,28.0,1400.0,46.8,46.7,46.9,55.6
75098,25745,6377.0,D. Špikić,Croatia,Rio Ave,Portugal 1 - Liga Portugal,Right Wing,Attack,26.0,1822.0,49.2,49.3,48.6,52.4
182558,25601,28077.0,D. Špiriak,Slovakia,Komárno,Slovakia 1 - Niké Liga,Centre Back,Defence,26.0,2304.0,43.9,43.6,44.2,39.8
20716706,25566,7926.0,D. Štefulj,Croatia,Győri ETO,Hungary 1 - NB I,Left Back,Defence,25.0,2760.0,50.4,49.6,50.4,45.7
1488486,25591,3097.0,D. Šturm,Slovenia,Sigma Olomouc,Czech Republic 1 - Chance Liga,Left Wing,Attack,26.0,1039.0,53.5,52.6,53.0,44.4
37659713,25567,28023.0,D. Žagar,Serbia,IMT Novi Beograd,Serbia 1 - Super Liga,Left Wing,Attack,18.0,1978.0,46.4,46.5,46.8,47.6
73793,25641,803.0,D. Živulić,Croatia,Otelul,Romania 1 - Superliga,Centre Back,Defence,33.0,2983.0,52.6,53.5,53.2,52.8
73297,25662,2495.0,D. Župarić,Croatia,Hapoel Haifa,Israel 1 - Ligat ha'Al,Centre Back,Defence,33.0,900.0,43.7,43.3,43.6,45.8
37407010,25745,11741.0,David Sousa,Brazil,Casa Pia,Portugal 1 - Liga Portugal,Centre Back,Defence,24.0,2265.0,51.8,51.9,52.0,55.8
28288,25566,892.0,E. Acolatse,Netherlands,Diósgyőr,Hungary 1 - NB I,Left Wing,Attack,30.0,1454.0,55.3,54.2,54.7,42.7
15128,25648,5.0,E. Adams,Gambia,Portsmouth,England 2 - Championship,Central Midfield,Midfield,29.0,1239.0,49.6,49.2,49.3,66.8
15128,25648,24.0,E. Adams,Gambia,Derby County,England 2 - Championship,Central Midfield,Midfield,29.0,1504.0,48.0,47.5,47.4,68.9
22536150,25567,3674.0,E. Addo,Ghana,OFK Beograd,Serbia 1 - Super Liga,Defensive Midfield,Midfield,25.0,1325.0,53.3,53.9,52.8,61.3
37261923,25682,554.0,E. Agbadou,Ivory Coast,Beşiktaş,Türkiye 1 - Super Lig,Centre Back,Defence,28.0,1090.0,55.6,55.7,55.3,61.0
37742189,25653,3787.0,E. Agyemang,Ghana,Wolfsberger AC,Austria 1 - Admiral Bundesliga,Central Midfield,Midfield,21.0,991.0,50.4,50.3,50.2,49.4
4187912,25653,3357.0,E. Aiwu,Austria,Sturm Graz,Austria 1 - Admiral Bundesliga,Centre Back,Defence,24.0,1052.0,48.4,47.7,49.4,44.1
201697,25682,3224.0,E. Akbaba,Türkiye,Eyüpspor,Türkiye 1 - Super Lig,Attacking Midfield,Midfield,32.0,987.0,54.6,52.9,54.3,56.9
37632006,25673,238115.0,E. Akman,Türkiye,FC Andorra,Spain 2 - La Liga 2,Defensive Midfield,Midfield,19.0,1463.0,50.0,49.3,50.3,46.2
537597,25652,3647.0,E. Amenyido,Togo,Preußen Münster,Germany 2 - 2. Bundesliga,Centre Forward,Attack,27.0,1151.0,52.0,51.5,52.1,49.0
37561990,25658,108.0,E. Annan,Ghana,Saint-Étienne,France 2 - Ligue 2,Left Back,Defence,22.0,1244.0,55.7,54.1,52.2,53.9
62316,25662,5897.0,E. Ansah,Ghana,Ashdod,Israel 1 - Ligat ha'Al,Left Wing,Attack,30.0,2639.0,48.3,47.8,48.3,42.7
439683,25745,652.0,E. Aquino Cossa,Brazil,Porto,Portugal 1 - Liga Portugal,Right Wing,Attack,28.0,2245.0,52.6,52.6,51.8,58.6
37600197,25649,348.0,E. Archer,England,Port Vale,England 3 - League One,Left Wing,Attack,22.0,1123.0,50.6,50.1,50.6,52.7
37729802,25591,512.0,E. Ayaosi,Nigeria,Karviná,Czech Republic 1 - Chance Liga,Left Wing,Attack,20.0,2136.0,50.4,50.5,49.9,50.5
24445770,25662,571.0,E. Azoulay,Israel,Maccabi Haifa,Israel 1 - Ligat ha'Al,Central Midfield,Midfield,23.0,2432.0,48.4,47.9,48.3,43.1
37744553,25653,49.0,E. Baidoo,Ghana,Salzburg,Austria 1 - Admiral Bundesliga,Centre Forward,Attack,19.0,1468.0,56.7,56.7,56.8,52.6
37583696,25597,682.0,E. Bajraktarevic,Bosnia and Herzegovina,PSV,Netherlands 1 - Eredivisie,Right Wing,Attack,20.0,1058.0,58.6,57.8,58.7,56.6
37596222,25653,3300.0,E. Bakatukanda,Germany,Blau-Weiß Linz,Austria 1 - Admiral Bundesliga,Centre Back,Defence,21.0,1275.0,48.3,48.6,48.4,56.0
162790,25535,3191.0,E. Baldé,Portugal,Radomiak Radom,Poland 1 - Ekstraklasa,Right Wing,Attack,25.0,1063.0,54.2,53.2,54.5,49.0
1452164,25662,229320.0,E. Banda,Zambia,Maccabi Bnei Raina,Israel 1 - Ligat ha'Al,Central Midfield,Midfield,27.0,1383.0,50.6,50.0,50.3,42.2
333733,25599,2712.0,E. Barco,Argentina,Spartak Moskva,Russia 1 - Premier League,Attacking Midfield,Midfield,26.0,2487.0,57.3,59.0,56.9,48.2
37317478,25658,1281.0,E. Bardeli,France,Dunkerque,France 2 - Ligue 2,Central Midfield,Midfield,24.0,2871.0,52.5,51.7,51.9,41.9
114160,25682,2632.0,E. Bardhi,Macedonia,Konyaspor,Türkiye 1 - Super Lig,Attacking Midfield,Midfield,30.0,2062.0,52.4,52.3,51.9,49.4
37347355,25745,605.0,E. Barrenechea,Argentina,Benfica,Portugal 1 - Liga Portugal,Defensive Midfield,Midfield,24.0,1801.0,59.4,60.8,62.7,59.4
37703244,25637,2971.0,E. Bassey,Netherlands,Jong PSV,Netherlands 2 - Eerste Divisie,Right Back,Defence,18.0,1495.0,55.0,53.7,52.7,58.0
37317372,25600,357.0,E. Bayram,Türkiye,Westerlo,Belgium 1 - Pro League,Centre Back,Defence,22.0,3322.0,56.2,56.6,57.0,53.8
43244,25682,3897.0,E. Bekiroglu,Germany,Göztepe,Türkiye 1 - Super Lig,Attacking Midfield,Midfield,29.0,1066.0,55.6,54.3,55.9,50.0
126103,25662,6810.0,E. Belilti,Israel,Ironi Tiberias,Israel 1 - Ligat ha'Al,Left Back,Defence,31.0,2157.0,49.3,49.5,52.2,43.5
5967748,25648,26.0,E. Bocat,France,Stoke City,England 2 - Championship,Left Back,Defence,26.0,1816.0,52.3,52.2,50.9,56.2
23651246,25599,3452.0,E. Bolotov,Russia,Orenburg,Russia 1 - Premier League,Defensive Midfield,Midfield,24.0,1405.0,47.9,48.1,48.4,45.3
37326731,25649,185.0,E. Brierley,England,Exeter City,England 3 - League One,Central Midfield,Midfield,21.0,3478.0,49.3,49.7,49.4,38.5
37695603,25598,180.0,E. Brown,United States,Kilmarnock,Scotland 1 - Premiership,Centre Back,Defence,20.0,1364.0,43.2,42.0,44.3,48.1
37651214,25637,2783.0,E. Butera,Belgium,Jong Ajax,Netherlands 2 - Eerste Divisie,Left Back,Defence,19.0,1799.0,46.4,46.0,45.3,49.6
37769988,25641,10282.0,E. Bödő,Romania,Csikszereda,Romania 1 - Superliga,Attacking Midfield,Midfield,18.0,2147.0,39.5,40.0,40.9,42.0
37551291,25600,1087.0,E. Camara,France,Sporting Charleroi,Belgium 1 - Pro League,Defensive Midfield,Midfield,22.0,3037.0,50.1,49.6,52.5,58.4
37436348,25649,348.0,E. Campbell,England,Port Vale,England 3 - League One,Centre Back,Defence,20.0,1213.0,47.9,47.5,46.7,51.7
130029,25641,9426.0,E. Capradossi,Italy,Universitatea Cluj,Romania 1 - Superliga,Centre Back,Defence,29.0,1085.0,44.8,43.6,46.2,48.7
28912974,25648,2.0,E. Cashin,Republic of Ireland,Blackburn Rovers,England 2 - Championship,Centre Back,Defence,23.0,1542.0,55.2,56.7,53.4,70.2
37556777,25636,8724.0,E. Caspersen Egerton,Norway,Aarhus Fremad,Denmark 2 - First Division,Central Midfield,Midfield,21.0,1629.0,46.0,46.2,46.8,42.7
1500789,25673,2921.0,E. Clemente Maza,Spain,Las Palmas,Spain 2 - La Liga 2,Left Back,Defence,26.0,3519.0,51.6,50.4,49.0,50.6
3533075,25658,7758.0,E. Colas,France,Le Mans,France 2 - Ligue 2,Left Wing,Attack,28.0,1417.0,50.0,50.0,50.4,49.8
37434651,25637,1433.0,E. Cornelisse,Netherlands,Almere City,Netherlands 2 - Eerste Divisie,Defensive Midfield,Midfield,23.0,1779.0,49.5,49.5,47.4,44.7
80151,25601,8224.0,E. Daniel,Czech Republic,Skalica,Slovakia 1 - Niké Liga,Left Wing,Attack,33.0,2199.0,46.4,45.8,46.4,41.8
124248,25597,494.0,E. Dasa,Israel,NEC Nijmegen,Netherlands 1 - Eredivisie,Centre Back,Defence,32.0,1815.0,53.1,52.3,50.5,43.4
37662242,25637,2755.0,E. Demircan,Türkiye,Jong FC Utrecht,Netherlands 2 - Eerste Divisie,Left Wing,Attack,20.0,2012.0,47.4,47.5,48.1,45.2
66845,25641,3195.0,E. Diaw,Senegal,Botoşani,Romania 1 - Superliga,Centre Back,Defence,30.0,2057.0,47.0,47.2,48.5,48.1
37634561,25597,61.0,E. Dijkstra,Netherlands,AZ,Netherlands 1 - Eredivisie,Right Back,Defence,19.0,1269.0,51.0,51.8,51.2,58.7
37643544,25600,2641.0,E. Diop,France,Cercle Brugge,Belgium 1 - Pro League,Central Midfield,Midfield,20.0,2607.0,53.7,53.9,53.8,48.1
37543437,26164,445.0,E. Dorval,Algeria,Bari 1908,Italy 2 - Serie B,Left Back,Defence,24.0,2808.0,50.7,51.7,51.6,47.7
37640297,25652,1092.0,E. Egouli,Germany,Fortuna Düsseldorf,Germany 2 - 2. Bundesliga,Centre Back,Defence,22.0,1830.0,46.4,45.1,46.8,53.9
31226528,25682,34.0,E. Elmalı,Türkiye,Galatasaray,Türkiye 1 - Super Lig,Left Back,Defence,25.0,1523.0,53.8,53.9,54.1,58.1
2483209,25649,16.0,E. Erhahon,Scotland,Bolton Wanderers,England 3 - League One,Central Midfield,Midfield,24.0,1872.0,51.5,51.7,52.1,58.0
11711974,25535,1228.0,E. Espiau Hernández,Spain,Arka Gdynia,Poland 1 - Ekstraklasa,Centre Forward,Attack,30.0,1593.0,46.1,45.5,46.1,49.6
37582479,25599,11364.0,E. Fariña,Panama,FK Nizjni Novgorod,Russia 1 - Premier League,Centre Back,Defence,23.0,1086.0,47.1,45.9,48.2,60.4
16135805,25759,1089.0,E. Ferigra Burnham,Ecuador,Larissa,Greece 1 - Super League,Centre Back,Defence,26.0,1428.0,47.1,46.7,45.9,47.2
4947,25607,647.0,E. Fernandes,Switzerland,Young Boys,Switzerland 1 - Super League,Defensive Midfield,Midfield,29.0,2099.0,58.3,58.5,59.7,48.1
37678432,25759,9848.0,E. Fernandes Rodrigues de Souza,Brazil,Aris,Greece 1 - Super League,Right Wing,Attack,23.0,1002.0,50.7,49.4,50.7,50.9
37577459,25598,62.0,E. Fernandez,England,Rangers,Scotland 1 - Premiership,Centre Back,Defence,23.0,2267.0,52.3,51.3,51.8,62.1
167914,25641,12619.0,E. Florescu,Romania,Hermannstadt,Romania 1 - Superliga,Right Wing,Attack,28.0,1155.0,46.0,46.3,45.2,53.3
448328,25673,844.0,E. Franquesa Dolz,Spain,Leganés,Spain 2 - La Liga 2,Left Back,Defence,28.0,1665.0,48.8,49.4,48.4,51.4
21404430,25584,4504.0,E. Frederiksen,Denmark,Istra 1961,Croatia 1 - 1. HNL,Right Wing,Attack,24.0,2260.0,49.2,49.0,48.2,47.3
188749,25673,126.0,E. Galilea Azaceta,Spain,Málaga,Spain 2 - La Liga 2,Centre Back,Defence,31.0,1859.0,49.0,48.4,50.5,48.6
129687,26164,1000.0,E. Gliozzi,Italy,Modena,Italy 2 - Serie B,Centre Forward,Attack,29.0,1774.0,52.6,52.4,53.1,50.4
130125,25641,1026.0,E. Gnahoré,France,Dinamo Bucureşti,Romania 1 - Superliga,Defensive Midfield,Midfield,31.0,3389.0,49.9,49.9,50.8,44.2
171937,25599,6564.0,E. Golenkov,Russia,Rostov,Russia 1 - Premier League,Centre Forward,Attack,26.0,1892.0,46.0,46.5,45.9,57.1
383570,25759,2934.0,E. González Tortella,Spain,Asteras Tripolis,Greece 1 - Super League,Defensive Midfield,Midfield,28.0,1555.0,52.0,53.1,54.7,53.0
37588255,25598,273.0,E. Gyamfi,Germany,Aberdeen,Scotland 1 - Premiership,Left Back,Defence,21.0,948.0,44.9,45.7,46.0,47.5
133702,26164,1216.0,E. Gyasi,Ghana,Palermo,Italy 2 - Serie B,Right Midfield,Midfield,31.0,983.0,48.0,48.1,48.0,54.8
3219346,25535,1228.0,E. Gómez Hermoso,Spain,Arka Gdynia,Poland 1 - Ekstraklasa,Centre Back,Defence,25.0,1711.0,49.4,49.4,48.8,52.2
540482,25598,284.0,E. Hamilton,Scotland,Dundee,Scotland 1 - Premiership,Central Midfield,Midfield,26.0,2936.0,44.9,44.7,44.5,53.7
37325018,25584,7920.0,E. Hasic,Sweden,Osijek,Croatia 1 - 1. HNL,Centre Back,Defence,22.0,1336.0,50.7,50.7,50.5,43.8
37327906,25653,5769.0,E. Havel,Austria,Hartberg,Austria 1 - Admiral Bundesliga,Centre Forward,Attack,22.0,2314.0,49.1,49.0,49.9,41.8
540660,25649,183.0,E. Henderson,Scotland,Wycombe Wanderers,England 3 - League One,Attacking Midfield,Midfield,25.0,1626.0,50.3,51.3,50.0,54.0
5700,25649,225.0,E. Hewitt,Wales,Mansfield Town,England 3 - League One,Right Back,Defence,31.0,1472.0,49.8,47.9,47.0,57.6
37743371,25567,3674.0,E. Hoard,United States,OFK Beograd,Serbia 1 - Super Liga,Centre Forward,Attack,24.0,1071.0,46.4,46.6,46.4,49.0
37598825,25591,3531.0,E. Hunal,Czech Republic,Dukla Praha,Czech Republic 1 - Chance Liga,Centre Back,Defence,20.0,1878.0,47.6,47.4,48.7,45.0
35845,25637,94.0,E. Huth,Germany,Vitesse,Netherlands 2 - Eerste Divisie,Centre Forward,Attack,28.0,2069.0,46.4,46.7,45.3,56.3
35154,25652,1092.0,E. Iyoha,Germany,Fortuna Düsseldorf,Germany 2 - 2. Bundesliga,Right Wing,Attack,27.0,1870.0,46.9,47.1,47.0,52.7
81827,25535,3781.0,E. Janža,Slovenia,Górnik Zabrze,Poland 1 - Ekstraklasa,Left Back,Defence,32.0,2707.0,49.7,49.5,51.1,44.6
181218,25535,2482.0,E. Jirka,Slovakia,Piast Gliwice,Poland 1 - Ekstraklasa,Right Midfield,Midfield,27.0,1346.0,50.1,49.4,49.8,44.2
5640904,25598,309.0,E. Just,New Zealand,Motherwell,Scotland 1 - Premiership,Attacking Midfield,Midfield,25.0,2703.0,50.6,50.9,50.3,51.8
37324853,25536,2905.0,E. Kahl,Sweden,AGF,Denmark 1 - Superliga,Centre Back,Defence,23.0,2723.0,55.0,55.7,53.2,44.2
37751912,25600,2641.0,E. Kakou,Ivory Coast,Cercle Brugge,Belgium 1 - Pro League,Centre Back,Defence,20.0,1736.0,52.5,52.0,52.4,54.5
349017,25653,3678.0,E. Kara,Austria,SK Rapid,Austria 1 - Admiral Bundesliga,Centre Forward,Attack,29.0,1350.0,52.2,52.2,51.8,61.9
54128,25653,3357.0,E. Karic,Bosnia and Herzegovina,Sturm Graz,Austria 1 - Admiral Bundesliga,Left Back,Defence,28.0,2305.0,55.0,54.2,52.8,57.1
9964067,25648,25.0,E. Kayembe,DR Congo,Watford,England 2 - Championship,Central Midfield,Midfield,27.0,2498.0,53.7,54.1,54.3,48.9
96706,25658,2919.0,E. Koffi,France,Guingamp,France 2 - Ligue 2,Right Back,Defence,30.0,1369.0,51.9,51.8,51.7,45.2
37652434,25653,3787.0,E. Kojzek,Slovenia,Wolfsberger AC,Austria 1 - Admiral Bundesliga,Centre Forward,Attack,19.0,1044.0,46.0,46.1,46.0,48.4
69513,25641,7773.0,E. Koljič,Bosnia and Herzegovina,Rapid Bucuresti,Romania 1 - Superliga,Centre Forward,Attack,30.0,1738.0,46.3,46.8,45.9,49.0
37715330,25658,6898.0,E. Koné,France,Clermont,France 2 - Ligue 2,Left Back,Defence,19.0,987.0,49.8,49.6,48.9,52.4
37315995,25535,8761.0,E. Kornvig,Denmark,Widzew Lodz,Poland 1 - Ekstraklasa,Attacking Midfield,Midfield,25.0,1246.0,46.8,46.9,47.9,49.9
31616654,25535,349.0,E. Krasniqi,Kosovo,Legia Warszawa,Poland 1 - Ekstraklasa,Left Wing,Attack,26.0,1176.0,52.1,52.8,52.5,61.5
4192268,25566,396.0,E. Kusnyír,Hungary,Debrecen,Hungary 1 - NB I,Right Back,Defence,25.0,1151.0,48.3,48.3,49.9,51.0
203305,25682,2811.0,E. Kılınç,Türkiye,Samsunspor,Türkiye 1 - Super Lig,Left Wing,Attack,30.0,1195.0,50.1,49.7,48.3,54.3
37562877,25649,115.0,E. Lawrence,Scotland,Luton Town,England 3 - League One,Left Wing,Attack,19.0,1215.0,52.3,50.8,50.3,43.2
4107,25649,235.0,E. Lee,England,Doncaster Rovers,England 3 - League One,Attacking Midfield,Midfield,30.0,1087.0,49.6,48.8,49.7,45.8
3862358,25652,2554.0,E. Leopold,Germany,Hannover 96,Germany 2 - 2. Bundesliga,Central Midfield,Midfield,25.0,3030.0,53.6,53.1,52.7,53.9
15756157,25597,664.0,E. Linthorst,Netherlands,Go Ahead Eagles,Netherlands 1 - Eredivisie,Central Midfield,Midfield,25.0,1483.0,50.9,50.4,50.1,52.0
9403,25649,221.0,E. List,England,Northampton Town,England 3 - League One,Right Wing,Attack,28.0,1302.0,48.1,48.2,47.6,55.1
27066456,25600,1118.0,E. Lofolomo,Germany,Zulte-Waregem,Belgium 1 - Pro League,Defensive Midfield,Midfield,25.0,1309.0,51.0,51.1,51.9,55.1
11323002,25673,2921.0,E. Loiodice,France,Las Palmas,Spain 2 - La Liga 2,Central Midfield,Midfield,24.0,2420.0,51.8,51.8,51.3,56.2
161996,25641,11711.0,E. Lopes Fernandes,Cape Verde,Metaloglobus,Romania 1 - Superliga,Left Wing,Attack,34.0,1490.0,42.4,43.0,43.5,47.1
37615328,25637,320.0,E. Lukoki Mateso,France,FC Eindhoven,Netherlands 2 - Eerste Divisie,Left Wing,Attack,21.0,1292.0,48.8,49.3,48.1,51.8
538122,25759,7261.0,E. Lyratzis,Greece,Panserraikos,Greece 1 - Super League,Right Back,Defence,25.0,2700.0,46.4,46.4,47.1,47.0
37673599,25662,2997.0,E. Madmon,Israel,Maccabi Tel Aviv,Israel 1 - Ligat ha'Al,Centre Forward,Attack,21.0,1174.0,51.4,51.4,50.8,57.3
37589293,25591,463.0,E. Mahmić,Bosnia and Herzegovina,Slovan Liberec,Czech Republic 1 - Chance Liga,Attacking Midfield,Midfield,20.0,1555.0,51.7,51.9,52.5,45.7
37296655,25536,2356.0,E. Mahmoud,France,Randers FC,Denmark 1 - Superliga,Right Wing,Attack,24.0,2301.0,51.6,51.8,52.4,54.4
37592747,25636,1020.0,E. Makolli,Sweden,Aalborg BK,Denmark 2 - First Division,Centre Back,Defence,20.0,2110.0,51.1,51.7,49.9,45.9
37592700,25607,3525.0,E. Maluvunu,Switzerland,Winterthur,Switzerland 1 - Super League,Right Midfield,Midfield,20.0,925.0,53.5,51.3,52.2,61.1
524308,25535,2764.0,E. Marković,Norway,Katowice,Poland 1 - Ekstraklasa,Attacking Midfield,Midfield,26.0,1136.0,46.9,46.8,49.4,42.7
13425,25648,117.0,E. Mason-Clark,England,Coventry City,England 2 - Championship,Left Midfield,Midfield,25.0,3021.0,55.1,52.4,54.3,50.3
37336701,25745,3497.0,E. Maviram,Nigeria,Tondela,Portugal 1 - Liga Portugal,Left Back,Defence,24.0,1458.0,50.8,50.5,50.7,48.3
37741522,25735,261624.0,E. Mbavu,Belgium,Jong KRC Genk U23,Belgium 2 - Challenger Pro League,Centre Back,Defence,15.0,1848.0,48.7,48.4,51.1,40.9
20691901,25658,3520.0,E. Mendy,France,Nancy,France 2 - Ligue 2,Centre Back,Defence,25.0,1746.0,49.0,48.8,48.2,45.9
37337035,25597,1459.0,E. Michut,France,Fortuna Sittard,Netherlands 1 - Eredivisie,Central Midfield,Midfield,22.0,1594.0,49.9,50.1,49.3,54.6
540010,25649,221.0,E. Moore,England,Northampton Town,England 3 - League One,Centre Back,Defence,28.0,1091.0,41.1,39.6,40.9,49.0
37336910,25599,490.0,E. Morozov,Russia,Lokomotiv Moskva,Russia 1 - Premier League,Centre Back,Defence,24.0,1602.0,52.2,52.2,52.2,53.1
37397253,25599,237672.0,E. Moubarik,Morocco,Dynamo Makhachkala,Russia 1 - Premier League,Defensive Midfield,Midfield,24.0,1586.0,53.6,54.6,51.9,47.8
37770028,25735,1674.0,E. Mutela Tshimbalanga,Belgium,RFC Seraing,Belgium 2 - Challenger Pro League,Right Back,Defence,21.0,1720.0,48.5,48.6,47.9,52.6
10966299,25682,688.0,E. Muçi,Albania,Trabzonspor,Türkiye 1 - Super Lig,Attacking Midfield,Midfield,24.0,1804.0,54.0,53.1,55.7,45.2
37622173,25735,3239.0,E. N'jo,France,RFC Liège,Belgium 2 - Challenger Pro League,Centre Back,Defence,21.0,1170.0,48.8,48.6,49.5,42.0
9658,25649,54.0,E. O'Connell,Republic of Ireland,Barnsley,England 3 - League One,Centre Back,Defence,29.0,2046.0,48.2,48.3,49.4,55.6
84143,25682,688.0,E. Onuachu,Nigeria,Trabzonspor,Türkiye 1 - Super Lig,Centre Forward,Attack,31.0,2524.0,56.3,55.7,57.5,57.7
163109,25759,57.0,E. Palmer-Brown,United States,Panathinaikos,Greece 1 - Super League,Centre Back,Defence,28.0,1347.0,47.7,47.2,47.2,50.2
108904,25759,1089.0,E. Pantelakis,Greece,Larissa,Greece 1 - Super League,Centre Back,Defence,30.0,1166.0,45.2,44.7,44.9,49.1
49197,25641,3195.0,E. Papa,Albania,Botoşani,Romania 1 - Superliga,Central Midfield,Midfield,32.0,1212.0,48.3,48.0,47.7,54.7
33618239,26164,176.0,E. Pecorino,Italy,Südtirol,Italy 2 - Serie B,Centre Forward,Attack,24.0,2110.0,50.8,50.4,51.6,56.4
37590406,25658,581.0,E. Pereira da Silva,Brazil,Montpellier,France 2 - Ligue 2,Defensive Midfield,Midfield,21.0,1571.0,50.4,50.4,47.8,52.2
126398,25662,516.0,E. Peretz,Israel,Hapoel Be'er Sheva,Israel 1 - Ligat ha'Al,Central Midfield,Midfield,28.0,2607.0,49.8,49.5,49.8,44.2
22513974,25600,1947.0,E. Pletinckx,Belgium,OH Leuven,Belgium 1 - Pro League,Centre Back,Defence,24.0,3538.0,50.0,49.4,50.1,45.1
37724508,25637,1433.0,E. Poku,Netherlands,Almere City,Netherlands 2 - Eerste Divisie,Right Wing,Attack,20.0,2167.0,51.4,50.9,51.4,41.8
37539418,25567,3674.0,E. Prutsev,Russia,OFK Beograd,Serbia 1 - Super Liga,Attacking Midfield,Midfield,22.0,943.0,53.9,53.5,53.1,47.9
37568266,25649,249.0,E. Pye,England,Stockport County,England 3 - League One,Centre Back,Defence,21.0,4410.0,48.7,49.6,48.8,56.4
524549,26164,267.0,E. Pérez Muñoz,Spain,Venezia,Italy 2 - Serie B,Central Midfield,Midfield,28.0,2769.0,57.1,57.3,56.7,49.1
32785663,25745,58.0,E. Quaresma Coimbra Simões,Portugal,Sporting CP,Portugal 1 - Liga Portugal,Centre Back,Defence,23.0,1186.0,61.0,61.6,59.3,59.3
535958,25658,7758.0,E. Quarshie,Ghana,Le Mans,France 2 - Ligue 2,Central Midfield,Midfield,29.0,1943.0,50.7,50.9,50.8,48.9
37336849,25641,134619.0,E. Radaslavescu,Romania,Farul Constanța,Romania 1 - Superliga,Attacking Midfield,Midfield,20.0,2401.0,49.0,49.0,48.3,44.6
37664351,26164,445.0,E. Rao,Italy,Bari 1908,Italy 2 - Serie B,Left Wing,Attack,19.0,1797.0,51.6,51.4,52.1,51.3
37552182,25607,10655.0,E. Rastoder,Switzerland,Thun,Switzerland 1 - Super League,Centre Forward,Attack,23.0,2713.0,51.9,51.9,52.8,49.9
581156,25648,122.0,E. Riis Jakobsen,Denmark,Bristol City,England 2 - Championship,Centre Forward,Attack,27.0,2918.0,49.5,49.6,49.5,46.0
37620406,25601,2759.0,E. Rocha,Cape Verde,Trenčín,Slovakia 1 - Niké Liga,Left Wing,Attack,26.0,1233.0,48.2,48.7,48.9,48.4
37296314,25673,274.0,E. Rodríguez Heres,Spain,Huesca,Spain 2 - La Liga 2,Centre Forward,Attack,24.0,1620.0,49.1,49.1,48.7,55.0
3169869,25598,770.0,E. Ross,Scotland,Falkirk,Scotland 1 - Premiership,Left Midfield,Midfield,23.0,911.0,48.6,46.3,48.3,52.7
37536975,25637,1128.0,E. Rottier,Netherlands,ADO Den Haag,Netherlands 2 - Eerste Divisie,Attacking Midfield,Midfield,23.0,2561.0,50.0,48.4,48.9,39.4
109366,25601,3283.0,E. Sabo,Slovakia,Spartak Trnava,Slovakia 1 - Niké Liga,Central Midfield,Midfield,33.0,2278.0,49.1,48.9,48.5,48.9
338208,25662,2997.0,E. Sahiti,Kosovo,Maccabi Tel Aviv,Israel 1 - Ligat ha'Al,Right Wing,Attack,26.0,984.0,50.2,50.1,49.3,57.4
3156869,25759,118.0,E. Salcedo Mora,Italy,OFI,Greece 1 - Super League,Centre Forward,Attack,23.0,1871.0,51.6,51.4,51.6,51.0
37575659,25599,3452.0,E. Santos Queiroz,Brazil,Orenburg,Russia 1 - Premier League,Central Midfield,Midfield,25.0,1712.0,49.7,50.0,49.7,46.3
2178570,25567,3471.0,E. Santos da Silva,Brazil,Spartak Subotica,Serbia 1 - Super Liga,Secondary Striker,Attack,27.0,905.0,47.7,47.9,47.2,50.8
37907684,25735,261624.0,E. Sarfo,Belgium,Jong KRC Genk U23,Belgium 2 - Challenger Pro League,Right Back,Defence,18.0,1548.0,49.9,50.8,50.1,59.7
37924102,25735,277379.0,E. Seck,Senegal,Jong Gent,Belgium 2 - Challenger Pro League,Left Wing,Attack,18.0,1564.0,48.7,49.0,49.9,41.2
37680392,25637,2385.0,E. Semedo,Netherlands,FC Den Bosch,Netherlands 2 - Eerste Divisie,Right Wing,Attack,22.0,1335.0,48.0,48.6,47.5,60.3
37538351,25584,7391.0,E. Shabani,Albania,Vukovar,Croatia 1 - 1. HNL,Defensive Midfield,Midfield,22.0,2165.0,49.3,49.8,47.3,47.4
125134,25662,8644.0,E. Shamir,Israel,Bnei Sakhnin,Israel 1 - Ligat ha'Al,Central Midfield,Midfield,30.0,1965.0,44.4,44.0,43.8,48.8
330582,25682,3702.0,E. Shomurodov,Uzbekistan,İstanbul Başakşehir,Türkiye 1 - Super Lig,Centre Forward,Attack,30.0,2768.0,56.7,56.2,57.2,46.2
116938,25566,2791.0,E. Silye,Hungary,Paksi SE,Hungary 1 - NB I,Left Back,Defence,29.0,1344.0,47.3,46.9,48.4,41.1
15076357,25648,117.0,E. Simms,England,Coventry City,England 2 - Championship,Centre Forward,Attack,24.0,1636.0,56.3,56.3,56.8,55.5
3857281,25536,2933.0,E. Simonsen,Denmark,Fredericia,Denmark 1 - Superliga,Attacking Midfield,Midfield,25.0,1253.0,53.2,51.8,51.9,54.5
37616513,25591,512.0,E. Singhateh,Gambia,Karviná,Czech Republic 1 - Chance Liga,Left Wing,Attack,21.0,932.0,55.6,56.0,55.6,53.3
37643700,25599,11364.0,E. Smelov,Russia,FK Nizjni Novgorod,Russia 1 - Premier League,Attacking Midfield,Midfield,20.0,926.0,49.3,49.8,48.1,51.0
37600924,25600,1118.0,E. Soglo,England,Zulte-Waregem,Belgium 1 - Pro League,Left Back,Defence,20.0,1045.0,54.6,55.7,55.0,55.0
464190,25567,5354.0,E. Sokler,Slovenia,Radnički Kragujevac,Serbia 1 - Super Liga,Centre Forward,Attack,26.0,2371.0,50.4,49.9,51.1,47.6
37554536,25735,7085.0,E. Spago,Belgium,OC Charleroi,Belgium 2 - Challenger Pro League,Centre Back,Defence,23.0,1289.0,46.0,45.5,45.3,35.3
14399853,25599,2645.0,E. Spertsyan,Armenia,Krasnodar,Russia 1 - Premier League,Attacking Midfield,Midfield,25.0,2547.0,60.0,59.3,58.7,49.1
181063,25601,28077.0,E. Sukisa,Republic of the Congo,Komárno,Slovakia 1 - Niké Liga,Centre Forward,Attack,31.0,1514.0,46.1,46.2,46.0,49.8
109197,25535,3270.0,E. Svarnas,Greece,Raków Częstochowa,Poland 1 - Ekstraklasa,Centre Back,Defence,27.0,2358.0,54.7,55.3,54.9,53.2
85131,25636,1703.0,E. Søgård Jensen,Denmark,Hobro,Denmark 2 - First Division,Centre Back,Defence,28.0,2707.0,52.7,53.2,52.4,41.4
37693973,25658,3520.0,E. Tacafred,France,Nancy,France 2 - Ligue 2,Right Back,Defence,20.0,1551.0,52.5,52.7,52.3,58.5
4192358,25599,35.0,E. Teslenko,Russia,Rubin Kazan,Russia 1 - Premier League,Centre Back,Defence,24.0,2402.0,45.6,45.0,45.6,53.9
1477764,25649,16.0,E. Toal,Northern Ireland,Bolton Wanderers,England 3 - League One,Centre Back,Defence,26.0,3361.0,50.7,50.9,50.4,52.5
3187864,25682,554.0,E. Topçu,Türkiye,Beşiktaş,Türkiye 1 - Super Lig,Centre Back,Defence,24.0,1742.0,57.7,58.9,57.0,60.2
30446920,25682,554.0,E. Toure,Mali,Beşiktaş,Türkiye 1 - Super Lig,Left Wing,Attack,23.0,1648.0,53.4,53.4,53.3,56.6
28912814,25649,185.0,E. Turns,Wales,Exeter City,England 3 - League One,Centre Back,Defence,22.0,1598.0,48.0,47.8,47.5,54.8
12450416,25535,2482.0,E. Twumasi,Ghana,Piast Gliwice,Poland 1 - Ekstraklasa,Right Back,Defence,28.0,2170.0,47.1,47.4,46.0,39.6
37757395,25591,2727.0,E. Uchenna,Nigeria,Sparta Praha,Czech Republic 1 - Chance Liga,Centre Back,Defence,21.0,1062.0,55.0,55.2,55.2,57.7
12016945,25600,2641.0,E. Utkus,Lithuania,Cercle Brugge,Belgium 1 - Pro League,Centre Back,Defence,25.0,1453.0,53.8,54.4,54.7,66.7
1494342,25598,309.0,E. Watt,Scotland,Motherwell,Scotland 1 - Premiership,Defensive Midfield,Midfield,25.0,2902.0,61.6,63.7,64.8,52.9
37625047,25649,221.0,E. Wheatley,England,Northampton Town,England 3 - League One,Centre Forward,Attack,19.0,1587.0,44.7,44.6,44.9,43.2
5283846,25648,30.0,E. William Galbraith,Northern Ireland,Swansea City,England 2 - Championship,Central Midfield,Midfield,24.0,3111.0,56.8,57.6,56.6,53.9
37611839,25598,770.0,E. Williams,England,Falkirk,Scotland 1 - Premiership,Left Wing,Attack,19.0,1071.0,50.0,49.9,48.7,46.8
57996,25759,2934.0,E. Yablonski,Belarus,Asteras Tripolis,Greece 1 - Super League,Defensive Midfield,Midfield,30.0,1178.0,42.1,41.1,43.1,46.4
36084748,25652,3565.0,E. Yardımcı,Türkiye,Eintracht Braunschweig,Germany 2 - 2. Bundesliga,Centre Forward,Attack,23.0,1923.0,46.5,46.5,46.0,54.0
37912348,25658,1028.0,E. Zabi Gueu,Ivory Coast,Reims,France 2 - Ligue 2,Central Midfield,Midfield,18.0,1626.0,54.2,54.4,54.9,58.5
37385369,26164,7766.0,E. Zuelli,Italy,Carrarese,Italy 2 - Serie B,Central Midfield,Midfield,23.0,3111.0,53.1,52.8,52.6,43.1
37577892,25599,3578.0,E. dos Santos Cacintura,Angola,Akhmat Grozny,Russia 1 - Premier League,Attacking Midfield,Midfield,27.0,2370.0,50.5,49.9,49.9,51.1
37710045,25745,4092.0,E. van Ee,Netherlands,Arouca,Portugal 1 - Liga Portugal,Central Midfield,Midfield,22.0,1880.0,50.3,50.1,49.3,59.3
37568510,25637,1433.0,E. van de Blaak,Netherlands,Almere City,Netherlands 2 - Eerste Divisie,Centre Back,Defence,20.0,2461.0,47.8,47.0,48.6,47.4
29328203,25759,990.0,E. Çokaj,Albania,Levadiakos,Greece 1 - Super League,Defensive Midfield,Midfield,26.0,2604.0,49.8,50.1,56.2,51.4
37539707,26164,7766.0,F. Abiuso,Italy,Carrarese,Italy 2 - Serie B,Centre Forward,Attack,22.0,2756.0,49.7,49.8,49.7,51.5
22144864,25662,6810.0,F. Abu Akel,Israel,Ironi Tiberias,Israel 1 - Ligat ha'Al,Defensive Midfield,Midfield,28.0,1846.0,46.9,46.9,48.9,47.0
37650304,25652,999.0,F. Alfa-Ruprecht,Germany,VfL Bochum 1848,Germany 2 - 2. Bundesliga,Right Wing,Attack,19.0,1226.0,52.2,51.5,52.3,53.9
74305,25682,347.0,F. Aliti,Kosovo,Alanyaspor,Türkiye 1 - Super Lig,Centre Back,Defence,31.0,2675.0,47.6,46.7,48.3,51.3
3219725,25535,8761.0,F. Alvarez Rodríguez,Spain,Widzew Lodz,Poland 1 - Ekstraklasa,Attacking Midfield,Midfield,27.0,2392.0,47.8,47.5,48.1,46.7
458461,25662,6963.0,F. Alves da Silva Neto,Brazil,Hapoel Tel Aviv,Israel 1 - Ligat ha'Al,Centre Back,Defence,26.0,2895.0,51.4,52.1,51.2,45.8
37691505,25566,4312.0,F. Amato,Argentina,Zalaegerszegi TE,Hungary 1 - NB I,Defensive Midfield,Midfield,21.0,2088.0,49.1,49.9,52.7,58.3
160227,25745,830.0,F. Amorim Silva,Portugal,Vitória Guimarães,Portugal 1 - Liga Portugal,Attacking Midfield,Midfield,29.0,2038.0,52.2,53.0,51.8,52.9
37565378,26164,10771.0,F. Artioli,Italy,Mantova,Italy 2 - Serie B,Defensive Midfield,Midfield,24.0,1007.0,57.6,57.6,56.8,46.4
151551,25745,605.0,F. Aursnes,Norway,Benfica,Portugal 1 - Liga Portugal,Central Midfield,Midfield,29.0,2294.0,55.9,55.8,55.2,52.5
98863,25607,1970.0,F. Aye,France,Servette,Switzerland 1 - Super League,Centre Forward,Attack,28.0,1966.0,50.1,50.0,50.0,47.2
1494388,25648,65.0,F. Azaz,England,Southampton,England 2 - Championship,Attacking Midfield,Midfield,24.0,3196.0,55.1,56.2,54.5,54.3
26715260,25648,64.0,F. Azeez,England,Millwall,England 2 - Championship,Right Midfield,Midfield,24.0,2992.0,57.1,55.4,58.1,49.9
37328073,25567,5634.0,F. Bačkulja,Serbia,Novi Pazar,Serbia 1 - Super Liga,Centre Back,Defence,23.0,1547.0,48.1,48.7,45.8,43.6
3861642,25652,956.0,F. Becker,Germany,Nürnberg,Germany 2 - 2. Bundesliga,Central Midfield,Midfield,25.0,2277.0,53.0,53.4,53.4,43.6
192860,25536,2905.0,F. Beijmo,Sweden,AGF,Denmark 1 - Superliga,Centre Back,Defence,27.0,2788.0,54.7,54.9,54.3,43.1
131915,26164,249160.0,F. Belli,Italy,Calcio Padova,Italy 2 - Serie B,Centre Back,Defence,31.0,1385.0,51.0,50.7,48.6,44.6
21404648,25759,781.0,F. Bem Relvas Vito Oliveira,Portugal,AEK Athens,Greece 1 - Super League,Centre Back,Defence,25.0,2418.0,54.0,54.3,55.2,52.6
37425145,26164,10771.0,F. Benaissa-Yahia,France,Mantova,Italy 2 - Serie B,Left Back,Defence,23.0,943.0,50.6,50.1,49.2,54.6
27440191,25652,2642.0,F. Bilbija,Germany,Paderborn,Germany 2 - 2. Bundesliga,Left Wing,Attack,25.0,1822.0,51.9,51.7,54.1,50.9
37253416,25649,225.0,F. Blake-Tracy,England,Mansfield Town,England 3 - League One,Centre Back,Defence,29.0,3131.0,46.4,45.9,44.7,50.7
181308,25601,662.0,F. Blažek,Slovakia,Dunajská Streda,Slovakia 1 - Niké Liga,Centre Back,Defence,27.0,1351.0,51.3,51.4,51.0,53.1
418591,25658,430.0,F. Bohnert,Luxembourg,Bastia,France 2 - Ligue 2,Right Back,Defence,27.0,1649.0,49.8,48.9,48.5,50.2
27057594,25673,618.0,F. Bonini,Italy,Almería,Spain 2 - La Liga 2,Centre Back,Defence,24.0,3464.0,50.2,50.1,52.5,52.2
20708375,25641,10266.0,F. Borţa,Romania,Argeş,Romania 1 - Superliga,Left Back,Defence,26.0,2257.0,49.5,48.1,48.6,45.3
97750,25567,28023.0,F. Boulaya,Algeria,IMT Novi Beograd,Serbia 1 - Super Liga,Attacking Midfield,Midfield,32.0,1113.0,48.7,50.1,48.8,46.1
85680,25636,211.0,F. Brandhof,Denmark,Horsens,Denmark 2 - First Division,Central Midfield,Midfield,29.0,1679.0,46.3,46.0,45.6,47.1
134040,25673,10008.0,F. Brignani,Italy,Castellón,Spain 2 - La Liga 2,Centre Back,Defence,27.0,2175.0,50.1,48.6,49.9,51.3
37522720,25536,293.0,F. Bundgaard,Denmark,Brøndby IF,Denmark 1 - Superliga,Centre Forward,Attack,21.0,1145.0,49.7,50.1,49.7,50.0
37723526,25601,5905.0,F. Bzdyl,Poland,Žilina,Slovakia 1 - Niké Liga,Attacking Midfield,Midfield,17.0,961.0,47.8,51.3,49.2,59.3
84235,25636,1020.0,F. Børsting,Denmark,Aalborg BK,Denmark 2 - First Division,Right Wing,Attack,30.0,1446.0,42.4,43.2,42.0,54.9
540243,26164,1343.0,F. Caligara,Italy,Pescara,Italy 2 - Serie B,Central Midfield,Midfield,25.0,1341.0,48.8,48.1,48.0,59.7
132120,26164,345.0,F. Cassata,Italy,Spezia,Italy 2 - Serie B,Central Midfield,Midfield,28.0,1309.0,53.1,54.4,54.6,53.7
37702588,25745,35867.0,F. Chissumba Rodrigues,Portugal,Alverca,Portugal 1 - Liga Portugal,Left Back,Defence,20.0,1510.0,48.8,49.9,49.3,53.5
37629354,26164,522.0,F. Conti,Italy,Sampdoria,Italy 2 - Serie B,Central Midfield,Midfield,20.0,1475.0,49.3,49.4,49.7,50.8
37539144,25535,11356.0,F. Costa Conceição,Portugal,Motor Lublin,Poland 1 - Ekstraklasa,Right Wing,Attack,24.0,1545.0,48.9,48.8,49.0,55.0
11705315,25673,2921.0,F. Crespo García,Spain,Las Palmas,Spain 2 - La Liga 2,Right Wing,Attack,29.0,1000.0,54.8,56.0,55.2,55.7
37657032,25598,180.0,F. Curtis,Scotland,Kilmarnock,Scotland 1 - Premiership,Left Wing,Attack,19.0,1076.0,49.0,49.3,50.5,58.6
37407313,25745,364.0,F. Cáseres,Argentina,Gil Vicente,Portugal 1 - Liga Portugal,Central Midfield,Midfield,24.0,2199.0,50.9,50.6,49.8,52.5
3862381,25607,468.0,F. Daniliuc,Austria,Basel,Switzerland 1 - Super League,Centre Back,Defence,24.0,2328.0,54.0,54.4,55.2,52.8
37647086,26164,176.0,F. Davi,Italy,Südtirol,Italy 2 - Serie B,Right Back,Defence,23.0,1293.0,49.3,49.6,49.1,53.2
133948,26164,1628.0,F. Delli Carri,Italy,Monza,Italy 2 - Serie B,Centre Back,Defence,26.0,2224.0,47.6,46.3,47.5,56.5
130006,26164,522.0,F. Depaoli,Italy,Sampdoria,Italy 2 - Serie B,Right Back,Defence,28.0,1551.0,45.8,46.1,47.3,49.6
132231,26164,249160.0,F. Di Mariano,Italy,Calcio Padova,Italy 2 - Serie B,Left Wing,Attack,29.0,917.0,48.2,48.0,48.0,50.7
37344318,25652,3565.0,F. Di Michele Sanchez,Germany,Eintracht Braunschweig,Germany 2 - 2. Bundesliga,Left Back,Defence,22.0,1851.0,50.1,50.3,50.2,43.8
97600,25682,1071.0,F. Diabaté,Mali,Kasımpaşa,Türkiye 1 - Super Lig,Right Wing,Attack,29.0,1977.0,50.0,49.3,48.5,45.5
37616277,25637,1731.0,F. Dicke,Netherlands,MVV Maastricht,Netherlands 2 - Eerste Divisie,Centre Back,Defence,20.0,1377.0,47.3,46.6,46.5,49.3
37569577,25636,1703.0,F. Dietz Nielsen,Denmark,Hobro,Denmark 2 - First Division,Centre Back,Defence,21.0,2583.0,53.5,55.2,54.2,54.7
518749,25648,65.0,F. Downes,England,Southampton,England 2 - Championship,Defensive Midfield,Midfield,26.0,2755.0,50.3,49.5,49.4,52.0
37552836,25649,305.0,F. Draper,England,Lincoln City,England 3 - League One,Centre Forward,Attack,21.0,1937.0,47.5,47.5,47.9,55.1
29265,25637,1433.0,F. Druijf,Netherlands,Almere City,Netherlands 2 - Eerste Divisie,Centre Forward,Attack,27.0,2136.0,52.3,52.0,52.1,57.3
37723654,25637,3115.0,F. Elkjær Andersen,Denmark,Jong AZ,Netherlands 2 - Eerste Divisie,Left Back,Defence,18.0,931.0,51.0,50.7,49.5,52.6
37370535,25607,10655.0,F. Fehr,Switzerland,Thun,Switzerland 1 - Super League,Right Back,Defence,25.0,2140.0,55.1,54.3,56.9,47.5
37596750,25600,2741.0,F. Ferraro,Belgium,Dender,Belgium 1 - Pro League,Left Back,Defence,22.0,2532.0,50.9,51.5,51.5,48.1
159599,25745,2628.0,F. Ferrão Venâncio,Portugal,Santa Clara,Portugal 1 - Liga Portugal,Centre Back,Defence,32.0,1733.0,52.1,52.4,54.3,54.5
21065074,25652,3565.0,F. Flick,Germany,Eintracht Braunschweig,Germany 2 - 2. Bundesliga,Defensive Midfield,Midfield,25.0,1873.0,49.3,49.4,49.7,50.1
369221,26164,4070.0,F. Gelli,Italy,Frosinone,Italy 2 - Serie B,Attacking Midfield,Midfield,28.0,1092.0,51.1,51.1,52.0,56.3
37259614,25637,2475.0,F. Gerezgiher,Eritrea,FC Emmen,Netherlands 2 - Eerste Divisie,Left Wing,Attack,25.0,1374.0,49.1,48.7,48.3,46.6
132610,26164,1000.0,F. Gerli,Italy,Modena,Italy 2 - Serie B,Defensive Midfield,Midfield,28.0,2660.0,55.0,55.9,55.4,42.0
37591823,26164,4070.0,F. Ghedjemis,Algeria,Frosinone,Italy 2 - Serie B,Right Wing,Attack,22.0,3043.0,50.4,51.0,52.7,40.0
37597771,25536,939.0,F. Gluda Djú,Guinea-Bissau,FC Midtjylland,Denmark 1 - Superliga,Centre Forward,Attack,21.0,1343.0,57.9,57.6,59.1,48.5
37543638,25673,9818.0,F. González Molino,Uruguay,Racing Santander,Spain 2 - La Liga 2,Centre Back,Defence,22.0,1991.0,50.2,50.3,49.5,49.6
37332141,25673,3968.0,F. Gracia,Spain,Real Zaragoza,Spain 2 - La Liga 2,Central Midfield,Midfield,23.0,2887.0,49.9,50.1,50.1,40.4
32378,25745,884.0,F. Grillitsch,Austria,Sporting Braga,Portugal 1 - Liga Portugal,Defensive Midfield,Midfield,30.0,1129.0,58.5,59.4,59.3,58.8
37580784,25636,8724.0,F. Grube,Denmark,Aarhus Fremad,Denmark 2 - First Division,Defensive Midfield,Midfield,25.0,2222.0,48.8,49.4,48.1,40.9
37266179,25652,956.0,F. Gruber,Germany,Nürnberg,Germany 2 - 2. Bundesliga,Centre Back,Defence,22.0,2797.0,51.9,52.2,52.2,59.3
84908,25636,2650.0,F. Gytkjær,Denmark,Lyngby Boldklub,Denmark 2 - First Division,Centre Forward,Attack,32.0,1261.0,52.0,51.8,52.2,45.4
382812,25673,3169.0,F. Gámez López,Spain,Albacete,Spain 2 - La Liga 2,Right Back,Defence,34.0,2384.0,55.6,54.4,54.8,53.4
32663,25652,2642.0,F. Götze,Germany,Paderborn,Germany 2 - 2. Bundesliga,Centre Back,Defence,27.0,2398.0,51.5,51.0,51.0,48.6
37554596,25599,3452.0,F. Gürlük,Türkiye,Orenburg,Russia 1 - Premier League,Left Wing,Attack,21.0,1654.0,50.5,51.2,51.9,53.2
32518,25682,347.0,F. Hadërgjonaj,Kosovo,Alanyaspor,Türkiye 1 - Super Lig,Right Midfield,Midfield,31.0,2212.0,57.0,59.0,57.5,46.5
37555654,25652,2927.0,F. Hagmann,Germany,DSC Arminia Bielefeld,Germany 2 - 2. Bundesliga,Right Back,Defence,21.0,914.0,50.0,50.2,50.2,49.5
4997513,25600,2938.0,F. Hammar,Sweden,Mechelen,Belgium 1 - Pro League,Defensive Midfield,Midfield,24.0,3366.0,49.3,49.0,49.2,64.4
37336808,25636,22608.0,F. Hedegaard Heiselberg,Denmark,Hillerød,Denmark 2 - First Division,Centre Forward,Attack,22.0,1260.0,46.4,46.3,46.6,46.1
37658956,25673,6968.0,F. Hernandez Coarasa,Spain,Mirandés,Spain 2 - La Liga 2,Attacking Midfield,Midfield,21.0,1861.0,52.0,52.2,53.2,46.2
7026561,25652,482.0,F. Hornby,Scotland,Darmstadt 98,Germany 2 - 2. Bundesliga,Centre Forward,Attack,25.0,2034.0,55.4,55.9,55.2,51.5
21076,25649,28.0,F. Horsfall,England,Blackpool,England 3 - League One,Centre Back,Defence,28.0,2066.0,45.4,45.5,44.8,59.9
37547635,25636,8657.0,F. Høgh Jensen,Denmark,Hvidovre,Denmark 2 - First Division,Centre Forward,Attack,30.0,922.0,48.0,47.9,47.8,53.3
37594634,25641,8474.0,F. Iacob,Romania,UTA Arad,Romania 1 - Superliga,Right Back,Defence,24.0,1489.0,52.2,51.5,53.1,53.2
24436859,25536,293.0,F. Ibsen,Denmark,Brøndby IF,Denmark 1 - Superliga,Centre Back,Defence,25.0,1232.0,52.2,52.5,52.7,52.6
37662099,25636,1276.0,F. Isaki,Denmark,B 93,Denmark 2 - First Division,Attacking Midfield,Midfield,22.0,1568.0,47.3,47.9,48.7,45.9
37356232,25600,2641.0,F. Jacinto Nazinho,Portugal,Cercle Brugge,Belgium 1 - Pro League,Left Back,Defence,22.0,2554.0,55.6,55.3,56.7,50.8
155450,25535,302.0,F. Jagiełło,Poland,Lech Poznań,Poland 1 - Ekstraklasa,Attacking Midfield,Midfield,27.0,1656.0,51.6,52.4,49.7,51.3
25795,25759,9848.0,F. Jensen,Finland,Aris,Greece 1 - Super League,Attacking Midfield,Midfield,27.0,1273.0,46.1,46.3,46.0,48.1
537857,25567,3001.0,F. Kanoute,Senegal,Radnički Niš,Serbia 1 - Super Liga,Central Midfield,Midfield,26.0,1509.0,50.5,50.9,50.7,63.0
73932,25584,7920.0,F. Karačić,Australia,Osijek,Croatia 1 - 1. HNL,Right Back,Defence,29.0,908.0,46.7,46.8,48.2,46.9
79899,25601,5905.0,F. Kaša,Czech Republic,Žilina,Slovakia 1 - Niké Liga,Centre Back,Defence,31.0,2236.0,46.3,46.2,46.8,41.5
37538208,25652,3588.0,F. Keidel,Germany,Elversberg,Germany 2 - 2. Bundesliga,Right Back,Defence,22.0,1323.0,54.6,54.7,55.7,51.0
8881,25598,314.0,F. Kent,England,Hearts,Scotland 1 - Premiership,Centre Back,Defence,29.0,956.0,49.3,48.7,50.8,58.8
2234,25601,28077.0,F. Kiss,Slovakia,Komárno,Slovakia 1 - Niké Liga,Defensive Midfield,Midfield,34.0,1490.0,45.8,45.5,46.4,55.2
37719515,25637,2971.0,F. Kluit,Netherlands,Jong PSV,Netherlands 2 - Eerste Divisie,Right Wing,Attack,19.0,1615.0,52.8,52.6,52.1,46.1
37618166,25535,1266.0,F. Kocaba,Poland,Zagłębie Lubin,Poland 1 - Ekstraklasa,Defensive Midfield,Midfield,20.0,2541.0,44.9,44.8,44.8,45.2
37600577,25584,5428.0,F. Krivak,Croatia,Lokomotiva Zagreb,Croatia 1 - 1. HNL,Attacking Midfield,Midfield,20.0,1162.0,47.3,46.0,48.0,45.7
151446,25636,8657.0,F. Krogstad,Norway,Hvidovre,Denmark 2 - First Division,Central Midfield,Midfield,30.0,2070.0,48.7,49.1,48.3,53.2
73871,25584,906.0,F. Krovinović,Croatia,Hajduk Split,Croatia 1 - 1. HNL,Defensive Midfield,Midfield,29.0,2140.0,52.7,52.5,49.3,45.9
37646139,25567,5421.0,F. Krstić,Serbia,Napredak,Serbia 1 - Super Liga,Defensive Midfield,Midfield,27.0,1954.0,47.4,47.9,47.6,46.2
37690641,25584,2500.0,F. Krušelj,Croatia,Slaven Koprivnica,Croatia 1 - 1. HNL,Right Back,Defence,20.0,2226.0,48.2,48.3,48.6,46.9
37538498,25653,49.0,F. Krätzig,Germany,Salzburg,Austria 1 - Admiral Bundesliga,Left Back,Defence,22.0,1920.0,57.5,58.1,57.6,49.0
418355,25652,1638.0,F. Kunze,Germany,Kaiserslautern,Germany 2 - 2. Bundesliga,Defensive Midfield,Midfield,27.0,2585.0,47.1,46.7,47.6,61.0
100618,25658,1447.0,F. Lajugie,France,Annecy,France 2 - Ligue 2,Centre Back,Defence,29.0,1982.0,49.4,48.9,47.9,51.8
96829,25652,3588.0,F. Le Joncour,France,Elversberg,Germany 2 - 2. Bundesliga,Centre Back,Defence,30.0,1115.0,54.1,54.5,53.4,57.0
37704463,25591,187.0,F. Lehký,Czech Republic,Mladá Boleslav,Czech Republic 1 - Chance Liga,Left Wing,Attack,23.0,1305.0,44.8,45.5,44.8,52.0
219091,25759,9848.0,F. Leismann,Brazil,Aris,Greece 1 - Super League,Centre Back,Defence,33.0,1846.0,54.6,55.5,53.9,55.8
80881,25636,8630.0,F. Lesniak,Slovakia,Kolding IF,Denmark 2 - First Division,Defensive Midfield,Midfield,29.0,1365.0,47.1,47.5,46.7,42.5
37459055,25600,3958.0,F. Leysen,Belgium,Union Saint-Gilloise,Belgium 1 - Pro League,Centre Back,Defence,22.0,1872.0,55.2,55.9,54.3,51.8
9939030,25601,227584.0,F. Lichý,Slovakia,FK Košice,Slovakia 1 - Niké Liga,Central Midfield,Midfield,24.0,988.0,46.2,45.9,45.5,43.0
74345,25759,602.0,F. Lima Silva Machado,Portugal,Olympiacos F.C.,Greece 1 - Super League,Attacking Midfield,Midfield,30.0,1984.0,52.4,51.2,51.5,48.8
37555757,25637,320.0,F. Limouri,Netherlands,FC Eindhoven,Netherlands 2 - Eerste Divisie,Centre Back,Defence,22.0,1811.0,47.9,46.9,49.5,46.5
37560485,25598,770.0,F. Lissah,England,Falkirk,Scotland 1 - Premiership,Right Back,Defence,20.0,2279.0,48.6,49.1,48.1,59.0
37683710,25535,11356.0,F. Luberecki,Poland,Motor Lublin,Poland 1 - Ekstraklasa,Left Back,Defence,20.0,2593.0,47.2,46.8,46.0,47.7
163190,25745,58.0,F. Machado Mota de Castro Trincão,Portugal,Sporting CP,Portugal 1 - Liga Portugal,Attacking Midfield,Midfield,25.0,2857.0,57.9,58.2,56.6,49.1
750,25759,2934.0,F. Macheda,Italy,Asteras Tripolis,Greece 1 - Super League,Centre Forward,Attack,34.0,2170.0,48.9,48.8,49.0,45.2
74322,25584,7684.0,F. Maglica,Croatia,Varaždin,Croatia 1 - 1. HNL,Right Back,Defence,28.0,1955.0,50.3,49.8,50.5,46.4
130219,26164,6947.0,F. Maistro,Italy,Juve Stabia,Italy 2 - Serie B,Central Midfield,Midfield,27.0,1365.0,56.1,56.1,58.1,48.3
37788798,25567,6662.0,F. Matijašević,Serbia,Čukarički,Serbia 1 - Super Liga,Attacking Midfield,Midfield,17.0,1982.0,46.2,45.2,46.5,39.9
100362,25662,6963.0,F. Mayembo,Republic of the Congo,Hapoel Tel Aviv,Israel 1 - Ligat ha'Al,Centre Back,Defence,29.0,2437.0,45.4,44.5,46.7,52.8
37600585,25584,2500.0,F. Mažar,Croatia,Slaven Koprivnica,Croatia 1 - 1. HNL,Attacking Midfield,Midfield,20.0,1016.0,42.8,43.0,44.3,51.4
6599964,25673,6968.0,F. Medrano Gastañaga,Spain,Mirandés,Spain 2 - La Liga 2,Left Back,Defence,25.0,2651.0,49.5,49.1,48.7,59.1
37761121,25607,10655.0,F. Meichtry,Switzerland,Thun,Switzerland 1 - Super League,Central Midfield,Midfield,20.0,1796.0,51.8,52.6,54.7,49.4
37722784,25637,2971.0,F. Merién,Netherlands,Jong PSV,Netherlands 2 - Eerste Divisie,Centre Back,Defence,16.0,2665.0,52.4,52.6,50.5,49.6
133057,26164,7818.0,F. Mezzoni,Italy,Virtus Entella,Italy 2 - Serie B,Right Midfield,Midfield,25.0,1885.0,50.0,50.3,49.5,55.1
27067053,25652,3527.0,F. Michel,Germany,Magdeburg,Germany 2 - 2. Bundesliga,Defensive Midfield,Midfield,24.0,2028.0,49.8,50.2,50.7,54.2
37600320,25601,2798.0,F. Mielke,Slovakia,Podbrezová,Slovakia 1 - Niké Liga,Centre Back,Defence,20.0,2505.0,50.4,50.8,48.6,48.2
98956,25673,8366.0,F. Miguel,France,Burgos,Spain 2 - La Liga 2,Left Back,Defence,28.0,3489.0,50.7,49.5,49.4,51.2
37589326,25653,3949.0,F. Milojevic,Austria,Rheindorf Altach,Austria 1 - Admiral Bundesliga,Centre Back,Defence,20.0,1752.0,47.1,46.4,46.2,48.6
37599469,26164,6911.0,F. Missori,Italy,Avellino,Italy 2 - Serie B,Right Back,Defence,21.0,2493.0,51.1,51.4,52.4,49.1
96536,25607,2357.0,F. Mollet,France,Lausanne Sport,Switzerland 1 - Super League,Attacking Midfield,Midfield,33.0,1183.0,49.5,50.6,49.1,49.8
537201,25673,126.0,F. Montero Rubio,Spain,Málaga,Spain 2 - La Liga 2,Centre Back,Defence,26.0,2305.0,52.4,53.1,54.0,46.8
102089,25599,3452.0,F. Moufi,Morocco,Orenburg,Russia 1 - Premier League,Right Back,Defence,29.0,2090.0,49.3,49.3,49.7,50.5
11669678,25745,652.0,F. Moura,Portugal,Porto,Portugal 1 - Liga Portugal,Left Back,Defence,25.0,1319.0,55.4,55.5,54.8,56.8
189207,25673,3968.0,F. Moyano Jiménez,Spain,Real Zaragoza,Spain 2 - La Liga 2,Left Wing,Attack,28.0,1316.0,48.2,48.2,48.6,55.8
175126,25649,17.0,F. Murray,Scotland,Wigan Athletic,England 3 - League One,Left Midfield,Midfield,26.0,3747.0,48.8,48.3,49.3,49.2
741531,25652,1092.0,F. Muslija,Kosovo,Fortuna Düsseldorf,Germany 2 - 2. Bundesliga,Left Wing,Attack,27.0,2366.0,56.2,56.2,55.1,50.5
37650242,25652,1077.0,F. Müller,Germany,Dynamo Dresden,Germany 2 - 2. Bundesliga,Centre Back,Defence,19.0,1100.0,46.1,44.3,47.2,45.4
448116,25745,884.0,F. Navarro Aliaga,Spain,Sporting Braga,Portugal 1 - Liga Portugal,Centre Forward,Attack,27.0,1274.0,52.9,52.9,52.7,50.0
37297042,25673,8366.0,F. Niño Rodriguez,Spain,Burgos,Spain 2 - La Liga 2,Centre Forward,Attack,24.0,2863.0,48.3,48.0,48.3,55.6
79839,25591,3643.0,F. Novák,Czech Republic,Jablonec,Czech Republic 1 - Chance Liga,Left Back,Defence,35.0,2281.0,44.7,45.3,45.3,51.6
37755206,25567,3471.0,F. Nwokeabia,Serbia,Spartak Subotica,Serbia 1 - Super Liga,Central Midfield,Midfield,20.0,1186.0,49.5,50.8,51.7,57.5
3861563,25652,482.0,F. Nürnberger,Germany,Darmstadt 98,Germany 2 - 2. Bundesliga,Left Midfield,Midfield,26.0,1298.0,52.6,51.9,53.8,52.8
23926,25649,348.0,F. Ojo,Belgium,Port Vale,England 3 - League One,Central Midfield,Midfield,33.0,1778.0,50.1,50.8,49.7,48.3
19996819,26164,7766.0,F. Oliana,Italy,Carrarese,Italy 2 - Serie B,Centre Back,Defence,26.0,1943.0,45.8,45.3,47.6,52.1
6039,25649,183.0,F. Onyedinma,Nigeria,Wycombe Wanderers,England 3 - League One,Right Midfield,Midfield,28.0,3460.0,45.1,43.6,45.2,44.6
37649995,25652,999.0,F. Onyeka,Germany,VfL Bochum 1848,Germany 2 - 2. Bundesliga,Attacking Midfield,Midfield,18.0,2136.0,45.8,45.7,47.4,41.7
8456341,25759,602.0,F. Ortega,Argentina,Olympiacos F.C.,Greece 1 - Super League,Left Back,Defence,26.0,1640.0,55.6,55.0,53.6,51.4
80838,25591,2727.0,F. Panák,Czech Republic,Sparta Praha,Czech Republic 1 - Chance Liga,Centre Back,Defence,29.0,923.0,51.3,50.3,53.1,54.9
37601281,26164,10771.0,F. Paoletti,Italy,Mantova,Italy 2 - Serie B,Central Midfield,Midfield,22.0,1118.0,51.7,51.5,52.2,52.5
32395,25598,66.0,F. Passlack,Germany,Hibernian,Scotland 1 - Premiership,Right Back,Defence,27.0,1111.0,46.8,47.1,47.6,45.2
214693,25759,990.0,F. Pedrozo,Argentina,Levadiakos,Greece 1 - Super League,Left Wing,Attack,32.0,1418.0,48.8,50.0,51.6,57.9
546805,25599,452.0,F. Peixoto Costanza,Brazil,Krylya Sovetov,Russia 1 - Premier League,Defensive Midfield,Midfield,26.0,2002.0,51.5,51.3,50.0,53.7
37681543,25745,6377.0,F. Petrasso,Argentina,Rio Ave,Portugal 1 - Liga Portugal,Centre Back,Defence,23.0,1442.0,50.5,50.3,50.9,46.9
185741,25673,274.0,F. Portillo Soler,Spain,Huesca,Spain 2 - La Liga 2,Attacking Midfield,Midfield,35.0,2809.0,48.5,49.8,48.0,49.1
500835,25641,8474.0,F. Poulolo,Martinique,UTA Arad,Romania 1 - Superliga,Centre Back,Defence,28.0,2869.0,49.3,50.1,49.9,45.5
129945,25641,132584.0,F. Prce,Croatia,Petrolul 52,Romania 1 - Superliga,Centre Back,Defence,29.0,1268.0,46.8,46.7,46.3,43.8
37375833,25591,187.0,F. Prebsl,Czech Republic,Mladá Boleslav,Czech Republic 1 - Chance Liga,Centre Back,Defence,22.0,1553.0,48.9,48.5,47.4,39.4
164918,25641,8132.0,F. Purece,Romania,Unirea Slobozia,Romania 1 - Superliga,Attacking Midfield,Midfield,33.0,998.0,51.0,52.1,50.5,44.0
164918,25641,11711.0,F. Purece,Romania,Metaloglobus,Romania 1 - Superliga,Attacking Midfield,Midfield,33.0,1055.0,50.9,51.3,49.2,44.6
37261259,25759,1089.0,F. Pérez,Argentina,Larissa,Greece 1 - Super League,Central Midfield,Midfield,26.0,2124.0,47.6,47.8,48.2,49.5
34391543,25637,2475.0,F. Quispel,Netherlands,FC Emmen,Netherlands 2 - Eerste Divisie,Attacking Midfield,Midfield,24.0,1302.0,48.8,48.1,48.9,49.3
16476267,26164,1216.0,F. Ranocchia,Italy,Palermo,Italy 2 - Serie B,Central Midfield,Midfield,24.0,2789.0,55.8,56.2,55.3,54.3
33121,25652,3317.0,F. Reese,Germany,Hertha BSC,Germany 2 - 2. Bundesliga,Left Wing,Attack,27.0,2810.0,56.0,55.1,54.7,44.6
162869,25745,1198.0,F. Reis Ferreira,Portugal,Estoril,Portugal 1 - Liga Portugal,Centre Back,Defence,28.0,1635.0,51.7,50.9,51.5,63.7
509402,25745,1085.0,F. Ribeiro Tomé Tavares Bondoso,Portugal,Moreirense,Portugal 1 - Liga Portugal,Left Wing,Attack,29.0,2013.0,46.7,46.4,45.0,48.0
37732292,26164,7471.0,F. Rispoli,Italy,Catanzaro,Italy 2 - Serie B,Central Midfield,Midfield,18.0,1841.0,52.5,52.4,52.3,53.1
35683624,25598,284.0,F. Robertson,Scotland,Dundee,Scotland 1 - Premiership,Central Midfield,Midfield,22.0,1300.0,47.1,46.3,46.7,46.7
205411,25682,88.0,F. Rodrigues Santos,Brazil,Fenerbahçe,Türkiye 1 - Super Lig,Central Midfield,Midfield,32.0,1473.0,60.7,61.4,60.6,57.3
200771,25607,3525.0,F. Rohner,Switzerland,Winterthur,Switzerland 1 - Super League,Right Midfield,Midfield,26.0,1102.0,48.3,48.8,47.9,48.4
37547524,25653,3569.0,F. Rossdorfer,Austria,Ried,Austria 1 - Admiral Bundesliga,Left Midfield,Midfield,19.0,1224.0,49.0,48.4,48.0,53.4
37684480,26164,7766.0,F. Ruggeri,Italy,Carrarese,Italy 2 - Serie B,Centre Back,Defence,20.0,1403.0,51.8,52.6,51.2,56.0
37539461,26164,10771.0,F. Ruocco,Italy,Mantova,Italy 2 - Serie B,Attacking Midfield,Midfield,24.0,1648.0,49.0,48.3,50.2,47.3
37328049,25601,2759.0,F. Sabljić,Bosnia and Herzegovina,Trenčín,Slovakia 1 - Niké Liga,Centre Forward,Attack,21.0,1259.0,44.2,44.4,43.3,45.9
36012,25652,3114.0,F. Schleusener,Germany,Karlsruher SC,Germany 2 - 2. Bundesliga,Centre Forward,Attack,33.0,2086.0,52.1,52.1,52.0,50.0
26715430,25648,21.0,F. Seriki,England,Sheffield United,England 2 - Championship,Right Back,Defence,23.0,2560.0,55.9,56.7,56.1,58.6
368540,26164,249160.0,F. Sgarbi,Italy,Calcio Padova,Italy 2 - Serie B,Centre Back,Defence,27.0,2385.0,47.0,46.1,48.0,45.1
37596742,25658,2919.0,F. Situmona Mbemba,France,Guingamp,France 2 - Ligue 2,Left Wing,Attack,22.0,995.0,51.9,51.7,50.6,54.7
37590296,25591,3097.0,F. Slavicek,Czech Republic,Sigma Olomouc,Czech Republic 1 - Chance Liga,Right Back,Defence,22.0,1736.0,49.0,49.1,48.8,44.5
37624112,25735,3239.0,F. Soelle Soelle,Belgium,RFC Liège,Belgium 2 - Challenger Pro League,Centre Forward,Attack,19.0,944.0,50.0,49.5,50.5,46.3
35281100,25601,3137.0,F. Souček,,Tatran Prešov,Slovakia 1 - Niké Liga,Central Midfield,Midfield,24.0,1204.0,48.8,49.0,48.7,50.0
201765,25682,643.0,F. Soyalp,Türkiye,Kayserispor,Türkiye 1 - Super Lig,Central Midfield,Midfield,30.0,1811.0,50.0,50.5,50.9,61.5
37577576,25637,669.0,F. Stam,Netherlands,Willem II,Netherlands 2 - Eerste Divisie,Centre Back,Defence,22.0,1183.0,54.6,54.3,55.3,55.1
23269590,25535,1069.0,F. Stojilkovic,Switzerland,Cracovia Kraków,Poland 1 - Ekstraklasa,Centre Forward,Attack,25.0,1535.0,47.3,47.5,48.2,42.3
52711,25653,3300.0,F. Strauss,Austria,Blau-Weiß Linz,Austria 1 - Admiral Bundesliga,Centre Back,Defence,30.0,1040.0,50.6,51.3,48.7,57.1
187977,25673,8366.0,F. Sánchez Rodríguez,Spain,Burgos,Spain 2 - La Liga 2,Right Wing,Attack,29.0,2816.0,52.7,52.1,52.9,47.7
368546,26164,176.0,F. Tait,Italy,Südtirol,Italy 2 - Serie B,Central Midfield,Midfield,32.0,1879.0,46.6,46.7,47.0,55.3
98350,25658,108.0,F. Tardieu,France,Saint-Étienne,France 2 - Ligue 2,Central Midfield,Midfield,33.0,1984.0,55.5,55.4,53.7,48.2
22536434,25649,150.0,F. Tavares Desidério,Portugal,Burton Albion,England 3 - League One,Centre Forward,Attack,24.0,931.0,48.7,49.0,48.2,38.4
37648862,25745,1085.0,F. Teixeira Domingues,Portugal,Moreirense,Portugal 1 - Liga Portugal,Left Back,Defence,23.0,1850.0,51.5,51.2,50.6,52.3
37580800,25536,2933.0,F. Thykær Rieper,Denmark,Fredericia,Denmark 1 - Superliga,Centre Back,Defence,26.0,2880.0,55.4,57.0,56.3,48.2
84589,25536,2905.0,F. Tingager,Denmark,AGF,Denmark 1 - Superliga,Centre Back,Defence,32.0,1152.0,57.7,58.8,59.2,58.3
14677228,25658,430.0,F. Tomi,France,Bastia,France 2 - Ligue 2,Centre Forward,Attack,24.0,2340.0,47.2,47.2,46.7,50.1
23278665,25682,286.0,F. Tongya Heubang,Italy,Gençlerbirliği,Türkiye 1 - Super Lig,Central Midfield,Midfield,23.0,2281.0,47.1,46.3,46.6,42.1
73990,25535,3270.0,F. Tudor,Croatia,Raków Częstochowa,Poland 1 - Ekstraklasa,Right Midfield,Midfield,29.0,1890.0,51.7,55.9,51.8,58.4
165159,25641,3444.0,F. Tănase,Romania,FCSB,Romania 1 - Superliga,Attacking Midfield,Midfield,30.0,3261.0,53.8,56.1,53.8,53.9
37614523,25536,2933.0,F. Ubi Etim,Nigeria,Fredericia,Denmark 1 - Superliga,Centre Forward,Attack,23.0,1228.0,48.8,48.7,48.9,51.6
35192,25682,554.0,F. Uduokhai,Germany,Beşiktaş,Türkiye 1 - Super Lig,Centre Back,Defence,27.0,1124.0,51.6,51.7,50.6,65.6
1636,25535,808.0,F. Ulvestad,Norway,Pogoń Szczecin,Poland 1 - Ekstraklasa,Defensive Midfield,Midfield,33.0,2720.0,49.1,48.9,47.4,48.8
8417249,25637,2460.0,F. Van den Eynden,Belgium,Helmond Sport,Netherlands 2 - Eerste Divisie,Centre Back,Defence,25.0,2710.0,46.0,45.6,47.9,49.7
765725,25591,234.0,F. Vaško,Slovakia,Slovácko,Czech Republic 1 - Chance Liga,Centre Back,Defence,25.0,1975.0,46.0,45.6,46.1,48.6
5705,26164,176.0,F. Veseli,Albania,Südtirol,Italy 2 - Serie B,Centre Back,Defence,32.0,2368.0,50.1,51.1,47.4,40.5
77794,25759,213.0,F. Vieira Rosa,Brazil,Panaitolikos,Greece 1 - Super League,Left Wing,Attack,31.0,1048.0,49.7,50.7,50.4,52.1
37634874,25653,5769.0,F. Wilfinger,Austria,Hartberg,Austria 1 - Admiral Bundesliga,Centre Back,Defence,21.0,2790.0,48.2,47.3,50.3,47.5
37260011,25536,2933.0,F. Winther,Denmark,Fredericia,Denmark 1 - Superliga,Central Midfield,Midfield,25.0,2259.0,54.2,55.0,54.7,61.5
370458,25535,11356.0,F. Wójcik,Poland,Motor Lublin,Poland 1 - Ekstraklasa,Right Back,Defence,28.0,1041.0,45.7,46.1,46.8,50.3
37580298,25598,770.0,F. Yeats,Scotland,Falkirk,Scotland 1 - Premiership,Attacking Midfield,Midfield,21.0,1307.0,44.4,45.2,43.7,51.2
130066,26164,1000.0,F. Zampano,Italy,Modena,Italy 2 - Serie B,Right Midfield,Midfield,31.0,2793.0,46.2,45.8,47.4,47.7
80603,25591,3643.0,F. Zorvan,Czech Republic,Jablonec,Czech Republic 1 - Chance Liga,Attacking Midfield,Midfield,29.0,1642.0,48.7,50.6,48.2,46.5
37562339,25682,688.0,F. da Silva,Brazil,Trabzonspor,Türkiye 1 - Super Lig,Centre Forward,Attack,21.0,2201.0,53.2,52.9,52.9,51.7
26304311,25641,10282.0,F. de Jesus dos Santos,Brazil,Csikszereda,Romania 1 - Superliga,Right Midfield,Midfield,26.0,2759.0,54.5,53.0,53.5,48.3
28931567,25637,1073.0,F. de Jong,Netherlands,De Graafschap,Netherlands 2 - Eerste Divisie,Central Midfield,Midfield,22.0,1421.0,53.0,52.9,53.6,48.3
1490638,25641,803.0,F. dos Reis dos Santos Fernandes,Cape Verde,Otelul,Romania 1 - Superliga,Centre Forward,Attack,31.0,2522.0,45.9,45.8,45.7,56.8
608263,25591,3552.0,F. Čech,Czech Republic,Hradec Králové,Czech Republic 1 - Chance Liga,Centre Back,Defence,27.0,2323.0,46.7,45.9,46.0,46.6
12844216,25591,3552.0,F. Čihák,Czech Republic,Hradec Králové,Czech Republic 1 - Chance Liga,Centre Back,Defence,26.0,2061.0,49.8,49.5,49.2,55.5
37596447,25584,8082.0,F. Čuić,Bosnia and Herzegovina,Gorica,Croatia 1 - 1. HNL,Centre Forward,Attack,22.0,1635.0,47.6,47.3,47.5,47.6
4491,25759,57.0,F. Đuričić,Serbia,Panathinaikos,Greece 1 - Super League,Attacking Midfield,Midfield,33.0,972.0,49.7,48.7,50.0,51.9
37503638,25567,230490.0,F. Žunić,Serbia,Mladost Lučani,Serbia 1 - Super Liga,Central Midfield,Midfield,23.0,1889.0,47.8,47.8,47.8,48.0
167842,25641,11676.0,F. Ștefan,Romania,Universitatea Craiova,Romania 1 - Superliga,Left Back,Defence,29.0,1099.0,51.6,50.4,49.6,48.0
17733652,25599,237672.0,G. Agalarov,Russia,Dynamo Makhachkala,Russia 1 - Premier League,Centre Forward,Attack,25.0,1709.0,49.6,49.8,49.8,43.8
37596668,25673,844.0,G. Aguilar López,Spain,Leganés,Spain 2 - La Liga 2,Centre Back,Defence,23.0,2645.0,50.6,50.8,50.7,47.7
433193,25658,430.0,G. Akueson,Togo,Bastia,France 2 - Ligue 2,Centre Back,Defence,29.0,1294.0,45.3,44.0,43.7,56.5
37593202,26164,7471.0,G. Alesi,Italy,Catanzaro,Italy 2 - Serie B,Attacking Midfield,Midfield,21.0,1067.0,47.8,46.3,49.3,58.6
37651047,25745,3161.0,G. Alves Freitas Azevedo Sá,Portugal,Famalicão,Portugal 1 - Liga Portugal,Attacking Midfield,Midfield,20.0,2711.0,49.6,50.2,49.2,55.5
37610883,25759,118.0,G. Apostolakis,Greece,OFI,Greece 1 - Super League,Central Midfield,Midfield,20.0,1721.0,47.4,47.4,48.2,49.2
3556,25567,3001.0,G. Ariyibi,United States,Radnički Niš,Serbia 1 - Super Liga,Left Wing,Attack,30.0,1029.0,51.0,50.4,48.6,47.4
1452339,25636,22608.0,G. Arndal-Lauritzen,Denmark,Hillerød,Denmark 2 - First Division,Centre Back,Defence,27.0,1243.0,52.4,53.5,50.4,52.6
37373524,26164,345.0,G. Artistico,Italy,Spezia,Italy 2 - Serie B,Centre Forward,Attack,23.0,1967.0,52.8,52.3,53.6,53.1
37518782,26164,345.0,G. Aurelio,Italy,Spezia,Italy 2 - Serie B,Left Back,Defence,25.0,2300.0,44.7,45.2,46.4,47.1
126387,25662,3229.0,G. Badash,Israel,Hapoel Jerusalem,Israel 1 - Ligat ha'Al,Right Wing,Attack,31.0,1875.0,49.4,49.9,49.7,51.3
37568117,25759,990.0,G. Balzi,Argentina,Levadiakos,Greece 1 - Super League,Attacking Midfield,Midfield,24.0,1604.0,55.4,54.5,53.8,58.8
37583881,25745,884.0,G. Baptiste,France,Sporting Braga,Portugal 1 - Liga Portugal,Central Midfield,Midfield,23.0,1714.0,55.0,54.9,53.6,51.4
33608595,25735,2412.0,G. Bares,Switzerland,KAS Eupen,Belgium 2 - Challenger Pro League,Defensive Midfield,Midfield,24.0,1861.0,46.9,47.1,49.6,44.7
37462731,25535,2482.0,G. Barkovskiy,Belarus,Piast Gliwice,Poland 1 - Ekstraklasa,Centre Forward,Attack,23.0,1944.0,44.7,44.6,44.4,54.6
97387,25745,3161.0,G. Bastião Dias,Portugal,Famalicão,Portugal 1 - Liga Portugal,Right Wing,Attack,28.0,2507.0,54.3,53.9,53.2,56.2
159987,25759,602.0,G. Batalha Martins,Portugal,Olympiacos F.C.,Greece 1 - Super League,Right Wing,Attack,30.0,1692.0,52.9,53.3,54.0,58.6
12371922,25653,3369.0,G. Bello,United States,LASK Linz,Austria 1 - Admiral Bundesliga,Left Back,Defence,23.0,2261.0,48.2,48.7,49.7,44.2
37564774,25599,237670.0,G. Benchimol Tavares,Cape Verde,Akron,Russia 1 - Premier League,Centre Forward,Attack,23.0,1063.0,51.9,51.6,53.4,48.9
105073,25566,3955.0,G. Beridze,Georgia,Újpest,Hungary 1 - NB I,Left Wing,Attack,28.0,1268.0,46.0,45.3,45.8,45.2
37684846,25637,669.0,G. Besselink,Netherlands,Willem II,Netherlands 2 - Eerste Divisie,Central Midfield,Midfield,21.0,2797.0,47.6,47.3,46.8,52.0
37767518,26164,1000.0,G. Beyuku Bowutankoyi,France,Modena,Italy 2 - Serie B,Right Back,Defence,19.0,1383.0,49.7,50.4,51.4,56.3
6306131,25759,602.0,G. Biancone,France,Olympiacos F.C.,Greece 1 - Super League,Centre Back,Defence,25.0,947.0,61.6,63.5,60.3,62.0
37597519,25636,1703.0,G. Bjerge,Denmark,Hobro,Denmark 2 - First Division,Centre Back,Defence,19.0,1106.0,49.2,49.8,50.4,56.1
37614710,25637,2379.0,G. Blancquart,France,VVV-Venlo,Netherlands 2 - Eerste Divisie,Centre Back,Defence,21.0,2627.0,43.8,42.3,44.2,46.2
37734763,25637,2475.0,G. Bolk,Netherlands,FC Emmen,Netherlands 2 - Eerste Divisie,Centre Back,Defence,20.0,1560.0,55.9,56.8,53.5,50.0
37601270,26164,345.0,G. Bonfanti,Italy,Spezia,Italy 2 - Serie B,Centre Back,Defence,22.0,1035.0,53.5,53.8,53.2,52.7
37566703,25673,618.0,G. Borges Guedes,Portugal,Almería,Spain 2 - La Liga 2,Central Midfield,Midfield,23.0,1237.0,49.8,49.9,49.0,51.4
21404427,25591,4484.0,G. Botos,Greece,Pardubice,Czech Republic 1 - Chance Liga,Attacking Midfield,Midfield,24.0,1010.0,46.5,45.9,46.5,41.1
37648294,26164,4070.0,G. Bracaglia,Italy,Frosinone,Italy 2 - Serie B,Left Back,Defence,22.0,2439.0,50.4,50.1,49.5,53.3
37392958,25649,235.0,G. Broadbent,England,Doncaster Rovers,England 3 - League One,Defensive Midfield,Midfield,24.0,2165.0,49.9,50.4,51.4,43.6
129167,26164,1343.0,G. Brugman,Uruguay,Pescara,Italy 2 - Serie B,Defensive Midfield,Midfield,32.0,1346.0,56.7,58.6,55.1,49.4
37549591,25673,361.0,G. Bueno López,Spain,Real Valladolid,Spain 2 - La Liga 2,Left Back,Defence,22.0,1459.0,50.8,52.1,52.5,50.3
12371875,26164,267.0,G. Busio,United States,Venezia,Italy 2 - Serie B,Central Midfield,Midfield,23.0,3205.0,54.5,54.1,52.9,53.2
37612468,26164,4070.0,G. Calvani,Italy,Frosinone,Italy 2 - Serie B,Centre Back,Defence,21.0,2791.0,47.1,46.4,46.0,59.8
133955,26164,4070.0,G. Calò,Italy,Frosinone,Italy 2 - Serie B,Defensive Midfield,Midfield,28.0,3168.0,63.6,65.2,62.8,39.2
17177615,25648,10.0,G. Campbell,United States,West Bromwich Albion,England 2 - Championship,Centre Back,Defence,24.0,3079.0,53.6,52.7,52.9,52.3
18574331,25673,344.0,G. Campos Ansó Fernández,Spain,Sporting Gijón,Spain 2 - La Liga 2,Left Wing,Attack,25.0,2138.0,49.7,50.1,50.5,48.4
2158711,25641,11711.0,G. Caramalău,Romania,Metaloglobus,Romania 1 - Superliga,Centre Back,Defence,30.0,1443.0,47.6,47.8,47.9,47.8
37678224,25673,9656.0,G. Carrera Zarranz,Spain,Real Sociedad II,Spain 2 - La Liga 2,Centre Forward,Attack,20.0,2949.0,50.8,50.8,51.1,43.9
164132,25599,2712.0,G. Carvalho Fernandes,Portugal,Spartak Moskva,Russia 1 - Premier League,Central Midfield,Midfield,26.0,2151.0,50.7,50.9,51.5,47.9
131943,26164,445.0,G. Castrovilli,Italy,Bari 1908,Italy 2 - Serie B,Central Midfield,Midfield,28.0,1053.0,53.2,54.2,54.8,49.8
106821,25648,25.0,G. Chakvetadze,Georgia,Watford,England 2 - Championship,Attacking Midfield,Midfield,25.0,1801.0,52.7,51.5,52.2,48.5
34422778,25745,58.0,G. Cipriano Catamo,Mozambique,Sporting CP,Portugal 1 - Liga Portugal,Right Wing,Attack,24.0,1982.0,53.7,53.7,54.5,54.6
37316993,26164,4070.0,G. Cittadini,Italy,Frosinone,Italy 2 - Serie B,Centre Back,Defence,23.0,1203.0,50.8,50.0,50.0,76.8
61289,25735,2432.0,G. Claes,Belgium,K. Beerschot V.A.,Belgium 2 - Challenger Pro League,Attacking Midfield,Midfield,31.0,2015.0,46.1,46.0,45.7,53.6
2511075,26164,1343.0,G. Corbo,Italy,Pescara,Italy 2 - Serie B,Centre Back,Defence,25.0,1127.0,49.4,49.3,49.8,45.5
37587571,25745,1085.0,G. Dambi Batista,Portugal,Moreirense,Portugal 1 - Liga Portugal,Centre Back,Defence,21.0,1933.0,51.4,51.0,52.2,49.8
37668740,25735,277379.0,G. De Meyer,Belgium,Jong Gent,Belgium 2 - Challenger Pro League,Right Back,Defence,18.0,2010.0,45.4,46.1,46.5,50.8
35281089,26164,345.0,G. Di Serio,Italy,Spezia,Italy 2 - Serie B,Centre Forward,Attack,24.0,1340.0,48.6,48.6,49.2,55.5
37739269,25607,2357.0,G. Diakité,Mali,Lausanne Sport,Switzerland 1 - Super League,Centre Forward,Attack,19.0,2170.0,56.7,56.5,56.6,51.9
1493747,25662,2495.0,G. Diba,Israel,Hapoel Haifa,Israel 1 - Ligat ha'Al,Centre Back,Defence,27.0,2257.0,43.9,43.2,45.3,43.7
37583806,25745,2628.0,G. Dimaraes Miranda,Brazil,Santa Clara,Portugal 1 - Liga Portugal,Central Midfield,Midfield,25.0,1112.0,51.4,52.0,52.6,46.8
37658682,25600,2938.0,G. Diouf,Senegal,Mechelen,Belgium 1 - Pro League,Centre Back,Defence,21.0,924.0,53.1,52.7,54.7,54.3
4611,25648,283.0,G. Dobson,England,Wrexham,England 2 - Championship,Defensive Midfield,Midfield,27.0,2917.0,56.3,56.9,56.6,55.0
172920,25648,4.0,G. Docherty,Scotland,Charlton Athletic,England 2 - Championship,Central Midfield,Midfield,28.0,2953.0,48.4,48.8,48.9,54.3
37672990,25759,7261.0,G. Doiranlis,Greece,Panserraikos,Greece 1 - Super League,Central Midfield,Midfield,22.0,1546.0,44.5,44.4,44.6,56.2
170138,25682,81.0,G. Dzhikiya,Russia,Antalyaspor,Türkiye 1 - Super Lig,Centre Back,Defence,31.0,1155.0,51.6,51.2,51.8,39.6
4207,25649,150.0,G. Evans,England,Burton Albion,England 3 - League One,Defensive Midfield,Midfield,30.0,2664.0,48.4,49.2,46.8,45.3
134026,26164,1234.0,G. Frabotta,Italy,Cesena,Italy 2 - Serie B,Left Back,Defence,26.0,2095.0,48.1,49.2,49.6,50.4
35699452,25648,30.0,G. Franco,Portugal,Swansea City,England 2 - Championship,Central Midfield,Midfield,24.0,3267.0,51.9,51.7,51.4,56.9
37332624,25601,662.0,G. Gagua,Georgia,Dunajská Streda,Slovakia 1 - Niké Liga,Centre Forward,Attack,23.0,1129.0,46.2,46.8,45.6,58.7
412260,25601,28077.0,G. Ganbold,Mongolia,Komárno,Slovakia 1 - Niké Liga,Attacking Midfield,Midfield,24.0,1308.0,43.7,43.5,44.4,55.0
108471,25759,649.0,G. Giakoumakis,Greece,PAOK,Greece 1 - Super League,Centre Forward,Attack,30.0,1328.0,53.0,53.1,53.2,52.1
8417851,25682,34.0,G. Gomes Sara,Brazil,Galatasaray,Türkiye 1 - Super Lig,Central Midfield,Midfield,26.0,1840.0,57.9,57.8,57.3,50.4
260932,25599,2645.0,G. González Apud,Uruguay,Krasnodar,Russia 1 - Premier League,Right Back,Defence,30.0,1473.0,55.4,55.4,55.2,51.3
37716602,25673,9656.0,G. Gorosabel Añorga,Spain,Real Sociedad II,Spain 2 - La Liga 2,Central Midfield,Midfield,19.0,1118.0,49.7,50.0,51.1,52.2
197278,25759,213.0,G. Granath,Sweden,Panaitolikos,Greece 1 - Super League,Centre Back,Defence,28.0,1304.0,48.0,47.4,48.6,42.6
61074,25641,132584.0,G. Grozav,Romania,Petrolul 52,Romania 1 - Superliga,Left Wing,Attack,34.0,2862.0,44.4,44.8,44.9,48.8
37596530,26164,397.0,G. Guarino,Italy,Empoli,Italy 2 - Serie B,Centre Back,Defence,21.0,2895.0,50.6,50.3,52.5,60.6
5283531,25673,9818.0,G. Guliashvili,Georgia,Racing Santander,Spain 2 - La Liga 2,Centre Forward,Attack,23.0,1131.0,52.6,52.9,52.2,43.6
20335158,25599,3452.0,G. Guzina,Bosnia and Herzegovina,Orenburg,Russia 1 - Premier League,Centre Forward,Attack,31.0,1129.0,48.3,48.1,48.1,62.7
37590076,25566,2791.0,G. Gyurkits,Hungary,Paksi SE,Hungary 1 - NB I,Attacking Midfield,Midfield,23.0,1366.0,48.3,49.5,48.9,47.2
37316459,25682,286.0,G. Gürpüz,Türkiye,Gençlerbirliği,Türkiye 1 - Super Lig,Attacking Midfield,Midfield,22.0,1942.0,53.3,52.4,53.4,46.7
7026768,25658,1083.0,G. Haag,France,Red Star,France 2 - Ligue 2,Defensive Midfield,Midfield,25.0,2045.0,53.5,53.0,56.0,56.2
126504,25662,6810.0,G. Hadida,Israel,Ironi Tiberias,Israel 1 - Ligat ha'Al,Attacking Midfield,Midfield,30.0,2214.0,51.4,52.1,50.2,46.1
37559770,25649,348.0,G. Hall,England,Port Vale,England 3 - League One,Central Midfield,Midfield,21.0,2246.0,46.9,47.2,48.9,45.3
26813,25648,21.0,G. Hamer,Netherlands,Sheffield United,England 2 - Championship,Central Midfield,Midfield,28.0,2501.0,59.3,59.4,59.8,44.5
807,25598,66.0,G. Hanley,Scotland,Hibernian,Scotland 1 - Premiership,Centre Back,Defence,33.0,1932.0,46.7,45.9,48.0,52.2
32130,25735,2432.0,G. Haraguchi,Japan,K. Beerschot V.A.,Belgium 2 - Challenger Pro League,Attacking Midfield,Midfield,34.0,2521.0,48.0,50.2,48.9,54.3
37599659,25566,2566.0,G. Harutyunyan,Armenia,Puskás,Hungary 1 - NB I,Centre Back,Defence,20.0,1437.0,49.7,49.4,51.4,50.0
538080,25535,1069.0,G. Henriksson,Sweden,Cracovia Kraków,Poland 1 - Ekstraklasa,Centre Back,Defence,27.0,2539.0,46.1,45.2,46.5,45.6
7577,25648,116.0,G. Hirst,Scotland,Ipswich Town,England 2 - Championship,Centre Forward,Attack,26.0,2109.0,54.3,54.4,54.3,55.6
113979,25566,892.0,G. Holdampf,Hungary,Diósgyőr,Hungary 1 - NB I,Central Midfield,Midfield,30.0,1429.0,45.8,46.0,45.0,46.4
32698,25652,999.0,G. Holtmann,Philippines,VfL Bochum 1848,Germany 2 - 2. Bundesliga,Left Wing,Attack,30.0,1586.0,52.4,51.9,52.2,50.7
4591,25649,28.0,G. Honeyman,England,Blackpool,England 3 - League One,Attacking Midfield,Midfield,30.0,2482.0,44.0,43.6,44.5,52.7
37522785,25745,58.0,G. Inácio,Portugal,Sporting CP,Portugal 1 - Liga Portugal,Centre Back,Defence,23.0,2507.0,63.9,66.2,64.4,56.0
4969627,25535,2512.0,G. Isik,Germany,Nieciecza,Poland 1 - Ekstraklasa,Centre Back,Defence,26.0,2453.0,48.3,48.4,47.0,37.6
33834,25652,3431.0,G. Itter,Germany,SpVgg Greuther Fürth,Germany 2 - 2. Bundesliga,Left Back,Defence,26.0,1430.0,50.9,50.6,49.1,55.6
1494395,25649,16.0,G. Johnston,Scotland,Bolton Wanderers,England 3 - League One,Centre Back,Defence,26.0,4105.0,51.4,52.4,51.0,55.5
37566467,25649,115.0,G. Kadua,England,Luton Town,England 3 - League One,Centre Forward,Attack,20.0,2172.0,49.1,48.8,49.1,52.8
127454,25566,112.0,G. Kanichowsky,Israel,Ferencvárosi,Hungary 1 - NB I,Attacking Midfield,Midfield,27.0,2193.0,50.7,52.0,50.4,54.2
109375,25759,134582.0,G. Kargas,Greece,Volos NFC,Greece 1 - Super League,Centre Back,Defence,30.0,2196.0,52.2,53.3,53.9,54.4
24150,25601,2417.0,G. Kashia,Georgia,Slovan Bratislava,Slovakia 1 - Niké Liga,Centre Back,Defence,38.0,1058.0,50.4,50.7,53.2,52.4
25564,25600,328.0,G. Kerk,Netherlands,Antwerp,Belgium 1 - Pro League,Right Wing,Attack,29.0,2099.0,50.7,51.3,50.4,47.3
172953,25598,180.0,G. Kiltie,Scotland,Kilmarnock,Scotland 1 - Premiership,Left Wing,Attack,28.0,2304.0,50.2,49.5,48.2,46.9
109096,25759,57.0,G. Kiriakopoulos,Greece,Panathinaikos,Greece 1 - Super League,Left Back,Defence,29.0,1918.0,52.3,52.9,52.5,49.6
37732699,25607,468.0,G. Koloto,Switzerland,Basel,Switzerland 1 - Super League,Centre Forward,Attack,17.0,903.0,49.9,50.4,50.0,49.0
161197,25745,364.0,G. Konan,Ivory Coast,Gil Vicente,Portugal 1 - Liga Portugal,Left Back,Defence,29.0,2667.0,54.0,54.6,53.0,52.2
37646965,25600,2641.0,G. Kondo,France,Cercle Brugge,Belgium 1 - Pro League,Centre Back,Defence,23.0,900.0,53.2,52.7,55.4,54.6
37646965,25658,1281.0,G. Kondo,France,Dunkerque,France 2 - Ligue 2,Centre Back,Defence,23.0,1584.0,59.7,60.6,60.6,46.8
37328012,25607,13775.0,G. Koutsias,Greece,Lugano,Switzerland 1 - Super League,Centre Forward,Attack,21.0,1504.0,52.8,53.2,52.1,53.3
37567627,26164,4070.0,G. Kvernadze,Georgia,Frosinone,Italy 2 - Serie B,Left Wing,Attack,22.0,2520.0,49.6,49.0,49.5,50.3
3533334,25745,884.0,G. Lagerbielke,Sweden,Sporting Braga,Portugal 1 - Liga Portugal,Centre Back,Defence,25.0,2391.0,58.6,59.8,56.8,58.2
130103,26164,345.0,G. Lapadula,Peru,Spezia,Italy 2 - Serie B,Centre Forward,Attack,35.0,998.0,51.0,51.4,50.7,44.9
383366,25745,11741.0,G. Larrazabal Goikoetxea,Spain,Casa Pia,Portugal 1 - Liga Portugal,Right Back,Defence,27.0,2855.0,51.2,51.5,52.3,45.6
37711930,25636,6953.0,G. Larsen,Denmark,HB Køge,Denmark 2 - First Division,Central Midfield,Midfield,18.0,1884.0,47.5,47.3,48.2,47.7
6974922,26164,6947.0,G. Leone,Italy,Juve Stabia,Italy 2 - Serie B,Defensive Midfield,Midfield,24.0,2848.0,54.0,54.4,55.1,47.8
37597531,25636,2650.0,G. Leone Fraulo,Denmark,Lyngby Boldklub,Denmark 2 - First Division,Central Midfield,Midfield,20.0,2619.0,50.1,49.8,50.1,43.2
129884,26164,1343.0,G. Letizia,Italy,Pescara,Italy 2 - Serie B,Right Back,Defence,35.0,2288.0,56.9,56.7,56.9,54.1
289659,25536,2905.0,G. Links,South Africa,AGF,Denmark 1 - Superliga,Left Midfield,Midfield,26.0,2757.0,54.4,53.0,54.6,57.5
131849,26164,445.0,G. Maggiore,Italy,Bari 1908,Italy 2 - Serie B,Central Midfield,Midfield,27.0,1832.0,48.6,48.6,48.4,54.0
37252519,25600,2641.0,G. Magnée,Belgium,Cercle Brugge,Belgium 1 - Pro League,Right Back,Defence,25.0,2890.0,59.5,58.5,60.9,52.0
111694,25682,347.0,G. Makouta,France,Alanyaspor,Türkiye 1 - Super Lig,Defensive Midfield,Midfield,28.0,2681.0,50.6,50.4,50.2,46.6
37537653,25599,2963.0,G. Mantuan,Brazil,Zenit,Russia 1 - Premier League,Right Back,Defence,24.0,1934.0,52.0,52.5,53.7,52.4
688986,25536,2933.0,G. Marcussen,Denmark,Fredericia,Denmark 1 - Superliga,Left Wing,Attack,27.0,2002.0,47.0,46.9,47.3,44.8
37557152,25641,134619.0,G. Marins Silva,Brazil,Farul Constanța,Romania 1 - Superliga,Centre Back,Defence,23.0,1027.0,46.9,46.5,46.8,45.7
37553159,25745,884.0,G. Martínez Aguilera,Spain,Sporting Braga,Portugal 1 - Liga Portugal,Left Wing,Attack,22.0,1320.0,54.2,54.1,53.4,65.0
125264,25662,571.0,G. Melamed,Israel,Maccabi Haifa,Israel 1 - Ligat ha'Al,Centre Forward,Attack,32.0,1488.0,53.6,53.5,53.8,40.9
189174,25673,844.0,G. Melero Manzanares,Spain,Leganés,Spain 2 - La Liga 2,Central Midfield,Midfield,31.0,1126.0,51.0,50.6,50.1,56.5
170523,25599,3578.0,G. Melkadze,Russia,Akhmat Grozny,Russia 1 - Premier League,Centre Forward,Attack,28.0,2047.0,49.5,49.3,50.1,49.7
37354835,25745,269225.0,G. Mendonça,Portugal,AVS,Portugal 1 - Liga Portugal,Central Midfield,Midfield,22.0,1400.0,48.4,48.1,48.5,57.3
339011,25649,235.0,G. Middleton,Scotland,Doncaster Rovers,England 3 - League One,Left Wing,Attack,25.0,1549.0,51.6,50.4,50.1,51.3
108818,25759,134582.0,G. Migas,Greece,Volos NFC,Greece 1 - Super League,Right Back,Defence,31.0,1696.0,47.9,48.0,48.8,55.3
68459,25641,1026.0,G. Milanov,Bulgaria,Dinamo Bucureşti,Romania 1 - Superliga,Attacking Midfield,Midfield,33.0,977.0,52.2,51.6,51.9,64.4
165187,25641,3195.0,G. Miron,Romania,Botoşani,Romania 1 - Superliga,Centre Back,Defence,31.0,3525.0,45.4,44.8,46.5,46.7
37332618,25662,516.0,G. Mizrachi,Israel,Hapoel Be'er Sheva,Israel 1 - Ligat ha'Al,Right Back,Defence,24.0,2643.0,49.8,48.9,48.7,48.8
35659820,25601,3283.0,G. Moistsrapishvili,Georgia,Spartak Trnava,Slovakia 1 - Niké Liga,Central Midfield,Midfield,23.0,1344.0,53.5,53.5,53.5,51.1
37328091,25598,273.0,G. Molloy,Republic of Ireland,Aberdeen,Scotland 1 - Premiership,Centre Back,Defence,23.0,1318.0,49.9,50.5,48.4,51.0
132282,26164,445.0,G. Moncini,Italy,Bari 1908,Italy 2 - Serie B,Centre Forward,Attack,29.0,2746.0,49.3,49.1,49.6,42.9
448482,25607,10655.0,G. Montolio Lafuente,Spain,Thun,Switzerland 1 - Super League,Centre Back,Defence,29.0,1841.0,52.4,52.9,52.5,60.9
170085,25662,589.0,G. Morozov,Russia,Beitar Jerusalem,Israel 1 - Ligat ha'Al,Left Back,Defence,31.0,1588.0,53.4,51.6,50.1,59.1
37459085,25600,700.0,G. Mortensen,Denmark,Standard Liège,Belgium 1 - Pro League,Left Back,Defence,21.0,1736.0,50.5,50.0,50.0,37.1
37459085,25636,2650.0,G. Mortensen,Denmark,Lyngby Boldklub,Denmark 2 - First Division,Left Back,Defence,21.0,1438.0,48.1,48.1,49.6,42.6
37691726,25745,884.0,G. Moscardo de Salles,Brazil,Sporting Braga,Portugal 1 - Liga Portugal,Defensive Midfield,Midfield,19.0,940.0,53.5,53.2,52.8,61.7
9616249,25759,1089.0,G. Naor,Israel,Larissa,Greece 1 - Super League,Defensive Midfield,Midfield,26.0,1370.0,48.6,48.9,49.7,41.7
27854,25591,234.0,G. Ndefe,Angola,Slovácko,Czech Republic 1 - Chance Liga,Right Back,Defence,31.0,2594.0,46.1,45.9,45.7,48.0
37653600,25745,269225.0,G. Neiva Silva,Brazil,AVS,Portugal 1 - Liga Portugal,Left Wing,Attack,24.0,941.0,52.1,51.2,51.6,62.5
37676114,25649,254.0,G. Nevett,Wales,Peterborough United,England 3 - League One,Centre Back,Defence,19.0,1200.0,46.7,46.4,45.8,49.0
432896,25599,490.0,G. Nyamsi,France,Lokomotiv Moskva,Russia 1 - Premier League,Centre Back,Defence,28.0,1037.0,48.4,47.7,47.7,60.6
37527859,25597,1550.0,G. Offerhaus,Netherlands,Telstar,Netherlands 1 - Eredivisie,Centre Back,Defence,24.0,2970.0,48.9,48.2,48.0,38.9
37514189,26164,1343.0,G. Olzer,Italy,Pescara,Italy 2 - Serie B,Attacking Midfield,Midfield,24.0,1890.0,47.0,47.3,48.8,57.2
4192333,25682,643.0,G. Onugkha,Russia,Kayserispor,Türkiye 1 - Super Lig,Centre Forward,Attack,29.0,1888.0,50.0,49.7,49.8,51.6
581142,25649,69.0,G. Osho,England,Cardiff City,England 3 - League One,Centre Back,Defence,26.0,1409.0,50.3,50.2,49.5,56.9
37721238,25648,56.0,G. Otegbayo,England,Sheffield Wednesday,England 2 - Championship,Centre Back,Defence,20.0,2517.0,46.7,44.9,47.0,49.0
37442628,25658,2919.0,G. Ott,France,Guingamp,France 2 - Ligue 2,Left Wing,Attack,23.0,971.0,50.8,49.9,48.9,46.3
4536488,25682,1071.0,G. Owusu Frimpong,Netherlands,Kasımpaşa,Türkiye 1 - Super Lig,Left Back,Defence,26.0,2243.0,46.8,47.1,47.3,41.5
37343953,25641,3444.0,G. Pantea,Romania,FCSB,Romania 1 - Superliga,Right Back,Defence,21.0,1580.0,48.8,48.8,48.7,51.5
98429,25658,1174.0,G. Paquiez,France,Grenoble Foot 38,France 2 - Ligue 2,Centre Back,Defence,31.0,2588.0,52.9,53.4,51.2,45.9
108604,25759,1089.0,G. Pasas,Greece,Larissa,Greece 1 - Super League,Left Wing,Attack,34.0,1243.0,45.6,45.7,46.5,46.2
7688499,25601,5581.0,G. Paulauskas,Lithuania,Zemplín Michalovce,Slovakia 1 - Niké Liga,Centre Forward,Attack,25.0,1198.0,48.0,48.0,47.7,55.2
37596971,25745,364.0,G. Pereira De Sousa,Portugal,Gil Vicente,Portugal 1 - Liga Portugal,Centre Forward,Attack,20.0,1519.0,53.5,53.9,53.5,53.5
37295961,25536,85.0,G. Pereira Magalhães dos Santos,Brazil,FC København,Denmark 1 - Superliga,Centre Back,Defence,25.0,2148.0,60.2,62.2,61.0,56.1
37625767,25745,605.0,G. Prestianni Gross,Argentina,Benfica,Portugal 1 - Liga Portugal,Right Wing,Attack,19.0,1545.0,58.6,58.5,58.1,58.6
37578441,25673,9818.0,G. Puerta Molano,Colombia,Racing Santander,Spain 2 - La Liga 2,Central Midfield,Midfield,22.0,2669.0,53.7,54.3,52.4,55.2
8688,25636,211.0,G. Pálsson,Iceland,Horsens,Denmark 2 - First Division,Centre Back,Defence,34.0,2150.0,49.3,49.8,47.0,52.5
19979845,25673,429.0,G. Quagliata,Italy,Deportivo La Coruña,Spain 2 - La Liga 2,Left Back,Defence,25.0,2875.0,48.5,49.1,49.5,48.4
37622856,25597,73.0,G. Read,Netherlands,Feyenoord,Netherlands 1 - Eredivisie,Right Back,Defence,19.0,940.0,53.3,54.3,54.4,53.4
361280,25735,8307.0,G. Robail,France,RWDM Brussels,Belgium 2 - Challenger Pro League,Left Wing,Attack,31.0,1111.0,52.4,51.1,50.8,41.4
30782,25637,814.0,G. Roemeratoe,Curaçao,RKC Waalwijk,Netherlands 2 - Eerste Divisie,Defensive Midfield,Midfield,25.0,2285.0,47.9,47.8,48.2,48.1
9950237,25673,344.0,G. Rosas Alonso,Spain,Sporting Gijón,Spain 2 - La Liga 2,Right Back,Defence,25.0,3339.0,52.1,52.0,51.8,48.0
62289,25735,1130.0,G. Ruyssen,Belgium,KV Kortrijk,Belgium 2 - Challenger Pro League,Centre Back,Defence,31.0,2340.0,46.3,46.3,48.5,50.6
24065400,25759,27943.0,G. Saches Sousa,Portugal,Kifisia,Greece 1 - Super League,Right Wing,Attack,23.0,1294.0,47.3,47.1,46.3,55.0
6028,25649,115.0,G. Saville,Northern Ireland,Luton Town,England 3 - League One,Central Midfield,Midfield,32.0,2327.0,53.6,53.9,53.1,57.4
203462,25682,554.0,G. Sazdağı,Türkiye,Beşiktaş,Türkiye 1 - Super Lig,Right Back,Defence,30.0,1304.0,52.2,52.9,53.2,60.1
164135,25745,1085.0,G. Schettine Guimarães,Brazil,Moreirense,Portugal 1 - Liga Portugal,Centre Forward,Attack,29.0,996.0,55.6,55.0,56.4,50.7
37337124,25535,890.0,G. Serrão Montóia,Portugal,Jagiellonia Białystok,Poland 1 - Ekstraklasa,Left Back,Defence,21.0,910.0,55.7,55.9,56.2,51.4
172575,25598,273.0,G. Shinnie,Scotland,Aberdeen,Scotland 1 - Premiership,Defensive Midfield,Midfield,33.0,1791.0,51.0,51.6,49.6,61.8
436883,25673,8366.0,G. Sierra Pérez,Spain,Burgos,Spain 2 - La Liga 2,Centre Back,Defence,32.0,3585.0,50.1,50.4,51.4,45.1
37600810,25607,2357.0,G. Sigua,Georgia,Lausanne Sport,Switzerland 1 - Super League,Central Midfield,Midfield,20.0,1177.0,47.5,47.5,48.4,49.2
37527167,25745,2628.0,G. Silva Vieira,Brazil,Santa Clara,Portugal 1 - Liga Portugal,Left Wing,Attack,23.0,2245.0,46.4,47.1,47.4,47.6
165860,25641,9426.0,G. Simion,Romania,Universitatea Cluj,Romania 1 - Superliga,Defensive Midfield,Midfield,27.0,1326.0,47.7,46.8,48.7,44.8
34735,25682,2632.0,G. Sitya,Brazil,Konyaspor,Türkiye 1 - Super Lig,Left Back,Defence,35.0,1860.0,51.6,51.8,53.1,45.8
7346244,25598,180.0,G. Stanger,New Zealand,Kilmarnock,Scotland 1 - Premiership,Centre Back,Defence,24.0,1692.0,45.5,45.0,44.7,43.8
37579276,25566,112.0,G. Szalai,Hungary,Ferencvárosi,Hungary 1 - NB I,Centre Back,Defence,25.0,2555.0,52.6,53.9,50.3,51.7
37337110,25566,10196.0,G. Szőke,Hungary,Kazincbarcika,Hungary 1 - NB I,Central Midfield,Midfield,21.0,1234.0,43.0,42.5,42.6,49.7
1494237,25648,122.0,G. Tanner,England,Bristol City,England 2 - Championship,Right Back,Defence,25.0,2507.0,51.5,51.1,49.6,60.3
173080,25759,649.0,G. Taylor,Scotland,PAOK,Greece 1 - Super League,Left Back,Defence,27.0,965.0,53.5,52.1,49.8,47.6
37912519,25745,6377.0,G. Teixeira Lopes da Conceição,Brazil,Rio Ave,Portugal 1 - Liga Portugal,Centre Back,Defence,21.0,1260.0,54.7,55.5,57.0,44.5
37588122,25745,830.0,G. Teixeira Nogueira,Portugal,Vitória Guimarães,Portugal 1 - Liga Portugal,Central Midfield,Midfield,21.0,1342.0,54.3,54.3,54.0,60.9
37395420,25648,283.0,G. Thomason,England,Wrexham,England 2 - Championship,Central Midfield,Midfield,24.0,2572.0,52.4,51.8,52.0,51.3
26015,25597,682.0,G. Til,Netherlands,PSV,Netherlands 1 - Eredivisie,Attacking Midfield,Midfield,27.0,2248.0,53.2,53.0,52.5,47.8
157627,25535,2482.0,G. Tomasiewicz,Poland,Piast Gliwice,Poland 1 - Ekstraklasa,Defensive Midfield,Midfield,29.0,2228.0,49.7,50.1,46.7,43.9
133150,26164,6911.0,G. Tutino,Italy,Avellino,Italy 2 - Serie B,Centre Forward,Attack,29.0,1020.0,50.3,50.5,50.1,51.2
37285874,25745,58.0,G. Vagiannidis,Greece,Sporting CP,Portugal 1 - Liga Portugal,Right Back,Defence,23.0,1277.0,57.6,58.1,56.8,57.9
37688266,25735,277379.0,G. Vanderdonck,Belgium,Jong Gent,Belgium 2 - Challenger Pro League,Central Midfield,Midfield,18.0,1479.0,51.4,51.9,52.6,47.2
37293367,25745,652.0,G. Veiga Novas,Spain,Porto,Portugal 1 - Liga Portugal,Attacking Midfield,Midfield,23.0,1622.0,60.2,59.2,58.6,57.1
37538492,25584,674.0,G. Vidović,Croatia,Dinamo Zagreb,Croatia 1 - 1. HNL,Left Wing,Attack,21.0,1380.0,51.6,51.1,52.0,57.2
197980,25607,647.0,G. Wüthrich,Switzerland,Young Boys,Switzerland 1 - Super League,Centre Back,Defence,30.0,1934.0,50.4,51.0,49.4,64.2
37363316,25597,2396.0,G. Yah,Netherlands,FC Volendam,Netherlands 1 - Eredivisie,Defensive Midfield,Midfield,21.0,1666.0,50.0,49.9,50.9,65.0
3862128,25682,347.0,G. Yalçın,Türkiye,Alanyaspor,Türkiye 1 - Super Lig,Centre Forward,Attack,26.0,995.0,54.2,53.1,54.7,53.4
37583841,26164,397.0,G. Yepes Laut,Spain,Empoli,Italy 2 - Serie B,Defensive Midfield,Midfield,22.0,2184.0,51.7,51.7,51.2,51.5
503594,26164,1234.0,G. Zaro,Italy,Cesena,Italy 2 - Serie B,Centre Back,Defence,31.0,3186.0,49.1,49.1,49.1,65.8
37663130,25597,750.0,G. Zechiël,Netherlands,FC Utrecht,Netherlands 1 - Eredivisie,Central Midfield,Midfield,21.0,3021.0,54.3,53.9,54.0,49.5
22168911,25658,1461.0,G. Zohore,France,Boulogne,France 2 - Ligue 2,Centre Back,Defence,24.0,2503.0,45.7,44.9,45.0,42.2
37569789,25566,112.0,G. Zsombor,Hungary,Ferencvárosi,Hungary 1 - NB I,Centre Forward,Attack,20.0,1483.0,56.3,56.9,56.5,47.0
37569853,25600,3958.0,G. da Silva Carvalho,Brazil,Union Saint-Gilloise,Belgium 1 - Pro League,Left Wing,Attack,22.0,1542.0,52.1,52.1,52.4,57.9
37615912,25745,830.0,G. da Silva Cunha,Brazil,Vitória Guimarães,Portugal 1 - Liga Portugal,Right Wing,Attack,26.0,1467.0,49.9,50.2,50.6,55.7
37595644,25597,1652.0,G. de Regt,Netherlands,Excelsior,Netherlands 1 - Eredivisie,Left Wing,Attack,21.0,2663.0,50.6,49.8,49.0,44.3
102633,25641,8474.0,H. Abdallah,Madagascar,UTA Arad,Romania 1 - Superliga,Centre Forward,Attack,27.0,2649.0,46.3,46.4,46.5,50.8
8872,25649,235.0,H. Adelakun,England,Doncaster Rovers,England 3 - League One,Right Wing,Attack,29.0,1172.0,46.7,47.0,46.7,46.5
37565359,25601,5581.0,H. Ahl,Sweden,Zemplín Michalovce,Slovakia 1 - Niké Liga,Attacking Midfield,Midfield,23.0,2037.0,45.9,45.1,46.1,46.6
30900849,25652,482.0,H. Akiyama,Japan,Darmstadt 98,Germany 2 - 2. Bundesliga,Defensive Midfield,Midfield,24.0,2537.0,50.1,49.4,51.4,40.1
37675777,25648,56.0,H. Amass,England,Sheffield Wednesday,England 2 - Championship,Left Back,Defence,18.0,1868.0,49.1,50.8,50.4,60.8
37680389,25648,99.0,H. Armstrong,England,Preston North End,England 2 - Championship,Central Midfield,Midfield,18.0,1132.0,53.3,53.3,53.4,53.2
172232,26164,1628.0,H. Azevedo Júnior,Brazil,Monza,Italy 2 - Serie B,Central Midfield,Midfield,31.0,1302.0,55.4,55.7,55.4,53.5
530693,25584,7920.0,H. Babec,Croatia,Osijek,Croatia 1 - 1. HNL,Defensive Midfield,Midfield,26.0,1095.0,50.7,51.5,52.3,49.3
37652787,25536,2447.0,H. Bidstrup,Denmark,Viborg FF,Denmark 1 - Superliga,Right Back,Defence,19.0,1727.0,50.4,50.3,50.0,53.2
3157,25759,990.0,H. Björgvin Magnússon,Iceland,Levadiakos,Greece 1 - Super League,Centre Back,Defence,32.0,1447.0,53.9,55.3,56.0,48.4
162868,25662,4136.0,H. Borges Tavares,Portugal,Maccabi Netanya,Israel 1 - Ligat ha'Al,Left Wing,Attack,28.0,2325.0,49.3,48.2,47.3,52.4
3861827,25648,21.0,H. Burrows,England,Sheffield United,England 2 - Championship,Left Back,Defence,23.0,2958.0,55.6,55.4,55.8,52.7
37561124,25598,770.0,H. Cartwright,England,Falkirk,Scotland 1 - Premiership,Defensive Midfield,Midfield,20.0,1183.0,48.3,48.3,49.6,51.3
37704997,25652,2554.0,H. Chakroun,Germany,Hannover 96,Germany 2 - 2. Bundesliga,Left Wing,Attack,20.0,984.0,52.3,52.7,52.1,55.0
6518,25648,42.0,H. Choudhury,England,Leicester City,England 2 - Championship,Defensive Midfield,Midfield,27.0,1495.0,55.1,55.3,52.7,61.9
7026563,25648,4.0,H. Clarke,England,Charlton Athletic,England 2 - Championship,Right Back,Defence,24.0,1530.0,48.9,49.0,49.7,48.7
12602,25649,235.0,H. Clifton,Wales,Doncaster Rovers,England 3 - League One,Central Midfield,Midfield,27.0,2165.0,45.1,45.1,45.7,46.6
37684902,25653,5769.0,H. Coulibaly,Spain,Hartberg,Austria 1 - Admiral Bundesliga,Centre Back,Defence,21.0,1191.0,48.7,48.0,49.0,43.9
537423,25649,28.0,H. Coulson,England,Blackpool,England 3 - League One,Left Back,Defence,27.0,2085.0,44.1,44.1,44.0,53.8
62855,25536,2905.0,H. Dalsgaard,Denmark,AGF,Denmark 1 - Superliga,Right Back,Defence,35.0,2421.0,52.0,51.2,50.4,55.0
339122,25648,33.0,H. Darling,England,Norwich City,England 2 - Championship,Centre Back,Defence,26.0,3017.0,52.5,52.7,52.5,51.4
64296,25607,13775.0,H. Delcroix,Haiti,Lugano,Switzerland 1 - Super League,Centre Back,Defence,26.0,1155.0,51.7,50.6,51.1,55.8
37550999,25599,237672.0,H. Eddine Mrezigue,Algeria,Dynamo Makhachkala,Russia 1 - Premier League,Defensive Midfield,Midfield,25.0,2328.0,54.2,54.7,50.7,53.1
22514393,26164,176.0,H. El Kaouakibi,Morocco,Südtirol,Italy 2 - Serie B,Right Back,Defence,27.0,2526.0,51.1,51.1,51.2,53.7
37360817,25658,7047.0,H. Gambor,Central African Republic,Troyes,France 2 - Ligue 2,Centre Back,Defence,22.0,1088.0,51.9,51.7,53.0,50.0
518764,25601,3283.0,H. Gong Chukwah,Nigeria,Spartak Trnava,Slovakia 1 - Niké Liga,Right Wing,Attack,26.0,932.0,50.5,50.9,51.6,47.2
62729,25759,27943.0,H. Gonçalves Martins de Sousa,Portugal,Kifisia,Greece 1 - Super League,Centre Back,Defence,33.0,2031.0,46.1,45.4,45.2,44.7
37723121,25649,138.0,H. Gray,England,Rotherham United,England 3 - League One,Centre Forward,Attack,16.0,1767.0,45.1,45.0,44.7,43.1
5641028,25584,906.0,H. Guillamón Sanmartín,Spain,Hajduk Split,Croatia 1 - 1. HNL,Defensive Midfield,Midfield,25.0,1377.0,59.4,61.2,59.7,51.8
25188269,25648,7.0,H. Hackney,England,Middlesbrough,England 2 - Championship,Defensive Midfield,Midfield,23.0,3337.0,58.9,59.0,57.1,48.1
539304,25567,6318.0,H. Hajdarević,Bosnia and Herzegovina,Radnik Surdulica,Serbia 1 - Super Liga,Attacking Midfield,Midfield,26.0,2380.0,44.8,44.5,44.5,46.0
25540,25759,134582.0,H. Hermannsson,Iceland,Volos NFC,Greece 1 - Super League,Centre Back,Defence,30.0,2412.0,47.5,47.3,48.0,38.5
21428734,25662,8644.0,H. Hilo,Israel,Bnei Sakhnin,Israel 1 - Ligat ha'Al,Centre Back,Defence,25.0,2159.0,48.3,48.4,50.5,48.1
14338068,25600,2402.0,H. Hong,South Korea,Gent,Belgium 1 - Pro League,Attacking Midfield,Midfield,26.0,900.0,48.2,48.1,48.6,53.9
37577457,25636,8630.0,H. Höllsberg,Denmark,Kolding IF,Denmark 2 - First Division,Right Back,Defence,23.0,1053.0,47.2,46.4,45.7,48.8
37784340,25658,1028.0,H. Ibrahim,Nigeria,Reims,France 2 - Ligue 2,Centre Forward,Attack,19.0,1060.0,54.9,54.9,55.1,50.1
37564767,25607,2866.0,H. Imourane,Benin,Grasshopper,Switzerland 1 - Super League,Defensive Midfield,Midfield,22.0,2024.0,44.6,44.3,44.6,53.8
37564390,25735,7085.0,H. Jahić,Norway,OC Charleroi,Belgium 2 - Challenger Pro League,Centre Back,Defence,24.0,1880.0,42.2,40.7,42.0,47.4
37544516,25682,13860.0,H. Keita,Mali,Kocaelispor,Türkiye 1 - Super Lig,Central Midfield,Midfield,23.0,2053.0,48.1,47.7,47.6,49.6
37541125,25652,956.0,H. Koudossou,Germany,Nürnberg,Germany 2 - 2. Bundesliga,Right Back,Defence,25.0,1174.0,51.5,51.4,51.4,46.3
85623,25652,67.0,H. Kuruçay,Denmark,Schalke 04,Germany 2 - 2. Bundesliga,Centre Back,Defence,27.0,2441.0,51.8,52.2,52.1,52.9
37705747,25637,814.0,H. Kuster,Netherlands,RKC Waalwijk,Netherlands 2 - Eerste Divisie,Attacking Midfield,Midfield,19.0,2023.0,48.1,48.7,48.7,53.2
32796084,25648,25.0,H. Kyprianou,Cyprus,Watford,England 2 - Championship,Defensive Midfield,Midfield,24.0,1915.0,50.1,50.1,51.2,51.8
25548847,25600,700.0,H. Lawrence,England,Standard Liège,Belgium 1 - Pro League,Right Back,Defence,23.0,2432.0,49.1,49.8,49.4,51.5
37261111,25759,990.0,H. Layous,Israel,Levadiakos,Greece 1 - Super League,Left Wing,Attack,24.0,1180.0,49.6,50.2,49.7,51.1
37342718,25536,939.0,H. Lee,South Korea,FC Midtjylland,Denmark 1 - Superliga,Centre Back,Defence,23.0,2339.0,51.2,51.4,52.9,56.3
37619443,25745,4092.0,H. Lee,South Korea,Arouca,Portugal 1 - Liga Portugal,Attacking Midfield,Midfield,22.0,2024.0,51.4,50.2,52.1,44.0
34455259,25649,254.0,H. Leonard,England,Peterborough United,England 3 - League One,Centre Forward,Attack,21.0,2978.0,49.5,49.6,49.1,42.2
97654,25607,13775.0,H. Mahou,France,Lugano,Switzerland 1 - Super League,Right Wing,Attack,26.0,1010.0,50.4,50.8,50.5,62.4
37538552,25662,2997.0,H. Marinho dos Santos,Brazil,Maccabi Tel Aviv,Israel 1 - Ligat ha'Al,Centre Back,Defence,25.0,1588.0,53.7,54.4,53.1,55.8
37764546,25735,227972.0,H. Masaki Muadi-Dado,Belgium,Koninklijke Lierse Sportkring,Belgium 2 - Challenger Pro League,Left Back,Defence,21.0,1964.0,42.6,43.8,44.2,43.3
37603157,25599,237672.0,H. Mastouri,Tunisia,Dynamo Makhachkala,Russia 1 - Premier League,Centre Forward,Attack,28.0,1087.0,50.8,51.0,51.4,52.8
37617297,25652,2554.0,H. Matsuda,Japan,Hannover 96,Germany 2 - 2. Bundesliga,Right Midfield,Midfield,21.0,1370.0,49.9,52.4,48.4,47.6
63049,25535,11356.0,H. Matthys,Belgium,Motor Lublin,Poland 1 - Ekstraklasa,Centre Back,Defence,29.0,2154.0,48.5,48.9,49.9,50.1
362772,25607,1970.0,H. Mendes,Guinea-Bissau,Servette,Switzerland 1 - Super League,Right Back,Defence,27.0,980.0,50.1,48.9,48.6,46.0
37614998,25649,254.0,H. Mills,England,Peterborough United,England 3 - League One,Left Back,Defence,19.0,1774.0,55.1,55.1,54.1,53.3
377964,25598,314.0,H. Milne,Scotland,Hearts,Scotland 1 - Premiership,Left Back,Defence,28.0,2482.0,55.7,55.4,56.7,57.8
11022894,25745,58.0,H. Morita,Japan,Sporting CP,Portugal 1 - Liga Portugal,Central Midfield,Midfield,30.0,1835.0,58.4,58.8,57.8,61.6
99228,25759,781.0,H. Moukoudi,Cameroon,AEK Athens,Greece 1 - Super League,Centre Back,Defence,27.0,2168.0,49.9,49.6,50.3,48.2
37316454,25673,6968.0,H. Novoa Ramos,Spain,Mirandés,Spain 2 - La Liga 2,Right Back,Defence,22.0,1916.0,47.8,48.6,49.6,48.1
12515,25649,115.0,H. Odofin,England,Luton Town,England 3 - League One,Defensive Midfield,Midfield,27.0,1163.0,49.5,49.9,48.2,66.3
29735915,25600,2709.0,H. Oh,South Korea,Genk,Belgium 1 - Pro League,Centre Forward,Attack,24.0,1111.0,57.1,57.4,56.9,49.6
29735915,25682,554.0,H. Oh,South Korea,Beşiktaş,Türkiye 1 - Super Lig,Centre Forward,Attack,24.0,1088.0,52.4,52.3,52.0,50.2
37547164,25662,2997.0,H. Oliveira Alves Varela,Cape Verde,Maccabi Tel Aviv,Israel 1 - Ligat ha'Al,Left Wing,Attack,23.0,1980.0,48.0,47.8,48.1,52.4
159241,25662,516.0,H. Oliveira Lopes,Portugal,Hapoel Be'er Sheva,Israel 1 - Ligat ha'Al,Left Back,Defence,36.0,1908.0,51.2,50.2,49.2,54.9
26906,25641,3195.0,H. Ongenda,France,Botoşani,Romania 1 - Superliga,Attacking Midfield,Midfield,30.0,2745.0,52.6,55.6,51.8,50.5
37689357,25735,2591.0,H. Oware,Ghana,Lommel SK,Belgium 2 - Challenger Pro League,Centre Back,Defence,21.0,1127.0,51.0,51.5,52.7,55.3
37624430,25601,2759.0,H. Pávek,Slovakia,Trenčín,Slovakia 1 - Niké Liga,Right Back,Defence,20.0,2153.0,49.4,49.3,49.0,47.6
4545,25658,6898.0,H. Saivet,Senegal,Clermont,France 2 - Ligue 2,Central Midfield,Midfield,34.0,1383.0,52.5,52.8,52.8,59.6
37698192,25658,1028.0,H. Sekine,Japan,Reims,France 2 - Ligue 2,Right Back,Defence,22.0,1386.0,54.4,53.6,52.0,57.1
37597769,25745,3497.0,H. Sequeira,Portugal,Tondela,Portugal 1 - Liga Portugal,Attacking Midfield,Midfield,21.0,1334.0,51.6,51.3,50.7,49.4
459410,25662,3229.0,H. Shalom,Israel,Hapoel Jerusalem,Israel 1 - Ligat ha'Al,Left Back,Defence,27.0,1234.0,46.0,47.1,46.7,55.7
32819236,25600,340.0,H. Siquet,Belgium,Club Brugge,Belgium 1 - Pro League,Right Back,Defence,23.0,1285.0,60.5,60.0,61.7,58.4
30071846,25682,13860.0,H. Smolčić,Croatia,Kocaelispor,Türkiye 1 - Super Lig,Centre Back,Defence,24.0,2229.0,56.2,57.2,56.3,53.7
23277810,25745,605.0,H. Sudakov,Ukraine,Benfica,Portugal 1 - Liga Portugal,Attacking Midfield,Midfield,22.0,1423.0,55.4,56.0,56.7,51.3
20693616,25600,1947.0,H. Teklab,Germany,OH Leuven,Belgium 1 - Pro League,Left Wing,Attack,26.0,1641.0,48.8,48.3,48.9,58.1
9274006,25682,81.0,H. Türkmen,Türkiye,Antalyaspor,Türkiye 1 - Super Lig,Centre Back,Defence,27.0,1430.0,48.3,48.2,50.0,46.6
37652794,25566,2940.0,H. Vajk Németh,Hungary,MTK,Hungary 1 - NB I,Central Midfield,Midfield,18.0,1561.0,52.3,52.2,52.3,49.0
37326106,25648,47.0,H. Vale,England,Queens Park Rangers,England 2 - Championship,Right Midfield,Midfield,21.0,2158.0,51.7,52.0,51.5,48.9
25169071,25535,2482.0,H. Vallejo Avilés,Spain,Piast Gliwice,Poland 1 - Ekstraklasa,Left Wing,Attack,25.0,1529.0,47.9,47.6,48.4,54.5
61187,25600,2641.0,H. Van der Bruggen,Belgium,Cercle Brugge,Belgium 1 - Pro League,Defensive Midfield,Midfield,32.0,2574.0,53.2,54.7,51.5,53.6
62318,25600,340.0,H. Vanaken,Belgium,Club Brugge,Belgium 1 - Pro League,Attacking Midfield,Midfield,32.0,3367.0,54.4,56.8,54.0,59.2
535792,25607,362.0,H. Vandermersch,France,St. Gallen,Switzerland 1 - Super League,Right Back,Defence,26.0,2814.0,49.0,48.8,49.4,42.8
25109,25597,2396.0,H. Veerman,Netherlands,FC Volendam,Netherlands 1 - Eredivisie,Centre Forward,Attack,34.0,1697.0,49.2,49.3,48.0,44.6
37669790,25735,277379.0,H. Vernemmen,Belgium,Jong Gent,Belgium 2 - Challenger Pro League,Centre Back,Defence,20.0,1069.0,49.9,49.5,48.0,44.9
455776,25600,340.0,H. Vetlesen,Norway,Club Brugge,Belgium 1 - Pro League,Central Midfield,Midfield,25.0,1302.0,54.5,54.2,55.2,46.4
432858,25658,7758.0,H. Voyer,France,Le Mans,France 2 - Ligue 2,Centre Back,Defence,28.0,1759.0,58.1,60.1,59.1,52.0
23277906,25649,409.0,H. White,England,Stevenage,England 3 - League One,Defensive Midfield,Midfield,23.0,3691.0,53.2,53.7,51.8,44.8
1711,25648,42.0,H. Winks,England,Leicester City,England 2 - Championship,Defensive Midfield,Midfield,29.0,2568.0,58.1,58.9,56.7,48.9
263186,25648,117.0,H. Wright,United States,Coventry City,England 2 - Championship,Centre Forward,Attack,27.0,2594.0,54.4,53.9,54.7,51.5
37563550,25598,53.0,H. Yang,South Korea,Celtic,Scotland 1 - Premiership,Right Wing,Attack,23.0,2068.0,49.4,49.7,50.9,58.5
36084776,25567,28029.0,H. Yankov Ivanov,Bulgaria,Železničar Pančevo,Serbia 1 - Super Liga,Central Midfield,Midfield,24.0,1009.0,46.8,46.8,46.7,51.7
37704221,25535,3260.0,H. Zwoźny,Poland,Korona Kielce,Poland 1 - Ekstraklasa,Right Midfield,Midfield,21.0,965.0,40.9,41.6,42.1,54.3
37747932,25745,2628.0,H. da Silva,Brazil,Santa Clara,Portugal 1 - Liga Portugal,Centre Back,Defence,19.0,1031.0,51.4,51.3,52.8,57.2
1487955,25682,3897.0,H. dos Santos,Brazil,Göztepe,Türkiye 1 - Super Lig,Centre Back,Defence,29.0,2871.0,47.4,46.4,47.0,51.0
37621234,25637,1433.0,H. el Dahri,Netherlands,Almere City,Netherlands 2 - Eerste Divisie,Central Midfield,Midfield,20.0,1132.0,52.4,52.9,52.7,47.2
125677,25662,8644.0,I. Abu Abaid,Israel,Bnei Sakhnin,Israel 1 - Ligat ha'Al,Centre Back,Defence,30.0,1184.0,51.1,51.8,53.1,42.9
37719239,25673,9656.0,I. Aguirre Basurko,Spain,Real Sociedad II,Spain 2 - La Liga 2,Central Midfield,Midfield,18.0,1639.0,47.3,47.0,47.1,45.0
170187,25599,452.0,I. Akhmetov,Russia,Krylya Sovetov,Russia 1 - Premier League,Attacking Midfield,Midfield,27.0,1398.0,55.3,54.3,53.7,51.8
189290,25673,361.0,I. Alejo Peralta,Spain,Real Valladolid,Spain 2 - La Liga 2,Right Back,Defence,30.0,2822.0,52.9,54.1,54.4,56.7
37661771,25584,906.0,I. Almena Horcajo,Spain,Hajduk Split,Croatia 1 - 1. HNL,Right Wing,Attack,21.0,1571.0,50.7,51.2,50.9,47.0
37680237,25567,6662.0,I. Alves Gaetan Maiga,Ivory Coast,Čukarički,Serbia 1 - Super Liga,Centre Back,Defence,21.0,1053.0,48.9,47.9,49.3,51.9
37727091,25745,3161.0,I. Ba,Senegal,Famalicão,Portugal 1 - Liga Portugal,Centre Back,Defence,20.0,1655.0,55.2,55.7,57.6,51.9
23715994,25567,3471.0,I. Babić,Serbia,Spartak Subotica,Serbia 1 - Super Liga,Centre Forward,Attack,22.0,1287.0,45.1,45.3,44.9,46.9
23277855,25567,5354.0,I. Bah,Guinea,Radnički Kragujevac,Serbia 1 - Super Liga,Left Wing,Attack,23.0,1078.0,47.0,47.5,47.1,49.1
37532252,25658,9291.0,I. Baldé,France,Rodez,France 2 - Ligue 2,Centre Forward,Attack,22.0,1987.0,52.3,52.1,53.2,47.3
37651207,25600,2709.0,I. Bangoura,Guinea,Genk,Belgium 1 - Pro League,Defensive Midfield,Midfield,21.0,1515.0,51.0,50.1,52.4,57.4
37668735,25637,1435.0,I. Baouf,Morocco,SC Cambuur,Netherlands 2 - Eerste Divisie,Centre Back,Defence,18.0,2610.0,51.7,51.2,51.8,55.0
37745992,25599,6067.0,I. Belikov,Russia,Baltika Kaliningrad,Russia 1 - Premier League,Defensive Midfield,Midfield,20.0,1174.0,48.0,48.0,46.2,59.6
37529168,25662,4136.0,I. Ben Shabat,Israel,Maccabi Netanya,Israel 1 - Ligat ha'Al,Centre Back,Defence,25.0,1642.0,45.4,44.8,47.5,46.0
100190,25584,674.0,I. Bennacer,Algeria,Dinamo Zagreb,Croatia 1 - 1. HNL,Defensive Midfield,Midfield,27.0,956.0,59.9,60.4,58.2,58.9
9302909,25566,2940.0,I. Beriashvili,Georgia,MTK,Hungary 1 - NB I,Centre Back,Defence,27.0,2380.0,49.5,49.7,50.0,58.3
112784,25566,2940.0,I. Bognár,Hungary,MTK,Hungary 1 - NB I,Attacking Midfield,Midfield,34.0,1090.0,54.8,55.0,52.9,40.7
539619,25735,247549.0,I. Boonen,Belgium,KSC Lokeren,Belgium 2 - Challenger Pro League,Attacking Midfield,Midfield,26.0,1014.0,47.1,47.2,46.8,52.8
37695979,25637,2385.0,I. Boumassaoudi,Netherlands,FC Den Bosch,Netherlands 2 - Eerste Divisie,Left Wing,Attack,20.0,1496.0,47.3,46.9,49.3,45.8
3526251,25658,7047.0,I. Boura,Comoros,Troyes,France 2 - Ligue 2,Left Back,Defence,24.0,2230.0,54.2,53.3,52.6,58.8
3181365,25759,134582.0,I. Bouzoukis,Greece,Volos NFC,Greece 1 - Super League,Attacking Midfield,Midfield,27.0,932.0,49.8,50.6,49.5,67.6
37577573,25637,1731.0,I. Breugelmans,Belgium,MVV Maastricht,Netherlands 2 - Eerste Divisie,Centre Back,Defence,24.0,2615.0,47.4,46.7,48.2,44.6
3568482,25597,1652.0,I. Bronkhorst,Netherlands,Excelsior,Netherlands 1 - Eredivisie,Right Back,Defence,28.0,2348.0,49.8,48.9,48.8,56.7
6042,25673,11354.0,I. Calero Ruiz,Spain,Cultural Leonesa,Spain 2 - La Liga 2,Right Back,Defence,30.0,2309.0,50.5,50.5,51.8,45.1
37637485,25600,2555.0,I. Camara,Senegal,Anderlecht,Belgium 1 - Pro League,Right Back,Defence,22.0,1310.0,54.9,54.6,53.7,50.2
21413525,25535,3191.0,I. Camará,Guinea,Radomiak Radom,Poland 1 - Ekstraklasa,Defensive Midfield,Midfield,26.0,1249.0,52.3,53.2,53.3,47.4
189238,25673,6827.0,I. Carcelén Valencia,Spain,Cádiz,Spain 2 - La Liga 2,Right Back,Defence,32.0,2364.0,55.4,54.3,52.5,57.7
97723,25658,108.0,I. Cardona,France,Saint-Étienne,France 2 - Ligue 2,Right Wing,Attack,28.0,2001.0,53.7,53.3,52.9,50.9
538536,25567,28023.0,I. Casas Casado,Spain,IMT Novi Beograd,Serbia 1 - Super Liga,Right Back,Defence,24.0,2566.0,49.1,48.8,49.6,50.4
65516,25648,47.0,I. Chair,Morocco,Queens Park Rangers,England 2 - Championship,Attacking Midfield,Midfield,27.0,944.0,55.5,54.8,55.6,49.4
7181,25759,118.0,I. Chatzitheodoridis,Greece,OFI,Greece 1 - Super League,Left Back,Defence,27.0,1125.0,46.7,47.0,46.9,46.1
7742257,25607,462.0,I. Chouaref,France,Sion,Switzerland 1 - Super League,Left Wing,Attack,24.0,2952.0,53.2,53.4,52.9,52.9
37577572,25649,16.0,I. Cissoko,Netherlands,Bolton Wanderers,England 3 - League One,Left Wing,Attack,22.0,1134.0,52.2,52.9,52.5,54.0
98833,25566,112.0,I. Cissé,France,Ferencvárosi,Hungary 1 - NB I,Centre Back,Defence,29.0,1427.0,50.7,50.5,50.4,45.5
127378,25662,6900.0,I. Cohen,Israel,Hapoel Petah Tikva,Israel 1 - Ligat ha'Al,Right Back,Defence,29.0,1529.0,45.4,45.8,46.6,46.6
37774107,25658,7758.0,I. Cossier,France,Le Mans,France 2 - Ligue 2,Centre Back,Defence,18.0,1397.0,50.1,49.6,51.6,51.2
30468674,25653,3369.0,I. Coulibaly,Mali,LASK Linz,Austria 1 - Admiral Bundesliga,Central Midfield,Midfield,24.0,1078.0,47.1,46.2,46.1,58.1
165128,25641,9426.0,I. Cristea,Romania,Universitatea Cluj,Romania 1 - Superliga,Centre Back,Defence,30.0,2678.0,47.2,46.6,50.3,44.3
189211,25673,8366.0,I. Córdoba Kerejeta,Spain,Burgos,Spain 2 - La Liga 2,Left Wing,Attack,28.0,2699.0,47.0,47.6,47.2,62.6
37720968,25673,6968.0,I. Córdoba Sánchez,Spain,Mirandés,Spain 2 - La Liga 2,Centre Back,Defence,19.0,1400.0,50.6,50.6,48.5,49.1
37579912,25567,5634.0,I. Davidović,Serbia,Novi Pazar,Serbia 1 - Super Liga,Right Wing,Attack,29.0,2966.0,45.4,45.4,45.3,53.3
37907411,25662,5897.0,I. Diakite,Ivory Coast,Ashdod,Israel 1 - Ligat ha'Al,Centre Back,Defence,21.0,2769.0,46.1,45.6,47.2,44.0
15764248,25599,543.0,I. Diveev,Russia,CSKA Moskva,Russia 1 - Premier League,Centre Back,Defence,25.0,1440.0,50.9,50.7,53.8,58.1
15764248,25599,2963.0,I. Diveev,Russia,Zenit,Russia 1 - Premier League,Centre Back,Defence,25.0,1034.0,55.9,56.4,57.4,52.9
37557472,25599,2712.0,I. Dmitriev,Russia,Spartak Moskva,Russia 1 - Premier League,Left Wing,Attack,20.0,1165.0,55.8,54.9,53.9,59.3
9302755,25598,282.0,I. Dolček,Croatia,Dundee United,Scotland 1 - Premiership,Left Wing,Attack,25.0,1008.0,51.6,51.7,52.6,48.2
37589869,26164,267.0,I. Doumbia,Italy,Venezia,Italy 2 - Serie B,Central Midfield,Midfield,21.0,3124.0,52.3,52.1,52.4,45.7
37611109,25535,2482.0,I. Drapiński,Poland,Piast Gliwice,Poland 1 - Ekstraklasa,Centre Back,Defence,21.0,2422.0,47.8,47.2,47.3,43.9
533587,25641,3195.0,I. Dumiter,Romania,Botoşani,Romania 1 - Superliga,Centre Forward,Attack,26.0,1746.0,47.0,47.2,47.2,52.5
37296256,25637,1073.0,I. El Kadiri,Morocco,De Graafschap,Netherlands 2 - Eerste Divisie,Left Wing,Attack,23.0,1895.0,54.2,54.4,54.3,47.3
32386285,25649,294.0,I. El Mizouni,Tunisia,Leyton Orient,England 3 - League One,Central Midfield,Midfield,24.0,1716.0,48.9,48.5,47.7,57.4
9616692,25662,229320.0,I. Elmkies,Israel,Maccabi Bnei Raina,Israel 1 - Ligat ha'Al,Central Midfield,Midfield,25.0,1802.0,44.8,44.1,44.3,44.6
37727058,25658,6898.0,I. Fakili,France,Clermont,France 2 - Ligue 2,Left Wing,Attack,19.0,1820.0,49.2,49.4,49.2,49.2
3073,25597,1459.0,I. Ferreira Mendonca Pinto,Portugal,Fortuna Sittard,Netherlands 1 - Eredivisie,Right Back,Defence,35.0,2048.0,50.6,50.6,50.7,47.4
37588296,25600,357.0,I. Ferri,Spain,Westerlo,Belgium 1 - Pro League,Centre Forward,Attack,20.0,2913.0,49.6,49.2,49.6,57.8
37614987,25658,840.0,I. Fofana,France,Amiens SC,France 2 - Ligue 2,Defensive Midfield,Midfield,21.0,2407.0,49.4,49.0,52.3,52.6
37600364,25745,58.0,I. Fresneda Corraliza,Spain,Sporting CP,Portugal 1 - Liga Portugal,Right Back,Defence,20.0,1617.0,53.9,53.5,53.2,55.8
126314,25662,229320.0,I. Ganaem,Israel,Maccabi Bnei Raina,Israel 1 - Ligat ha'Al,Defensive Midfield,Midfield,29.0,1091.0,46.9,46.4,48.7,50.2
25922181,25673,238115.0,I. García de Albéniz Crecente,Spain,FC Andorra,Spain 2 - La Liga 2,Left Back,Defence,25.0,1476.0,50.6,50.4,50.6,53.4
25922118,25759,7261.0,I. Gelashvili,Georgia,Panserraikos,Greece 1 - Super League,Centre Back,Defence,24.0,2097.0,44.5,43.7,44.7,43.2
12148408,25673,2921.0,I. Gil Calero,Spain,Las Palmas,Spain 2 - La Liga 2,Attacking Midfield,Midfield,25.0,941.0,52.7,54.0,52.5,50.9
37658223,25673,103.0,I. González Muñoz,Spain,Granada,Spain 2 - La Liga 2,Central Midfield,Midfield,20.0,1210.0,51.5,51.4,51.2,53.4
37345947,25637,2344.0,I. Griffith,Netherlands,Roda JC Kerkrade,Netherlands 2 - Eerste Divisie,Right Wing,Attack,23.0,1974.0,50.0,49.9,49.6,48.8
129857,25682,347.0,I. Hagi,Romania,Alanyaspor,Türkiye 1 - Super Lig,Attacking Midfield,Midfield,26.0,1405.0,52.1,50.8,52.3,54.0
37577768,25658,840.0,I. Hamache,France,Amiens SC,France 2 - Ligue 2,Left Wing,Attack,22.0,1233.0,48.5,48.8,49.0,47.8
24817132,25600,700.0,I. Hautekiet,Belgium,Standard Liège,Belgium 1 - Pro League,Centre Back,Defence,23.0,2946.0,45.7,44.3,44.8,55.8
2954,25648,47.0,I. Hayden,England,Queens Park Rangers,England 2 - Championship,Defensive Midfield,Midfield,30.0,1485.0,48.9,48.4,47.4,55.7
37776499,25735,1130.0,I. Hurtevent,Belgium,KV Kortrijk,Belgium 2 - Challenger Pro League,Right Wing,Attack,20.0,972.0,54.6,55.0,54.7,55.0
124165,25662,229320.0,I. Hutba,Israel,Maccabi Bnei Raina,Israel 1 - Ligat ha'Al,Right Back,Defence,37.0,1655.0,49.7,48.9,48.3,47.2
321093,25597,73.0,I. Hwang,South Korea,Feyenoord,Netherlands 1 - Eredivisie,Defensive Midfield,Midfield,28.0,994.0,56.4,55.7,53.2,53.7
24817153,25598,282.0,I. Iovu,Moldova,Dundee United,Scotland 1 - Premiership,Centre Back,Defence,23.0,2252.0,45.2,44.8,43.3,49.4
3861304,25682,34.0,I. Jakobs,Senegal,Galatasaray,Türkiye 1 - Super Lig,Left Back,Defence,25.0,1300.0,52.9,53.5,53.3,61.6
37676531,25745,35867.0,I. James,Nigeria,Alverca,Portugal 1 - Liga Portugal,Left Back,Defence,,1306.0,52.5,52.6,53.0,54.7
37542362,25597,61.0,I. Jensen,Denmark,AZ,Netherlands 1 - Eredivisie,Left Wing,Attack,21.0,2043.0,55.7,55.8,55.0,55.4
37336543,25649,115.0,I. Jones,England,Luton Town,England 3 - League One,Right Wing,Attack,26.0,1258.0,46.3,45.9,45.8,61.2
30446925,25648,283.0,I. Kabore,Burkina Faso,Wrexham,England 2 - Championship,Right Back,Defence,24.0,2273.0,53.2,54.8,56.3,51.6
205534,25759,7261.0,I. Kalinin,Russia,Panserraikos,Greece 1 - Super League,Left Back,Defence,29.0,1763.0,48.9,48.2,47.4,52.6
27048713,25600,700.0,I. Karamoko,France,Standard Liège,Belgium 1 - Pro League,Centre Back,Defence,24.0,2181.0,49.1,47.9,47.4,52.9
37717672,25584,5428.0,I. Katić,Croatia,Lokomotiva Zagreb,Croatia 1 - 1. HNL,Defensive Midfield,Midfield,19.0,1120.0,47.7,47.6,48.7,47.3
37656896,25662,229320.0,I. Khalaili,Israel,Maccabi Bnei Raina,Israel 1 - Ligat ha'Al,Right Wing,Attack,19.0,1805.0,46.4,47.1,46.9,50.1
37516937,25599,6564.0,I. Komarov,Russia,Rostov,Russia 1 - Premier League,Attacking Midfield,Midfield,22.0,1096.0,49.9,50.3,49.9,54.0
37336765,25759,649.0,I. Konstantelias,Greece,PAOK,Greece 1 - Super League,Attacking Midfield,Midfield,22.0,1683.0,54.2,55.7,56.1,47.7
30875566,25673,274.0,I. Kortajarena Canellada,Spain,Huesca,Spain 2 - La Liga 2,Central Midfield,Midfield,25.0,2020.0,51.0,51.4,51.1,50.5
78039,25759,990.0,I. Kosti,Cyprus,Levadiakos,Greece 1 - Super League,Central Midfield,Midfield,25.0,2159.0,54.6,54.1,54.3,47.4
25922202,26164,4070.0,I. Koutsoupias,Greece,Frosinone,Italy 2 - Serie B,Central Midfield,Midfield,24.0,2579.0,49.3,49.1,49.1,47.5
462329,25662,2495.0,I. Kričak,Serbia,Hapoel Haifa,Israel 1 - Ligat ha'Al,Centre Back,Defence,29.0,1246.0,45.8,45.5,46.8,42.1
164499,25641,134619.0,I. Larie,Romania,Farul Constanța,Romania 1 - Superliga,Centre Back,Defence,38.0,3067.0,54.8,55.6,57.1,47.0
37667026,25584,2500.0,I. Lepinjica,Croatia,Slaven Koprivnica,Croatia 1 - 1. HNL,Right Wing,Attack,26.0,1073.0,43.3,44.0,43.1,50.9
37600539,25599,452.0,I. Lepskiy,Russia,Krylya Sovetov,Russia 1 - Premier League,Centre Back,Defence,20.0,1149.0,49.6,49.4,50.1,53.0
162216,25682,3990.0,I. Lichnovsky Osorio,Chile,Fatih Karagümrük,Türkiye 1 - Super Lig,Centre Back,Defence,31.0,1170.0,49.0,48.2,48.1,49.3
191329,25652,482.0,I. Lidberg,Sweden,Darmstadt 98,Germany 2 - 2. Bundesliga,Centre Forward,Attack,26.0,2533.0,50.7,50.7,51.3,45.1
8417849,25745,7035.0,I. Liziero Pereira,Brazil,Nacional,Portugal 1 - Liga Portugal,Central Midfield,Midfield,27.0,2346.0,52.4,52.4,51.6,49.8
3876535,25648,25.0,I. Louza,Morocco,Watford,England 2 - Championship,Central Midfield,Midfield,26.0,3589.0,60.3,60.2,59.6,50.8
37744628,25658,6898.0,I. M'Bahia,Ivory Coast,Clermont,France 2 - Ligue 2,Centre Back,Defence,20.0,2168.0,52.9,52.5,53.1,49.6
3526277,25641,9426.0,I. Macalou,France,Universitatea Cluj,Romania 1 - Superliga,Right Wing,Attack,26.0,2360.0,55.6,55.2,54.0,46.7
37354853,25662,3229.0,I. Madmon,Israel,Hapoel Jerusalem,Israel 1 - Ligat ha'Al,Central Midfield,Midfield,22.0,909.0,51.0,50.0,50.8,45.2
74193,25584,7684.0,I. Mamut,Croatia,Varaždin,Croatia 1 - 1. HNL,Centre Forward,Attack,28.0,1569.0,52.0,52.4,51.9,46.7
366843,26164,7818.0,I. Marconi,Italy,Virtus Entella,Italy 2 - Serie B,Centre Back,Defence,35.0,2968.0,47.8,47.0,48.5,49.1
37372364,25641,1026.0,I. Marginean,Romania,Dinamo Bucureşti,Romania 1 - Superliga,Defensive Midfield,Midfield,24.0,1463.0,50.3,51.0,51.8,54.8
449818,25567,28023.0,I. Martos Campillo,Spain,IMT Novi Beograd,Serbia 1 - Super Liga,Left Back,Defence,28.0,1396.0,48.6,47.7,47.3,45.3
37543378,25673,344.0,I. Martín Gómez,Spain,Sporting Gijón,Spain 2 - La Liga 2,Central Midfield,Midfield,23.0,1723.0,49.0,48.9,48.7,47.0
1477637,25745,4092.0,I. Martínez Gonzálvez,Spain,Arouca,Portugal 1 - Liga Portugal,Centre Forward,Attack,26.0,1907.0,49.9,49.9,49.4,50.0
37666757,25673,126.0,I. Merino Rodríguez,Spain,Málaga,Spain 2 - La Liga 2,Central Midfield,Midfield,19.0,2934.0,49.3,48.6,48.4,41.7
9939028,25597,1403.0,I. Mesík,Slovakia,Heracles Almelo,Netherlands 1 - Eredivisie,Centre Back,Defence,24.0,2633.0,49.1,47.9,47.5,42.7
23698010,25759,649.0,I. Michailidis,Greece,PAOK,Greece 1 - Super League,Centre Back,Defence,25.0,1660.0,58.0,59.4,60.5,52.0
10275578,25636,211.0,I. Miličević,Bosnia and Herzegovina,Horsens,Denmark 2 - First Division,Left Back,Defence,27.0,1534.0,51.4,52.1,55.0,48.3
1474,25673,844.0,I. Miquel i Pons,Spain,Leganés,Spain 2 - La Liga 2,Centre Back,Defence,32.0,2310.0,48.9,49.2,50.7,49.0
37308223,25745,11741.0,I. Mohamed,Comoros,Casa Pia,Portugal 1 - Liga Portugal,Defensive Midfield,Midfield,24.0,955.0,54.1,54.1,50.8,55.6
448379,25673,618.0,I. Mohammed,Ghana,Almería,Spain 2 - La Liga 2,Central Midfield,Midfield,29.0,1477.0,52.0,52.5,52.3,60.0
37372373,26164,4070.0,I. Monterisi,Italy,Frosinone,Italy 2 - Serie B,Centre Back,Defence,23.0,2042.0,51.0,50.3,50.4,61.8
37332149,25648,116.0,I. Monzón,Spain,Ipswich Town,England 2 - Championship,Centre Forward,Attack,22.0,1822.0,53.6,53.9,53.5,53.0
187162,25597,1459.0,I. Márquez Álvarez,Spain,Fortuna Sittard,Netherlands 1 - Eredivisie,Centre Back,Defence,31.0,2503.0,44.1,42.5,44.2,51.5
165362,25599,237670.0,I. Nedelcearu,Romania,Akron,Russia 1 - Premier League,Centre Back,Defence,29.0,2219.0,50.6,50.6,50.5,44.6
3533873,25652,3611.0,I. Nekić,Croatia,Holstein Kiel,Germany 2 - 2. Bundesliga,Centre Back,Defence,24.0,1418.0,54.7,54.7,52.4,53.5
73913,25584,2500.0,I. Nestorovski,Macedonia,Slaven Koprivnica,Croatia 1 - 1. HNL,Centre Forward,Attack,35.0,1767.0,49.6,49.5,49.4,51.7
91924,25649,185.0,I. Niskanen,Finland,Exeter City,England 3 - League One,Right Midfield,Midfield,27.0,4140.0,48.5,46.7,48.3,44.3
22136643,25662,2997.0,I. Noy,Israel,Maccabi Tel Aviv,Israel 1 - Ligat ha'Al,Defensive Midfield,Midfield,24.0,1495.0,54.6,54.3,51.9,50.8
37392986,25735,2412.0,I. Nuhu,Ghana,KAS Eupen,Belgium 2 - Challenger Pro League,Left Wing,Attack,23.0,2526.0,48.9,48.5,49.7,47.7
170648,25599,543.0,I. Oblyakov,Russia,CSKA Moskva,Russia 1 - Premier League,Central Midfield,Midfield,27.0,2549.0,56.5,56.6,56.0,55.3
12790042,25591,216.0,I. Ogbu,Nigeria,Slavia Praha,Czech Republic 1 - Chance Liga,Centre Back,Defence,25.0,1037.0,49.3,48.3,50.9,61.2
37391635,25649,301.0,I. Ogundere,England,AFC Wimbledon,England 3 - League One,Centre Back,Defence,22.0,4019.0,46.0,46.1,44.1,42.0
37681890,25652,2554.0,I. Okon,South Africa,Hannover 96,Germany 2 - 2. Bundesliga,Centre Back,Defence,21.0,1714.0,53.3,52.5,52.6,49.2
37369292,25682,1041.0,I. Olawoyin,Nigeria,Rizespor,Türkiye 1 - Super Lig,Central Midfield,Midfield,27.0,2042.0,50.9,51.9,52.1,54.2
374549,25599,452.0,I. Oleynikov,Russia,Krylya Sovetov,Russia 1 - Premier League,Right Wing,Attack,26.0,1508.0,51.2,51.4,52.0,51.1
37643310,25535,1266.0,I. Orlikowski,Poland,Zagłębie Lubin,Poland 1 - Ekstraklasa,Right Back,Defence,19.0,1313.0,43.6,44.8,45.4,45.3
37549513,25648,12.0,I. Osman,Ghana,Birmingham City,England 2 - Championship,Left Wing,Attack,20.0,993.0,53.6,53.3,54.0,60.2
37553526,25536,1789.0,I. Ouédraogo,Burkina Faso,Odense BK,Denmark 1 - Superliga,Defensive Midfield,Midfield,25.0,2082.0,51.6,52.4,51.8,50.9
31002,25597,682.0,I. Perišić,Croatia,PSV,Netherlands 1 - Eredivisie,Left Wing,Attack,36.0,2219.0,58.0,56.6,56.1,59.6
170070,25599,6067.0,I. Petrov,Russia,Baltika Kaliningrad,Russia 1 - Premier League,Central Midfield,Midfield,30.0,1923.0,52.9,53.3,53.1,39.5
160341,25566,3955.0,I. Picanço Medeiros,Portugal,Újpest,Hungary 1 - NB I,Right Wing,Attack,31.0,963.0,49.1,48.8,49.1,43.2
70894,25735,2412.0,I. Plastun,Ukraine,KAS Eupen,Belgium 2 - Challenger Pro League,Centre Back,Defence,34.0,1707.0,46.9,46.0,49.5,50.9
540670,25584,8082.0,I. Pozo La Rosa,Spain,Gorica,Croatia 1 - 1. HNL,Defensive Midfield,Midfield,24.0,2716.0,51.6,51.1,49.6,54.1
37344240,25648,10.0,I. Price,Northern Ireland,West Bromwich Albion,England 2 - Championship,Central Midfield,Midfield,21.0,3646.0,48.7,48.1,48.7,45.4
133934,25652,1638.0,I. Prtajin,Croatia,Kaiserslautern,Germany 2 - 2. Bundesliga,Centre Forward,Attack,29.0,1032.0,54.7,54.2,55.9,51.6
37643676,25641,10266.0,I. Pîrvu,Romania,Argeş,Romania 1 - Superliga,Left Wing,Attack,18.0,1624.0,43.9,44.6,44.7,54.4
7034510,25601,3137.0,I. Revenco,Moldova,Tatran Prešov,Slovakia 1 - Niké Liga,Right Back,Defence,25.0,1259.0,45.6,45.7,46.3,48.6
37332715,25662,6900.0,I. Rotman,Israel,Hapoel Petah Tikva,Israel 1 - Ligat ha'Al,Centre Back,Defence,23.0,2961.0,55.3,56.7,57.4,45.4
37600506,25599,35.0,I. Rozhkov,Russia,Rubin Kazan,Russia 1 - Premier League,Left Back,Defence,20.0,2164.0,48.2,47.8,47.6,52.7
7698438,25673,8366.0,I. Ruiz,Spain,Burgos,Spain 2 - La Liga 2,Central Midfield,Midfield,24.0,3399.0,52.0,51.9,52.4,47.0
31238222,25673,931.0,I. Ruiz Sánchez,Spain,Córdoba,Spain 2 - La Liga 2,Central Midfield,Midfield,24.0,3037.0,51.2,51.6,50.9,54.6
167739,25641,10266.0,I. Rădescu,Romania,Argeş,Romania 1 - Superliga,Central Midfield,Midfield,30.0,1464.0,44.3,44.9,45.9,46.8
458800,25599,5585.0,I. Saavedra Pino,Chile,Sochi,Russia 1 - Premier League,Defensive Midfield,Midfield,26.0,1398.0,51.5,51.7,52.6,46.7
37317434,25597,682.0,I. Saibari Ben El Basra,Morocco,PSV,Netherlands 1 - Eredivisie,Attacking Midfield,Midfield,24.0,2147.0,57.8,57.1,58.3,51.8
37537848,25600,357.0,I. Sakamoto,Japan,Westerlo,Belgium 1 - Pro League,Attacking Midfield,Midfield,21.0,3042.0,51.3,51.3,52.1,42.7
37613533,25607,468.0,I. Salah,Morocco,Basel,Switzerland 1 - Super League,Left Wing,Attack,23.0,1232.0,54.1,53.7,54.0,55.4
28912837,25598,284.0,I. Samuels,England,Dundee,Scotland 1 - Premiership,Left Back,Defence,22.0,2094.0,46.9,47.5,47.2,47.9
37589995,25673,361.0,I. San José Cantalejo,Spain,Real Valladolid,Spain 2 - La Liga 2,Attacking Midfield,Midfield,21.0,2339.0,52.8,51.9,52.5,44.6
23233051,25607,389.0,I. Sauter,Switzerland,Zürich,Switzerland 1 - Super League,Centre Back,Defence,24.0,1548.0,52.2,52.1,49.8,56.8
37341882,25598,309.0,I. Sa’id,Nigeria,Motherwell,Scotland 1 - Premiership,Right Wing,Attack,23.0,2254.0,49.6,50.6,49.5,51.1
37601122,25600,355.0,I. Sebaoui,Morocco,Sint-Truiden,Belgium 1 - Pro League,Left Wing,Attack,23.0,3278.0,49.3,49.3,49.3,51.7
381886,25673,274.0,I. Sebastián Magaña,Spain,Huesca,Spain 2 - La Liga 2,Centre Back,Defence,30.0,2786.0,46.4,45.7,47.0,47.3
138069,25599,2468.0,I. Sergeev,Russia,Dinamo Moskva,Russia 1 - Premier League,Centre Forward,Attack,30.0,1616.0,52.2,52.1,52.1,47.2
9939165,25662,2997.0,I. Shahar,Israel,Maccabi Tel Aviv,Israel 1 - Ligat ha'Al,Central Midfield,Midfield,24.0,1997.0,49.2,48.3,49.1,47.3
1872573,25535,2764.0,I. Shkurin,Belarus,Katowice,Poland 1 - Ekstraklasa,Centre Forward,Attack,25.0,1263.0,48.7,48.8,48.9,52.3
37332018,25599,237672.0,I. Shumakhov,Russia,Dynamo Makhachkala,Russia 1 - Premier League,Centre Back,Defence,26.0,1501.0,50.9,52.1,49.1,55.3
125669,25662,6810.0,I. Shviro,Israel,Ironi Tiberias,Israel 1 - Ligat ha'Al,Centre Forward,Attack,27.0,1210.0,47.7,47.7,47.4,43.0
190775,25599,3578.0,I. Silva Lima,Brazil,Akhmat Grozny,Russia 1 - Premier League,Central Midfield,Midfield,30.0,2217.0,53.1,53.3,52.5,50.0
37631794,25637,1731.0,I. Silva Timas,Netherlands,MVV Maastricht,Netherlands 2 - Eerste Divisie,Left Wing,Attack,22.0,2505.0,49.7,49.5,48.7,46.3
37447145,25662,2997.0,I. Sissokho,Mali,Maccabi Tel Aviv,Israel 1 - Ligat ha'Al,Defensive Midfield,Midfield,23.0,1735.0,52.3,52.4,51.9,45.0
167754,25641,12619.0,I. Stoica,Romania,Hermannstadt,Romania 1 - Superliga,Centre Back,Defence,37.0,2087.0,42.9,41.3,44.2,53.9
7034592,25745,12152.0,I. Stoica,Romania,Estrela Amadora,Portugal 1 - Liga Portugal,Left Wing,Attack,22.0,1674.0,48.5,47.8,48.3,48.7
37619355,25535,2512.0,I. Strzałek,Poland,Nieciecza,Poland 1 - Ekstraklasa,Attacking Midfield,Midfield,21.0,1292.0,45.8,43.8,46.8,49.1
446992,25673,10008.0,I. Suero Fernández,Spain,Castellón,Spain 2 - La Liga 2,Attacking Midfield,Midfield,31.0,1114.0,59.0,57.2,58.4,56.3
95916,25759,2934.0,I. Sylla,Guinea,Asteras Tripolis,Greece 1 - Super League,Left Back,Defence,31.0,1781.0,48.1,48.9,48.6,53.4
37492922,25662,5897.0,I. Tamam,Israel,Ashdod,Israel 1 - Ligat ha'Al,Central Midfield,Midfield,24.0,1900.0,48.0,48.3,48.5,40.7
294029,25567,2707.0,I. Tanko,Ghana,Javor Ivanjica,Serbia 1 - Super Liga,Left Wing,Attack,26.0,1090.0,43.1,43.0,43.3,54.5
9939206,25637,1128.0,I. Thomas,Curaçao,ADO Den Haag,Netherlands 2 - Eerste Divisie,Left Wing,Attack,24.0,940.0,53.7,53.0,52.8,64.5
4592204,25636,2650.0,I. Thorvaldsson,Iceland,Lyngby Boldklub,Denmark 2 - First Division,Centre Forward,Attack,24.0,1546.0,47.6,47.6,47.1,53.7
15040,25649,137.0,I. Touray,Gambia,Bradford City,England 3 - League One,Left Back,Defence,30.0,3824.0,50.7,50.4,49.4,56.2
37580918,25636,8630.0,I. Tånnander,Denmark,Kolding IF,Denmark 2 - First Division,Left Wing,Attack,24.0,2182.0,46.6,46.1,47.1,45.6
24830070,25599,6564.0,I. Vakhaniya,Russia,Rostov,Russia 1 - Premier League,Right Back,Defence,24.0,2526.0,49.5,49.5,49.7,47.5
37566514,25649,305.0,I. Varfolomeev,Ukraine,Lincoln City,England 3 - League One,Defensive Midfield,Midfield,21.0,1682.0,45.7,44.1,45.0,49.8
533882,25673,9818.0,I. Vicente Elorduy,Spain,Racing Santander,Spain 2 - La Liga 2,Left Wing,Attack,27.0,3280.0,58.7,58.5,56.9,52.7
16144770,25673,931.0,I. Vilarrasa Palacios,Spain,Córdoba,Spain 2 - La Liga 2,Left Back,Defence,25.0,1564.0,53.6,52.6,52.8,45.3
147512,25599,35.0,I. Vujačić,Montenegro,Rubin Kazan,Russia 1 - Premier League,Centre Back,Defence,30.0,2250.0,48.0,47.4,48.1,50.1
165174,25641,134619.0,I. Vînă,Romania,Farul Constanța,Romania 1 - Superliga,Central Midfield,Midfield,30.0,2843.0,50.0,50.5,50.1,44.9
37634597,25597,1652.0,I. Yegoian,Georgia,Excelsior,Netherlands 1 - Eredivisie,Attacking Midfield,Midfield,21.0,2677.0,48.0,47.5,49.0,56.0
178049,25662,516.0,I. Zlatanović,Serbia,Hapoel Be'er Sheva,Israel 1 - Ligat ha'Al,Centre Forward,Attack,27.0,2616.0,49.8,50.1,49.3,43.1
37787740,25637,1128.0,I. de Ruijter,Netherlands,ADO Den Haag,Netherlands 2 - Eerste Divisie,Left Wing,Attack,18.0,1337.0,50.2,50.5,50.0,55.8
160091,25535,11356.0,I. dos Santos Rodrigues,Portugal,Motor Lublin,Poland 1 - Ekstraklasa,Attacking Midfield,Midfield,30.0,2452.0,49.4,51.0,49.2,58.7
24838185,25584,2500.0,I. Ćubelić,Croatia,Slaven Koprivnica,Croatia 1 - 1. HNL,Attacking Midfield,Midfield,22.0,2311.0,43.4,45.8,44.2,59.0
37445197,25599,237670.0,I. Đakovac,Serbia,Akron,Russia 1 - Premier League,Central Midfield,Midfield,27.0,1718.0,49.9,49.5,50.6,50.5
37414398,25584,7684.0,Iuri Tavares,Cape Verde,Varaždin,Croatia 1 - 1. HNL,Left Wing,Attack,24.0,2065.0,47.1,47.9,48.0,58.9
20811174,25673,274.0,J. Abad Martínez,Spain,Huesca,Spain 2 - La Liga 2,Right Back,Defence,28.0,1909.0,50.0,49.5,49.8,44.7
37575719,25648,25.0,J. Abankwah,Republic of Ireland,Watford,England 2 - Championship,Centre Back,Defence,21.0,2603.0,50.9,50.6,49.8,52.5
37633249,25607,468.0,J. Adjei Adjetey,Ghana,Basel,Switzerland 1 - Super League,Centre Back,Defence,21.0,1255.0,50.1,49.8,52.0,58.4
37907119,25600,6722.0,J. Afriyie,Ghana,La Louvière,Belgium 1 - Pro League,Centre Forward,Attack,18.0,2498.0,46.0,46.0,46.6,44.1
26516441,25759,213.0,J. Aguirre de Céspedes,Spain,Panaitolikos,Greece 1 - Super League,Centre Forward,Attack,25.0,1109.0,49.0,48.9,48.6,48.6
173158,25649,185.0,J. Aitchison,Scotland,Exeter City,England 3 - League One,Attacking Midfield,Midfield,25.0,2461.0,47.7,47.4,47.2,48.1
37578628,25600,357.0,J. Alcócer,Costa Rica,Westerlo,Belgium 1 - Pro League,Left Wing,Attack,21.0,2723.0,50.2,49.9,49.4,50.8
379218,25636,8630.0,J. Alfaro Ligero,Spain,Kolding IF,Denmark 2 - First Division,Attacking Midfield,Midfield,34.0,1180.0,49.0,49.6,48.0,48.2
2846749,25673,274.0,J. Alonso Sosa,Spain,Huesca,Spain 2 - La Liga 2,Left Back,Defence,26.0,2199.0,46.5,47.0,47.0,49.0
37709746,25637,814.0,J. Altena,Netherlands,RKC Waalwijk,Netherlands 2 - Eerste Divisie,Right Back,Defence,21.0,1819.0,55.3,56.2,55.8,57.0
2510835,25745,12152.0,J. Alves Rodrigues,Portugal,Estrela Amadora,Portugal 1 - Liga Portugal,Centre Forward,Attack,26.0,1218.0,49.5,49.7,48.8,42.5
189297,25673,60.0,J. Amador Silos,Portugal,SD Eibar,Spain 2 - La Liga 2,Centre Back,Defence,35.0,1473.0,42.9,41.6,43.0,43.8
37778220,25600,1118.0,J. Amankwaah Opoku,Ghana,Zulte-Waregem,Belgium 1 - Pro League,Left Wing,Attack,19.0,2293.0,52.2,51.9,52.1,42.8
156582,25566,3955.0,J. Aniceto Grandela Nunes,Portugal,Újpest,Hungary 1 - NB I,Centre Back,Defence,29.0,2418.0,46.0,45.5,47.3,43.7
24817389,25653,3678.0,J. Antiste,France,SK Rapid,Austria 1 - Admiral Bundesliga,Centre Forward,Attack,22.0,1529.0,49.6,49.7,49.5,52.4
25217663,25759,27943.0,J. Antonisse,Curaçao,Kifisia,Greece 1 - Super League,Left Wing,Attack,23.0,2005.0,48.4,48.5,48.4,53.0
161308,25745,1198.0,J. Antunes Carvalho,Portugal,Estoril,Portugal 1 - Liga Portugal,Attacking Midfield,Midfield,28.0,2797.0,56.2,56.0,53.8,49.8
8409974,25745,3497.0,J. Antunes da Silva,Portugal,Tondela,Portugal 1 - Liga Portugal,Centre Back,Defence,26.0,996.0,47.1,46.2,49.1,51.8
1477653,25658,1838.0,J. Anziani,France,Pau,France 2 - Ligue 2,Central Midfield,Midfield,26.0,966.0,53.2,52.4,52.8,46.5
37767705,25597,1652.0,J. Armantrading,Netherlands,Excelsior,Netherlands 1 - Eredivisie,Centre Forward,Attack,19.0,1060.0,43.0,43.3,42.3,54.4
37255849,25649,150.0,J. Armer,Scotland,Burton Albion,England 3 - League One,Left Back,Defence,24.0,2711.0,46.0,44.9,45.4,48.1
189385,25673,103.0,J. Arnáiz Díaz,Spain,Granada,Spain 2 - La Liga 2,Left Wing,Attack,30.0,2400.0,49.4,49.3,50.2,44.9
2538544,25536,1789.0,J. Arp,Germany,Odense BK,Denmark 1 - Superliga,Attacking Midfield,Midfield,25.0,2278.0,51.8,51.3,52.9,49.9
37597528,25607,2866.0,J. Asp Jensen,Denmark,Grasshopper,Switzerland 1 - Super League,Attacking Midfield,Midfield,19.0,2750.0,50.1,49.4,51.3,42.1
785997,25759,1089.0,J. Atanasov,Macedonia,Larissa,Greece 1 - Super League,Defensive Midfield,Midfield,25.0,2248.0,58.1,60.2,62.4,45.7
37944932,25591,1351.0,J. Auta,Nigeria,Teplice,Czech Republic 1 - Chance Liga,Left Wing,Attack,19.0,1465.0,46.9,47.5,48.0,51.8
1038,25648,42.0,J. Ayew,Ghana,Leicester City,England 2 - Championship,Centre Forward,Attack,33.0,2257.0,52.6,52.8,52.0,55.0
430377,25598,496.0,J. Ayunga,Kenya,St. Mirren,Scotland 1 - Premiership,Centre Forward,Attack,28.0,1198.0,46.9,46.7,46.3,49.2
186524,25759,134582.0,J. Añor Acosta,Venezuela,Volos NFC,Greece 1 - Super League,Attacking Midfield,Midfield,31.0,1994.0,51.4,51.9,50.3,43.9
37529707,25597,919.0,J. Baas,Netherlands,Sparta Rotterdam,Netherlands 1 - Eredivisie,Central Midfield,Midfield,23.0,1299.0,51.8,51.3,50.9,52.2
37621326,25648,26.0,J. Bae,South Korea,Stoke City,England 2 - Championship,Attacking Midfield,Midfield,21.0,2931.0,49.9,49.4,50.3,53.4
37391470,25649,69.0,J. Bagan,England,Cardiff City,England 3 - League One,Left Back,Defence,23.0,3630.0,54.0,53.0,52.3,53.2
37688205,25637,1128.0,J. Bal,Netherlands,ADO Den Haag,Netherlands 2 - Eerste Divisie,Centre Forward,Attack,18.0,1209.0,54.0,54.5,54.4,56.1
37552766,25673,9656.0,J. Balda Zubiri,Spain,Real Sociedad II,Spain 2 - La Liga 2,Left Back,Defence,23.0,2667.0,50.2,50.8,50.7,54.3
183013,25682,3990.0,J. Balkovec,Slovenia,Fatih Karagümrük,Türkiye 1 - Super Lig,Left Back,Defence,30.0,1514.0,48.5,48.2,48.0,50.7
198122,25607,10655.0,J. Bamert,Switzerland,Thun,Switzerland 1 - Super League,Centre Back,Defence,27.0,2599.0,51.1,51.6,51.2,58.7
37614889,25735,2591.0,J. Banguera Riascos,Colombia,Lommel SK,Belgium 2 - Challenger Pro League,Centre Back,Defence,21.0,2230.0,44.9,43.5,44.9,46.5
37337720,25649,138.0,J. Baptiste,England,Rotherham United,England 3 - League One,Centre Back,Defence,21.0,3022.0,47.4,48.3,44.5,51.1
4237036,25759,2934.0,J. Bartolo,Argentina,Asteras Tripolis,Greece 1 - Super League,Attacking Midfield,Midfield,29.0,2387.0,50.3,50.3,52.1,41.2
1452165,25662,571.0,J. Bataille,Belgium,Maccabi Haifa,Israel 1 - Ligat ha'Al,Right Back,Defence,26.0,2886.0,49.5,48.0,46.5,54.9
38202036,25662,5897.0,J. Batoum,Cameroon,Ashdod,Israel 1 - Ligat ha'Al,Centre Forward,Attack,23.0,1566.0,44.0,44.3,43.5,38.9
187050,25673,60.0,J. Bautista Orgilles,Spain,SD Eibar,Spain 2 - La Liga 2,Centre Forward,Attack,30.0,2105.0,48.4,48.1,48.4,55.7
37718673,25637,2971.0,J. Bawuah,Belgium,Jong PSV,Netherlands 2 - Eerste Divisie,Central Midfield,Midfield,18.0,1291.0,50.5,50.1,50.0,61.3
155138,25745,652.0,J. Bednarek,Poland,Porto,Portugal 1 - Liga Portugal,Centre Back,Defence,29.0,2680.0,59.5,60.4,60.4,65.7
9238,25649,150.0,J. Beesley,England,Burton Albion,England 3 - League One,Centre Forward,Attack,28.0,4013.0,46.5,46.7,46.5,58.0
98742,25658,1174.0,J. Benet,France,Grenoble Foot 38,France 2 - Ligue 2,Central Midfield,Midfield,30.0,2468.0,53.1,53.5,53.3,56.1
4969703,25649,138.0,J. Benson,England,Rotherham United,England 3 - League One,Central Midfield,Midfield,25.0,1186.0,49.7,49.8,50.2,45.8
37688552,25536,1789.0,J. Berthel Askou Harvey,Denmark,Odense BK,Denmark 1 - Superliga,Centre Back,Defence,19.0,2119.0,50.4,50.7,49.7,54.0
187172,25673,3169.0,J. Betancor Sánchez,Spain,Albacete,Spain 2 - La Liga 2,Centre Forward,Attack,32.0,1994.0,52.2,51.9,52.5,44.7
37702897,25735,234702.0,J. Bisiwu,Belgium,Club NXT U23,Belgium 2 - Challenger Pro League,Left Wing,Attack,17.0,1015.0,48.7,49.0,47.9,43.7
459307,25536,2356.0,J. Björkengren,Sweden,Randers FC,Denmark 1 - Superliga,Central Midfield,Midfield,26.0,2696.0,48.5,48.1,47.1,54.8
5336796,25641,10266.0,J. Blagaić,Croatia,Argeş,Romania 1 - Superliga,Attacking Midfield,Midfield,25.0,1032.0,48.6,49.2,47.3,55.3
37675276,25649,54.0,J. Bland,England,Barnsley,England 3 - League One,Defensive Midfield,Midfield,19.0,2918.0,45.8,45.7,46.3,47.3
11353237,25535,3191.0,J. Blasco,France,Radomiak Radom,Poland 1 - Ekstraklasa,Centre Back,Defence,26.0,1148.0,43.8,42.7,45.9,40.4
37564616,25566,3955.0,J. Bodnar,Hungary,Újpest,Hungary 1 - NB I,Right Back,Defence,20.0,961.0,46.4,46.6,47.1,40.6
37564616,25566,4312.0,J. Bodnar,Hungary,Zalaegerszegi TE,Hungary 1 - NB I,Right Back,Defence,20.0,1080.0,48.0,47.7,48.5,41.4
26256,25598,258.0,J. Bokila,DR Congo,Livingston,Scotland 1 - Premiership,Centre Forward,Attack,36.0,900.0,48.0,48.1,48.3,50.7
163034,25745,12152.0,J. Borges Cabral,Cape Verde,Estrela Amadora,Portugal 1 - Liga Portugal,Left Wing,Attack,27.0,1675.0,51.5,52.7,52.9,58.1
28543793,25597,73.0,J. Bos,Australia,Feyenoord,Netherlands 1 - Eredivisie,Left Back,Defence,22.0,2060.0,57.9,58.3,57.5,64.4
466068,25599,11364.0,J. Boselli Graf,Uruguay,FK Nizjni Novgorod,Russia 1 - Premier League,Secondary Striker,Attack,25.0,1329.0,55.1,54.3,55.8,44.7
538978,25591,3269.0,J. Boula,Czech Republic,Baník Ostrava,Czech Republic 1 - Chance Liga,Central Midfield,Midfield,26.0,2539.0,49.3,49.7,48.9,49.9
37633767,25658,3520.0,J. Bourgault,France,Nancy,France 2 - Ligue 2,Left Back,Defence,19.0,980.0,48.6,49.0,49.6,47.8
518750,25649,28.0,J. Bowler,England,Blackpool,England 3 - League One,Right Wing,Attack,26.0,1662.0,49.4,49.0,48.3,51.6
3568403,25658,1461.0,J. Boyer,France,Boulogne,France 2 - Ligue 2,Left Back,Defence,27.0,2638.0,48.7,47.8,47.6,49.6
79574,25591,216.0,J. Bořil,Czech Republic,Slavia Praha,Czech Republic 1 - Chance Liga,Centre Back,Defence,34.0,1760.0,54.3,53.8,52.5,43.3
63213,25745,6377.0,J. Brabec,Czech Republic,Rio Ave,Portugal 1 - Liga Portugal,Centre Back,Defence,33.0,2149.0,48.0,47.2,48.6,44.9
6513,25648,4.0,J. Bree,England,Charlton Athletic,England 2 - Championship,Right Back,Defence,27.0,1676.0,52.4,52.9,55.6,48.4
6513,25648,65.0,J. Bree,England,Southampton,England 2 - Championship,Right Back,Defence,27.0,1660.0,54.1,53.5,53.8,46.5
37503644,25597,664.0,J. Breum,Denmark,Go Ahead Eagles,Netherlands 1 - Eredivisie,Attacking Midfield,Midfield,21.0,2042.0,53.6,53.6,53.7,51.1
123690,25598,180.0,J. Brown,Republic of Ireland,Kilmarnock,Scotland 1 - Premiership,Right Back,Defence,27.0,1204.0,50.1,49.7,49.0,48.9
25169139,25649,28.0,J. Brown,England,Blackpool,England 3 - League One,Defensive Midfield,Midfield,24.0,3592.0,47.6,47.6,47.1,48.3
154491,25535,3270.0,J. Brunes,Norway,Raków Częstochowa,Poland 1 - Ekstraklasa,Centre Forward,Attack,24.0,2470.0,52.0,51.6,51.8,48.2
37738599,25536,293.0,J. Brøchner Ambæk,Denmark,Brøndby IF,Denmark 1 - Superliga,Centre Forward,Attack,17.0,1808.0,49.8,49.5,50.0,47.5
62717,25745,364.0,J. Buatu Mananga,Angola,Gil Vicente,Portugal 1 - Liga Portugal,Centre Back,Defence,31.0,2746.0,46.7,45.7,48.5,47.0
15434411,25658,1461.0,J. Bultel,France,Boulogne,France 2 - Ligue 2,Defensive Midfield,Midfield,25.0,1804.0,46.9,47.1,46.7,52.7
23739095,25649,221.0,J. Burroughs,Scotland,Northampton Town,England 3 - League One,Right Back,Defence,24.0,1742.0,44.0,44.3,43.7,52.1
37561387,25662,8644.0,J. Bushnaq,Israel,Bnei Sakhnin,Israel 1 - Ligat ha'Al,Left Wing,Attack,22.0,1755.0,47.3,47.0,47.4,49.5
23279125,25735,3239.0,J. Bustin,Belgium,RFC Liège,Belgium 2 - Challenger Pro League,Centre Back,Defence,26.0,2741.0,50.7,51.5,51.3,45.2
20694534,25636,1371.0,J. Buus Jacobsen,Denmark,Esbjerg,Denmark 2 - First Division,Right Back,Defence,28.0,1097.0,48.3,47.7,47.8,46.3
37684057,25673,6968.0,J. Cabello Trujillo,Spain,Mirandés,Spain 2 - La Liga 2,Centre Back,Defence,21.0,1878.0,48.3,48.0,49.2,44.2
194768,25648,116.0,J. Cajuste,Sweden,Ipswich Town,England 2 - Championship,Defensive Midfield,Midfield,25.0,1191.0,54.8,54.0,54.3,59.3
35281050,25566,4312.0,J. Calderón Portillo,Spain,Zalaegerszegi TE,Hungary 1 - NB I,Left Back,Defence,25.0,1712.0,49.0,50.0,50.3,42.8
37391587,25649,17.0,J. Carragher,England,Wigan Athletic,England 3 - League One,Centre Back,Defence,22.0,1611.0,49.8,51.3,48.9,44.9
37296898,25673,9818.0,J. Castro Urdín,Spain,Racing Santander,Spain 2 - La Liga 2,Centre Back,Defence,24.0,2046.0,49.9,49.1,50.5,50.1
191813,26164,397.0,J. Ceesay,Sweden,Empoli,Italy 2 - Serie B,Right Midfield,Midfield,27.0,1588.0,49.8,48.3,49.5,45.2
37439044,25682,81.0,J. Ceesay,Gambia,Antalyaspor,Türkiye 1 - Super Lig,Defensive Midfield,Midfield,23.0,2138.0,43.4,42.2,44.2,51.6
458907,25652,1077.0,J. Ceka,Germany,Dynamo Dresden,Germany 2 - 2. Bundesliga,Right Wing,Attack,25.0,1186.0,47.1,48.3,47.3,49.9
79179,25591,3643.0,J. Chramosta,Czech Republic,Jablonec,Czech Republic 1 - Chance Liga,Centre Forward,Attack,34.0,1536.0,52.2,52.1,52.6,47.2
37702630,25591,512.0,J. Chytrý,Czech Republic,Karviná,Czech Republic 1 - Chance Liga,Right Back,Defence,21.0,1126.0,46.0,46.2,46.8,44.6
131574,25641,3444.0,J. Cisotti,Italy,FCSB,Romania 1 - Superliga,Central Midfield,Midfield,32.0,2754.0,46.4,46.1,46.5,51.1
433751,25641,9426.0,J. Cissé,Ivory Coast,Universitatea Cluj,Romania 1 - Superliga,Centre Back,Defence,28.0,1413.0,47.1,46.6,47.7,50.3
5557,25649,115.0,J. Clark,England,Luton Town,England 3 - League One,Attacking Midfield,Midfield,31.0,2971.0,49.2,51.0,50.3,48.5
10310765,25648,116.0,J. Clarke,England,Ipswich Town,England 2 - Championship,Left Wing,Attack,24.0,2380.0,56.4,57.5,59.0,60.5
28932254,25648,64.0,J. Coburn,England,Millwall,England 2 - Championship,Centre Forward,Attack,22.0,1950.0,51.7,51.5,51.4,53.5
7316,25649,16.0,J. Cogley,England,Bolton Wanderers,England 3 - League One,Right Back,Defence,29.0,975.0,51.7,50.2,50.0,44.1
7316,25649,249.0,J. Cogley,England,Stockport County,England 3 - League One,Right Back,Defence,29.0,1561.0,47.6,46.8,46.3,45.9
158291,25745,7035.0,J. Coimbra Aurélio,Portugal,Nacional,Portugal 1 - Liga Portugal,Right Back,Defence,36.0,1331.0,51.7,51.2,50.3,55.9
9366,25649,305.0,J. Collins,Republic of Ireland,Lincoln City,England 3 - League One,Centre Forward,Attack,34.0,1043.0,49.6,49.6,49.6,50.2
37612654,25649,69.0,J. Colwill,Wales,Cardiff City,England 3 - League One,Attacking Midfield,Midfield,20.0,1918.0,48.4,47.4,49.1,58.3
5971,25648,64.0,J. Cooper,England,Millwall,England 2 - Championship,Centre Back,Defence,30.0,4230.0,51.8,52.3,54.0,61.5
23697881,25637,2344.0,J. Cooper Love,Sweden,Roda JC Kerkrade,Netherlands 2 - Eerste Divisie,Centre Forward,Attack,23.0,1431.0,51.6,51.6,51.7,49.2
24837496,25648,33.0,J. Cordoba Chambers,Panama,Norwich City,England 2 - Championship,Centre Back,Defence,24.0,2250.0,56.1,56.8,55.6,54.7
383387,25673,60.0,J. Corpas Serna,Spain,SD Eibar,Spain 2 - La Liga 2,Right Wing,Attack,34.0,3436.0,49.7,49.6,49.3,50.7
133740,25662,229320.0,J. Correia,Guinea-Bissau,Maccabi Bnei Raina,Israel 1 - Ligat ha'Al,Centre Forward,Attack,28.0,947.0,45.4,45.9,45.1,53.1
978912,25599,2712.0,J. Costa Martins,Brazil,Spartak Moskva,Russia 1 - Premier League,Left Wing,Attack,25.0,1838.0,53.4,53.1,52.7,49.0
37552452,25648,297.0,J. Currie,England,Oxford United,England 2 - Championship,Left Back,Defence,22.0,2183.0,49.0,48.8,48.0,60.3
155888,25535,2482.0,J. Czerwiński,Poland,Piast Gliwice,Poland 1 - Ekstraklasa,Centre Back,Defence,33.0,1524.0,48.5,48.5,48.0,45.2
37410398,25599,2468.0,J. Cáceres,Paraguay,Dinamo Moskva,Russia 1 - Premier League,Right Back,Defence,25.0,2065.0,54.5,54.2,55.3,55.1
32652,25599,2645.0,J. Córdoba Copete,Colombia,Krasnodar,Russia 1 - Premier League,Centre Forward,Attack,32.0,2484.0,54.2,54.3,54.8,52.0
64996,25735,3239.0,J. D'Ostillio,Belgium,RFC Liège,Belgium 2 - Challenger Pro League,Left Back,Defence,31.0,1660.0,50.4,50.2,51.3,53.6
34874050,25599,543.0,J. Da Silva Marcelino,Brazil,CSKA Moskva,Russia 1 - Premier League,Centre Back,Defence,27.0,1292.0,54.4,54.7,54.0,58.8
97636,25566,396.0,J. Dacosta,France,Debrecen,Hungary 1 - NB I,Right Back,Defence,29.0,977.0,43.9,43.8,44.0,49.4
29313813,25597,1459.0,J. Dahlhaus,Netherlands,Fortuna Sittard,Netherlands 1 - Eredivisie,Left Back,Defence,23.0,2120.0,49.4,49.8,48.7,52.7
15524632,25652,1092.0,J. Daland,Norway,Fortuna Düsseldorf,Germany 2 - 2. Bundesliga,Centre Back,Defence,25.0,1560.0,46.4,45.6,47.1,46.4
37631810,25735,3960.0,J. Dalle Molle,Belgium,Royal Francs Borains,Belgium 2 - Challenger Pro League,Centre Back,Defence,20.0,2266.0,45.6,45.6,46.2,45.4
10496,25648,117.0,J. Dasilva,England,Coventry City,England 2 - Championship,Left Back,Defence,27.0,3552.0,56.2,56.0,54.3,50.3
13285377,25641,3444.0,J. Dawa,Cameroon,FCSB,Romania 1 - Superliga,Centre Back,Defence,29.0,1096.0,46.0,44.6,47.7,52.8
32013797,25637,2385.0,J. De Vries,United States,FC Den Bosch,Netherlands 2 - Eerste Divisie,Right Wing,Attack,23.0,1296.0,51.5,51.7,51.2,54.7
20708618,25649,348.0,J. Debrah,England,Port Vale,England 3 - League One,Centre Back,Defence,24.0,1271.0,46.3,46.4,44.7,46.6
37684783,25598,496.0,J. Devaney,England,St. Mirren,Scotland 1 - Premiership,Defensive Midfield,Midfield,18.0,989.0,47.6,47.5,50.2,45.4
1494239,25649,249.0,J. Diamond,England,Stockport County,England 3 - League One,Left Wing,Attack,25.0,3273.0,50.3,50.5,50.2,47.6
37391788,25735,247549.0,J. Dianganga,Belgium,KSC Lokeren,Belgium 2 - Challenger Pro League,Centre Back,Defence,25.0,1547.0,47.3,47.3,47.7,43.7
132241,25591,1745.0,J. Didiba Moudoumbou,Cameroon,Zlín,Czech Republic 1 - Chance Liga,Defensive Midfield,Midfield,27.0,2313.0,46.0,46.3,45.7,44.2
37581538,25662,4136.0,J. Diomande,Denmark,Maccabi Netanya,Israel 1 - Ligat ha'Al,Attacking Midfield,Midfield,22.0,1134.0,47.7,47.3,48.5,49.4
37336976,25597,664.0,J. Dirksen,Netherlands,Go Ahead Eagles,Netherlands 1 - Eredivisie,Centre Back,Defence,22.0,1182.0,51.5,50.5,52.0,54.5
37612732,25649,254.0,J. Dornelly,England,Peterborough United,England 3 - League One,Right Back,Defence,20.0,2123.0,48.5,47.8,46.6,47.1
31238168,25649,23.0,J. Dorsett,Montserrat,Reading,England 3 - League One,Centre Back,Defence,23.0,2846.0,47.7,47.7,46.0,50.8
1494566,25649,185.0,J. Doyle-Hayes,Republic of Ireland,Exeter City,England 3 - League One,Central Midfield,Midfield,26.0,1765.0,46.7,46.7,45.8,49.3
37304119,25673,344.0,J. Dubasin,Belgium,Sporting Gijón,Spain 2 - La Liga 2,Right Wing,Attack,25.0,2935.0,50.8,51.1,53.2,52.9
539622,25648,47.0,J. Dunne,Republic of Ireland,Queens Park Rangers,England 2 - Championship,Right Back,Defence,27.0,3482.0,51.6,51.2,51.3,62.6
99173,25600,2402.0,J. Duverne,Haiti,Gent,Belgium 1 - Pro League,Centre Back,Defence,28.0,1163.0,54.2,54.0,52.4,49.3
2511155,25636,8759.0,J. Dyrberg Linnet,Denmark,Middelfart,Denmark 2 - First Division,Right Back,Defence,30.0,2707.0,44.5,44.6,44.0,47.6
17177580,25673,844.0,J. Díaz Espósito,Spain,Leganés,Spain 2 - La Liga 2,Left Wing,Attack,25.0,3010.0,48.8,48.6,47.9,49.0
251652,25662,2495.0,J. East,Jamaica,Hapoel Haifa,Israel 1 - Ligat ha'Al,Right Wing,Attack,30.0,1746.0,45.8,46.2,47.1,40.2
23223363,25648,117.0,J. Eccles,England,Coventry City,England 2 - Championship,Central Midfield,Midfield,25.0,1514.0,51.3,50.7,50.9,58.2
37715797,25673,9656.0,J. Eceizabarrena Rezola,Spain,Real Sociedad II,Spain 2 - La Liga 2,Central Midfield,Midfield,20.0,1118.0,50.0,50.0,50.8,45.6
3474,25649,110.0,J. Edwards,England,Plymouth Argyle,England 3 - League One,Right Back,Defence,34.0,2663.0,49.3,47.7,46.6,48.9
3305,25648,22.0,J. Egan,Republic of Ireland,Hull City,England 2 - Championship,Centre Back,Defence,32.0,3690.0,50.1,50.0,50.2,53.5
38673,25653,3630.0,J. Eggestein,Germany,Austria Wien,Austria 1 - Admiral Bundesliga,Centre Forward,Attack,27.0,2336.0,50.7,51.0,50.3,42.4
96113,25658,430.0,J. Eickmayer,France,Bastia,France 2 - Ligue 2,Defensive Midfield,Midfield,32.0,1062.0,51.8,51.2,52.4,40.9
37547377,25637,2379.0,J. Eijgenraam,Netherlands,VVV-Venlo,Netherlands 2 - Eerste Divisie,Defensive Midfield,Midfield,23.0,1952.0,44.8,44.5,45.4,41.2
37558989,25652,3317.0,J. Eitschberger,Germany,Hertha BSC,Germany 2 - 2. Bundesliga,Right Back,Defence,21.0,1083.0,48.8,49.7,49.8,63.0
751551,25673,3968.0,J. El Yamiq,Morocco,Real Zaragoza,Spain 2 - La Liga 2,Centre Back,Defence,33.0,1036.0,52.9,53.2,52.3,55.6
7694076,25535,349.0,J. Elitim Sepúlveda,Colombia,Legia Warszawa,Poland 1 - Ekstraklasa,Defensive Midfield,Midfield,26.0,1912.0,55.3,55.1,55.9,46.8
199482,25652,3431.0,J. Elvedi,Switzerland,SpVgg Greuther Fürth,Germany 2 - 2. Bundesliga,Centre Back,Defence,28.0,1264.0,47.7,46.6,47.9,56.8
37609025,25567,3674.0,J. Enem,Netherlands,OFK Beograd,Serbia 1 - Super Liga,Centre Forward,Attack,22.0,1153.0,53.5,53.0,54.4,53.9
37342723,25648,30.0,J. Eom,South Korea,Swansea City,England 2 - Championship,Left Wing,Attack,23.0,2470.0,52.7,52.2,52.0,58.8
37550460,25600,1118.0,J. Erenbjerg,Denmark,Zulte-Waregem,Belgium 1 - Pro League,Attacking Midfield,Midfield,25.0,2776.0,50.5,52.4,51.0,40.5
37660009,25637,3115.0,J. Esajas,Netherlands,Jong AZ,Netherlands 2 - Eerste Divisie,Left Back,Defence,20.0,1129.0,47.6,48.0,47.0,49.3
18575190,25658,9291.0,J. Evans,France,Rodez,France 2 - Ligue 2,Left Back,Defence,26.0,2664.0,51.8,52.3,54.5,45.4
37526323,25658,3520.0,J. Evans Oghenerukwe,Nigeria,Nancy,France 2 - Ligue 2,Right Wing,Attack,26.0,941.0,50.1,49.7,48.9,59.8
2846848,25535,2482.0,J. Eyenga-Lokilo,DR Congo,Piast Gliwice,Poland 1 - Ekstraklasa,Right Wing,Attack,26.0,1014.0,53.3,52.4,51.4,47.4
2875857,25637,814.0,J. Familio-Castillo,Netherlands,RKC Waalwijk,Netherlands 2 - Eerste Divisie,Left Back,Defence,25.0,2176.0,53.4,54.0,55.9,53.0
37564717,25649,251.0,J. Feeney,England,Huddersfield Town,England 3 - League One,Centre Back,Defence,20.0,1766.0,47.1,47.0,46.1,56.7
112979,25566,10196.0,J. Ferenczi,Hungary,Kazincbarcika,Hungary 1 - NB I,Left Back,Defence,34.0,1023.0,47.9,47.6,49.6,35.1
112979,25641,10282.0,J. Ferenczi,Hungary,Csikszereda,Romania 1 - Superliga,Left Back,Defence,34.0,1431.0,44.8,44.8,45.4,43.1
188727,25673,11354.0,J. Fernández Abruñedo,Spain,Cultural Leonesa,Spain 2 - La Liga 2,Attacking Midfield,Midfield,29.0,2168.0,49.7,51.0,47.9,57.8
4165,25673,6827.0,J. Fernández Sáez de la Torre,Spain,Cádiz,Spain 2 - La Liga 2,Right Wing,Attack,31.0,1962.0,49.6,50.3,49.0,49.8
24817368,25649,249.0,J. Fevrier,England,Stockport County,England 3 - League One,Right Wing,Attack,22.0,967.0,47.7,48.7,49.1,50.0
162041,25759,134582.0,J. Figueiredo Fernandes,Portugal,Volos NFC,Greece 1 - Super League,Right Wing,Attack,29.0,2136.0,46.4,47.4,47.0,50.0
74082,25584,8082.0,J. Filipović,Croatia,Gorica,Croatia 1 - 1. HNL,Centre Back,Defence,32.0,3027.0,42.0,40.6,43.7,47.5
9680,25649,185.0,J. Fitzwater,England,Exeter City,England 3 - League One,Centre Back,Defence,27.0,2557.0,45.5,44.9,47.2,53.1
79491,25591,512.0,J. Fleišman,Czech Republic,Karviná,Czech Republic 1 - Chance Liga,Left Back,Defence,40.0,2067.0,55.3,54.1,53.8,51.1
23278609,25658,108.0,J. Fonseca Ferreira,Portugal,Saint-Étienne,France 2 - Ligue 2,Right Back,Defence,24.0,997.0,54.6,54.3,53.8,57.2
21413994,25745,4092.0,J. Fontán Mondragón,Spain,Arouca,Portugal 1 - Liga Portugal,Centre Back,Defence,25.0,2545.0,53.3,53.3,54.6,50.2
25240,25637,2385.0,J. Fortes,Cape Verde,FC Den Bosch,Netherlands 2 - Eerste Divisie,Right Back,Defence,36.0,2525.0,47.7,47.7,47.9,54.2
21763074,25599,2645.0,J. Fortes Bachiessa,Angola,Krasnodar,Russia 1 - Premier League,Right Wing,Attack,27.0,2115.0,53.1,52.5,51.5,47.9
1649,25648,30.0,J. Fulton,Scotland,Swansea City,England 2 - Championship,Central Midfield,Midfield,31.0,1262.0,52.1,52.4,50.8,54.7
523933,25649,348.0,J. Gabriel,England,Port Vale,England 3 - League One,Right Back,Defence,26.0,1844.0,46.3,46.1,45.4,48.6
84260,25536,86.0,J. Gammelby,Denmark,Silkeborg IF,Denmark 1 - Superliga,Right Back,Defence,30.0,2880.0,46.3,46.4,46.1,39.7
37715799,25673,9656.0,J. Garro,Spain,Real Sociedad II,Spain 2 - La Liga 2,Right Back,Defence,20.0,1274.0,52.5,52.3,51.7,45.2
96695,25658,6898.0,J. Gastien,France,Clermont,France 2 - Ligue 2,Defensive Midfield,Midfield,37.0,1647.0,55.2,56.1,59.2,48.9
21762788,25648,22.0,J. Gelhardt,England,Hull City,England 2 - Championship,Centre Forward,Attack,23.0,2939.0,55.9,55.6,56.5,53.3
96987,25658,3520.0,J. Gelin,France,Nancy,France 2 - Ligue 2,Defensive Midfield,Midfield,28.0,958.0,57.2,58.1,57.3,40.2
378753,25649,235.0,J. Gibson,England,Doncaster Rovers,England 3 - League One,Right Midfield,Midfield,27.0,1632.0,50.1,48.8,50.1,49.3
33562761,25652,3565.0,J. Gomez,United States,Eintracht Braunschweig,Germany 2 - 2. Bundesliga,Attacking Midfield,Midfield,24.0,2220.0,48.9,48.5,47.9,52.1
33968872,25673,3169.0,J. Gomez,United States,Albacete,Spain 2 - La Liga 2,Left Back,Defence,21.0,2374.0,48.9,48.3,47.6,49.1
189289,25673,931.0,J. González Rodrigañez,Spain,Córdoba,Spain 2 - La Liga 2,Left Wing,Attack,28.0,3125.0,45.6,47.0,47.4,53.6
3339,25653,3357.0,J. Gorenc Stankovič,Slovenia,Sturm Graz,Austria 1 - Admiral Bundesliga,Defensive Midfield,Midfield,29.0,2581.0,52.6,53.5,51.4,53.1
447283,25745,269225.0,J. Grau Ciscar,Spain,AVS,Portugal 1 - Liga Portugal,Central Midfield,Midfield,28.0,1326.0,45.1,45.2,44.7,47.8
37255841,25648,116.0,J. Greaves,England,Ipswich Town,England 2 - Championship,Centre Back,Defence,24.0,2048.0,56.5,56.7,53.3,63.3
32096,25652,3431.0,J. Green,United States,SpVgg Greuther Fürth,Germany 2 - 2. Bundesliga,Central Midfield,Midfield,30.0,1130.0,55.4,55.1,55.3,53.3
6299,25649,183.0,J. Grimmer,Scotland,Wycombe Wanderers,England 3 - League One,Right Back,Defence,31.0,3212.0,48.6,47.9,47.8,53.4
2158422,25652,2927.0,J. Grodowski,Germany,DSC Arminia Bielefeld,Germany 2 - 2. Bundesliga,Centre Forward,Attack,27.0,2043.0,50.7,50.3,51.8,47.2
25679,25536,1789.0,J. Grot,Netherlands,Odense BK,Denmark 1 - Superliga,Centre Forward,Attack,27.0,2038.0,49.0,49.1,48.9,47.4
158739,25535,3191.0,J. Grzesik,Poland,Radomiak Radom,Poland 1 - Ekstraklasa,Right Back,Defence,30.0,2923.0,48.1,47.8,48.7,48.8
84031,25536,2447.0,J. Grønning,Denmark,Viborg FF,Denmark 1 - Superliga,Defensive Midfield,Midfield,34.0,2568.0,47.4,47.3,46.2,52.7
37422980,25658,430.0,J. Guevara,Colombia,Bastia,France 2 - Ligue 2,Centre Back,Defence,24.0,1978.0,52.1,52.7,53.1,57.6
37593264,25607,389.0,J. Guevara Markelo,Netherlands,Zürich,Switzerland 1 - Super League,Right Wing,Attack,22.0,950.0,55.8,54.9,55.3,48.4
199705,25607,1970.0,J. Guillemenot,Switzerland,Servette,Switzerland 1 - Super League,Centre Forward,Attack,27.0,1165.0,50.5,50.7,50.4,47.4
37656551,25584,7391.0,J. Gurlica,Croatia,Vukovar,Croatia 1 - 1. HNL,Centre Back,Defence,21.0,1202.0,48.1,47.3,45.6,45.5
25922184,25673,60.0,J. Guruzeta,Spain,SD Eibar,Spain 2 - La Liga 2,Right Wing,Attack,25.0,2107.0,47.4,48.2,47.2,54.5
8672,25649,221.0,J. Guthrie,England,Northampton Town,England 3 - League One,Centre Back,Defence,33.0,1210.0,43.4,41.9,42.3,50.7
3510267,25673,6968.0,J. Gutiérrez Martínez,Spain,Mirandés,Spain 2 - La Liga 2,Centre Back,Defence,25.0,3510.0,50.3,51.2,49.5,46.2
188760,25673,3968.0,J. Gutiérrez Parejo,Spain,Real Zaragoza,Spain 2 - La Liga 2,Central Midfield,Midfield,28.0,1950.0,51.7,51.9,51.4,52.0
35001,25652,3588.0,J. Gyamerah,Ghana,Elversberg,Germany 2 - 2. Bundesliga,Right Back,Defence,30.0,1997.0,54.7,54.4,53.0,53.2
37530791,25607,647.0,J. Hadjam,Algeria,Young Boys,Switzerland 1 - Super League,Left Back,Defence,22.0,1237.0,61.1,61.6,59.2,69.0
114034,25566,2791.0,J. Hahn,Hungary,Paksi SE,Hungary 1 - NB I,Centre Forward,Attack,30.0,1621.0,51.3,51.2,51.9,42.6
37678196,26164,249160.0,J. Harder,Italy,Calcio Padova,Italy 2 - Serie B,Central Midfield,Midfield,19.0,1460.0,48.6,48.7,48.8,56.3
25407,25597,1550.0,J. Hardeveld,Netherlands,Telstar,Netherlands 1 - Eredivisie,Left Midfield,Midfield,30.0,2979.0,51.6,52.6,52.1,51.6
37651669,25637,3115.0,J. Hartog,Netherlands,Jong AZ,Netherlands 2 - Eerste Divisie,Right Wing,Attack,19.0,1607.0,49.1,49.2,50.5,46.8
37619241,25658,2919.0,J. Hatchi,Guadeloupe,Guingamp,France 2 - Ligue 2,Left Wing,Attack,20.0,1131.0,49.2,49.4,48.9,62.6
37724269,25649,348.0,J. Headley,Barbados,Port Vale,England 3 - League One,Left Back,Defence,23.0,1520.0,49.1,49.6,48.5,56.0
114288,25641,10282.0,J. Hegedűs,Hungary,Csikszereda,Romania 1 - Superliga,Centre Back,Defence,28.0,2114.0,51.2,52.8,52.2,43.1
349363,25653,5769.0,J. Heil,Austria,Hartberg,Austria 1 - Admiral Bundesliga,Right Midfield,Midfield,28.0,2217.0,47.9,49.4,49.1,48.8
25372,25652,3647.0,J. Hendrix,Netherlands,Preußen Münster,Germany 2 - 2. Bundesliga,Central Midfield,Midfield,30.0,2668.0,50.8,50.9,50.3,45.3
537231,25673,9818.0,J. Hernando Riol,Spain,Racing Santander,Spain 2 - La Liga 2,Centre Back,Defence,27.0,1957.0,46.9,45.6,46.1,52.2
37606891,25648,56.0,J. Heskey,England,Sheffield Wednesday,England 2 - Championship,Central Midfield,Midfield,19.0,1714.0,47.4,47.4,47.6,52.2
3861720,25652,3647.0,J. Heuer,Germany,Preußen Münster,Germany 2 - 2. Bundesliga,Centre Back,Defence,26.0,2395.0,48.4,47.5,48.8,48.9
37395418,25637,822.0,J. Hilton,United States,FC Dordrecht,Netherlands 2 - Eerste Divisie,Left Back,Defence,24.0,1481.0,47.5,47.6,47.2,54.9
80780,25601,6615.0,J. Hladík,Czech Republic,Ružomberok,Slovakia 1 - Niké Liga,Right Wing,Attack,31.0,1940.0,46.1,45.6,46.6,41.8
28912742,25745,3497.0,J. Hodge,Republic of Ireland,Tondela,Portugal 1 - Liga Portugal,Defensive Midfield,Midfield,22.0,1425.0,51.9,52.1,50.4,45.6
37597520,25536,2933.0,J. Holm Lindekilde,Denmark,Fredericia,Denmark 1 - Superliga,Central Midfield,Midfield,19.0,985.0,48.4,48.3,49.1,45.8
796933,25745,1198.0,J. Holsgrove,Scotland,Estoril,Portugal 1 - Liga Portugal,Defensive Midfield,Midfield,25.0,2835.0,60.0,61.7,60.2,48.1
180563,25601,2759.0,J. Holúbek,Slovakia,Trenčín,Slovakia 1 - Niké Liga,Left Back,Defence,34.0,1130.0,50.9,50.3,50.8,45.7
432868,25600,700.0,J. Homawoo,Togo,Standard Liège,Belgium 1 - Pro League,Centre Back,Defence,27.0,2183.0,49.5,49.5,50.1,58.5
25490,25637,669.0,J. Hoogma,Netherlands,Willem II,Netherlands 2 - Eerste Divisie,Centre Back,Defence,27.0,2761.0,54.0,54.7,53.7,43.9
32621,25653,3678.0,J. Horn,Germany,SK Rapid,Austria 1 - Admiral Bundesliga,Left Back,Defence,28.0,1587.0,52.8,52.3,50.9,49.4
9307980,25597,1403.0,J. Hornkamp,Netherlands,Heracles Almelo,Netherlands 1 - Eredivisie,Centre Forward,Attack,27.0,1115.0,53.9,53.3,54.3,57.4
9343,25649,409.0,J. Houghton,England,Stevenage,England 3 - League One,Defensive Midfield,Midfield,29.0,2163.0,44.3,44.4,41.7,49.0
80925,25641,7773.0,J. Hromada,Slovakia,Rapid Bucuresti,Romania 1 - Superliga,Defensive Midfield,Midfield,29.0,1097.0,45.5,44.6,44.4,53.7
37436321,25597,1459.0,J. Hubner,Netherlands,Fortuna Sittard,Netherlands 1 - Eredivisie,Centre Back,Defence,21.0,1488.0,52.1,51.5,51.8,55.3
3495,25649,138.0,J. Hugill,England,Rotherham United,England 3 - League One,Centre Forward,Attack,33.0,1631.0,44.1,44.1,43.8,50.4
13963085,25652,3527.0,J. Hugonet,France,Magdeburg,Germany 2 - 2. Bundesliga,Centre Back,Defence,25.0,1676.0,54.7,55.1,56.1,59.1
3147,25649,28.0,J. Husband,England,Blackpool,England 3 - League One,Left Back,Defence,31.0,1662.0,48.0,47.4,47.1,57.7
37663120,25653,3357.0,J. Hödl,Austria,Sturm Graz,Austria 1 - Admiral Bundesliga,Right Midfield,Midfield,18.0,1535.0,51.1,51.0,50.1,54.6
37530626,25597,2396.0,J. Ideho,Netherlands,FC Volendam,Netherlands 1 - Eredivisie,Left Wing,Attack,22.0,1129.0,48.7,49.5,49.4,58.3
37584913,25658,1083.0,J. Ikanga,France,Red Star,France 2 - Ligue 2,Centre Forward,Attack,23.0,1629.0,49.3,49.2,49.4,49.4
96609,25641,1026.0,J. Ikoko,DR Congo,Dinamo Bucureşti,Romania 1 - Superliga,Right Back,Defence,31.0,1068.0,50.5,50.1,49.4,50.8
37420434,25567,5421.0,J. Ilić,Bosnia and Herzegovina,Napredak,Serbia 1 - Super Liga,Defensive Midfield,Midfield,25.0,940.0,49.1,48.6,49.2,49.4
214985,26164,7766.0,J. Illanes Minucci,Argentina,Carrarese,Italy 2 - Serie B,Centre Back,Defence,28.0,2622.0,48.5,47.6,49.2,52.1
188778,25535,890.0,J. Imaz Ballesté,Spain,Jagiellonia Białystok,Poland 1 - Ekstraklasa,Attacking Midfield,Midfield,34.0,2795.0,51.6,52.3,51.1,43.3
2483202,25598,66.0,J. Iredale,Australia,Hibernian,Scotland 1 - Premiership,Centre Back,Defence,29.0,2646.0,54.4,55.8,52.6,47.3
96102,25745,884.0,J. Iria Santos Moutinho,Portugal,Sporting Braga,Portugal 1 - Liga Portugal,Central Midfield,Midfield,38.0,2226.0,57.4,57.6,55.2,52.8
6006074,25653,5724.0,J. Italiano,Australia,Grazer AK,Austria 1 - Admiral Bundesliga,Right Back,Defence,24.0,2068.0,48.1,49.6,48.5,50.0
310217,25600,2709.0,J. Ito,Japan,Genk,Belgium 1 - Pro League,Right Wing,Attack,32.0,1787.0,58.2,57.7,57.6,54.1
14685018,25637,1433.0,J. Jacobs,Netherlands,Almere City,Netherlands 2 - Eerste Divisie,Centre Back,Defence,25.0,1409.0,51.1,51.4,51.8,50.6
37559772,25648,42.0,J. James,Wales,Leicester City,England 2 - Championship,Central Midfield,Midfield,21.0,2129.0,53.9,53.4,53.3,44.1
37632244,25658,430.0,J. Janneh,Sierra Leone,Bastia,France 2 - Ligue 2,Defensive Midfield,Midfield,22.0,1386.0,50.6,50.9,52.9,53.8
37705883,25536,2933.0,J. Jessen,Denmark,Fredericia,Denmark 1 - Superliga,Left Back,Defence,21.0,2514.0,51.3,51.7,51.8,54.9
189254,25673,126.0,J. Jiménez Melero,Spain,Málaga,Spain 2 - La Liga 2,Central Midfield,Midfield,29.0,1017.0,55.1,55.3,55.1,70.6
37625524,25682,2632.0,J. Jo,South Korea,Konyaspor,Türkiye 1 - Super Lig,Defensive Midfield,Midfield,22.0,1102.0,52.2,51.9,50.3,48.8
37676740,25649,115.0,J. Johnson,England,Luton Town,England 3 - League One,Left Back,Defence,19.0,1460.0,53.2,51.8,50.3,59.1
37738877,25637,2783.0,J. Johnson,Netherlands,Jong Ajax,Netherlands 2 - Eerste Divisie,Centre Back,Defence,18.0,2231.0,49.4,48.7,48.0,43.4
187142,25673,429.0,J. Jurado de la Torre,Spain,Deportivo La Coruña,Spain 2 - La Liga 2,Central Midfield,Midfield,33.0,1139.0,54.3,54.2,53.2,53.1
43507,25652,956.0,J. Justvan,Germany,Nürnberg,Germany 2 - 2. Bundesliga,Attacking Midfield,Midfield,27.0,2785.0,53.0,53.5,51.9,40.5
28543549,25607,1970.0,J. Kadile,France,Servette,Switzerland 1 - Super League,Left Wing,Attack,22.0,1098.0,61.5,60.1,59.6,52.0
28543549,25637,1433.0,J. Kadile,France,Almere City,Netherlands 2 - Eerste Divisie,Left Wing,Attack,22.0,1589.0,52.9,52.7,52.8,60.3
37612034,25637,1433.0,J. Kalisvaart,Netherlands,Almere City,Netherlands 2 - Eerste Divisie,Defensive Midfield,Midfield,21.0,1418.0,48.0,47.1,47.9,44.0
37627475,25662,589.0,J. Kalu,Nigeria,Beitar Jerusalem,Israel 1 - Ligat ha'Al,Centre Forward,Attack,27.0,2444.0,47.2,47.3,47.4,47.5
37685699,25658,1838.0,J. Kalulu Kyatengwa,France,Pau,France 2 - Ligue 2,Left Back,Defence,20.0,2811.0,50.3,50.4,50.4,48.0
37741519,25735,261625.0,J. Kana,Belgium,RSCA Futures U23,Belgium 2 - Challenger Pro League,Right Wing,Attack,16.0,995.0,47.9,48.7,48.5,45.8
191264,25598,273.0,J. Karlsson,Sweden,Aberdeen,Scotland 1 - Premiership,Left Wing,Attack,27.0,1291.0,54.0,53.9,54.0,45.1
160173,25600,2709.0,J. Kayembe Ditu,DR Congo,Genk,Belgium 1 - Pro League,Left Back,Defence,30.0,2106.0,57.5,57.9,55.9,61.3
5013,25759,649.0,J. Kenny,England,PAOK,Greece 1 - Super League,Right Back,Defence,28.0,1685.0,51.6,51.8,51.8,56.2
37564402,25649,16.0,J. Kenny,Republic of Ireland,Bolton Wanderers,England 3 - League One,Centre Forward,Attack,22.0,969.0,50.6,50.9,50.9,46.0
173154,25649,17.0,J. Kerr,Scotland,Wigan Athletic,England 3 - League One,Centre Back,Defence,28.0,2880.0,45.4,44.7,46.7,55.7
3861723,25648,30.0,J. Key,England,Swansea City,England 2 - Championship,Right Back,Defence,25.0,2037.0,53.8,53.8,53.6,46.9
1548370,25600,1118.0,J. Kiilerich,Denmark,Zulte-Waregem,Belgium 1 - Pro League,Centre Back,Defence,25.0,2290.0,50.4,50.6,51.6,53.2
24817074,25637,1128.0,J. Kilo,Finland,ADO Den Haag,Netherlands 2 - Eerste Divisie,Central Midfield,Midfield,23.0,3140.0,57.8,57.4,56.9,48.8
37627277,25652,1638.0,J. Kim,South Korea,Kaiserslautern,Germany 2 - 2. Bundesliga,Centre Back,Defence,20.0,1236.0,46.3,45.7,45.7,46.1
8056316,25597,919.0,J. Kitolano,Norway,Sparta Rotterdam,Netherlands 1 - Eredivisie,Defensive Midfield,Midfield,24.0,2643.0,48.7,48.1,45.9,44.8
8403613,25745,652.0,J. Kiwior,Poland,Porto,Portugal 1 - Liga Portugal,Centre Back,Defence,25.0,2219.0,61.2,63.4,59.5,57.6
581060,25648,5.0,J. Knight,England,Portsmouth,England 2 - Championship,Centre Back,Defence,27.0,972.0,48.7,48.0,48.2,49.2
4592196,25648,122.0,J. Knight,Republic of Ireland,Bristol City,England 2 - Championship,Central Midfield,Midfield,24.0,2773.0,55.3,55.9,54.4,51.0
37643308,25535,1266.0,J. Kolan,Poland,Zagłębie Lubin,Poland 1 - Ekstraklasa,Defensive Midfield,Midfield,20.0,1247.0,48.7,49.1,48.3,51.7
37259952,25591,1745.0,J. Kolar,Czech Republic,Zlín,Czech Republic 1 - Chance Liga,Centre Back,Defence,25.0,1724.0,47.6,47.0,48.1,43.6
37721211,25637,2971.0,J. Koller,Netherlands,Jong PSV,Netherlands 2 - Eerste Divisie,Attacking Midfield,Midfield,18.0,1251.0,46.1,45.9,47.2,46.3
37730008,25591,187.0,J. Kolářík,Czech Republic,Mladá Boleslav,Czech Republic 1 - Chance Liga,Right Wing,Attack,18.0,1174.0,50.5,51.0,51.2,52.2
12474,25649,294.0,J. Koroma,England,Leyton Orient,England 3 - League One,Left Wing,Attack,26.0,1368.0,47.1,47.2,47.1,52.8
181171,25601,3137.0,J. Kotula,Slovakia,Tatran Prešov,Slovakia 1 - Niké Liga,Right Back,Defence,29.0,1915.0,46.0,45.3,45.1,45.0
21072808,25658,1447.0,J. Kouadio,France,Annecy,France 2 - Ligue 2,Centre Back,Defence,25.0,2668.0,48.1,49.0,45.5,50.7
749643,25598,309.0,J. Koutroumbis,Australia,Motherwell,Scotland 1 - Premiership,Right Back,Defence,27.0,1466.0,52.7,52.3,51.0,50.0
78966,25591,2488.0,J. Kovařík,Czech Republic,Bohemians 1905,Czech Republic 1 - Chance Liga,Left Midfield,Midfield,37.0,1017.0,50.3,49.3,51.0,41.0
24816826,25591,463.0,J. Koželuh,Czech Republic,Slovan Liberec,Czech Republic 1 - Chance Liga,Right Back,Defence,23.0,1008.0,49.7,49.3,48.5,53.5
181287,25601,227584.0,J. Krivák,Slovakia,FK Košice,Slovakia 1 - Niké Liga,Centre Back,Defence,31.0,1547.0,43.9,43.0,44.4,54.3
18932188,25607,462.0,J. Kronig,Switzerland,Sion,Switzerland 1 - Super League,Centre Back,Defence,25.0,3229.0,49.5,49.6,50.6,43.0
37296250,25637,2344.0,J. Kruiver,Netherlands,Roda JC Kerkrade,Netherlands 2 - Eerste Divisie,Right Back,Defence,24.0,3176.0,48.8,48.4,47.7,48.7
2206562,25591,3097.0,J. Král,Czech Republic,Sigma Olomouc,Czech Republic 1 - Chance Liga,Centre Back,Defence,26.0,1881.0,49.0,49.6,49.2,49.0
155503,25535,3781.0,J. Kubicki,Poland,Górnik Zabrze,Poland 1 - Ekstraklasa,Defensive Midfield,Midfield,29.0,2192.0,46.5,45.2,46.6,37.6
80926,25591,2727.0,J. Kuchta,Czech Republic,Sparta Praha,Czech Republic 1 - Chance Liga,Centre Forward,Attack,28.0,1591.0,55.1,55.6,54.9,47.8
37601905,25536,2933.0,J. Kudsk,Denmark,Fredericia,Denmark 1 - Superliga,Centre Back,Defence,22.0,1318.0,51.4,51.2,50.6,43.2
37616359,25637,2360.0,J. Kuijpers,Netherlands,TOP Oss,Netherlands 2 - Eerste Divisie,Left Back,Defence,21.0,2202.0,46.5,47.1,46.6,44.9
37599299,26164,6911.0,J. Kumi,Italy,Avellino,Italy 2 - Serie B,Central Midfield,Midfield,21.0,947.0,49.0,49.0,49.4,49.2
37316351,25591,512.0,J. Křišťan,Czech Republic,Karviná,Czech Republic 1 - Chance Liga,Defensive Midfield,Midfield,23.0,1165.0,48.5,47.7,47.6,44.0
537107,25641,803.0,J. Lameira,Portugal,Otelul,Romania 1 - Superliga,Defensive Midfield,Midfield,26.0,2968.0,49.2,49.3,48.8,52.8
98971,25658,581.0,J. Laporte,France,Montpellier,France 2 - Ligue 2,Centre Back,Defence,31.0,2523.0,57.5,59.1,59.0,51.1
37537876,25673,3968.0,J. Larios López,Spain,Real Zaragoza,Spain 2 - La Liga 2,Left Back,Defence,21.0,1357.0,47.3,47.7,47.3,48.4
26867,25536,85.0,J. Larsson,Sweden,FC København,Denmark 1 - Superliga,Right Wing,Attack,28.0,2412.0,57.2,56.4,57.4,46.3
139181,25584,3358.0,J. Lasickas,Lithuania,Rijeka,Croatia 1 - 1. HNL,Right Back,Defence,27.0,1541.0,52.8,52.6,52.4,57.2
25548783,25673,361.0,J. Latasa Fernandez Layos,Spain,Real Valladolid,Spain 2 - La Liga 2,Centre Forward,Attack,24.0,2602.0,46.4,46.1,46.5,56.3
538042,25648,117.0,J. Latibeaudiere,Jamaica,Coventry City,England 2 - Championship,Centre Back,Defence,25.0,1275.0,53.8,53.4,53.1,50.2
28049,25637,1433.0,J. Lawrence,Wales,Almere City,Netherlands 2 - Eerste Divisie,Centre Back,Defence,32.0,2176.0,49.6,49.9,50.7,51.9
23277866,25653,4080.0,J. Lawrence,Germany,WSG Tirol,Austria 1 - Admiral Bundesliga,Centre Back,Defence,22.0,2852.0,42.9,41.1,45.7,58.7
63077,25759,27943.0,J. Lazare Amani,Ivory Coast,Kifisia,Greece 1 - Super League,Central Midfield,Midfield,27.0,1519.0,50.1,50.1,50.1,50.7
187060,25673,3169.0,J. Lazo Romero,Spain,Albacete,Spain 2 - La Liga 2,Left Wing,Attack,29.0,1308.0,50.0,49.4,49.5,57.7
361090,25658,108.0,J. Le Cardinal,France,Saint-Étienne,France 2 - Ligue 2,Centre Back,Defence,28.0,998.0,56.5,57.3,57.9,54.6
10995439,26164,1216.0,J. Le Douaron,France,Palermo,Italy 2 - Serie B,Centre Forward,Attack,27.0,2168.0,48.2,48.8,47.8,50.4
37629806,25535,2482.0,J. Lewicki,Poland,Piast Gliwice,Poland 1 - Ekstraklasa,Left Back,Defence,19.0,2126.0,45.2,45.9,46.6,53.5
7714337,25649,301.0,J. Lewis,Wales,AFC Wimbledon,England 3 - League One,Centre Back,Defence,25.0,2035.0,53.3,55.6,53.3,51.3
37565255,25745,7035.0,J. Lima Cardoso,Brazil,Nacional,Portugal 1 - Liga Portugal,Centre Back,Defence,24.0,2673.0,53.3,53.9,53.0,56.9
218506,25759,9849.0,J. Lima Santos,Brazil,Atromitos,Greece 1 - Super League,Centre Back,Defence,32.0,2233.0,47.8,47.2,49.1,41.6
37352806,25600,6722.0,J. Liongola,Burundi,La Louvière,Belgium 1 - Pro League,Right Midfield,Midfield,25.0,2619.0,52.4,53.9,52.6,55.3
96629,25745,11741.0,J. Livolant,France,Casa Pia,Portugal 1 - Liga Portugal,Right Wing,Attack,27.0,2780.0,52.1,51.6,50.6,54.3
27797020,25673,126.0,J. Lobete Cienfuegos,Spain,Málaga,Spain 2 - La Liga 2,Left Wing,Attack,24.0,913.0,55.1,54.3,55.0,64.1
30682,25597,1459.0,J. Lonwijk,Netherlands,Fortuna Sittard,Netherlands 1 - Eredivisie,Central Midfield,Midfield,25.0,907.0,49.3,49.3,50.6,46.9
198116,25597,73.0,J. Lotomba,Switzerland,Feyenoord,Netherlands 1 - Eredivisie,Right Back,Defence,26.0,922.0,52.4,51.9,50.6,54.5
11541,25648,56.0,J. Lowe,Jamaica,Sheffield Wednesday,England 2 - Championship,Centre Forward,Attack,31.0,3229.0,48.2,48.4,47.5,49.7
37556043,25601,2798.0,J. Luka,Slovakia,Podbrezová,Slovakia 1 - Niké Liga,Centre Back,Defence,21.0,1896.0,47.8,48.3,50.2,47.1
37261093,25607,462.0,J. Lukembila,Switzerland,Sion,Switzerland 1 - Super League,Left Wing,Attack,25.0,1416.0,48.4,49.1,48.9,53.3
13171226,25641,9426.0,J. Lukić,Bosnia and Herzegovina,Universitatea Cluj,Romania 1 - Superliga,Centre Forward,Attack,26.0,2502.0,53.1,52.4,53.7,57.0
3262,25648,22.0,J. Lundstram,England,Hull City,England 2 - Championship,Defensive Midfield,Midfield,31.0,1547.0,54.2,55.4,57.8,57.3
37623996,25536,2394.0,J. Lähteenmäki,Finland,Nordsjælland,Denmark 1 - Superliga,Left Back,Defence,19.0,2214.0,50.5,50.7,49.9,46.1
37580491,25636,211.0,J. Madsen,Denmark,Horsens,Denmark 2 - First Division,Left Back,Defence,21.0,1634.0,49.6,50.1,51.5,45.3
2511226,25735,227972.0,J. Maertens,Belgium,Koninklijke Lierse Sportkring,Belgium 2 - Challenger Pro League,Right Back,Defence,25.0,1983.0,50.4,50.5,54.7,56.0
4827,25649,185.0,J. Magennis,Northern Ireland,Exeter City,England 3 - League One,Centre Forward,Attack,34.0,1564.0,49.1,49.1,49.2,54.9
3876526,25658,1112.0,J. Maggiotti,France,Laval,France 2 - Ligue 2,Central Midfield,Midfield,29.0,994.0,56.9,57.2,58.0,45.5
5249,25648,10.0,J. Maja,Nigeria,West Bromwich Albion,England 2 - Championship,Centre Forward,Attack,26.0,1532.0,52.0,51.9,51.6,52.7
37552837,25648,33.0,J. Makama,England,Norwich City,England 2 - Championship,Centre Forward,Attack,21.0,1639.0,55.0,54.4,55.7,53.2
37356233,25745,364.0,J. Mango Fernandes,Portugal,Gil Vicente,Portugal 1 - Liga Portugal,Left Wing,Attack,22.0,1041.0,56.3,54.4,53.6,55.7
37400489,25735,1272.0,J. Margaritha,Curaçao,SK Beveren,Belgium 2 - Challenger Pro League,Left Wing,Attack,25.0,2398.0,54.3,53.1,53.0,43.9
462338,25567,5634.0,J. Marinković,Serbia,Novi Pazar,Serbia 1 - Super Liga,Centre Back,Defence,28.0,2423.0,50.2,50.6,51.7,55.3
5833,25649,23.0,J. Marriott,England,Reading,England 3 - League One,Centre Forward,Attack,30.0,1771.0,51.3,51.4,51.4,37.7
95754,25658,1461.0,J. Martin,France,Boulogne,France 2 - Ligue 2,Defensive Midfield,Midfield,35.0,1025.0,49.6,49.9,52.0,51.5
23269736,25600,2938.0,J. Martinez Marsà,Spain,Mechelen,Belgium 1 - Pro League,Centre Back,Defence,23.0,2682.0,52.3,52.8,51.9,44.5
37609642,26164,176.0,J. Martini,Italy,Südtirol,Italy 2 - Serie B,Central Midfield,Midfield,20.0,1096.0,48.2,48.0,48.8,52.6
531576,25673,931.0,J. Martín Valerón,Spain,Córdoba,Spain 2 - La Liga 2,Centre Back,Defence,27.0,2402.0,55.3,55.4,55.4,52.8
446236,25673,60.0,J. Martínez Calvo,Spain,SD Eibar,Spain 2 - La Liga 2,Attacking Midfield,Midfield,25.0,988.0,54.8,55.3,54.0,69.2
37249155,25673,60.0,J. Martón Ansó,Spain,SD Eibar,Spain 2 - La Liga 2,Centre Forward,Attack,26.0,2028.0,52.7,52.4,53.5,53.9
242606,25599,452.0,J. Marín,Costa Rica,Krylya Sovetov,Russia 1 - Premier League,Right Wing,Attack,27.0,1012.0,50.3,49.9,50.3,45.0
186510,25759,9849.0,J. Marín Ruiz,Spain,Atromitos,Greece 1 - Super League,Right Back,Defence,35.0,1194.0,48.8,48.6,48.4,54.3
188044,25673,12330.0,J. Matos García,Spain,Ceuta,Spain 2 - La Liga 2,Left Back,Defence,30.0,2792.0,46.3,44.8,44.1,48.5
37260639,25649,235.0,J. Maxwell,Scotland,Doncaster Rovers,England 3 - League One,Left Back,Defence,23.0,1470.0,49.8,49.3,48.8,58.9
37536292,25653,3569.0,J. Mayer,Austria,Ried,Austria 1 - Admiral Bundesliga,Central Midfield,Midfield,21.0,1965.0,43.9,44.0,45.0,47.0
11704884,25536,2447.0,J. Mbom,Germany,Viborg FF,Denmark 1 - Superliga,Central Midfield,Midfield,25.0,1587.0,52.9,52.7,52.5,48.7
822,25648,283.0,J. McClean,Republic of Ireland,Wrexham,England 2 - Championship,Left Midfield,Midfield,36.0,910.0,54.1,52.2,54.1,60.2
121792,25598,66.0,J. McGrath,Republic of Ireland,Hibernian,Scotland 1 - Premiership,Attacking Midfield,Midfield,28.0,2400.0,52.0,52.4,53.1,57.8
37550109,25649,235.0,J. McGrath,England,Doncaster Rovers,England 3 - League One,Centre Back,Defence,22.0,2358.0,48.3,49.4,47.5,50.8
37391177,25649,150.0,J. McKiernan,England,Burton Albion,England 3 - League One,Central Midfield,Midfield,23.0,1448.0,46.2,46.6,46.7,51.9
173208,25649,185.0,J. McMillan,Scotland,Exeter City,England 3 - League One,Right Back,Defence,27.0,3420.0,44.7,43.9,42.9,39.1
461818,25648,33.0,J. Medić,Croatia,Norwich City,England 2 - Championship,Centre Back,Defence,26.0,1229.0,54.4,54.7,55.4,46.5
25954320,25637,1073.0,J. Meerstadt,Netherlands,De Graafschap,Netherlands 2 - Eerste Divisie,Central Midfield,Midfield,24.0,2492.0,50.5,50.8,50.8,51.3
35295,25652,3647.0,J. Mees,Germany,Preußen Münster,Germany 2 - 2. Bundesliga,Attacking Midfield,Midfield,29.0,980.0,49.0,49.9,48.9,44.6
32579,25652,3611.0,J. Meffert,Germany,Holstein Kiel,Germany 2 - 2. Bundesliga,Defensive Midfield,Midfield,30.0,1457.0,50.7,50.1,48.7,43.6
37614062,25598,62.0,J. Meghoma,England,Rangers,Scotland 1 - Premiership,Left Back,Defence,19.0,2098.0,52.2,51.5,51.1,44.6
286732,25566,396.0,J. Mejías García,Venezuela,Debrecen,Hungary 1 - NB I,Centre Back,Defence,27.0,2380.0,47.5,47.6,47.1,49.0
433042,25673,10008.0,J. Mellot,France,Castellón,Spain 2 - La Liga 2,Right Back,Defence,31.0,3181.0,54.7,53.8,51.9,53.4
37761346,25536,2394.0,J. Meltofte Janssen,Denmark,Nordsjælland,Denmark 1 - Superliga,Defensive Midfield,Midfield,18.0,1638.0,59.8,60.6,61.9,56.4
37696515,25658,9291.0,J. Mendes Correia,France,Rodez,France 2 - Ligue 2,Defensive Midfield,Midfield,21.0,2534.0,47.6,47.6,46.8,51.2
162500,25745,7035.0,J. Mendes Gomes,Portugal,Nacional,Portugal 1 - Liga Portugal,Left Back,Defence,29.0,2313.0,49.9,50.0,50.5,47.6
509713,25682,643.0,J. Mendes Neto Saraiva,Portugal,Kayserispor,Türkiye 1 - Super Lig,Attacking Midfield,Midfield,30.0,1504.0,53.6,53.1,52.2,49.7
181276,25601,3137.0,J. Menich,Slovakia,Tatran Prešov,Slovakia 1 - Niké Liga,Centre Back,Defence,30.0,1507.0,45.6,45.4,44.9,44.2
37341905,25591,2727.0,J. Mercado Cuero,Ecuador,Sparta Praha,Czech Republic 1 - Chance Liga,Left Wing,Attack,23.0,1774.0,52.7,52.5,53.5,54.0
5270348,25584,7920.0,J. Mersinaj,Albania,Osijek,Croatia 1 - 1. HNL,Centre Back,Defence,26.0,900.0,47.8,47.3,47.6,52.0
37688200,25637,2475.0,J. Mesbahi,Netherlands,FC Emmen,Netherlands 2 - Eerste Divisie,Centre Back,Defence,19.0,966.0,52.6,52.3,49.9,45.6
37553446,25649,137.0,J. Metcalfe,England,Bradford City,England 3 - League One,Central Midfield,Midfield,20.0,3012.0,46.4,47.1,47.4,52.5
66790,25566,2613.0,J. Mešanović,Bosnia and Herzegovina,Várda SE,Hungary 1 - NB I,Centre Forward,Attack,33.0,1457.0,46.3,46.7,45.2,53.0
22136807,25673,274.0,J. Mier Martínez,Spain,Huesca,Spain 2 - La Liga 2,Central Midfield,Midfield,26.0,916.0,46.3,46.0,45.5,55.0
80317,25591,463.0,J. Mikula,Czech Republic,Slovan Liberec,Czech Republic 1 - Chance Liga,Centre Back,Defence,33.0,1293.0,48.7,48.1,46.4,42.1
37678250,25745,6377.0,J. Miller Blesa,Spain,Rio Ave,Portugal 1 - Liga Portugal,Centre Forward,Attack,24.0,1078.0,53.4,53.1,54.1,55.5
37678250,26164,1234.0,J. Miller Blesa,Spain,Cesena,Italy 2 - Serie B,Centre Forward,Attack,24.0,1580.0,48.1,48.2,47.8,48.5
37576195,25598,273.0,J. Milne,Scotland,Aberdeen,Scotland 1 - Premiership,Centre Back,Defence,22.0,2937.0,45.5,45.2,46.2,43.1
37760424,25567,28029.0,J. Milosavljević,Serbia,Železničar Pančevo,Serbia 1 - Super Liga,Central Midfield,Midfield,18.0,976.0,48.1,47.8,48.6,51.6
37632003,25567,2736.0,J. Milošević,Serbia,Partizan,Serbia 1 - Super Liga,Centre Forward,Attack,19.0,1263.0,56.7,56.7,57.0,51.2
181933,25601,5905.0,J. Minárik,Slovakia,Žilina,Slovakia 1 - Niké Liga,Centre Back,Defence,28.0,1771.0,47.0,47.5,48.2,44.9
37553559,25653,3357.0,J. Mitchell,Costa Rica,Sturm Graz,Austria 1 - Admiral Bundesliga,Centre Back,Defence,20.0,1231.0,47.9,46.8,47.1,56.9
19970146,25584,2500.0,J. Mitrović,Croatia,Slaven Koprivnica,Croatia 1 - 1. HNL,Right Wing,Attack,25.0,2346.0,47.2,47.2,48.4,50.8
73519,25584,674.0,J. Mišić,Croatia,Dinamo Zagreb,Croatia 1 - 1. HNL,Defensive Midfield,Midfield,31.0,2658.0,57.7,58.5,59.5,53.9
37722914,25597,629.0,J. Mokio,Belgium,Ajax,Netherlands 1 - Eredivisie,Defensive Midfield,Midfield,17.0,1467.0,51.9,51.4,50.3,62.6
337457,25673,429.0,J. Molina Martínez,Spain,Deportivo La Coruña,Spain 2 - La Liga 2,Secondary Striker,Attack,31.0,1573.0,51.9,52.2,50.7,53.4
581003,25648,10.0,J. Molumby,Republic of Ireland,West Bromwich Albion,England 2 - Championship,Central Midfield,Midfield,26.0,2902.0,53.2,53.2,52.1,51.2
37740614,25648,42.0,J. Monga,England,Leicester City,England 2 - Championship,Left Wing,Attack,16.0,920.0,54.7,54.7,53.3,55.7
37537730,25607,647.0,J. Monteiro,Portugal,Young Boys,Switzerland 1 - Super League,Left Midfield,Midfield,25.0,2030.0,53.0,51.6,52.4,55.6
26433,25597,1016.0,J. Monteiro Alvarenga,Cape Verde,PEC Zwolle,Netherlands 1 - Eredivisie,Central Midfield,Midfield,31.0,1278.0,51.9,51.0,50.5,53.8
455488,25649,150.0,J. Moon,England,Burton Albion,England 3 - League One,Centre Back,Defence,24.0,1479.0,44.9,44.5,44.9,48.1
19988729,25673,3169.0,J. Morcillo Conesa,Spain,Albacete,Spain 2 - La Liga 2,Left Wing,Attack,26.0,1372.0,54.9,54.2,54.5,45.0
22536228,25641,803.0,J. Moreira Fernandes,Cape Verde,Otelul,Romania 1 - Superliga,Defensive Midfield,Midfield,27.0,1633.0,46.8,45.8,46.6,53.9
22536228,25641,3444.0,J. Moreira Fernandes,Cape Verde,FCSB,Romania 1 - Superliga,Defensive Midfield,Midfield,27.0,1169.0,49.7,48.3,50.6,56.3
27048484,25673,3169.0,J. Moreno Arrones Gil,Spain,Albacete,Spain 2 - La Liga 2,Centre Back,Defence,25.0,1453.0,52.3,53.0,51.7,58.0
37296809,25673,6827.0,J. Moreno San Vidal,Spain,Cádiz,Spain 2 - La Liga 2,Centre Back,Defence,24.0,1487.0,47.8,47.1,48.7,45.1
37589606,25649,254.0,J. Morgan,England,Peterborough United,England 3 - League One,Centre Forward,Attack,19.0,2367.0,51.8,51.5,51.4,48.6
28575708,25649,294.0,J. Morris,England,Leyton Orient,England 3 - League One,Left Back,Defence,23.0,1530.0,45.5,45.1,46.6,48.0
37328092,25649,305.0,J. Moylan,Republic of Ireland,Lincoln City,England 3 - League One,Attacking Midfield,Midfield,23.0,2042.0,49.8,49.3,51.0,46.8
37667282,25735,3117.0,J. Muanza,Belgium,Patro Eisden Maasmechelen,Belgium 2 - Challenger Pro League,Centre Back,Defence,24.0,1789.0,45.2,44.6,43.2,51.6
37554541,25637,2755.0,J. Mukeh,Netherlands,Jong FC Utrecht,Netherlands 2 - Eerste Divisie,Centre Back,Defence,21.0,1607.0,47.6,47.2,49.3,39.3
37440604,25591,234.0,J. Mulder,Israel,Slovácko,Czech Republic 1 - Chance Liga,Left Back,Defence,23.0,1002.0,48.4,48.9,47.8,56.9
12789480,25682,2632.0,J. Muleka,DR Congo,Konyaspor,Türkiye 1 - Super Lig,Centre Forward,Attack,25.0,2229.0,51.7,51.6,51.6,58.4
35683623,25598,66.0,J. Mulligan,Scotland,Hibernian,Scotland 1 - Premiership,Central Midfield,Midfield,22.0,1901.0,50.4,50.7,51.1,53.2
37573980,25649,183.0,J. Mullins,Republic of Ireland,Wycombe Wanderers,England 3 - League One,Attacking Midfield,Midfield,20.0,1975.0,48.4,48.1,48.1,54.9
2872,25648,5.0,J. Murphy,England,Portsmouth,England 2 - Championship,Left Wing,Attack,30.0,1118.0,56.4,55.9,53.6,50.2
540508,25673,126.0,J. Muñoz Benavides,Spain,Málaga,Spain 2 - La Liga 2,Left Wing,Attack,26.0,2732.0,52.5,51.8,51.6,50.0
381832,25535,2482.0,J. Muñoz García,Spain,Piast Gliwice,Poland 1 - Ekstraklasa,Left Wing,Attack,33.0,1890.0,46.9,46.9,46.9,56.7
3861893,25637,2344.0,J. Müller,Germany,Roda JC Kerkrade,Netherlands 2 - Eerste Divisie,Defensive Midfield,Midfield,24.0,3283.0,46.0,45.3,45.6,41.6
37618925,25658,840.0,J. N'Duquidi,France,Amiens SC,France 2 - Ligue 2,Central Midfield,Midfield,20.0,993.0,45.7,45.6,45.1,56.3
1481815,25653,4080.0,J. Naschberger,Austria,WSG Tirol,Austria 1 - Admiral Bundesliga,Right Back,Defence,25.0,1980.0,47.5,48.0,47.1,49.7
37579762,25745,364.0,J. Natário Ferreira,Portugal,Gil Vicente,Portugal 1 - Liga Portugal,Central Midfield,Midfield,23.0,1196.0,52.7,52.9,52.2,63.0
130198,25759,781.0,J. Naval da Costa Eduardo,Portugal,AEK Athens,Greece 1 - Super League,Attacking Midfield,Midfield,32.0,1169.0,52.5,53.0,52.1,53.4
186287,25673,429.0,J. Navarro Jiménez,Spain,Deportivo La Coruña,Spain 2 - La Liga 2,Right Back,Defence,35.0,1546.0,52.4,52.6,51.8,58.2
37611939,25600,2709.0,J. Ndenge Kongolo,Belgium,Genk,Belgium 1 - Pro League,Centre Back,Defence,19.0,1168.0,53.2,52.1,53.9,49.8
37651115,25735,1130.0,J. Ndjeungoue,Cameroon,KV Kortrijk,Belgium 2 - Challenger Pro League,Centre Back,Defence,22.0,2136.0,50.5,51.2,51.9,46.0
262262,25637,320.0,J. Neeskens Ramírez,United States,FC Eindhoven,Netherlands 2 - Eerste Divisie,Centre Back,Defence,31.0,3128.0,52.0,52.6,54.1,40.7
5629290,25649,137.0,J. Neufville,England,Bradford City,England 3 - League One,Right Midfield,Midfield,24.0,3555.0,49.1,49.2,48.1,50.8
5666544,25648,25.0,J. Ngakia,England,Watford,England 2 - Championship,Right Back,Defence,24.0,2610.0,54.2,54.5,54.0,60.6
37581800,25536,1789.0,J. Niemiec,Germany,Odense BK,Denmark 1 - Superliga,Centre Forward,Attack,23.0,949.0,52.1,52.0,52.6,54.2
21036522,25637,2344.0,J. Nisbet,Australia,Roda JC Kerkrade,Netherlands 2 - Eerste Divisie,Defensive Midfield,Midfield,26.0,3231.0,49.5,49.2,47.2,50.5
37590632,25682,13860.0,J. Nonge Boende,Belgium,Kocaelispor,Türkiye 1 - Super Lig,Central Midfield,Midfield,20.0,1196.0,50.5,50.6,52.2,56.3
37556802,25591,4484.0,J. Noslin,Netherlands,Pardubice,Czech Republic 1 - Chance Liga,Centre Back,Defence,25.0,1598.0,50.2,50.9,49.0,53.2
129858,25682,2811.0,J. Ntcham,France,Samsunspor,Türkiye 1 - Super Lig,Central Midfield,Midfield,29.0,1616.0,56.7,57.4,56.8,46.5
2452,25598,66.0,J. Obita,England,Hibernian,Scotland 1 - Premiership,Left Back,Defence,31.0,1820.0,51.3,50.4,51.6,47.1
37572227,25682,554.0,J. Olaitan,Benin,Beşiktaş,Türkiye 1 - Super Lig,Attacking Midfield,Midfield,23.0,1195.0,55.5,58.1,55.5,54.5
37572227,25682,3897.0,J. Olaitan,Benin,Göztepe,Türkiye 1 - Super Lig,Attacking Midfield,Midfield,23.0,907.0,53.5,53.1,54.5,54.8
540518,25649,249.0,J. Olowu,Nigeria,Stockport County,England 3 - League One,Centre Back,Defence,25.0,2036.0,46.1,45.7,43.7,49.2
37741530,25735,261625.0,J. Onia-Seke,Belgium,RSCA Futures U23,Belgium 2 - Challenger Pro League,Right Wing,Attack,16.0,1621.0,45.5,45.4,45.5,54.3
37529658,25682,88.0,J. Oosterwolde,Netherlands,Fenerbahçe,Türkiye 1 - Super Lig,Centre Back,Defence,24.0,2625.0,56.5,57.2,53.8,48.3
1494704,25682,3702.0,J. Opoku,Ghana,İstanbul Başakşehir,Türkiye 1 - Super Lig,Centre Back,Defence,26.0,2742.0,50.0,49.9,48.8,53.4
37618415,25600,340.0,J. Ordóñez Guerrero,Ecuador,Club Brugge,Belgium 1 - Pro League,Centre Back,Defence,21.0,2668.0,55.1,55.4,54.1,53.5
539967,25649,16.0,J. Osei-Tutu,England,Bolton Wanderers,England 3 - League One,Right Back,Defence,26.0,2835.0,47.8,48.7,48.4,56.1
237377,25673,344.0,J. Otero Tovar,Colombia,Sporting Gijón,Spain 2 - La Liga 2,Centre Forward,Attack,30.0,2821.0,55.3,55.8,55.6,54.9
38207464,25662,3229.0,J. Otomewo,Nigeria,Hapoel Jerusalem,Israel 1 - Ligat ha'Al,Defensive Midfield,Midfield,18.0,1586.0,44.6,44.1,44.6,63.4
37588220,25735,247549.0,J. Palacios Navarro,Spain,KSC Lokeren,Belgium 2 - Challenger Pro League,Left Back,Defence,23.0,2551.0,45.9,46.9,49.1,43.7
30467832,25599,3452.0,J. Palacios Santos,Colombia,Orenburg,Russia 1 - Premier League,Centre Back,Defence,25.0,1065.0,44.9,44.0,45.7,48.4
37598811,25591,3545.0,J. Paluška,Czech Republic,Viktoria Plzeň,Czech Republic 1 - Chance Liga,Centre Back,Defence,20.0,1047.0,50.4,50.5,48.3,50.4
1494244,25745,6377.0,J. Panzo,England,Rio Ave,Portugal 1 - Liga Portugal,Centre Back,Defence,24.0,1095.0,47.7,46.4,49.6,53.5
21412791,25641,8132.0,J. Papeau,France,Unirea Slobozia,Romania 1 - Superliga,Left Wing,Attack,29.0,1210.0,46.7,47.7,47.0,54.1
37608393,25649,409.0,J. Pattenden,England,Stevenage,England 3 - League One,Right Back,Defence,23.0,1699.0,47.6,47.4,46.3,48.3
37596225,25652,1077.0,J. Pauli,Germany,Dynamo Dresden,Germany 2 - 2. Bundesliga,Centre Back,Defence,20.0,1799.0,50.6,50.8,49.4,49.7
180616,25601,3283.0,J. Paur,Slovakia,Spartak Trnava,Slovakia 1 - Niké Liga,Centre Forward,Attack,33.0,1130.0,48.0,47.9,47.2,55.0
24200,25735,2591.0,J. Pelupessy,Netherlands,Lommel SK,Belgium 2 - Challenger Pro League,Defensive Midfield,Midfield,32.0,1959.0,48.8,48.5,49.0,43.2
173068,25759,781.0,J. Penrice,Scotland,AEK Athens,Greece 1 - Super League,Left Back,Defence,26.0,1368.0,52.4,52.0,52.5,51.9
37550640,25566,4312.0,J. Peraza,Costa Rica,Zalaegerszegi TE,Hungary 1 - NB I,Centre Back,Defence,20.0,1383.0,41.6,39.7,44.9,46.8
162881,25599,237670.0,J. Pereira Escoval,Portugal,Akron,Russia 1 - Premier League,Centre Back,Defence,28.0,934.0,54.0,54.7,54.1,58.4
37559667,25649,221.0,J. Perkins,England,Northampton Town,England 3 - League One,Central Midfield,Midfield,21.0,1646.0,46.2,46.6,46.8,54.1
82028,25591,3531.0,J. Peterka,Czech Republic,Dukla Praha,Czech Republic 1 - Chance Liga,Centre Back,Defence,35.0,922.0,53.4,52.1,49.9,45.9
132266,26164,7471.0,J. Petriccione,Italy,Catanzaro,Italy 2 - Serie B,Defensive Midfield,Midfield,30.0,2526.0,56.1,57.3,56.5,46.8
36084604,25641,3195.0,J. Petro,Malawi,Botoşani,Romania 1 - Superliga,Defensive Midfield,Midfield,24.0,3052.0,49.6,50.8,50.2,51.4
33186827,25648,116.0,J. Philogene-Bidace,England,Ipswich Town,England 2 - Championship,Left Wing,Attack,23.0,1997.0,54.9,54.9,56.9,62.0
37588341,25637,94.0,J. Pinto,Portugal,Vitesse,Netherlands 2 - Eerste Divisie,Centre Forward,Attack,21.0,1639.0,47.6,47.9,47.3,52.4
37726030,25591,3269.0,J. Pira,Slovakia,Baník Ostrava,Czech Republic 1 - Chance Liga,Centre Forward,Attack,17.0,978.0,45.3,45.0,45.4,51.8
162643,25662,229320.0,J. Pius,Nigeria,Maccabi Bnei Raina,Israel 1 - Ligat ha'Al,Centre Back,Defence,29.0,1321.0,44.8,44.5,46.4,51.7
37719435,25637,822.0,J. Plug,Netherlands,FC Dordrecht,Netherlands 2 - Eerste Divisie,Centre Back,Defence,20.0,1260.0,54.9,55.5,56.0,48.4
80128,25566,2940.0,J. Plšek,Czech Republic,MTK,Hungary 1 - NB I,Central Midfield,Midfield,31.0,1016.0,50.9,50.4,50.3,46.8
32553,26164,1216.0,J. Pohjanpalo,Finland,Palermo,Italy 2 - Serie B,Centre Forward,Attack,30.0,3491.0,53.4,53.4,53.9,43.8
82492,25759,27943.0,J. Pokorný,Czech Republic,Kifisia,Greece 1 - Super League,Centre Back,Defence,28.0,2277.0,48.5,48.0,48.5,41.5
189943,25759,27943.0,J. Pombo Escobar,Spain,Kifisia,Greece 1 - Super League,Attacking Midfield,Midfield,31.0,2676.0,52.2,54.4,52.6,44.6
529483,25673,361.0,J. Ponceau,France,Real Valladolid,Spain 2 - La Liga 2,Central Midfield,Midfield,24.0,2450.0,54.6,54.5,53.8,50.7
581125,25649,138.0,J. Powell,England,Rotherham United,England 3 - League One,Central Midfield,Midfield,26.0,2490.0,50.6,51.3,51.3,46.8
4178,25535,808.0,J. Pozo la Rosa,Spain,Pogoń Szczecin,Poland 1 - Ekstraklasa,Attacking Midfield,Midfield,29.0,983.0,53.4,56.3,53.8,51.6
21072870,25584,8082.0,J. Pršir,Croatia,Gorica,Croatia 1 - 1. HNL,Attacking Midfield,Midfield,25.0,2601.0,47.6,47.9,47.8,50.2
63017,25673,274.0,J. Pulido Mayoral,Spain,Huesca,Spain 2 - La Liga 2,Centre Back,Defence,34.0,3196.0,47.5,46.3,46.4,54.9
73481,25584,7391.0,J. Puljić,Croatia,Vukovar,Croatia 1 - 1. HNL,Centre Forward,Attack,31.0,2743.0,51.3,50.9,51.8,46.7
37588370,25648,65.0,J. Quarshie,Germany,Southampton,England 2 - Championship,Centre Back,Defence,21.0,945.0,55.4,55.6,54.4,52.0
52889,25584,4504.0,J. Radošević,Croatia,Istra 1961,Croatia 1 - 1. HNL,Defensive Midfield,Midfield,31.0,2836.0,48.4,48.2,49.5,48.6
8842,25649,138.0,J. Rafferty,Republic of Ireland,Rotherham United,England 3 - League One,Right Back,Defence,31.0,3318.0,46.9,45.4,44.8,44.4
186155,25735,7085.0,J. Ramalho Chimeno,Angola,OC Charleroi,Belgium 2 - Challenger Pro League,Centre Back,Defence,32.0,1497.0,42.4,41.7,41.1,44.4
286894,25745,7035.0,J. Ramírez Díaz,Venezuela,Nacional,Portugal 1 - Liga Portugal,Centre Forward,Attack,27.0,2899.0,53.4,52.8,54.1,52.2
35873,25652,1638.0,J. Rasmussen,Denmark,Kaiserslautern,Germany 2 - 2. Bundesliga,Centre Back,Defence,28.0,924.0,53.2,53.9,53.2,54.1
35873,25653,49.0,J. Rasmussen,Denmark,Salzburg,Austria 1 - Admiral Bundesliga,Centre Back,Defence,28.0,1307.0,54.5,55.2,55.6,60.8
3587,25649,301.0,J. Reeves,England,AFC Wimbledon,England 3 - League One,Central Midfield,Midfield,32.0,2867.0,49.1,49.4,48.5,40.7
37569099,25535,3191.0,J. Reginaldo,Brazil,Radomiak Radom,Poland 1 - Ekstraklasa,Left Back,Defence,22.0,965.0,46.4,46.8,46.9,47.8
11665,25649,409.0,J. Reid,Northern Ireland,Stevenage,England 3 - League One,Centre Forward,Attack,31.0,3641.0,47.3,47.2,48.0,41.2
63150,25735,3117.0,J. Renson,Belgium,Patro Eisden Maasmechelen,Belgium 2 - Challenger Pro League,Centre Back,Defence,29.0,3090.0,49.8,50.0,50.5,38.8
37677173,25649,115.0,J. Richards,England,Luton Town,England 3 - League One,Central Midfield,Midfield,17.0,1314.0,49.0,49.3,49.4,45.7
37255845,25598,496.0,J. Richardson,England,St. Mirren,Scotland 1 - Premiership,Right Back,Defence,24.0,1972.0,43.9,44.9,44.9,41.4
25399,25648,21.0,J. Riedewald,Netherlands,Sheffield United,England 2 - Championship,Defensive Midfield,Midfield,28.0,1484.0,48.9,48.3,48.6,49.4
37575935,25637,1433.0,J. Rijkhoff,Netherlands,Almere City,Netherlands 2 - Eerste Divisie,Centre Forward,Attack,20.0,2760.0,50.0,49.6,49.9,45.0
37603833,25597,1550.0,J. Ritmeester van de Kamp,Netherlands,Telstar,Netherlands 1 - Eredivisie,Attacking Midfield,Midfield,21.0,2045.0,46.3,46.3,47.0,52.5
538510,25535,2482.0,J. Rivas Margalef,Spain,Piast Gliwice,Poland 1 - Ekstraklasa,Centre Back,Defence,26.0,2386.0,47.2,46.6,46.6,52.4
11502,25649,409.0,J. Roberts,England,Stevenage,England 3 - League One,Left Midfield,Midfield,31.0,2529.0,43.5,44.2,43.0,53.7
1022,25648,12.0,J. Robinson,England,Birmingham City,England 2 - Championship,Centre Back,Defence,31.0,1120.0,55.9,56.1,55.1,60.6
37712685,25745,2628.0,J. Rocha Tavares,Cape Verde,Santa Clara,Portugal 1 - Liga Portugal,Central Midfield,Midfield,22.0,953.0,53.0,52.8,53.2,68.7
30866134,25607,2357.0,J. Roche,Sweden,Lausanne Sport,Switzerland 1 - Super League,Defensive Midfield,Midfield,24.0,2136.0,53.0,53.7,52.1,53.5
3533724,25652,2927.0,J. Rochelt,Germany,DSC Arminia Bielefeld,Germany 2 - 2. Bundesliga,Left Wing,Attack,26.0,1000.0,51.0,50.5,49.1,49.4
187128,25673,3169.0,J. Rodríguez Díaz,Spain,Albacete,Spain 2 - La Liga 2,Right Wing,Attack,33.0,1913.0,49.2,49.4,50.0,48.0
37686296,25745,3497.0,J. Rodríguez López,Ecuador,Tondela,Portugal 1 - Liga Portugal,Defensive Midfield,Midfield,19.0,1979.0,50.2,50.2,49.7,47.2
96602,25673,2921.0,J. Rodríguez Ruiz,Spain,Las Palmas,Spain 2 - La Liga 2,Left Wing,Attack,32.0,1977.0,50.6,50.9,52.1,46.9
37574048,25600,1087.0,J. Romsaas,Norway,Sporting Charleroi,Belgium 1 - Pro League,Attacking Midfield,Midfield,21.0,1740.0,51.0,50.7,50.9,55.8
12830709,25607,10655.0,J. Roth,Switzerland,Thun,Switzerland 1 - Super League,Defensive Midfield,Midfield,24.0,1533.0,49.4,49.4,48.6,50.7
32404898,25648,117.0,J. Rudoni,England,Coventry City,England 2 - Championship,Attacking Midfield,Midfield,24.0,2111.0,57.0,56.9,56.7,53.4
100370,25658,1838.0,J. Ruiz,France,Pau,France 2 - Ligue 2,Centre Back,Defence,27.0,2350.0,55.0,55.6,56.7,47.8
21412318,25649,225.0,J. Russell,Jamaica,Mansfield Town,England 3 - League One,Central Midfield,Midfield,24.0,1445.0,46.3,46.0,46.3,43.1
37756111,25673,9818.0,J. Salinas Viadero,Spain,Racing Santander,Spain 2 - La Liga 2,Left Back,Defence,18.0,2610.0,50.3,50.3,49.1,61.2
65386,25600,2741.0,J. Sambu Mansoni,Belgium,Dender,Belgium 1 - Pro League,Right Back,Defence,29.0,2014.0,50.2,50.8,50.2,50.9
54164,25599,2645.0,J. Santos Sa,Brazil,Krasnodar,Russia 1 - Premier League,Left Wing,Attack,31.0,1643.0,47.9,47.9,48.7,50.2
5640884,25648,33.0,J. Sargent,United States,Norwich City,England 2 - Championship,Centre Forward,Attack,25.0,1954.0,53.1,53.2,52.9,49.5
37642392,26164,267.0,J. Schingtienne,Belgium,Venezia,Italy 2 - Serie B,Centre Back,Defence,23.0,3047.0,53.5,53.5,49.5,44.8
37266295,25652,3588.0,J. Schmahl,Germany,Elversberg,Germany 2 - 2. Bundesliga,Central Midfield,Midfield,22.0,1074.0,51.0,50.6,51.6,59.7
26786,25597,682.0,J. Schouten,Netherlands,PSV,Netherlands 1 - Eredivisie,Defensive Midfield,Midfield,28.0,2381.0,59.0,60.3,57.6,56.4
37667301,25597,2345.0,J. Schreuders,Netherlands,FC Groningen,Netherlands 1 - Eredivisie,Left Wing,Attack,20.0,2920.0,46.7,46.9,46.4,51.6
37633890,25653,49.0,J. Schuster,Austria,Salzburg,Austria 1 - Admiral Bundesliga,Centre Back,Defence,19.0,1707.0,55.4,56.1,56.6,58.8
37633778,25658,430.0,J. Sebas,Martinique,Bastia,France 2 - Ligue 2,Centre Forward,Attack,22.0,1542.0,48.5,48.0,48.9,46.4
435763,26164,1216.0,J. Segre,Italy,Palermo,Italy 2 - Serie B,Central Midfield,Midfield,28.0,2842.0,47.7,47.3,47.9,48.0
13542,25649,235.0,J. Senior,England,Doncaster Rovers,England 3 - League One,Left Back,Defence,28.0,2665.0,51.1,50.2,49.8,53.3
37332130,25673,3968.0,J. Serrano,Spain,Real Zaragoza,Spain 2 - La Liga 2,Right Back,Defence,23.0,1343.0,48.9,49.1,47.9,52.6
37611902,25600,340.0,J. Seys,Belgium,Club Brugge,Belgium 1 - Pro League,Left Back,Defence,20.0,2979.0,55.3,54.9,53.7,53.9
902,25649,16.0,J. Sheehan,Wales,Bolton Wanderers,England 3 - League One,Central Midfield,Midfield,30.0,2992.0,52.1,51.7,51.1,47.1
21054658,25535,8761.0,J. Shehu,Albania,Widzew Lodz,Poland 1 - Ekstraklasa,Defensive Midfield,Midfield,26.0,2672.0,51.4,50.8,52.5,53.7
37602083,25649,54.0,J. Shepherd,England,Barnsley,England 3 - League One,Centre Back,Defence,24.0,3164.0,49.4,50.4,51.1,54.8
488056,25649,348.0,J. Shipley,England,Port Vale,England 3 - League One,Left Midfield,Midfield,27.0,1486.0,50.0,52.4,50.0,47.2
540260,25745,12152.0,J. Silva Encada,Guinea-Bissau,Estrela Amadora,Portugal 1 - Liga Portugal,Right Back,Defence,27.0,1543.0,52.5,53.1,52.4,47.5
446951,25535,3270.0,J. Silva Rocha,Brazil,Raków Częstochowa,Poland 1 - Ekstraklasa,Left Midfield,Midfield,29.0,1487.0,54.5,51.9,54.9,59.1
37621057,25637,320.0,J. Simons,Netherlands,FC Eindhoven,Netherlands 2 - Eerste Divisie,Central Midfield,Midfield,21.0,2947.0,47.6,47.5,47.2,44.4
37710543,25637,1073.0,J. Simons,Netherlands,De Graafschap,Netherlands 2 - Eerste Divisie,Right Wing,Attack,20.0,1608.0,49.9,49.9,48.7,55.7
338951,25649,294.0,J. Simpson,England,Leyton Orient,England 3 - League One,Centre Back,Defence,28.0,2291.0,50.0,50.7,50.0,49.6
17544752,25599,35.0,J. Siwe,France,Rubin Kazan,Russia 1 - Premier League,Centre Forward,Attack,23.0,900.0,49.6,49.6,49.5,51.4
12433119,25591,3097.0,J. Sláma,Czech Republic,Sigma Olomouc,Czech Republic 1 - Chance Liga,Left Back,Defence,26.0,1612.0,52.7,51.6,51.4,55.1
37565080,25673,344.0,J. Smith,British Virgin Islands,Sporting Gijón,Spain 2 - La Liga 2,Central Midfield,Midfield,22.0,1830.0,47.5,48.0,47.6,54.4
37563866,25648,12.0,J. Solis Romero,Colombia,Birmingham City,England 2 - Championship,Central Midfield,Midfield,20.0,1111.0,51.8,51.8,51.5,56.8
172581,25598,62.0,J. Souttar,Scotland,Rangers,Scotland 1 - Premiership,Centre Back,Defence,28.0,2014.0,55.3,56.6,55.6,52.8
37561591,25600,340.0,J. Spileers,Belgium,Club Brugge,Belgium 1 - Pro League,Centre Back,Defence,20.0,1197.0,61.3,62.6,60.9,53.2
5917,25648,33.0,J. Stacey,England,Norwich City,England 2 - Championship,Right Back,Defence,29.0,2014.0,53.8,54.0,53.8,54.9
3862477,25607,362.0,J. Stanic,Croatia,St. Gallen,Switzerland 1 - Super League,Centre Back,Defence,26.0,2810.0,49.2,49.3,49.9,61.2
37259158,25648,12.0,J. Stansfield,England,Birmingham City,England 2 - Championship,Centre Forward,Attack,22.0,3315.0,50.1,50.5,49.8,44.0
1393,25648,65.0,J. Stephens,England,Southampton,England 2 - Championship,Centre Back,Defence,31.0,2707.0,55.0,55.1,55.1,47.8
37266238,25652,1077.0,J. Sterner,Germany,Dynamo Dresden,Germany 2 - 2. Bundesliga,Right Back,Defence,23.0,1468.0,51.5,52.6,53.1,51.0
3005,25649,235.0,J. Sterry,England,Doncaster Rovers,England 3 - League One,Right Back,Defence,29.0,2423.0,50.7,50.0,48.7,45.3
37600173,25649,249.0,J. Stokes,England,Stockport County,England 3 - League One,Attacking Midfield,Midfield,21.0,1417.0,45.3,45.3,45.9,48.9
12543,25648,99.0,J. Storey,England,Preston North End,England 2 - Championship,Centre Back,Defence,27.0,3692.0,49.1,49.2,47.1,60.1
37616318,25536,85.0,J. Suzuki,Japan,FC København,Denmark 1 - Superliga,Centre Back,Defence,22.0,1892.0,57.9,56.9,55.1,52.3
80704,25591,3531.0,J. Svozil,Czech Republic,Dukla Praha,Czech Republic 1 - Chance Liga,Centre Back,Defence,31.0,1811.0,46.6,46.2,47.1,45.2
2992,25648,5.0,J. Swift,England,Portsmouth,England 2 - Championship,Attacking Midfield,Midfield,30.0,1641.0,52.7,53.5,51.8,54.6
112063,25566,2791.0,J. Szabó,Hungary,Paksi SE,Hungary 1 - NB I,Left Back,Defence,36.0,1772.0,49.1,48.1,47.9,60.3
181229,25566,2940.0,J. Szépe,Slovakia,MTK,Hungary 1 - NB I,Centre Back,Defence,29.0,1185.0,44.5,43.4,45.0,44.1
188910,25673,844.0,J. Sáenz de Miera Colmeiro,Spain,Leganés,Spain 2 - La Liga 2,Centre Back,Defence,28.0,1031.0,52.7,53.5,54.9,51.9
189536,25535,3781.0,J. Sánchez Guillén,Spain,Górnik Zabrze,Poland 1 - Ekstraklasa,Centre Back,Defence,29.0,2659.0,50.4,50.7,50.6,49.8
533800,25673,3169.0,J. Sánchez Martínez,Spain,Albacete,Spain 2 - La Liga 2,Centre Back,Defence,25.0,1632.0,50.8,50.3,50.2,49.9
447134,25745,4092.0,J. Sánchez de Felipe,Spain,Arouca,Portugal 1 - Liga Portugal,Centre Back,Defence,28.0,1229.0,52.0,52.2,54.8,48.0
104916,25599,237672.0,J. Tabidze,Georgia,Dynamo Makhachkala,Russia 1 - Premier League,Centre Back,Defence,29.0,2241.0,49.6,49.6,47.5,45.0
37570057,25597,637.0,J. Talvitie,Finland,NAC Breda,Netherlands 1 - Eredivisie,Right Wing,Attack,20.0,1395.0,51.1,50.7,50.7,51.0
540290,25648,21.0,J. Tanganga,England,Sheffield United,England 2 - Championship,Centre Back,Defence,26.0,3555.0,52.5,53.0,51.6,62.5
758,25598,62.0,J. Tavernier,England,Rangers,Scotland 1 - Premiership,Right Back,Defence,33.0,2362.0,60.9,59.8,61.3,53.7
13042,25648,116.0,J. Taylor,Republic of Ireland,Ipswich Town,England 2 - Championship,Central Midfield,Midfield,27.0,2153.0,54.8,54.7,54.5,55.4
37357595,25649,17.0,J. Taylor,Wales,Wigan Athletic,England 3 - League One,Centre Forward,Attack,22.0,1662.0,49.3,48.5,49.5,38.3
37549971,25648,26.0,J. Tchamadeu,Cameroon,Stoke City,England 2 - Championship,Right Back,Defence,21.0,2047.0,56.1,55.7,55.6,54.0
3187890,25745,364.0,J. Teixeira Lopes Reis Gonçalves,Portugal,Gil Vicente,Portugal 1 - Liga Portugal,Right Back,Defence,27.0,2482.0,51.8,51.0,51.0,55.2
37637100,25652,3611.0,J. Therkelsen,Norway,Holstein Kiel,Germany 2 - 2. Bundesliga,Attacking Midfield,Midfield,22.0,2181.0,48.3,48.1,51.0,48.5
174158,25648,99.0,J. Thompson,Northern Ireland,Preston North End,England 2 - Championship,Central Midfield,Midfield,28.0,1030.0,53.9,54.0,53.3,51.8
37568596,25599,3452.0,J. Thompson,Chile,Orenburg,Russia 1 - Premier League,Right Wing,Attack,20.0,2144.0,52.5,52.4,52.0,42.4
37609291,25648,56.0,J. Thornton,England,Sheffield Wednesday,England 2 - Championship,Defensive Midfield,Midfield,19.0,991.0,48.6,48.0,48.4,43.1
7309,25649,301.0,J. Tilley,England,AFC Wimbledon,England 3 - League One,Right Wing,Attack,27.0,1005.0,46.9,46.8,47.2,58.6
37325021,25735,2591.0,J. Tolinsson,Sweden,Lommel SK,Belgium 2 - Challenger Pro League,Centre Back,Defence,22.0,1554.0,50.9,51.0,48.5,52.6
22514444,25652,3611.0,J. Tolkin,United States,Holstein Kiel,Germany 2 - 2. Bundesliga,Left Back,Defence,23.0,2086.0,51.1,51.7,53.7,54.1
37627033,25653,3369.0,J. Tornich,Brazil,LASK Linz,Austria 1 - Admiral Bundesliga,Centre Back,Defence,22.0,1951.0,48.1,47.3,50.5,53.6
37539574,25597,1053.0,J. Trenskow,Denmark,SC Heerenveen,Netherlands 1 - Eredivisie,Right Wing,Attack,24.0,2769.0,51.0,50.5,52.2,45.7
145700,25567,230490.0,J. Tumbasević,Montenegro,Mladost Lučani,Serbia 1 - Super Liga,Central Midfield,Midfield,40.0,2214.0,48.9,49.1,47.8,55.2
1596,25648,30.0,J. Tymon,England,Swansea City,England 2 - Championship,Left Back,Defence,26.0,3969.0,54.4,53.7,54.7,46.0
37527996,25591,3552.0,J. Uhrinčať,Slovakia,Hradec Králové,Czech Republic 1 - Chance Liga,Centre Back,Defence,24.0,1752.0,46.9,46.1,44.6,46.3
37686120,25637,814.0,J. Uneken,Netherlands,RKC Waalwijk,Netherlands 2 - Eerste Divisie,Centre Forward,Attack,20.0,2637.0,50.4,50.6,49.8,59.4
62597,25759,9849.0,J. Uronen,Finland,Atromitos,Greece 1 - Super League,Left Back,Defence,31.0,2402.0,50.6,50.0,49.5,49.9
37551348,25636,8630.0,J. Vadstrup,Denmark,Kolding IF,Denmark 2 - First Division,Centre Back,Defence,21.0,1159.0,46.8,46.2,48.1,51.0
32536,25673,3169.0,J. Vallejo Lázaro,Spain,Albacete,Spain 2 - La Liga 2,Centre Back,Defence,28.0,2460.0,45.7,45.7,47.3,41.6
37779568,25735,234702.0,J. Van Britsom,Belgium,Club NXT U23,Belgium 2 - Challenger Pro League,Centre Forward,Attack,18.0,967.0,51.6,51.6,51.5,48.9
24817170,25735,1272.0,J. Van Hecke,Belgium,SK Beveren,Belgium 2 - Challenger Pro League,Central Midfield,Midfield,23.0,2240.0,47.2,46.6,46.7,44.6
37296537,25735,3960.0,J. Van Oudenhove,Belgium,Royal Francs Borains,Belgium 2 - Challenger Pro League,Central Midfield,Midfield,26.0,959.0,47.1,46.9,47.3,53.9
37539566,25648,47.0,J. Varane,France,Queens Park Rangers,England 2 - Championship,Defensive Midfield,Midfield,23.0,2361.0,52.9,53.0,52.6,61.6
24838178,25584,5428.0,J. Vasilj,Croatia,Lokomotiva Zagreb,Croatia 1 - 1. HNL,Attacking Midfield,Midfield,23.0,1375.0,49.3,49.6,49.0,46.7
29394,25597,682.0,J. Veerman,Netherlands,PSV,Netherlands 1 - Eredivisie,Central Midfield,Midfield,26.0,2369.0,64.4,64.2,63.8,55.8
23269669,25735,247549.0,J. Vervaque,Belgium,KSC Lokeren,Belgium 2 - Challenger Pro League,Right Back,Defence,24.0,967.0,48.7,48.5,48.2,51.8
31129,25648,42.0,J. Vestergaard,Denmark,Leicester City,England 2 - Championship,Centre Back,Defence,33.0,2605.0,55.0,55.1,55.4,62.6
85775,25636,8759.0,J. Vetter,Denmark,Middelfart,Denmark 2 - First Division,Centre Back,Defence,26.0,1411.0,47.6,48.2,48.7,50.3
37562699,25566,4312.0,J. Vieira Ferreira Sousa,Brazil,Zalaegerszegi TE,Hungary 1 - NB I,Left Wing,Attack,21.0,2160.0,44.1,44.9,45.3,42.7
162588,25535,302.0,J. Vieira Pereira,Portugal,Lech Poznań,Poland 1 - Ekstraklasa,Right Back,Defence,28.0,2350.0,56.5,56.6,58.8,52.9
63168,25673,2921.0,J. Viera Ramos,Spain,Las Palmas,Spain 2 - La Liga 2,Attacking Midfield,Midfield,35.0,1288.0,57.0,58.6,56.5,51.0
37580787,25636,8759.0,J. Villemoes,Denmark,Middelfart,Denmark 2 - First Division,Right Wing,Attack,29.0,2218.0,43.9,43.9,43.9,47.3
65639,25735,247549.0,J. Vinck,Belgium,KSC Lokeren,Belgium 2 - Challenger Pro League,Right Back,Defence,29.0,912.0,46.2,45.9,45.3,48.9
15763847,25637,1128.0,J. Vlak,Netherlands,ADO Den Haag,Netherlands 2 - Eerste Divisie,Central Midfield,Midfield,26.0,2901.0,53.8,54.0,53.4,54.8
82419,25591,2488.0,J. Vondra,Czech Republic,Bohemians 1905,Czech Republic 1 - Chance Liga,Centre Back,Defence,29.0,1734.0,51.2,51.8,51.7,50.5
6182,25648,10.0,J. Wallace,England,West Bromwich Albion,England 2 - Championship,Right Wing,Attack,31.0,1023.0,52.8,52.9,52.6,60.5
331382,25648,24.0,J. Ward,England,Derby County,England 2 - Championship,Right Midfield,Midfield,29.0,2928.0,56.1,57.6,56.8,53.1
37388639,25649,185.0,J. Wareham,England,Exeter City,England 3 - League One,Centre Forward,Attack,22.0,3567.0,47.8,47.4,48.3,50.2
7392788,25649,17.0,J. Weir,England,Wigan Athletic,England 3 - League One,Central Midfield,Midfield,23.0,2971.0,43.7,43.6,43.9,50.9
37589619,25598,284.0,J. Westley,England,Dundee,Scotland 1 - Premiership,Centre Forward,Attack,20.0,1342.0,46.7,47.0,46.1,48.2
37579661,25636,8759.0,J. Wielzen,Netherlands,Middelfart,Denmark 2 - First Division,Left Wing,Attack,22.0,2532.0,45.8,46.0,46.8,43.9
896182,25648,5.0,J. Williams,England,Portsmouth,England 2 - Championship,Right Back,Defence,25.0,1776.0,50.3,50.2,49.8,53.5
11799,25648,283.0,J. Windass,England,Wrexham,England 2 - Championship,Attacking Midfield,Midfield,31.0,2401.0,53.9,53.9,53.2,43.1
112856,25566,2791.0,J. Windecker,Hungary,Paksi SE,Hungary 1 - NB I,Defensive Midfield,Midfield,32.0,1587.0,48.7,48.8,46.1,46.5
37574398,25636,22608.0,J. Witt,Denmark,Hillerød,Denmark 2 - First Division,Centre Back,Defence,32.0,2350.0,56.8,59.8,57.6,51.0
37723761,25682,2811.0,J. Wooding Mendes,Sweden,Samsunspor,Türkiye 1 - Super Lig,Right Back,Defence,22.0,1215.0,52.7,53.0,52.6,52.4
6476,25649,137.0,J. Wright,Wales,Bradford City,England 3 - League One,Centre Back,Defence,30.0,1960.0,43.4,42.6,42.1,57.1
37612626,25648,33.0,J. Wright,England,Norwich City,England 2 - Championship,Defensive Midfield,Midfield,19.0,1253.0,56.1,55.7,54.1,49.9
6377,25648,56.0,J. Yates,England,Sheffield Wednesday,England 2 - Championship,Centre Forward,Attack,28.0,1471.0,48.2,48.1,48.1,45.0
6377,25649,115.0,J. Yates,England,Luton Town,England 3 - League One,Centre Forward,Attack,28.0,1108.0,48.1,48.5,47.6,47.5
187166,25673,12330.0,J. Zalazar Martínez,Spain,Ceuta,Spain 2 - La Liga 2,Attacking Midfield,Midfield,27.0,2446.0,49.7,49.6,49.4,49.8
3861724,26164,267.0,J. Zamora,Ecuador,Venezia,Italy 2 - Serie B,Secondary Striker,Attack,25.0,2619.0,56.2,56.4,56.8,48.2
79540,25591,2727.0,J. Zelený,Czech Republic,Sparta Praha,Czech Republic 1 - Chance Liga,Centre Back,Defence,32.0,1694.0,55.1,55.3,54.4,52.7
32810192,25637,2360.0,J. Zimmerman,Netherlands,TOP Oss,Netherlands 2 - Eerste Divisie,Right Wing,Attack,24.0,997.0,49.2,48.8,47.7,44.8
37722931,25637,3115.0,J. Zwart,Netherlands,Jong AZ,Netherlands 2 - Eerste Divisie,Right Back,Defence,18.0,2137.0,45.7,45.7,45.6,52.6
37944931,25591,187.0,J. Zíka,,Mladá Boleslav,Czech Republic 1 - Chance Liga,Central Midfield,Midfield,19.0,1262.0,50.9,51.2,51.0,47.4
19606968,25759,602.0,J. da Costa,Portugal,Olympiacos F.C.,Greece 1 - Super League,Right Back,Defence,25.0,1747.0,55.4,55.2,54.8,62.3
1166,25745,11741.0,J. da Rocha Fonte,Portugal,Casa Pia,Portugal 1 - Liga Portugal,Centre Back,Defence,41.0,1439.0,48.6,48.0,49.2,49.5
223135,25745,1085.0,J. de Brito Gonzaga,Brazil,Moreirense,Portugal 1 - Liga Portugal,Centre Back,Defence,31.0,2594.0,47.8,46.9,50.5,53.0
24081081,25745,3161.0,J. de Haas,Netherlands,Famalicão,Portugal 1 - Liga Portugal,Centre Back,Defence,25.0,2790.0,57.0,57.5,57.7,49.4
14328501,25599,2468.0,J. de Souza Mares,Brazil,Dinamo Moskva,Russia 1 - Premier League,Attacking Midfield,Midfield,25.0,2334.0,54.0,52.1,53.7,55.4
37656331,25673,6827.0,J. de la Rosa,Spain,Cádiz,Spain 2 - La Liga 2,Right Wing,Attack,21.0,1452.0,47.0,47.0,46.5,50.7
1548396,25536,939.0,J. dos Santos Júnior,Brazil,FC Midtjylland,Denmark 1 - Superliga,Centre Forward,Attack,26.0,1136.0,54.4,54.3,54.6,63.4
30468646,25652,3647.0,J. ter Horst,Germany,Preußen Münster,Germany 2 - 2. Bundesliga,Right Midfield,Midfield,23.0,2825.0,48.1,48.5,48.4,50.9
37577577,25637,822.0,J. van Aken,Netherlands,FC Dordrecht,Netherlands 2 - Eerste Divisie,Right Back,Defence,22.0,1678.0,48.8,48.1,47.9,52.4
37612548,25735,2591.0,J. van Duiven,Netherlands,Lommel SK,Belgium 2 - Challenger Pro League,Centre Forward,Attack,20.0,1890.0,49.2,49.7,48.3,55.6
540004,25735,1130.0,J. van Landschoot,Belgium,KV Kortrijk,Belgium 2 - Challenger Pro League,Left Wing,Attack,27.0,2494.0,47.1,46.8,48.7,40.2
37722795,25637,2755.0,J. van Ommeren,Netherlands,Jong FC Utrecht,Netherlands 2 - Eerste Divisie,Defensive Midfield,Midfield,17.0,1277.0,48.5,48.4,47.3,55.8
25093,25597,1053.0,J. van Overeem,Netherlands,SC Heerenveen,Netherlands 1 - Eredivisie,Defensive Midfield,Midfield,31.0,3023.0,58.3,59.8,57.5,53.6
37709264,25637,2971.0,J. van den Berg,Netherlands,Jong PSV,Netherlands 2 - Eerste Divisie,Central Midfield,Midfield,18.0,2128.0,48.6,48.3,49.4,48.4
28270,25637,1435.0,J. van der Sande,Netherlands,SC Cambuur,Netherlands 2 - Eerste Divisie,Centre Forward,Attack,29.0,2210.0,51.3,51.1,50.9,59.2
37536719,25637,822.0,J. van der Sluijs,Netherlands,FC Dordrecht,Netherlands 2 - Eerste Divisie,Attacking Midfield,Midfield,23.0,1178.0,49.8,50.0,49.3,41.2
5956434,25673,274.0,J. Álvarez Aguado,Spain,Huesca,Spain 2 - La Liga 2,Central Midfield,Midfield,25.0,2631.0,49.1,49.3,49.3,55.1
37728549,25567,230490.0,J. Ćirić,Serbia,Mladost Lučani,Serbia 1 - Super Liga,Left Wing,Attack,18.0,1730.0,50.5,50.8,50.6,37.3
22504455,25591,1745.0,J. Černín,Czech Republic,Zlín,Czech Republic 1 - Chance Liga,Centre Back,Defence,26.0,2001.0,53.5,54.2,52.9,45.8
68081,25535,1266.0,J. Čorluka,Bosnia and Herzegovina,Zagłębie Lubin,Poland 1 - Ekstraklasa,Right Back,Defence,30.0,1800.0,49.4,50.1,51.8,57.5
526042,25535,11356.0,J. Łabojko,Poland,Motor Lublin,Poland 1 - Ekstraklasa,Defensive Midfield,Midfield,27.0,1267.0,56.1,57.7,54.3,55.6
37600639,25567,3674.0,J. Šljivić,Serbia,OFK Beograd,Serbia 1 - Super Liga,Central Midfield,Midfield,19.0,1438.0,48.4,49.3,49.7,50.1
540711,25597,629.0,J. Šutalo,Croatia,Ajax,Netherlands 1 - Eredivisie,Centre Back,Defence,25.0,1797.0,55.9,56.3,55.1,55.2
37577891,25591,1351.0,J. Švanda,Czech Republic,Teplice,Czech Republic 1 - Chance Liga,Right Back,Defence,23.0,1115.0,49.7,50.8,50.8,53.8
24816829,25591,3097.0,J. Šíp,Czech Republic,Sigma Olomouc,Czech Republic 1 - Chance Liga,Left Wing,Attack,22.0,1126.0,50.6,50.9,50.2,50.7
28571312,25597,1403.0,J. Žambůrek,Czech Republic,Heracles Almelo,Netherlands 1 - Eredivisie,Central Midfield,Midfield,24.0,1734.0,47.5,47.1,47.1,52.7
37414397,25745,830.0,João Mendes,Portugal,Vitória Guimarães,Portugal 1 - Liga Portugal,Left Back,Defence,25.0,2443.0,51.5,51.0,50.7,51.1
37451261,25682,3897.0,Juan,Brazil,Göztepe,Türkiye 1 - Super Lig,Centre Forward,Attack,23.0,2588.0,51.6,51.8,52.3,49.2
64411,25735,1272.0,K. Abrahams,South Africa,SK Beveren,Belgium 2 - Challenger Pro League,Right Wing,Attack,28.0,1903.0,49.0,48.6,49.9,51.7
30082746,25649,23.0,K. Abretti,Ghana,Reading,England 3 - League One,Right Back,Defence,21.0,1135.0,51.8,51.7,50.8,56.7
37667571,25598,770.0,K. Adams,Scotland,Falkirk,Scotland 1 - Premiership,Right Back,Defence,23.0,1954.0,46.2,46.0,46.0,48.4
28912852,25601,2759.0,K. Adedoyin,England,Trenčín,Slovakia 1 - Niké Liga,Centre Forward,Attack,24.0,1150.0,50.7,50.1,51.5,48.3
6073,25648,10.0,K. Ahearne-Grant,England,West Bromwich Albion,England 2 - Championship,Centre Forward,Attack,27.0,1619.0,53.2,53.0,53.1,52.7
37549544,25653,3678.0,K. Ahoussou,Ivory Coast,SK Rapid,Austria 1 - Admiral Bundesliga,Centre Back,Defence,21.0,1710.0,49.6,48.9,48.8,55.3
37649990,25653,49.0,K. Alajbegović,Bosnia and Herzegovina,Salzburg,Austria 1 - Admiral Bundesliga,Left Wing,Attack,17.0,1912.0,54.3,54.8,55.9,55.8
19979719,25759,213.0,K. Aleksić,Serbia,Panaitolikos,Greece 1 - Super League,Centre Forward,Attack,27.0,1582.0,50.1,50.0,49.9,59.9
37596210,25652,1077.0,K. Amoako,Germany,Dynamo Dresden,Germany 2 - 2. Bundesliga,Defensive Midfield,Midfield,20.0,2243.0,47.0,46.3,44.9,49.8
37547629,25636,8724.0,K. Andersen,Denmark,Aarhus Fremad,Denmark 2 - First Division,Centre Forward,Attack,27.0,2519.0,50.1,50.0,49.6,50.2
37563937,25649,28.0,K. Anderson,England,Blackpool,England 3 - League One,Central Midfield,Midfield,20.0,1082.0,46.2,46.2,46.8,51.6
22513979,25599,6067.0,K. Andrade Murillo,Colombia,Baltika Kaliningrad,Russia 1 - Premier League,Centre Back,Defence,26.0,2255.0,48.5,47.6,50.0,57.5
37567320,25662,2997.0,K. Andrade Navarro,Venezuela,Maccabi Tel Aviv,Israel 1 - Ligat ha'Al,Attacking Midfield,Midfield,20.0,1019.0,52.0,52.4,52.5,57.1
37532950,25682,554.0,K. Asllani,Albania,Beşiktaş,Türkiye 1 - Super Lig,Defensive Midfield,Midfield,23.0,901.0,51.3,50.3,52.6,42.2
37622131,25658,7047.0,K. Assoumou,Mali,Troyes,France 2 - Ligue 2,Left Wing,Attack,22.0,1089.0,50.6,51.3,52.3,61.5
749968,25598,496.0,K. Baccus,Australia,St. Mirren,Scotland 1 - Premiership,Defensive Midfield,Midfield,27.0,1254.0,46.4,47.3,46.9,46.5
183305,25601,2417.0,K. Bajrič,Slovenia,Slovan Bratislava,Slovakia 1 - Niké Liga,Centre Back,Defence,30.0,2430.0,50.8,51.6,50.4,48.5
3139,25682,554.0,K. Bakumo-Abraham,England,Beşiktaş,Türkiye 1 - Super Lig,Centre Forward,Attack,27.0,1254.0,52.5,52.5,52.3,47.8
129453,26164,1628.0,K. Baldé Diao,Senegal,Monza,Italy 2 - Serie B,Left Wing,Attack,30.0,993.0,54.9,54.3,53.9,51.6
433811,25658,6898.0,K. Bamba,France,Clermont,France 2 - Ligue 2,Left Wing,Attack,31.0,2033.0,51.9,52.5,53.1,52.3
187220,25673,3968.0,K. Bare,Albania,Real Zaragoza,Spain 2 - La Liga 2,Central Midfield,Midfield,27.0,1755.0,49.9,49.8,49.6,50.1
28571255,25601,5905.0,K. Bari,Slovakia,Žilina,Slovakia 1 - Niké Liga,Left Back,Defence,24.0,2435.0,48.0,48.6,48.1,49.2
37668736,25735,261625.0,K. Barry,Belgium,RSCA Futures U23,Belgium 2 - Challenger Pro League,Centre Back,Defence,19.0,1273.0,50.4,50.3,50.3,45.1
39525,25607,13775.0,K. Behrens,Germany,Lugano,Switzerland 1 - Super League,Centre Forward,Attack,34.0,2241.0,51.9,51.7,51.4,57.0
37583815,25567,5354.0,K. Bevis,Guadeloupe,Radnički Kragujevac,Serbia 1 - Super Liga,Left Wing,Attack,27.0,1648.0,50.3,49.5,49.4,50.4
8047,25648,10.0,K. Bielik,Poland,West Bromwich Albion,England 2 - Championship,Centre Back,Defence,27.0,943.0,53.9,53.9,53.9,68.3
54392,25641,1026.0,K. Boateng,Togo,Dinamo Bucureşti,Romania 1 - Superliga,Centre Back,Defence,28.0,3470.0,44.3,42.2,45.5,57.4
36084461,25745,1198.0,K. Boma,France,Estoril,Portugal 1 - Liga Portugal,Centre Back,Defence,22.0,1721.0,47.7,46.9,46.2,54.2
37722932,25637,3115.0,K. Boogaard,Netherlands,Jong AZ,Netherlands 2 - Eerste Divisie,Defensive Midfield,Midfield,19.0,1861.0,52.7,52.1,52.8,42.5
63954,25735,3117.0,K. Borry,Belgium,Patro Eisden Maasmechelen,Belgium 2 - Challenger Pro League,Centre Back,Defence,30.0,2205.0,43.4,42.5,42.7,47.3
25954296,25598,66.0,K. Bowie,Scotland,Hibernian,Scotland 1 - Premiership,Centre Forward,Attack,22.0,1609.0,50.0,50.0,50.0,50.9
37608417,25601,5581.0,K. Brosnan,England,Zemplín Michalovce,Slovakia 1 - Niké Liga,Left Wing,Attack,23.0,1656.0,47.3,46.4,46.4,44.8
73444,25662,8644.0,K. Bručić,Croatia,Bnei Sakhnin,Israel 1 - Ligat ha'Al,Centre Back,Defence,33.0,2603.0,47.1,47.2,47.7,42.2
16475800,25735,1674.0,K. Bukusu,Angola,RFC Seraing,Belgium 2 - Challenger Pro League,Centre Back,Defence,24.0,1327.0,49.3,50.0,48.8,40.3
37751917,25566,7926.0,K. Bánáti,Hungary,Győri ETO,Hungary 1 - NB I,Right Wing,Attack,20.0,1509.0,45.9,45.9,45.8,49.5
37667333,25584,7391.0,K. Cabrajic,Croatia,Vukovar,Croatia 1 - 1. HNL,Left Back,Defence,21.0,1449.0,46.5,46.8,45.9,48.6
1490540,25658,1083.0,K. Cabral,France,Red Star,France 2 - Ligue 2,Centre Forward,Attack,26.0,1347.0,51.3,51.8,50.8,47.2
461993,25599,3578.0,K. Cake,Albania,Akhmat Grozny,Russia 1 - Premier League,Centre Back,Defence,26.0,1075.0,45.9,44.8,45.4,44.2
37298058,25649,150.0,K. Chauke,England,Burton Albion,England 3 - League One,Central Midfield,Midfield,22.0,3103.0,44.8,45.4,45.1,46.3
31626482,25536,939.0,K. Cho,South Korea,FC Midtjylland,Denmark 1 - Superliga,Centre Forward,Attack,27.0,1350.0,49.6,49.6,49.1,51.6
23301896,25535,349.0,K. Chodyna,Poland,Legia Warszawa,Poland 1 - Ekstraklasa,Right Midfield,Midfield,26.0,920.0,48.3,47.3,49.2,46.9
37533141,25658,1083.0,K. Cissé,France,Red Star,France 2 - Ligue 2,Left Back,Defence,28.0,1971.0,49.9,50.5,49.5,40.8
37668964,25641,12619.0,K. Ciubotaru,Romania,Hermannstadt,Romania 1 - Superliga,Left Back,Defence,21.0,2583.0,50.4,51.0,49.8,52.2
537327,25600,2741.0,K. Cools,Belgium,Dender,Belgium 1 - Pro League,Centre Back,Defence,28.0,1332.0,47.1,46.2,47.1,50.9
24837924,25652,482.0,K. Corredor,France,Darmstadt 98,Germany 2 - 2. Bundesliga,Centre Forward,Attack,24.0,2198.0,48.3,48.4,47.9,48.2
1452586,25535,2778.0,K. Custovic,Sweden,Wisła Płock,Poland 1 - Ekstraklasa,Right Midfield,Midfield,25.0,974.0,48.8,47.8,48.7,53.3
37262396,25535,11356.0,K. Czubak,Poland,Motor Lublin,Poland 1 - Ekstraklasa,Centre Forward,Attack,25.0,2560.0,52.3,52.1,52.9,48.4
37324991,25653,3369.0,K. Daněk,Czech Republic,LASK Linz,Austria 1 - Admiral Bundesliga,Attacking Midfield,Midfield,22.0,1380.0,50.6,48.8,50.6,47.4
23269738,25673,12330.0,K. De La Fuente,United States,Ceuta,Spain 2 - La Liga 2,Left Wing,Attack,24.0,1423.0,47.2,48.2,48.0,52.4
35699874,25648,47.0,K. Dembélé,England,Queens Park Rangers,England 2 - Championship,Attacking Midfield,Midfield,22.0,1530.0,52.8,52.4,52.8,50.5
31854,25682,3224.0,K. Demirbay,Germany,Eyüpspor,Türkiye 1 - Super Lig,Central Midfield,Midfield,32.0,1416.0,53.9,54.0,53.9,53.0
6249,25649,16.0,K. Dempsey,England,Bolton Wanderers,England 3 - League One,Central Midfield,Midfield,29.0,1380.0,49.4,49.1,49.7,52.5
26033,25597,629.0,K. Dolberg,Denmark,Ajax,Netherlands 1 - Eredivisie,Centre Forward,Attack,27.0,1193.0,50.4,50.9,49.8,49.2
37590907,25658,1838.0,K. Dong,France,Pau,France 2 - Ligue 2,Left Wing,Attack,20.0,1533.0,49.8,49.7,50.0,46.9
37558443,25649,23.0,K. Doyle,England,Reading,England 3 - League One,Attacking Midfield,Midfield,20.0,2597.0,51.4,50.3,50.6,47.0
37537521,25649,23.0,K. Ehibhaimha,England,Reading,England 3 - League One,Left Wing,Attack,22.0,2243.0,44.4,44.9,45.5,51.8
37748959,25652,3317.0,K. Eichhorn,Germany,Hertha BSC,Germany 2 - 2. Bundesliga,Defensive Midfield,Midfield,16.0,1150.0,47.9,46.9,47.8,50.9
20691938,25652,1077.0,K. Faber,Germany,Dynamo Dresden,Germany 2 - 2. Bundesliga,Right Back,Defence,27.0,1514.0,51.7,52.6,52.7,48.0
3568504,25637,2385.0,K. Felida,Curaçao,FC Den Bosch,Netherlands 2 - Eerste Divisie,Defensive Midfield,Midfield,25.0,2927.0,54.2,54.7,53.4,53.7
37553211,25648,33.0,K. Fisher,England,Norwich City,England 2 - Championship,Right Back,Defence,21.0,3456.0,50.0,49.9,49.0,54.3
460810,25648,12.0,K. Furuhashi,Japan,Birmingham City,England 2 - Championship,Centre Forward,Attack,30.0,1007.0,50.4,50.5,49.7,48.8
37656833,25653,49.0,K. Gadou,France,Salzburg,Austria 1 - Admiral Bundesliga,Centre Back,Defence,18.0,1573.0,53.2,53.9,51.8,56.5
109186,25759,9848.0,K. Galanopoulos,Greece,Aris,Greece 1 - Super League,Central Midfield,Midfield,27.0,920.0,49.3,49.0,49.2,46.7
37600510,25599,543.0,K. Glebov,Russia,CSKA Moskva,Russia 1 - Premier League,Right Wing,Attack,19.0,1604.0,48.9,48.5,49.3,53.5
5956430,25599,2645.0,K. Gonçalves Pereira de Pina,Cape Verde,Krasnodar,Russia 1 - Premier League,Defensive Midfield,Midfield,28.0,1194.0,55.4,56.0,57.1,63.0
4640,25662,571.0,K. Gorré,Curaçao,Maccabi Haifa,Israel 1 - Ligat ha'Al,Left Wing,Attack,30.0,1612.0,50.9,50.4,50.3,44.0
37644701,25600,355.0,K. Goto,Japan,Sint-Truiden,Belgium 1 - Pro League,Centre Forward,Attack,20.0,2886.0,50.9,51.3,50.3,52.2
37607213,25636,1276.0,K. Grabovskis,Latvia,B 93,Denmark 2 - First Division,Attacking Midfield,Midfield,20.0,1628.0,46.1,47.0,46.1,49.2
5359,25535,808.0,K. Grosicki,Poland,Pogoń Szczecin,Poland 1 - Ekstraklasa,Left Wing,Attack,37.0,2185.0,51.5,50.2,50.0,34.8
23278702,25607,462.0,K. Hajrizi,Kosovo,Sion,Switzerland 1 - Super League,Centre Back,Defence,26.0,2981.0,49.8,49.4,51.7,59.9
5629269,25636,1020.0,K. Hansen,Norway,Aalborg BK,Denmark 2 - First Division,Left Wing,Attack,24.0,1768.0,49.0,49.5,50.9,45.7
37659619,25735,261624.0,K. Haroun,Belgium,Jong KRC Genk U23,Belgium 2 - Challenger Pro League,Central Midfield,Midfield,19.0,1675.0,52.2,52.4,52.7,56.2
62599,25735,3239.0,K. Hazard,Belgium,RFC Liège,Belgium 2 - Challenger Pro League,Left Wing,Attack,30.0,1285.0,48.9,48.9,48.4,49.1
37341724,25597,593.0,K. Hlynsson,Iceland,FC Twente,Netherlands 1 - Eredivisie,Attacking Midfield,Midfield,21.0,2572.0,50.4,50.1,50.3,47.2
12790660,25566,3955.0,K. Horváth,Hungary,Újpest,Hungary 1 - NB I,Attacking Midfield,Midfield,23.0,1832.0,51.8,52.7,51.8,54.9
784456,25607,10655.0,K. Imeri,Switzerland,Thun,Switzerland 1 - Super League,Left Midfield,Midfield,25.0,1511.0,57.3,56.7,56.3,55.9
1484883,25536,390.0,K. Ingason,Iceland,Sønderjyske Fodbold,Denmark 1 - Superliga,Attacking Midfield,Midfield,23.0,952.0,49.0,47.5,49.1,43.8
310132,25597,629.0,K. Itakura,Japan,Ajax,Netherlands 1 - Eredivisie,Centre Back,Defence,28.0,1380.0,52.9,52.4,52.4,54.3
32796125,25662,4136.0,K. Jaber,Israel,Maccabi Netanya,Israel 1 - Ligat ha'Al,Right Back,Defence,24.0,2632.0,47.2,47.3,46.6,53.6
37611954,25535,1228.0,K. Jakubczyk,Poland,Arka Gdynia,Poland 1 - Ekstraklasa,Defensive Midfield,Midfield,20.0,2528.0,42.4,41.1,43.0,45.5
37565352,25637,2344.0,K. Jansen,Netherlands,Roda JC Kerkrade,Netherlands 2 - Eerste Divisie,Left Back,Defence,21.0,1475.0,50.6,50.7,50.1,49.5
23279211,25649,348.0,K. John,England,Port Vale,England 3 - League One,Right Back,Defence,24.0,1874.0,51.4,50.4,50.8,53.3
37332637,25648,22.0,K. Joseph,Scotland,Hull City,England 2 - Championship,Centre Forward,Attack,23.0,2376.0,52.6,52.9,52.8,57.9
84568,25591,2727.0,K. Kairinen,Finland,Sparta Praha,Czech Republic 1 - Chance Liga,Central Midfield,Midfield,26.0,2673.0,52.6,52.0,51.6,48.9
766591,25759,2934.0,K. Kalvin,Cameroon,Asteras Tripolis,Greece 1 - Super League,Right Wing,Attack,28.0,2356.0,49.0,49.1,48.3,57.0
36873965,25662,516.0,K. Kangwa,Zambia,Hapoel Be'er Sheva,Israel 1 - Ligat ha'Al,Central Midfield,Midfield,26.0,2757.0,53.7,53.2,54.5,50.3
32122,25652,67.0,K. Karaman,Türkiye,Schalke 04,Germany 2 - 2. Bundesliga,Attacking Midfield,Midfield,31.0,2717.0,51.5,50.3,52.9,48.6
37679641,25600,2709.0,K. Karetsas,Belgium,Genk,Belgium 1 - Pro League,Attacking Midfield,Midfield,17.0,2249.0,58.6,56.5,57.7,51.7
37369330,25662,5897.0,K. Karim,DR Congo,Ashdod,Israel 1 - Ligat ha'Al,Attacking Midfield,Midfield,23.0,1338.0,48.6,49.9,48.7,51.1
433749,25658,840.0,K. Kaïboué,France,Amiens SC,France 2 - Ligue 2,Defensive Midfield,Midfield,26.0,2203.0,56.5,58.8,61.4,51.5
37560186,25648,25.0,K. Keben,Cameroon,Watford,England 2 - Championship,Centre Back,Defence,21.0,2109.0,51.6,51.1,51.5,50.5
23697635,25598,282.0,K. Keresztes,Hungary,Dundee United,Scotland 1 - Premiership,Centre Back,Defence,25.0,2886.0,47.9,47.7,46.7,55.9
172078,25599,237670.0,K. Khosonov,Russia,Akron,Russia 1 - Premier League,Defensive Midfield,Midfield,27.0,1460.0,52.7,54.1,50.6,57.8
24829992,25636,211.0,K. Kirkegaard,Denmark,Horsens,Denmark 2 - First Division,Right Wing,Attack,27.0,2269.0,50.2,50.3,50.7,49.3
27718,25735,7085.0,K. Kis,Belgium,OC Charleroi,Belgium 2 - Challenger Pro League,Left Back,Defence,34.0,1522.0,50.4,49.0,50.0,51.1
37686328,25673,9656.0,K. Kita,Japan,Real Sociedad II,Spain 2 - La Liga 2,Centre Back,Defence,19.0,2385.0,47.7,47.8,48.7,51.9
13224982,25652,482.0,K. Klefisch,Germany,Darmstadt 98,Germany 2 - 2. Bundesliga,Defensive Midfield,Midfield,25.0,2548.0,52.4,52.6,53.5,50.5
4289,25649,225.0,K. Knoyle,England,Mansfield Town,England 3 - League One,Right Back,Defence,28.0,2400.0,46.1,45.5,45.1,47.9
186869,25673,3968.0,K. Kodro,Bosnia and Herzegovina,Real Zaragoza,Spain 2 - La Liga 2,Centre Forward,Attack,31.0,1767.0,50.6,50.5,50.7,52.0
27831769,25607,468.0,K. Koindredi,France,Basel,Switzerland 1 - Super League,Central Midfield,Midfield,23.0,1168.0,56.2,56.7,56.5,54.3
37590696,25653,49.0,K. Konaté,Ivory Coast,Salzburg,Austria 1 - Admiral Bundesliga,Centre Forward,Attack,21.0,948.0,55.8,55.6,56.6,47.2
33213337,25673,12330.0,K. Kone,Kenya,Ceuta,Spain 2 - La Liga 2,Left Wing,Attack,28.0,2339.0,49.4,49.9,49.0,52.5
28746,25597,1016.0,K. Kostons,Netherlands,PEC Zwolle,Netherlands 1 - Eredivisie,Centre Forward,Attack,25.0,2890.0,50.4,50.7,50.3,44.2
24817079,25682,4192.0,K. Kozłowski,Poland,Gaziantep F.K.,Türkiye 1 - Super Lig,Attacking Midfield,Midfield,21.0,2653.0,49.1,50.2,49.4,50.6
70927,25601,3283.0,K. Koštrna,Slovakia,Spartak Trnava,Slovakia 1 - Niké Liga,Centre Back,Defence,31.0,1509.0,48.4,48.1,48.6,49.3
37337131,25599,5585.0,K. Kravtsov,Russia,Sochi,Russia 1 - Premier League,Defensive Midfield,Midfield,23.0,1089.0,48.6,48.3,49.3,53.2
17525250,25759,118.0,K. Krizmanić,Croatia,OFI,Greece 1 - Super League,Centre Back,Defence,25.0,2575.0,45.8,45.7,44.6,47.1
172270,25599,6564.0,K. Kuchaev,Russia,Rostov,Russia 1 - Premier League,Attacking Midfield,Midfield,27.0,1676.0,47.2,48.5,47.2,59.1
37654194,25567,28029.0,K. Kwaku,Ghana,Železničar Pančevo,Serbia 1 - Super Liga,Centre Forward,Attack,23.0,2093.0,48.2,48.4,47.9,45.8
107871,25759,118.0,K. Lambropoulos,Greece,OFI,Greece 1 - Super League,Centre Back,Defence,35.0,2112.0,45.9,45.2,46.2,41.4
129885,26164,249160.0,K. Lasagna,Italy,Calcio Padova,Italy 2 - Serie B,Centre Forward,Attack,33.0,1456.0,50.5,50.3,50.8,49.9
130011,25682,13860.0,K. Linetty,Poland,Kocaelispor,Türkiye 1 - Super Lig,Central Midfield,Midfield,30.0,1529.0,49.1,48.6,48.6,47.0
37609422,25649,254.0,K. Lisbie,England,Peterborough United,England 3 - League One,Left Wing,Attack,21.0,3213.0,47.3,46.9,47.1,38.2
31255283,25649,150.0,K. Lofthouse,England,Burton Albion,England 3 - League One,Right Back,Defence,24.0,4015.0,44.5,45.7,46.4,47.9
37541292,25636,211.0,K. Lusavec,Croatia,Horsens,Denmark 2 - First Division,Defensive Midfield,Midfield,21.0,1203.0,48.8,49.0,49.1,43.6
215849,25600,3958.0,K. Mac Allister,Argentina,Union Saint-Gilloise,Belgium 1 - Pro League,Centre Back,Defence,27.0,2930.0,58.4,59.8,55.3,59.5
37337584,25536,2905.0,K. Malt Arnstad,Norway,AGF,Denmark 1 - Superliga,Left Wing,Attack,21.0,2617.0,48.0,48.2,48.7,49.1
37608961,25745,35867.0,K. Marques Naves,Brazil,Alverca,Portugal 1 - Liga Portugal,Centre Back,Defence,23.0,2836.0,55.5,56.6,58.6,51.3
4536512,25735,3117.0,K. Masangu,Belgium,Patro Eisden Maasmechelen,Belgium 2 - Challenger Pro League,Defensive Midfield,Midfield,25.0,2196.0,41.7,41.1,42.1,54.4
15434435,25735,2432.0,K. Masui,Japan,K. Beerschot V.A.,Belgium 2 - Challenger Pro League,Left Midfield,Midfield,24.0,1071.0,46.2,46.3,47.2,39.0
37616360,25648,65.0,K. Matsuki,Japan,Southampton,England 2 - Championship,Attacking Midfield,Midfield,22.0,1114.0,52.5,52.8,52.5,56.8
5283791,25535,3260.0,K. Matuszewski,Poland,Korona Kielce,Poland 1 - Ekstraklasa,Left Midfield,Midfield,23.0,1969.0,46.4,46.4,47.0,46.9
4343,25536,939.0,K. Mbabu,Switzerland,FC Midtjylland,Denmark 1 - Superliga,Right Back,Defence,30.0,1206.0,58.1,59.2,59.6,57.7
28575743,25648,116.0,K. McAteer,England,Ipswich Town,England 2 - Championship,Right Midfield,Midfield,23.0,1284.0,51.7,50.1,51.3,54.6
172385,25648,33.0,K. McLean,Scotland,Norwich City,England 2 - Championship,Central Midfield,Midfield,33.0,3621.0,58.3,59.3,58.5,55.1
157030,25759,213.0,K. Michalak,Poland,Panaitolikos,Greece 1 - Super League,Left Wing,Attack,27.0,1222.0,49.7,49.6,48.9,41.8
37560671,25591,3531.0,K. Milla,Cameroon,Dukla Praha,Czech Republic 1 - Chance Liga,Centre Forward,Attack,21.0,1085.0,48.5,48.3,48.7,44.9
310134,25652,999.0,K. Miyoshi,Japan,VfL Bochum 1848,Germany 2 - 2. Bundesliga,Right Midfield,Midfield,28.0,1187.0,49.3,48.8,48.5,45.9
13156008,25637,2385.0,K. Monzialo,France,FC Den Bosch,Netherlands 2 - Eerste Divisie,Centre Forward,Attack,25.0,2872.0,53.1,53.6,53.0,43.0
5681,25648,283.0,K. Moore,Wales,Wrexham,England 2 - Championship,Centre Forward,Attack,33.0,2704.0,51.9,51.8,52.2,62.8
37656696,25648,47.0,K. Morgan,England,Queens Park Rangers,England 2 - Championship,Central Midfield,Midfield,19.0,1441.0,53.1,52.9,53.0,48.7
4977653,25607,2357.0,K. Mouanga,France,Lausanne Sport,Switzerland 1 - Super League,Centre Back,Defence,25.0,3059.0,52.2,53.0,51.7,61.9
191086,25600,2938.0,K. Mrabti,Sweden,Mechelen,Belgium 1 - Pro League,Attacking Midfield,Midfield,31.0,2300.0,51.3,50.9,50.3,52.1
75070,25641,3599.0,K. Muhar,Croatia,CFR Cluj,Romania 1 - Superliga,Defensive Midfield,Midfield,29.0,1959.0,51.8,52.8,51.1,55.2
37683890,25653,3569.0,K. Mutandwa,Zambia,Ried,Austria 1 - Admiral Bundesliga,Centre Forward,Attack,22.0,2409.0,51.2,51.0,51.8,48.1
13155983,25566,506.0,K. Márk,Hungary,Nyíregyháza Spartacus,Hungary 1 - NB I,Left Wing,Attack,24.0,1112.0,55.6,54.9,54.8,47.8
32013716,25653,3369.0,K. Mølgaard Jørgensen,Denmark,LASK Linz,Austria 1 - Admiral Bundesliga,Right Back,Defence,25.0,2760.0,48.0,48.4,49.6,41.1
37337048,25658,9291.0,K. Nagera,France,Rodez,France 2 - Ligue 2,Centre Forward,Attack,23.0,1611.0,47.0,47.4,46.1,41.0
116764,25566,2613.0,K. Nagy,Hungary,Várda SE,Hungary 1 - NB I,Right Midfield,Midfield,30.0,1432.0,43.9,44.9,44.4,40.1
11752,25649,115.0,K. Naismith,Scotland,Luton Town,England 3 - League One,Centre Back,Defence,33.0,3124.0,59.3,61.0,57.0,53.5
5666491,25658,1028.0,K. Nakamura,Japan,Reims,France 2 - Ligue 2,Left Wing,Attack,25.0,2358.0,52.6,52.5,55.0,49.7
37553494,25735,7085.0,K. Ndedi Kegne,Cameroon,OC Charleroi,Belgium 2 - Challenger Pro League,Centre Back,Defence,25.0,1490.0,47.7,47.7,48.7,52.4
184723,25601,662.0,K. Nemanič,Slovenia,Dunajská Streda,Slovakia 1 - Niké Liga,Centre Back,Defence,28.0,2871.0,52.5,53.4,53.5,50.3
173059,25598,273.0,K. Nisbet,Scotland,Aberdeen,Scotland 1 - Premiership,Centre Forward,Attack,28.0,2244.0,47.1,46.9,47.1,46.9
312118,25597,494.0,K. Ogawa,Japan,NEC Nijmegen,Netherlands 1 - Eredivisie,Centre Forward,Attack,28.0,1275.0,52.9,53.2,52.5,55.6
37259178,25682,688.0,K. Olaigbe,Belgium,Trabzonspor,Türkiye 1 - Super Lig,Left Wing,Attack,22.0,1095.0,50.6,51.2,50.8,50.0
37259178,25682,2632.0,K. Olaigbe,Belgium,Konyaspor,Türkiye 1 - Super Lig,Left Wing,Attack,22.0,951.0,47.2,47.6,47.6,47.1
37375101,25567,3471.0,K. Osei,Ghana,Spartak Subotica,Serbia 1 - Super Liga,Right Wing,Attack,24.0,2255.0,48.3,48.7,49.2,37.7
37577682,25652,2554.0,K. Oudenne,Sweden,Hannover 96,Germany 2 - 2. Bundesliga,Left Midfield,Midfield,23.0,1795.0,53.4,54.0,52.1,53.6
28256,25682,81.0,K. Paal,Suriname,Antalyaspor,Türkiye 1 - Super Lig,Left Back,Defence,28.0,2882.0,49.2,49.2,48.3,46.8
3267,25649,115.0,K. Palmer,Jamaica,Luton Town,England 3 - League One,Attacking Midfield,Midfield,28.0,1499.0,50.2,51.9,51.4,50.3
37352769,25601,2798.0,K. Palumets,Estonia,Podbrezová,Slovakia 1 - Niké Liga,Defensive Midfield,Midfield,22.0,2024.0,48.5,48.1,46.8,48.7
114203,25566,2791.0,K. Papp,Hungary,Paksi SE,Hungary 1 - NB I,Defensive Midfield,Midfield,32.0,2354.0,45.6,45.7,44.4,52.1
21072869,25584,7391.0,K. Pavičić,Croatia,Vukovar,Croatia 1 - 1. HNL,Right Back,Defence,26.0,1903.0,44.6,44.2,44.5,52.1
58482,25599,452.0,K. Pechenin,Belarus,Krylya Sovetov,Russia 1 - Premier League,Left Back,Defence,28.0,2301.0,49.8,49.3,49.4,53.2
37734019,25658,108.0,K. Pedro,France,Saint-Étienne,France 2 - Ligue 2,Right Back,Defence,19.0,1631.0,51.5,51.3,49.9,56.0
9084,25597,1459.0,K. Peterson,Sweden,Fortuna Sittard,Netherlands 1 - Eredivisie,Left Wing,Attack,30.0,1692.0,49.2,49.1,49.2,49.8
37529807,25598,496.0,K. Phillips,Republic of Ireland,St. Mirren,Scotland 1 - Premiership,Central Midfield,Midfield,23.0,3177.0,45.0,44.9,44.6,44.8
37532830,25735,261624.0,K. Pierre,United States,Jong KRC Genk U23,Belgium 2 - Challenger Pro League,Right Back,Defence,22.0,2548.0,47.7,47.7,46.4,46.2
3533245,26164,445.0,K. Piscopo,Italy,Bari 1908,Italy 2 - Serie B,Attacking Midfield,Midfield,27.0,1148.0,44.3,42.8,45.3,58.9
37336616,25636,1020.0,K. Pius John,Tanzania,Aalborg BK,Denmark 2 - First Division,Centre Forward,Attack,22.0,2435.0,46.4,47.0,46.0,44.1
25931164,25535,349.0,K. Piątkowski,Poland,Legia Warszawa,Poland 1 - Ekstraklasa,Centre Back,Defence,25.0,2256.0,51.5,51.7,49.8,49.8
37325163,25591,3269.0,K. Pojezný,Czech Republic,Baník Ostrava,Czech Republic 1 - Chance Liga,Centre Back,Defence,23.0,2396.0,50.9,51.1,49.8,47.4
114204,25566,10196.0,K. Polgár,Hungary,Kazincbarcika,Hungary 1 - NB I,Centre Back,Defence,28.0,941.0,46.1,46.0,45.3,36.2
33186870,25566,10196.0,K. Radkowski,Poland,Kazincbarcika,Hungary 1 - NB I,Centre Back,Defence,24.0,983.0,42.3,40.4,44.0,44.2
21413000,25648,4.0,K. Ramsey,England,Charlton Athletic,England 2 - Championship,Right Back,Defence,24.0,3012.0,51.0,50.5,49.1,52.6
95672,25682,4192.0,K. Rodrigues,Portugal,Gaziantep F.K.,Türkiye 1 - Super Lig,Left Back,Defence,31.0,2288.0,52.3,51.4,50.4,54.9
12066426,25673,2921.0,K. Rodríguez Concepción,Spain,Las Palmas,Spain 2 - La Liga 2,Attacking Midfield,Midfield,29.0,1599.0,55.2,58.5,52.8,54.4
37627691,25600,3958.0,K. Rodríguez Cortéz,Ecuador,Union Saint-Gilloise,Belgium 1 - Pro League,Centre Forward,Attack,25.0,1827.0,53.5,53.2,54.6,57.3
37357451,25759,27943.0,K. Roukounakis,Greece,Kifisia,Greece 1 - Super League,Defensive Midfield,Midfield,24.0,1034.0,53.6,53.8,54.7,62.6
23697440,25735,3239.0,K. Ruiz-Atil,France,RFC Liège,Belgium 2 - Challenger Pro League,Central Midfield,Midfield,22.0,1044.0,51.2,52.0,52.4,48.9
200657,25607,468.0,K. Rüegg,Switzerland,Basel,Switzerland 1 - Super League,Right Back,Defence,26.0,1146.0,54.8,54.6,53.9,57.7
37423071,25600,340.0,K. Sabbe,Belgium,Club Brugge,Belgium 1 - Pro League,Right Back,Defence,20.0,1652.0,58.7,57.1,55.2,55.3
62403,25662,571.0,K. Saief,United States,Maccabi Haifa,Israel 1 - Ligat ha'Al,Left Midfield,Midfield,31.0,1348.0,50.0,49.3,50.4,50.3
15083970,25648,47.0,K. Saito,Japan,Queens Park Rangers,England 2 - Championship,Left Wing,Attack,23.0,1974.0,49.2,49.0,49.0,48.1
37619473,25597,494.0,K. Sano,Japan,NEC Nijmegen,Netherlands 1 - Eredivisie,Central Midfield,Midfield,21.0,3060.0,54.7,55.3,55.7,58.7
13633340,25600,2555.0,K. Sardella,Belgium,Anderlecht,Belgium 1 - Pro League,Right Back,Defence,23.0,2037.0,53.6,53.5,52.4,53.3
108656,25601,2417.0,K. Savvidis,Greece,Slovan Bratislava,Slovakia 1 - Niké Liga,Defensive Midfield,Midfield,30.0,961.0,52.1,52.5,53.1,46.7
37668906,25567,2707.0,K. Seliman,Serbia,Javor Ivanjica,Serbia 1 - Super Liga,Left Wing,Attack,22.0,1491.0,47.5,46.2,46.3,46.5
37526505,25535,135.0,K. Sezonienko,Poland,Lechia Gdańsk,Poland 1 - Ekstraklasa,Left Wing,Attack,22.0,1810.0,47.4,47.0,47.1,58.4
23269805,25599,6564.0,K. Shchetinin,Russia,Rostov,Russia 1 - Premier League,Attacking Midfield,Midfield,23.0,2146.0,50.8,51.5,51.5,50.5
37605433,25735,3239.0,K. Shkurti,Albania,RFC Liège,Belgium 2 - Challenger Pro League,Defensive Midfield,Midfield,21.0,1058.0,46.0,45.7,46.8,43.5
529563,25658,2919.0,K. Sidibé,France,Guingamp,France 2 - Ligue 2,Defensive Midfield,Midfield,26.0,1968.0,51.3,51.9,49.7,63.7
30291,25597,1459.0,K. Sierhuis,Netherlands,Fortuna Sittard,Netherlands 1 - Eredivisie,Centre Forward,Attack,27.0,2001.0,52.5,52.0,52.8,51.1
37289237,25597,682.0,K. Sildillia,France,PSV,Netherlands 1 - Eredivisie,Right Back,Defence,23.0,1264.0,58.7,56.6,55.6,60.4
37259215,25649,221.0,K. Simon-Swyer,England,Northampton Town,England 3 - League One,Attacking Midfield,Midfield,22.0,1334.0,46.5,45.5,46.3,50.6
37612035,25597,61.0,K. Smit,Netherlands,AZ,Netherlands 1 - Eredivisie,Central Midfield,Midfield,19.0,2136.0,53.6,53.8,53.2,48.6
11705302,25597,637.0,K. Sowah,Ghana,NAC Breda,Netherlands 1 - Eredivisie,Central Midfield,Midfield,25.0,2790.0,45.7,45.8,45.5,43.9
37261096,25607,3091.0,K. Spadanuda,Switzerland,Luzern,Switzerland 1 - Super League,Left Wing,Attack,28.0,1124.0,52.1,53.1,53.6,56.9
4893655,25649,138.0,K. Spence,England,Rotherham United,England 3 - League One,Central Midfield,Midfield,24.0,1471.0,43.6,43.4,44.3,50.0
37702608,25591,3545.0,K. Spáčil,Czech Republic,Viktoria Plzeň,Czech Republic 1 - Chance Liga,Centre Back,Defence,22.0,1352.0,53.5,53.4,50.3,51.7
37260548,25535,3270.0,K. Struski,Poland,Raków Częstochowa,Poland 1 - Ekstraklasa,Defensive Midfield,Midfield,24.0,1169.0,52.3,52.7,50.1,48.0
37602459,25652,1092.0,K. Suso,Germany,Fortuna Düsseldorf,Germany 2 - 2. Bundesliga,Central Midfield,Midfield,20.0,1475.0,50.4,50.0,50.2,52.5
37611940,25637,1731.0,K. Sy,Belgium,MVV Maastricht,Netherlands 2 - Eerste Divisie,Right Back,Defence,20.0,1128.0,47.0,47.6,46.8,58.7
37624914,25637,1073.0,K. Symons,Netherlands,De Graafschap,Netherlands 2 - Eerste Divisie,Left Back,Defence,20.0,1704.0,51.4,51.7,53.3,55.9
34016604,25535,890.0,K. Szmyt,Poland,Jagiellonia Białystok,Poland 1 - Ekstraklasa,Left Wing,Attack,23.0,1011.0,50.8,50.7,50.5,46.0
34016604,25535,1266.0,K. Szmyt,Poland,Zagłębie Lubin,Poland 1 - Ekstraklasa,Left Wing,Attack,23.0,1061.0,49.2,48.4,48.3,46.8
33587451,25649,110.0,K. Szűcs,Hungary,Plymouth Argyle,England 3 - League One,Centre Back,Defence,23.0,1112.0,48.0,48.0,45.3,48.6
24092545,25597,629.0,K. Taylor,Netherlands,Ajax,Netherlands 1 - Eredivisie,Central Midfield,Midfield,23.0,1302.0,57.0,56.9,56.6,46.0
28575704,25601,5581.0,K. Taylor-Hart,England,Zemplín Michalovce,Slovakia 1 - Niké Liga,Left Wing,Attack,22.0,1773.0,46.4,46.9,47.7,46.9
172960,25598,53.0,K. Tierney,Scotland,Celtic,Scotland 1 - Premiership,Left Back,Defence,28.0,2539.0,58.8,57.5,57.7,55.2
37654118,25637,3115.0,K. Toppenberg,Netherlands,Jong AZ,Netherlands 2 - Eerste Divisie,Left Wing,Attack,21.0,1947.0,45.9,45.9,46.2,40.4
107908,25759,2934.0,K. Triantafyllopoulos,Greece,Asteras Tripolis,Greece 1 - Super League,Centre Back,Defence,32.0,2165.0,46.4,46.7,46.9,42.0
319873,25607,468.0,K. Tsunemoto,Japan,Basel,Switzerland 1 - Super League,Right Back,Defence,26.0,1313.0,54.2,53.8,52.8,61.3
37528574,25599,2468.0,K. Tyukavin,Russia,Dinamo Moskva,Russia 1 - Premier League,Centre Forward,Attack,23.0,1453.0,54.2,54.4,54.3,45.6
37382883,25535,349.0,K. Urbanski,Poland,Legia Warszawa,Poland 1 - Ekstraklasa,Attacking Midfield,Midfield,20.0,1038.0,49.8,50.3,49.3,51.2
361906,25600,1087.0,K. Van Den Kerkhof,Algeria,Sporting Charleroi,Belgium 1 - Pro League,Right Back,Defence,29.0,2118.0,49.9,51.3,52.9,46.7
37337128,25600,3958.0,K. Van de Perre,Belgium,Union Saint-Gilloise,Belgium 1 - Pro League,Central Midfield,Midfield,21.0,2208.0,52.3,52.0,52.1,62.5
37357816,25673,931.0,K. Villodres Medina,Spain,Córdoba,Spain 2 - La Liga 2,Left Wing,Attack,24.0,1265.0,52.4,52.2,52.4,53.3
418410,25648,12.0,K. Wagner,Germany,Birmingham City,England 2 - Championship,Left Back,Defence,28.0,1399.0,56.9,56.4,58.2,54.0
37612641,25598,770.0,K. Wilson,England,Falkirk,Scotland 1 - Premiership,Right Wing,Attack,20.0,1424.0,46.4,47.1,46.9,54.9
1019,25601,2417.0,K. Wimmer,Austria,Slovan Bratislava,Slovakia 1 - Niké Liga,Centre Back,Defence,32.0,939.0,60.5,62.5,59.4,51.2
37656480,25637,2783.0,K. Wolff,Netherlands,Jong Ajax,Netherlands 2 - Eerste Divisie,Left Wing,Attack,19.0,1543.0,46.2,46.7,47.0,50.1
9218,25649,249.0,K. Wootton,England,Stockport County,England 3 - League One,Centre Forward,Attack,28.0,4262.0,48.5,48.2,49.2,61.1
37650081,25652,999.0,K. Wätjen,Germany,VfL Bochum 1848,Germany 2 - 2. Bundesliga,Central Midfield,Midfield,19.0,1252.0,50.6,50.8,52.1,46.9
17526122,25536,2905.0,K. Yakob,Iraq,AGF,Denmark 1 - Superliga,Central Midfield,Midfield,24.0,1441.0,52.5,53.2,53.5,55.6
37583160,25735,261624.0,K. Yasuda,Japan,Jong KRC Genk U23,Belgium 2 - Challenger Pro League,Defensive Midfield,Midfield,20.0,1209.0,48.7,48.4,48.0,43.6
373024,25599,5585.0,K. Zaika,Russia,Sochi,Russia 1 - Premier League,Right Back,Defence,32.0,1614.0,48.5,48.2,48.2,49.3
157836,25535,2512.0,K. Zapolnik,Poland,Nieciecza,Poland 1 - Ekstraklasa,Centre Forward,Attack,32.0,1774.0,46.7,46.8,46.4,57.5
12789336,25597,1016.0,K. de Rooij,Netherlands,PEC Zwolle,Netherlands 1 - Eredivisie,Left Wing,Attack,24.0,2029.0,49.7,49.3,49.2,51.6
9282,25637,320.0,K. van Veen,Netherlands,FC Eindhoven,Netherlands 2 - Eerste Divisie,Centre Forward,Attack,34.0,1006.0,47.8,47.7,47.6,52.6
23277919,25584,7391.0,K. Çalhanoğlu,Germany,Vukovar,Croatia 1 - 1. HNL,Left Back,Defence,22.0,1350.0,48.3,48.3,48.6,51.9
155310,25759,57.0,K. Świderski,Poland,Panathinaikos,Greece 1 - Super League,Centre Forward,Attack,28.0,1307.0,51.0,51.1,51.4,50.2
537577,25759,134582.0,L. Abanda Mfomo,France,Volos NFC,Greece 1 - Super League,Left Back,Defence,25.0,1149.0,46.8,46.5,47.2,45.6
37648526,25649,138.0,L. Agbaire,Scotland,Rotherham United,England 3 - League One,Centre Back,Defence,20.0,1013.0,43.5,42.2,43.4,56.2
37616409,25600,2641.0,L. Agyekum,Ghana,Cercle Brugge,Belgium 1 - Pro League,Central Midfield,Midfield,21.0,1892.0,49.0,49.3,49.7,55.8
6515,25649,225.0,L. Akins,Grenada,Mansfield Town,England 3 - League One,Centre Forward,Attack,36.0,2068.0,50.3,50.1,50.4,53.3
37529827,25673,10008.0,L. Alcázar Moreno,Spain,Castellón,Spain 2 - La Liga 2,Left Back,Defence,23.0,2688.0,49.1,49.3,49.0,47.1
37607177,25673,2921.0,L. Amatucci,Italy,Las Palmas,Spain 2 - La Liga 2,Defensive Midfield,Midfield,21.0,3511.0,50.2,50.1,48.5,56.7
37581683,25535,3781.0,L. Ambros,Czech Republic,Górnik Zabrze,Poland 1 - Ekstraklasa,Attacking Midfield,Midfield,21.0,1872.0,49.5,47.9,48.6,51.8
37260443,25567,3471.0,L. Antonio,Brazil,Spartak Subotica,Serbia 1 - Super Liga,Central Midfield,Midfield,28.0,1550.0,47.3,47.1,47.7,55.5
37546057,25682,1041.0,L. António Augusto,Angola,Rizespor,Türkiye 1 - Super Lig,Right Wing,Attack,25.0,1163.0,53.4,53.7,54.0,49.9
37716600,25673,9656.0,L. Astiazarán Escabias,Spain,Real Sociedad II,Spain 2 - La Liga 2,Right Wing,Attack,19.0,2635.0,49.3,48.6,48.9,49.2
84462,25600,2555.0,L. Augustinsson,Sweden,Anderlecht,Belgium 1 - Pro League,Left Back,Defence,31.0,2074.0,57.0,55.1,54.7,55.7
3158,25648,7.0,L. Ayling,England,Middlesbrough,England 2 - Championship,Right Back,Defence,33.0,3790.0,59.3,58.5,57.0,60.9
133342,25584,7684.0,L. Ba,Mauritania,Varaždin,Croatia 1 - 1. HNL,Centre Back,Defence,27.0,1311.0,45.3,44.6,45.9,46.6
4219,25648,26.0,L. Baker,England,Stoke City,England 2 - Championship,Central Midfield,Midfield,30.0,1258.0,52.5,52.1,52.1,45.6
37583387,25584,7391.0,L. Banovec,Croatia,Vukovar,Croatia 1 - 1. HNL,Right Wing,Attack,23.0,2394.0,45.9,45.1,45.0,56.5
3862667,25745,605.0,L. Barreiro Martins,Luxembourg,Benfica,Portugal 1 - Liga Portugal,Central Midfield,Midfield,25.0,1749.0,53.4,52.9,53.0,56.5
29720324,25567,2945.0,L. Barros da Cunha,Brazil,Vojvodina,Serbia 1 - Super Liga,Left Back,Defence,25.0,1565.0,50.0,50.0,49.9,58.2
80737,25591,1745.0,L. Bartošák,Czech Republic,Zlín,Czech Republic 1 - Chance Liga,Left Back,Defence,35.0,1417.0,47.4,47.9,50.1,37.7
37328101,25637,2344.0,L. Beerten,Belgium,Roda JC Kerkrade,Netherlands 2 - Eerste Divisie,Centre Back,Defence,22.0,2126.0,55.3,55.6,53.3,53.6
37609122,25673,9656.0,L. Beitia Aguirregomezcorta,Spain,Real Sociedad II,Spain 2 - La Liga 2,Centre Back,Defence,21.0,2328.0,52.8,53.3,54.9,44.3
37551107,25584,5428.0,L. Belcar,Croatia,Lokomotiva Zagreb,Croatia 1 - 1. HNL,Defensive Midfield,Midfield,23.0,1025.0,47.1,45.2,49.5,46.3
37551107,25584,7684.0,L. Belcar,Croatia,Varaždin,Croatia 1 - 1. HNL,Defensive Midfield,Midfield,23.0,1163.0,50.8,51.1,50.1,49.4
47394,25652,3565.0,L. Bell Bell,Cameroon,Eintracht Braunschweig,Germany 2 - 2. Bundesliga,Left Back,Defence,28.0,1504.0,48.1,48.7,49.3,45.7
189234,25673,274.0,L. Beltrán Martínez,Spain,Huesca,Spain 2 - La Liga 2,Left Wing,Attack,28.0,1086.0,47.8,48.9,48.3,56.5
37554950,25567,5354.0,L. Ben Hassine,Tunisia,Radnički Kragujevac,Serbia 1 - Super Liga,Central Midfield,Midfield,25.0,2915.0,48.7,49.1,47.9,44.9
430313,25535,302.0,L. Bengtsson,Sweden,Lech Poznań,Poland 1 - Ekstraklasa,Left Wing,Attack,27.0,2082.0,48.7,48.6,49.2,50.0
159981,25607,647.0,L. Benito,Switzerland,Young Boys,Switzerland 1 - Super League,Centre Back,Defence,33.0,2902.0,54.5,55.8,52.9,57.7
6599978,25658,1174.0,L. Bernadou,France,Grenoble Foot 38,France 2 - Ligue 2,Central Midfield,Midfield,24.0,966.0,51.4,51.2,51.8,52.0
197908,25607,10655.0,L. Bertone,Switzerland,Thun,Switzerland 1 - Super League,Defensive Midfield,Midfield,31.0,2940.0,56.9,58.0,55.7,43.2
529840,25601,2759.0,L. Bessile,Togo,Trenčín,Slovakia 1 - Niké Liga,Centre Back,Defence,26.0,1846.0,44.6,44.2,45.9,50.9
37689236,25641,3599.0,L. Biliboc,Italy,CFR Cluj,Romania 1 - Superliga,Right Wing,Attack,18.0,1874.0,47.8,48.1,49.0,47.0
23277904,25536,293.0,L. Binks,England,Brøndby IF,Denmark 1 - Superliga,Centre Back,Defence,23.0,2460.0,56.9,58.3,55.9,53.2
23688829,25600,1087.0,L. Blum,Switzerland,Sporting Charleroi,Belgium 1 - Pro League,Right Back,Defence,23.0,1775.0,52.5,52.0,53.0,50.6
32304,25652,1077.0,L. Boeder,Germany,Dynamo Dresden,Germany 2 - 2. Bundesliga,Centre Back,Defence,28.0,1507.0,53.3,53.8,53.3,44.6
34907337,25652,3647.0,L. Bolay,Germany,Preußen Münster,Germany 2 - 2. Bundesliga,Left Back,Defence,23.0,919.0,51.6,51.1,50.0,48.7
37537180,25535,808.0,L. Borges da Silva,Brazil,Pogoń Szczecin,Poland 1 - Ekstraklasa,Left Back,Defence,24.0,1194.0,53.2,53.6,54.2,60.5
17187713,25735,1130.0,L. Boris,Belgium,KV Kortrijk,Belgium 2 - Challenger Pro League,Defensive Midfield,Midfield,25.0,2404.0,51.9,52.5,53.4,51.0
28731,25597,1053.0,L. Brouwers,Netherlands,SC Heerenveen,Netherlands 1 - Eredivisie,Attacking Midfield,Midfield,27.0,1951.0,51.1,51.3,50.0,56.6
530195,25658,7758.0,L. Buadés,France,Le Mans,France 2 - Ligue 2,Right Back,Defence,27.0,2137.0,51.9,51.2,52.1,56.4
2510439,25636,6953.0,L. Bust Sørensen,Denmark,HB Køge,Denmark 2 - First Division,Centre Back,Defence,26.0,1623.0,52.4,53.6,52.7,48.7
33598,25682,643.0,L. Bénes,Slovakia,Kayserispor,Türkiye 1 - Super Lig,Central Midfield,Midfield,27.0,2581.0,50.4,50.2,50.0,43.7
37261344,25682,3224.0,L. Calegari,Brazil,Eyüpspor,Türkiye 1 - Super Lig,Right Back,Defence,23.0,1620.0,51.1,51.5,51.9,50.5
37750257,25636,8724.0,L. Callo,Denmark,Aarhus Fremad,Denmark 2 - First Division,Centre Back,Defence,19.0,1956.0,47.5,47.1,46.4,49.4
37289001,25658,7758.0,L. Calodat,France,Le Mans,France 2 - Ligue 2,Left Back,Defence,23.0,2319.0,48.6,49.7,51.4,47.2
133892,26164,6947.0,L. Candellone,Italy,Juve Stabia,Italy 2 - Serie B,Centre Forward,Attack,27.0,1551.0,49.8,49.9,49.8,42.2
73838,25567,28028.0,L. Capan,Croatia,Bačka Topola,Serbia 1 - Super Liga,Centre Back,Defence,30.0,1817.0,48.2,48.6,48.6,50.8
132235,26164,6947.0,L. Carissoni,Italy,Juve Stabia,Italy 2 - Serie B,Right Back,Defence,28.0,3064.0,50.3,50.4,51.4,48.0
97961,25682,643.0,L. Carole,France,Kayserispor,Türkiye 1 - Super Lig,Left Back,Defence,34.0,1903.0,49.0,48.3,47.4,54.6
186390,25673,618.0,L. Carrilho Baptistão,Brazil,Almería,Spain 2 - La Liga 2,Right Wing,Attack,32.0,2117.0,50.3,51.0,51.9,57.8
37543251,25649,251.0,L. Castledine,England,Huddersfield Town,England 3 - League One,Attacking Midfield,Midfield,19.0,1364.0,48.7,47.8,49.9,48.9
37389552,25648,4.0,L. Chambers,England,Charlton Athletic,England 2 - Championship,Centre Back,Defence,21.0,1238.0,48.9,47.1,45.7,42.6
37600565,26164,522.0,L. Cherubini,Italy,Sampdoria,Italy 2 - Serie B,Left Wing,Attack,21.0,2183.0,48.8,49.6,49.2,59.3
37584184,25607,462.0,L. Chipperfield,Switzerland,Sion,Switzerland 1 - Super League,Central Midfield,Midfield,21.0,1375.0,50.5,50.5,52.1,47.1
37568560,25648,26.0,L. Cisse,France,Stoke City,England 2 - Championship,Right Wing,Attack,22.0,1686.0,51.9,51.6,51.9,60.8
202925,25682,3224.0,L. Claro dos Santos,Brazil,Eyüpspor,Türkiye 1 - Super Lig,Centre Back,Defence,33.0,1417.0,45.5,44.3,45.4,51.0
37667128,26164,1628.0,L. Colombo,Italy,Monza,Italy 2 - Serie B,Defensive Midfield,Midfield,20.0,1379.0,51.0,50.4,48.8,47.7
37565351,25607,389.0,L. Comenencia,Curaçao,Zürich,Switzerland 1 - Super League,Right Back,Defence,21.0,1519.0,49.1,49.3,48.4,52.4
28552312,25649,54.0,L. Connell,Republic of Ireland,Barnsley,England 3 - League One,Defensive Midfield,Midfield,24.0,3524.0,54.4,55.2,54.5,49.1
3344,25648,56.0,L. Cooper,Scotland,Sheffield Wednesday,England 2 - Championship,Centre Back,Defence,33.0,909.0,49.3,49.2,50.3,58.9
5641048,25567,3471.0,L. Corrêa dos Santos,Brazil,Spartak Subotica,Serbia 1 - Super Liga,Centre Forward,Attack,24.0,1041.0,47.9,47.6,48.5,46.6
37684491,25745,1085.0,L. Costa Araujo,Brazil,Moreirense,Portugal 1 - Liga Portugal,Left Wing,Attack,18.0,1290.0,49.0,49.0,48.4,58.6
6572,25648,22.0,L. Coyle,England,Hull City,England 2 - Championship,Right Back,Defence,29.0,3459.0,56.0,54.6,54.6,47.2
62670,25584,2500.0,L. Crepulja,Croatia,Slaven Koprivnica,Croatia 1 - 1. HNL,Defensive Midfield,Midfield,31.0,1841.0,57.7,58.8,57.8,47.4
129571,26164,249160.0,L. Crisetig,Italy,Calcio Padova,Italy 2 - Serie B,Defensive Midfield,Midfield,32.0,1475.0,48.7,48.8,50.1,50.7
22493451,25673,429.0,L. Cruz Hernández,Spain,Deportivo La Coruña,Spain 2 - La Liga 2,Right Wing,Attack,24.0,2478.0,54.2,53.9,52.0,49.4
21772809,25745,884.0,L. Cruz Lelo,Portugal,Sporting Braga,Portugal 1 - Liga Portugal,Left Back,Defence,25.0,1839.0,56.3,56.1,56.1,50.2
3857328,25648,30.0,L. Cullen,Wales,Swansea City,England 2 - Championship,Attacking Midfield,Midfield,26.0,1731.0,50.1,50.3,49.7,50.5
23739135,25648,64.0,L. Cundle,England,Millwall,England 2 - Championship,Central Midfield,Midfield,23.0,1083.0,55.4,54.1,54.6,54.2
133297,26164,7818.0,L. Cuppone,Italy,Virtus Entella,Italy 2 - Serie B,Centre Forward,Attack,28.0,1274.0,50.1,49.9,50.8,43.8
22878566,25652,2642.0,L. Curda,Germany,Paderborn,Germany 2 - 2. Bundesliga,Right Midfield,Midfield,23.0,2791.0,53.7,55.5,53.6,60.5
37692363,25649,115.0,L. Dabo,Spain,Luton Town,England 3 - League One,Central Midfield,Midfield,21.0,1210.0,47.7,47.5,48.4,51.1
37535538,25584,5428.0,L. Dajčer,Croatia,Lokomotiva Zagreb,Croatia 1 - 1. HNL,Left Back,Defence,24.0,1371.0,49.2,48.8,48.0,52.6
28763,25637,2460.0,L. Daneels,Belgium,Helmond Sport,Netherlands 2 - Eerste Divisie,Left Wing,Attack,27.0,2619.0,47.1,46.8,47.0,42.3
40219,25607,362.0,L. Daschner,Germany,St. Gallen,Switzerland 1 - Super League,Attacking Midfield,Midfield,26.0,2073.0,49.3,51.1,49.0,52.6
25567988,25648,116.0,L. Davis,England,Ipswich Town,England 2 - Championship,Left Back,Defence,25.0,3167.0,54.0,54.6,55.9,53.0
37581727,25600,2741.0,L. De Fougerolles,Canada,Dender,Belgium 1 - Pro League,Centre Back,Defence,19.0,1652.0,51.1,51.1,50.5,55.4
24818801,25673,238115.0,L. De León Billar,Uruguay,FC Andorra,Spain 2 - La Liga 2,Centre Forward,Attack,24.0,2367.0,47.6,47.7,47.2,49.9
37423073,25735,1130.0,L. De Smet,Belgium,KV Kortrijk,Belgium 2 - Challenger Pro League,Central Midfield,Midfield,21.0,1437.0,46.6,46.3,46.0,49.1
37549936,25735,1130.0,L. De Smet,Belgium,KV Kortrijk,Belgium 2 - Challenger Pro League,Left Wing,Attack,21.0,2059.0,45.1,44.9,44.6,49.5
37289020,25735,2412.0,L. Delaurier-Chaubet,France,KAS Eupen,Belgium 2 - Challenger Pro League,Right Wing,Attack,23.0,1563.0,50.1,49.8,50.4,46.8
37602253,26164,249160.0,L. Di Maggio,Italy,Calcio Padova,Italy 2 - Serie B,Central Midfield,Midfield,20.0,1006.0,52.4,52.3,53.6,53.2
132165,26164,445.0,L. Dickmann,Italy,Bari 1908,Italy 2 - Serie B,Right Back,Defence,28.0,2117.0,49.5,49.9,50.8,48.5
28912855,25648,99.0,L. Dobbin,England,Preston North End,England 2 - Championship,Left Wing,Attack,22.0,2617.0,53.9,53.7,53.9,43.1
37634710,25567,5421.0,L. Drobnjak,Serbia,Napredak,Serbia 1 - Super Liga,Centre Back,Defence,21.0,1983.0,48.0,48.4,46.2,48.9
28637,25566,2566.0,L. Duarte,Cape Verde,Puskás,Hungary 1 - NB I,Defensive Midfield,Midfield,28.0,2469.0,50.6,50.5,49.0,43.5
219426,25682,3702.0,L. Duarte da Silva,Brazil,İstanbul Başakşehir,Türkiye 1 - Super Lig,Centre Back,Defence,29.0,2305.0,53.5,53.0,52.8,53.6
20357599,25597,1459.0,L. Duijvestijn,Netherlands,Fortuna Sittard,Netherlands 1 - Eredivisie,Attacking Midfield,Midfield,26.0,1259.0,51.2,51.6,51.0,49.7
174296,25648,4.0,L. Dykes,Scotland,Charlton Athletic,England 2 - Championship,Centre Forward,Attack,29.0,1515.0,49.8,49.9,49.2,59.4
37665227,25607,10655.0,L. Dähler,Switzerland,Thun,Switzerland 1 - Super League,Right Back,Defence,24.0,1312.0,50.7,50.0,50.9,43.5
37609085,25662,571.0,L. Eissat,Israel,Maccabi Haifa,Israel 1 - Ligat ha'Al,Centre Back,Defence,20.0,2149.0,51.3,51.9,53.6,51.9
37640300,25641,3599.0,L. Emërllahu,Kosovo,CFR Cluj,Romania 1 - Superliga,Central Midfield,Midfield,22.0,1129.0,50.5,50.3,51.1,39.7
37430164,25601,6615.0,L. Endl,Czech Republic,Ružomberok,Slovakia 1 - Niké Liga,Centre Back,Defence,22.0,1222.0,45.2,44.9,46.8,42.9
5935,25649,28.0,L. Evans,Wales,Blackpool,England 3 - League One,Central Midfield,Midfield,31.0,1252.0,54.9,54.8,54.3,56.8
37559586,25637,2475.0,L. Everink,Netherlands,FC Emmen,Netherlands 2 - Eerste Divisie,Right Back,Defence,24.0,1846.0,49.8,49.9,48.9,54.1
37665416,25591,512.0,L. Ezeh,Nigeria,Karviná,Czech Republic 1 - Chance Liga,Centre Forward,Attack,21.0,1139.0,49.4,49.8,49.1,55.0
2823438,25598,309.0,L. Fadinger,Austria,Motherwell,Scotland 1 - Premiership,Central Midfield,Midfield,24.0,2917.0,48.9,48.2,47.3,49.5
37549074,25636,1276.0,L. Fagersted Henriksen,Denmark,B 93,Denmark 2 - First Division,Right Back,Defence,23.0,2606.0,48.8,47.4,45.9,45.5
37652834,25652,3114.0,L. Farhat,Tunisia,Karlsruher SC,Germany 2 - 2. Bundesliga,Secondary Striker,Attack,19.0,1325.0,49.8,50.0,50.0,45.3
37637487,25735,7085.0,L. Ferrara,Belgium,OC Charleroi,Belgium 2 - Challenger Pro League,Right Back,Defence,23.0,2052.0,46.4,48.2,48.7,46.2
37562125,25745,35867.0,L. Figueiredo dos Santos,Brazil,Alverca,Portugal 1 - Liga Portugal,Left Wing,Attack,23.0,1888.0,52.0,52.3,52.8,55.3
37571576,25601,6615.0,L. Fila,Czech Republic,Ružomberok,Slovakia 1 - Niké Liga,Attacking Midfield,Midfield,21.0,1337.0,46.7,46.2,45.7,47.3
23716007,25735,7085.0,L. Florica,Romania,OC Charleroi,Belgium 2 - Challenger Pro League,Left Wing,Attack,22.0,1832.0,41.6,41.6,42.1,40.4
37698715,25536,7466.0,L. Flø Borregaard,Denmark,Vejle Boldklub,Denmark 1 - Superliga,Right Back,Defence,19.0,1730.0,50.6,51.9,51.4,52.2
277535,25649,23.0,L. Fraser,Canada,Reading,England 3 - League One,Defensive Midfield,Midfield,27.0,1666.0,44.9,44.0,44.7,43.5
10993,25649,409.0,L. Freestone,England,Stevenage,England 3 - League One,Left Back,Defence,25.0,2569.0,44.6,43.9,43.4,61.8
55342,25653,5769.0,L. Fridrikas,Austria,Hartberg,Austria 1 - Admiral Bundesliga,Centre Forward,Attack,27.0,990.0,51.2,51.4,51.0,45.7
1477373,25662,589.0,L. Gadrani,Georgia,Beitar Jerusalem,Israel 1 - Ligat ha'Al,Centre Back,Defence,28.0,2578.0,51.3,51.7,51.1,52.3
155252,25759,1089.0,L. Garate,Argentina,Larissa,Greece 1 - Super League,Centre Forward,Attack,31.0,1065.0,50.2,50.4,50.3,60.5
37543259,25652,3317.0,L. Gechter,Germany,Hertha BSC,Germany 2 - 2. Bundesliga,Centre Back,Defence,21.0,2571.0,51.6,51.1,51.1,48.7
333525,25682,81.0,L. Gianetti,Argentina,Antalyaspor,Türkiye 1 - Super Lig,Centre Back,Defence,31.0,1795.0,47.5,46.6,48.3,51.5
37357498,25648,33.0,L. Gibbs,England,Norwich City,England 2 - Championship,Central Midfield,Midfield,22.0,1178.0,52.8,52.6,53.5,51.1
2823410,25648,99.0,L. Gibson,England,Preston North End,England 2 - Championship,Centre Back,Defence,25.0,2192.0,50.0,49.7,49.8,51.8
37657765,25735,234702.0,L. Goemaere,Belgium,Club NXT U23,Belgium 2 - Challenger Pro League,Defensive Midfield,Midfield,19.0,2212.0,48.0,47.9,49.6,55.0
1778,25649,251.0,L. Gooch,United States,Huddersfield Town,England 3 - League One,Right Back,Defence,29.0,1860.0,53.4,54.4,56.1,44.2
22745,25649,348.0,L. Gordon,Guyana,Port Vale,England 3 - League One,Left Back,Defence,26.0,1667.0,49.4,50.1,49.2,47.5
173046,25598,309.0,L. Gordon,Scotland,Motherwell,Scotland 1 - Premiership,Centre Back,Defence,29.0,1000.0,48.8,48.0,50.6,49.6
37580983,25598,284.0,L. Graham,Scotland,Dundee,Scotland 1 - Premiership,Centre Back,Defence,21.0,3129.0,47.5,47.6,48.5,59.3
21036703,25597,637.0,L. Greiml,Austria,NAC Breda,Netherlands 1 - Eredivisie,Centre Back,Defence,24.0,1135.0,49.1,48.6,49.7,61.4
33811,25607,362.0,L. Görtler,Germany,St. Gallen,Switzerland 1 - Super League,Right Midfield,Midfield,31.0,2598.0,53.7,56.6,52.5,57.0
34907272,25652,3588.0,L. Günther,Germany,Elversberg,Germany 2 - 2. Bundesliga,Left Back,Defence,22.0,1629.0,52.3,52.7,52.6,51.5
133633,25591,2727.0,L. Haraslín,Slovakia,Sparta Praha,Czech Republic 1 - Chance Liga,Left Wing,Attack,29.0,1813.0,56.8,56.4,57.9,54.4
37537755,25649,183.0,L. Harris,Wales,Wycombe Wanderers,England 3 - League One,Attacking Midfield,Midfield,20.0,1320.0,47.0,45.4,47.2,48.6
37575227,25597,1652.0,L. Hartjes,Netherlands,Excelsior,Netherlands 1 - Eredivisie,Central Midfield,Midfield,22.0,1568.0,44.7,43.8,44.1,52.1
37592744,26164,7766.0,L. Hasa,Italy,Carrarese,Italy 2 - Serie B,Central Midfield,Midfield,21.0,2295.0,54.5,54.7,55.4,50.1
151470,26164,522.0,L. Henderson,Scotland,Sampdoria,Italy 2 - Serie B,Central Midfield,Midfield,29.0,2212.0,51.1,50.7,50.6,48.4
65183,25735,1130.0,L. Hens,Belgium,KV Kortrijk,Belgium 2 - Challenger Pro League,Attacking Midfield,Midfield,29.0,1223.0,51.4,51.7,51.3,51.7
2483426,25652,1077.0,L. Herrmann,Germany,Dynamo Dresden,Germany 2 - 2. Bundesliga,Central Midfield,Midfield,26.0,1034.0,50.1,49.7,49.9,58.9
37572036,25600,2555.0,L. Hey,Denmark,Anderlecht,Belgium 1 - Pro League,Centre Back,Defence,22.0,2521.0,52.4,53.0,51.6,51.3
37724444,25584,906.0,L. Hodak,Croatia,Hajduk Split,Croatia 1 - 1. HNL,Right Back,Defence,19.0,956.0,46.6,46.7,45.8,52.0
1246,25597,637.0,L. Holtby,Germany,NAC Breda,Netherlands 1 - Eredivisie,Central Midfield,Midfield,34.0,1944.0,49.7,49.2,49.4,46.0
80952,25601,3283.0,L. Holík,Czech Republic,Spartak Trnava,Slovakia 1 - Niké Liga,Right Back,Defence,27.0,1506.0,47.7,47.5,49.0,39.4
80505,25591,2488.0,L. Hůlka,Czech Republic,Bohemians 1905,Czech Republic 1 - Chance Liga,Centre Back,Defence,30.0,2820.0,50.1,49.6,49.3,45.6
37596541,26164,397.0,L. Ignacchiti,Italy,Empoli,Italy 2 - Serie B,Central Midfield,Midfield,21.0,1096.0,52.2,52.7,52.5,53.5
128975,26164,1343.0,L. Insigne,Italy,Pescara,Italy 2 - Serie B,Left Wing,Attack,34.0,949.0,54.7,55.0,55.5,45.2
37633737,25567,3001.0,L. Izderic,Austria,Radnički Niš,Serbia 1 - Super Liga,Attacking Midfield,Midfield,19.0,1029.0,51.3,48.8,49.4,54.3
62718,25735,1272.0,L. Jans,Luxembourg,SK Beveren,Belgium 2 - Challenger Pro League,Right Back,Defence,33.0,2795.0,49.4,48.7,48.3,45.3
132218,25591,3643.0,L. Jawo,Gambia,Jablonec,Czech Republic 1 - Chance Liga,Centre Forward,Attack,30.0,2179.0,48.9,48.8,48.9,50.5
23707307,25584,7920.0,L. Jelenić,Croatia,Osijek,Croatia 1 - 1. HNL,Centre Back,Defence,25.0,2363.0,45.9,44.6,46.8,45.2
37721337,25637,2783.0,L. Jetten,Netherlands,Jong Ajax,Netherlands 2 - Eerste Divisie,Left Back,Defence,18.0,1734.0,46.0,47.5,47.1,49.5
4617,25648,4.0,L. Jones,England,Charlton Athletic,England 2 - Championship,Centre Back,Defence,29.0,3946.0,46.6,46.3,46.8,63.2
25591317,25566,112.0,L. Joseph,Haiti,Ferencvárosi,Hungary 1 - NB I,Centre Forward,Attack,24.0,1205.0,53.3,53.1,53.8,58.7
161284,25759,781.0,L. Jović,Serbia,AEK Athens,Greece 1 - Super League,Centre Forward,Attack,27.0,2168.0,53.8,53.1,54.5,46.3
52436,25653,3949.0,L. Jäger,Austria,Rheindorf Altach,Austria 1 - Admiral Bundesliga,Centre Back,Defence,31.0,2052.0,45.1,44.4,45.3,46.7
538259,25607,389.0,L. Kamberi,Switzerland,Zürich,Switzerland 1 - Super League,Centre Back,Defence,25.0,2726.0,52.4,53.0,50.9,53.4
37423212,25566,506.0,L. Katona,Hungary,Nyíregyháza Spartacus,Hungary 1 - NB I,Centre Back,Defence,23.0,2404.0,48.6,48.8,48.4,51.0
37532705,25601,3283.0,L. Khorkheli,Georgia,Spartak Trnava,Slovakia 1 - Niké Liga,Attacking Midfield,Midfield,25.0,1047.0,47.7,47.7,47.3,54.7
37704994,25536,2447.0,L. Kirkegaard,Denmark,Viborg FF,Denmark 1 - Superliga,Centre Back,Defence,19.0,1261.0,54.7,55.5,54.2,47.0
10310763,25648,117.0,L. Kitching,England,Coventry City,England 2 - Championship,Centre Back,Defence,25.0,3338.0,55.1,55.2,54.3,56.5
37591584,25648,25.0,L. Kjerrumgaard,Denmark,Watford,England 2 - Championship,Centre Forward,Attack,22.0,2861.0,48.9,48.7,48.7,54.8
16845790,25653,5724.0,L. Klassen,Russia,Grazer AK,Austria 1 - Admiral Bundesliga,Left Back,Defence,25.0,1325.0,48.8,48.2,48.4,45.1
155518,25535,2764.0,L. Klemenz,Poland,Katowice,Poland 1 - Ekstraklasa,Centre Back,Defence,29.0,2249.0,44.6,43.5,43.2,47.4
15756093,25636,1703.0,L. Klitten,Denmark,Hobro,Denmark 2 - First Division,Left Midfield,Midfield,25.0,2793.0,48.2,48.7,48.3,40.6
5283592,25759,213.0,L. Kojić,Serbia,Panaitolikos,Greece 1 - Super League,Central Midfield,Midfield,25.0,2177.0,45.6,45.2,45.0,52.9
108734,25535,808.0,L. Koutris,Greece,Pogoń Szczecin,Poland 1 - Ekstraklasa,Left Back,Defence,29.0,1811.0,50.1,50.2,49.8,51.7
37316876,25597,1403.0,L. Kulenović,Bosnia and Herzegovina,Heracles Almelo,Netherlands 1 - Eredivisie,Centre Forward,Attack,25.0,1623.0,48.6,48.6,48.7,58.5
26705,25536,7466.0,L. Ladegaard Nielsen,Denmark,Vejle Boldklub,Denmark 1 - Superliga,Centre Back,Defence,37.0,2403.0,50.8,51.4,50.4,52.2
109692,25759,134582.0,L. Lamprou,Greece,Volos NFC,Greece 1 - Super League,Left Wing,Attack,27.0,2453.0,46.5,46.9,47.3,45.9
1479090,25600,2938.0,L. Lauberbach,Germany,Mechelen,Belgium 1 - Pro League,Centre Forward,Attack,27.0,1871.0,50.8,50.5,51.4,51.1
173874,25649,183.0,L. Leahy,England,Wycombe Wanderers,England 3 - League One,Central Midfield,Midfield,32.0,2703.0,52.4,52.6,51.8,52.1
3219702,25745,364.0,L. Leite Esteves,Portugal,Gil Vicente,Portugal 1 - Liga Portugal,Attacking Midfield,Midfield,27.0,2770.0,54.6,54.9,52.7,52.7
63570,25600,1118.0,L. Lemoine,Belgium,Zulte-Waregem,Belgium 1 - Pro League,Centre Back,Defence,27.0,1671.0,49.2,48.8,49.0,54.5
62898,25536,85.0,L. Lerager,Denmark,FC København,Denmark 1 - Superliga,Defensive Midfield,Midfield,32.0,1188.0,50.7,50.5,50.3,52.6
22145386,25607,468.0,L. Leroy,France,Basel,Switzerland 1 - Super League,Central Midfield,Midfield,25.0,2698.0,50.9,51.1,50.6,55.1
436104,26164,2892.0,L. Libutti,Italy,Reggiana,Italy 2 - Serie B,Right Back,Defence,27.0,2283.0,46.7,46.7,46.1,45.5
163046,25535,3191.0,L. Lima Linhares,Brazil,Radomiak Radom,Poland 1 - Ekstraklasa,Left Wing,Attack,28.0,1301.0,45.0,45.9,44.7,52.5
173032,25648,99.0,L. Lindsay,Scotland,Preston North End,England 2 - Championship,Centre Back,Defence,29.0,1582.0,49.3,48.4,50.0,68.6
104100,25652,956.0,L. Lochoshvili,Georgia,Nürnberg,Germany 2 - 2. Bundesliga,Centre Back,Defence,27.0,2950.0,49.8,48.9,49.9,58.7
35281116,25662,6963.0,L. Loizou,Cyprus,Hapoel Tel Aviv,Israel 1 - Ligat ha'Al,Right Wing,Attack,22.0,2427.0,48.5,49.3,49.4,44.8
2158475,25652,3647.0,L. Lokotsch,Germany,Preußen Münster,Germany 2 - 2. Bundesliga,Centre Forward,Attack,29.0,1103.0,46.6,46.9,45.6,57.4
7330512,25673,844.0,L. Lopes,Cape Verde,Leganés,Spain 2 - La Liga 2,Left Wing,Attack,25.0,2438.0,52.1,52.0,51.2,55.0
37600933,26164,1628.0,L. Lucchesi,Italy,Monza,Italy 2 - Serie B,Centre Back,Defence,22.0,1776.0,49.1,48.0,47.6,51.4
37577439,25735,3239.0,L. Lucker,Belgium,RFC Liège,Belgium 2 - Challenger Pro League,Left Back,Defence,24.0,1354.0,45.9,46.1,45.9,44.2
177835,25567,28023.0,L. Luković,Serbia,IMT Novi Beograd,Serbia 1 - Super Liga,Attacking Midfield,Midfield,28.0,1677.0,48.7,50.9,46.9,58.5
37528335,25591,4484.0,L. Lurvink,Switzerland,Pardubice,Czech Republic 1 - Chance Liga,Centre Back,Defence,23.0,1348.0,49.4,48.7,51.0,55.9
73659,25535,1266.0,L. Lučić,Croatia,Zagłębie Lubin,Poland 1 - Ekstraklasa,Left Midfield,Midfield,30.0,1590.0,48.5,51.4,50.0,55.8
37704240,25735,2591.0,L. López,Argentina,Lommel SK,Belgium 2 - Challenger Pro League,Defensive Midfield,Midfield,20.0,1683.0,55.1,56.2,52.7,45.8
188060,25673,3169.0,L. López Mármol,Spain,Albacete,Spain 2 - La Liga 2,Centre Back,Defence,28.0,1097.0,51.1,51.3,51.5,44.6
111645,25658,2919.0,L. Mafouta,Central African Republic,Guingamp,France 2 - Ligue 2,Centre Forward,Attack,31.0,2897.0,51.2,51.2,50.9,42.4
133975,26164,397.0,L. Magnino,Italy,Empoli,Italy 2 - Serie B,Central Midfield,Midfield,28.0,1271.0,46.4,45.9,46.0,50.0
540675,25607,13775.0,L. Mai,Germany,Lugano,Switzerland 1 - Super League,Centre Back,Defence,25.0,2696.0,52.3,52.2,53.7,58.7
37582792,25584,7684.0,L. Mamić,Croatia,Varaždin,Croatia 1 - 1. HNL,Attacking Midfield,Midfield,22.0,2103.0,45.7,46.2,46.5,46.2
132580,26164,10771.0,L. Mancuso,Italy,Mantova,Italy 2 - Serie B,Centre Forward,Attack,33.0,1890.0,50.0,49.8,49.7,48.9
24285,25591,1351.0,L. Mareček,Czech Republic,Teplice,Czech Republic 1 - Chance Liga,Defensive Midfield,Midfield,35.0,1194.0,46.0,46.1,43.9,51.7
37400377,25600,2741.0,L. Marijnissen,Netherlands,Dender,Belgium 1 - Pro League,Centre Back,Defence,22.0,3061.0,48.9,48.5,49.4,50.0
37316431,25658,7047.0,L. Maronnier,France,Troyes,France 2 - Ligue 2,Right Back,Defence,25.0,1719.0,51.4,52.0,52.0,48.3
43381,25652,482.0,L. Marseiler,Germany,Darmstadt 98,Germany 2 - 2. Bundesliga,Attacking Midfield,Midfield,28.0,1856.0,47.2,46.4,48.1,52.6
37783548,25597,919.0,L. Martes,Netherlands,Sparta Rotterdam,Netherlands 1 - Eredivisie,Right Back,Defence,17.0,943.0,50.9,50.9,50.2,55.1
393986,25535,2512.0,L. Masoero Masi,Argentina,Nieciecza,Poland 1 - Ekstraklasa,Centre Back,Defence,30.0,1272.0,45.7,45.4,44.5,44.6
79977,25591,463.0,L. Masopust,Czech Republic,Slovan Liberec,Czech Republic 1 - Chance Liga,Right Midfield,Midfield,32.0,1613.0,50.8,52.7,51.4,55.5
32422758,25598,180.0,L. Mayo,Scotland,Kilmarnock,Scotland 1 - Premiership,Centre Back,Defence,25.0,1812.0,47.7,47.8,48.3,46.0
37530761,25591,463.0,L. Mašek,Czech Republic,Slovan Liberec,Czech Republic 1 - Chance Liga,Centre Forward,Attack,21.0,1807.0,48.4,48.3,48.5,49.5
4536583,25600,355.0,L. Mbe Soh,France,Sint-Truiden,Belgium 1 - Pro League,Centre Back,Defence,24.0,914.0,53.9,54.0,53.6,52.9
4536583,25735,2432.0,L. Mbe Soh,France,K. Beerschot V.A.,Belgium 2 - Challenger Pro League,Centre Back,Defence,24.0,1620.0,53.0,53.6,53.6,46.3
3169839,25598,770.0,L. McCann,Scotland,Falkirk,Scotland 1 - Premiership,Left Back,Defence,25.0,2147.0,49.3,48.9,48.2,45.8
1548366,25598,53.0,L. McCowan,Scotland,Celtic,Scotland 1 - Premiership,Central Midfield,Midfield,27.0,1239.0,52.9,53.2,53.9,46.5
35683728,26164,1343.0,L. Meacci,Italy,Pescara,Italy 2 - Serie B,Attacking Midfield,Midfield,24.0,1017.0,50.9,51.4,52.9,53.3
1481800,25735,1272.0,L. Mertens,Belgium,SK Beveren,Belgium 2 - Challenger Pro League,Centre Forward,Attack,32.0,2685.0,51.0,51.1,51.6,53.1
37434642,25637,2360.0,L. Miguel,Netherlands,TOP Oss,Netherlands 2 - Eerste Divisie,Centre Back,Defence,24.0,2524.0,46.8,45.9,46.8,47.9
38203952,25607,2866.0,L. Mikulić,Croatia,Grasshopper,Switzerland 1 - Super League,Centre Back,Defence,20.0,1069.0,48.3,47.4,48.6,57.1
37751603,25567,5421.0,L. Miladinović,Serbia,Napredak,Serbia 1 - Super Liga,Centre Back,Defence,17.0,1872.0,47.5,47.1,49.1,40.9
4545516,25648,22.0,L. Millar,Canada,Hull City,England 2 - Championship,Left Wing,Attack,25.0,2056.0,52.6,52.0,51.8,57.1
21036519,25648,2.0,L. Miller,Australia,Blackburn Rovers,England 2 - Championship,Right Back,Defence,24.0,2152.0,50.5,49.7,49.1,61.6
37590895,25658,581.0,L. Mincarelli Davin,France,Montpellier,France 2 - Ligue 2,Left Back,Defence,21.0,1239.0,51.0,51.2,50.4,50.1
37579906,25567,2707.0,L. Mićić,Serbia,Javor Ivanjica,Serbia 1 - Super Liga,Right Wing,Attack,22.0,1513.0,45.8,45.4,45.8,41.3
37711542,25637,2360.0,L. Mol,Netherlands,TOP Oss,Netherlands 2 - Eerste Divisie,Central Midfield,Midfield,20.0,1432.0,46.6,46.2,46.9,53.5
581009,25649,235.0,L. Molyneux,England,Doncaster Rovers,England 3 - League One,Right Wing,Attack,27.0,3401.0,48.8,48.7,48.9,43.9
37551401,25735,3960.0,L. Mondele Anzun,Belgium,Royal Francs Borains,Belgium 2 - Challenger Pro League,Defensive Midfield,Midfield,21.0,2402.0,48.0,48.4,48.7,42.2
37583501,25652,999.0,L. Morgalla,Germany,VfL Bochum 1848,Germany 2 - 2. Bundesliga,Right Back,Defence,20.0,2253.0,49.3,49.4,49.7,47.5
24817483,25598,273.0,L. Morrison,Scotland,Aberdeen,Scotland 1 - Premiership,Centre Back,Defence,22.0,1103.0,44.7,43.4,45.9,48.9
24817483,25648,47.0,L. Morrison,Scotland,Queens Park Rangers,England 2 - Championship,Centre Back,Defence,22.0,1040.0,49.0,47.9,49.7,53.9
449182,25759,9848.0,L. Morón García,Spain,Aris,Greece 1 - Super League,Centre Forward,Attack,31.0,1800.0,47.7,47.5,46.8,47.7
15756107,25658,1174.0,L. Mouyokolo,France,Grenoble Foot 38,France 2 - Ligue 2,Centre Back,Defence,24.0,2351.0,47.8,47.0,48.9,45.7
23715991,25641,3599.0,L. Munteanu,Romania,CFR Cluj,Romania 1 - Superliga,Centre Forward,Attack,23.0,921.0,54.2,54.7,53.7,47.4
50509,25652,3527.0,L. Musonda,Zambia,Magdeburg,Germany 2 - 2. Bundesliga,Left Back,Defence,30.0,2102.0,46.9,47.6,47.3,43.3
35162,25607,3525.0,L. Mühl,Germany,Winterthur,Switzerland 1 - Super League,Centre Back,Defence,28.0,1059.0,47.3,47.0,48.7,48.1
37407475,25598,770.0,L. Neilson,Scotland,Falkirk,Scotland 1 - Premiership,Centre Back,Defence,22.0,1277.0,45.1,45.2,47.0,42.7
460556,25567,2945.0,L. Nikolić,Serbia,Vojvodina,Serbia 1 - Super Liga,Right Back,Defence,25.0,2931.0,52.2,51.2,50.5,54.7
37608855,25607,1970.0,L. Njoh,France,Servette,Switzerland 1 - Super League,Left Back,Defence,23.0,2587.0,55.2,55.0,56.8,42.9
37590624,25673,429.0,L. Noubi Ngnokam,Belgium,Deportivo La Coruña,Spain 2 - La Liga 2,Centre Back,Defence,20.0,2063.0,52.4,52.5,52.5,54.9
37577772,25673,103.0,L. Ntambue Kayumba,Spain,Granada,Spain 2 - La Liga 2,Centre Back,Defence,23.0,2796.0,51.5,52.1,52.5,50.1
10310312,25648,283.0,L. O'Brien,England,Wrexham,England 2 - Championship,Central Midfield,Midfield,26.0,2692.0,52.0,51.7,52.3,53.1
189198,25673,60.0,L. Olaetxea Ibaibarriaga,Spain,SD Eibar,Spain 2 - La Liga 2,Central Midfield,Midfield,32.0,1556.0,48.1,47.7,47.3,58.9
218858,25599,2645.0,L. Olaza Catrofe,Uruguay,Krasnodar,Russia 1 - Premier League,Left Back,Defence,30.0,2368.0,55.2,55.0,55.5,49.6
219252,25745,35867.0,L. Oliveira dos Santos,Brazil,Alverca,Portugal 1 - Liga Portugal,Attacking Midfield,Midfield,26.0,2377.0,52.9,53.4,51.9,56.6
25792,25536,1789.0,L. Owusu,Netherlands,Odense BK,Denmark 1 - Superliga,Right Back,Defence,28.0,2681.0,50.3,51.1,51.3,43.2
37317438,25735,261624.0,L. Oyen,Belgium,Jong KRC Genk U23,Belgium 2 - Challenger Pro League,Left Wing,Attack,22.0,1014.0,50.9,51.4,51.5,44.8
4237085,25535,302.0,L. Palma Oseguera,Honduras,Lech Poznań,Poland 1 - Ekstraklasa,Left Wing,Attack,25.0,1654.0,56.1,55.8,57.2,51.2
2949,25648,56.0,L. Palmer,Scotland,Sheffield Wednesday,England 2 - Championship,Right Back,Defence,33.0,3750.0,48.5,48.1,47.5,44.7
435931,26164,7818.0,L. Parodi,Italy,Virtus Entella,Italy 2 - Serie B,Centre Back,Defence,30.0,3014.0,50.0,50.6,46.6,43.0
37531164,25600,3958.0,L. Patris,Belgium,Union Saint-Gilloise,Belgium 1 - Pro League,Right Back,Defence,24.0,919.0,49.7,49.7,50.9,62.3
80318,25601,5581.0,L. Pauschek,Slovakia,Zemplín Michalovce,Slovakia 1 - Niké Liga,Right Back,Defence,32.0,1618.0,45.4,45.7,45.3,40.7
37548175,25653,5769.0,L. Pazourek,Austria,Hartberg,Austria 1 - Admiral Bundesliga,Right Back,Defence,20.0,948.0,45.9,46.2,46.9,56.5
4916377,25641,134619.0,L. Pellegrini,France,Farul Constanța,Romania 1 - Superliga,Centre Back,Defence,25.0,956.0,47.4,47.3,45.5,52.3
37597195,25591,3531.0,L. Penxa,Czech Republic,Dukla Praha,Czech Republic 1 - Chance Liga,Left Midfield,Midfield,21.0,922.0,46.9,48.0,46.5,55.1
433723,25673,344.0,L. Perrin,France,Sporting Gijón,Spain 2 - La Liga 2,Centre Back,Defence,26.0,1952.0,48.3,47.8,48.1,50.6
3862554,25652,3588.0,L. Petkov,Bulgaria,Elversberg,Germany 2 - 2. Bundesliga,Right Wing,Attack,24.0,2800.0,52.2,52.9,53.4,52.1
3861574,25652,3588.0,L. Pinckert,Germany,Elversberg,Germany 2 - 2. Bundesliga,Centre Back,Defence,25.0,2536.0,53.1,54.1,52.9,51.1
23288050,25759,602.0,L. Pirola,Italy,Olympiacos F.C.,Greece 1 - Super League,Centre Back,Defence,23.0,1966.0,51.1,51.1,50.6,59.2
172633,25598,180.0,L. Polworth,Scotland,Kilmarnock,Scotland 1 - Premiership,Central Midfield,Midfield,30.0,1649.0,50.1,50.5,49.8,47.6
37597901,25637,814.0,L. Postma,Netherlands,RKC Waalwijk,Netherlands 2 - Eerste Divisie,Centre Back,Defence,22.0,2224.0,49.4,49.1,48.9,53.5
21036790,25636,8657.0,L. Prip Andreasen,Denmark,Hvidovre,Denmark 2 - First Division,Right Wing,Attack,28.0,1258.0,53.4,53.0,52.4,45.9
83003,25591,216.0,L. Provod,Czech Republic,Slavia Praha,Czech Republic 1 - Chance Liga,Left Wing,Attack,28.0,2404.0,55.7,55.0,54.4,52.2
116733,25641,10282.0,L. Pászka,Hungary,Csikszereda,Romania 1 - Superliga,Left Back,Defence,29.0,2610.0,52.8,53.1,54.1,49.4
189707,25682,4192.0,L. Pérez Maqueda,Spain,Gaziantep F.K.,Türkiye 1 - Super Lig,Right Back,Defence,30.0,1657.0,48.1,48.1,48.6,49.8
21036789,25536,390.0,L. Qamili,Albania,Sønderjyske Fodbold,Denmark 1 - Superliga,Right Wing,Attack,27.0,1257.0,47.3,47.4,48.9,46.4
28573702,25658,9291.0,L. Quenabio,France,Rodez,France 2 - Ligue 2,Centre Back,Defence,24.0,1414.0,52.2,53.9,50.8,61.6
1499803,25567,2945.0,L. Ranđelović,Serbia,Vojvodina,Serbia 1 - Super Liga,Right Wing,Attack,27.0,2580.0,52.8,51.4,51.2,39.5
37668634,25536,2356.0,L. Raun Pedersen,Denmark,Randers FC,Denmark 1 - Superliga,Central Midfield,Midfield,19.0,1681.0,47.9,48.0,47.5,51.0
133891,26164,1628.0,L. Ravanelli,Italy,Monza,Italy 2 - Serie B,Centre Back,Defence,28.0,2545.0,50.4,49.6,48.6,57.6
31255673,25745,3161.0,L. Realpe Montaño,Ecuador,Famalicão,Portugal 1 - Liga Portugal,Centre Back,Defence,24.0,1697.0,54.5,54.8,54.6,51.4
8741,25649,225.0,L. Reed,England,Mansfield Town,England 3 - League One,Central Midfield,Midfield,28.0,2890.0,52.0,52.1,52.0,49.1
37649896,25652,3431.0,L. Reich,Germany,SpVgg Greuther Fürth,Germany 2 - 2. Bundesliga,Right Back,Defence,18.0,927.0,54.3,54.6,53.7,52.4
37336951,25637,1128.0,L. Reischl,Austria,ADO Den Haag,Netherlands 2 - Eerste Divisie,Centre Forward,Attack,21.0,2015.0,52.0,52.0,52.3,51.3
20683910,25673,11354.0,L. Ribeiro Costa,Brazil,Cultural Leonesa,Spain 2 - La Liga 2,Right Wing,Attack,26.0,1438.0,54.5,55.5,55.8,52.4
37261696,25745,269225.0,L. Rivas,Paraguay,AVS,Portugal 1 - Liga Portugal,Left Back,Defence,23.0,1536.0,50.0,49.7,50.0,53.5
37765103,25652,1638.0,L. Robinson,Germany,Kaiserslautern,Germany 2 - 2. Bundesliga,Defensive Midfield,Midfield,24.0,1544.0,45.4,44.9,48.2,57.0
160298,25745,2628.0,L. Rocha Rodrigues,Portugal,Santa Clara,Portugal 1 - Liga Portugal,Centre Back,Defence,38.0,1170.0,50.9,51.7,51.2,43.0
446296,25673,11354.0,L. Rodríguez Chacón,Spain,Cultural Leonesa,Spain 2 - La Liga 2,Left Wing,Attack,25.0,3451.0,46.9,46.7,47.4,45.4
30866040,25597,629.0,L. Rosa,Brazil,Ajax,Netherlands 1 - Eredivisie,Right Back,Defence,25.0,2356.0,52.2,52.2,50.6,59.3
37526008,25599,2963.0,L. Rosa da Silva,Brazil,Zenit,Russia 1 - Premier League,Right Wing,Attack,24.0,2036.0,54.3,54.5,55.3,61.7
96041,25759,9848.0,L. Rose,Mauritius,Aris,Greece 1 - Super League,Centre Back,Defence,33.0,1406.0,48.3,48.3,47.8,48.1
32777432,25652,3611.0,L. Rosenboom,Germany,Holstein Kiel,Germany 2 - 2. Bundesliga,Right Back,Defence,23.0,1685.0,48.1,48.3,48.7,51.4
13186573,25759,781.0,L. Rota,Greece,AEK Athens,Greece 1 - Super League,Right Back,Defence,28.0,2598.0,54.2,53.8,53.1,49.3
125561,25662,2495.0,L. Rotman,Israel,Hapoel Haifa,Israel 1 - Ligat ha'Al,Left Wing,Attack,29.0,945.0,50.1,50.4,50.3,50.7
37651542,25735,3117.0,L. Rousseau,Belgium,Patro Eisden Maasmechelen,Belgium 2 - Challenger Pro League,Centre Forward,Attack,22.0,2957.0,49.2,48.6,50.0,44.6
116908,25566,10196.0,L. Rácz,Hungary,Kazincbarcika,Hungary 1 - NB I,Centre Back,Defence,30.0,1694.0,42.0,40.9,42.3,44.7
978897,25652,3588.0,L. Saa Nicholas K. Mickelson,Thailand,Elversberg,Germany 2 - 2. Bundesliga,Left Back,Defence,26.0,992.0,52.0,53.0,52.4,50.2
21065066,25641,10266.0,L. Sadriu,Kosovo,Argeş,Romania 1 - Superliga,Centre Back,Defence,24.0,3121.0,48.4,48.3,48.2,43.8
27088818,25599,3578.0,L. Sadulaev,Russia,Akhmat Grozny,Russia 1 - Premier League,Left Wing,Attack,25.0,2074.0,49.1,49.0,48.1,54.3
80619,25535,3781.0,L. Sadílek,Czech Republic,Górnik Zabrze,Poland 1 - Ekstraklasa,Attacking Midfield,Midfield,29.0,1084.0,48.8,47.1,49.3,52.8
37583742,25601,3137.0,L. Sagna,Senegal,Tatran Prešov,Slovakia 1 - Niké Liga,Centre Forward,Attack,25.0,920.0,47.1,47.4,46.8,56.7
4783,25682,34.0,L. Sané,Germany,Galatasaray,Türkiye 1 - Super Lig,Right Wing,Attack,29.0,2289.0,56.3,56.9,57.0,52.7
37597231,25597,73.0,L. Sauer,Slovakia,Feyenoord,Netherlands 1 - Eredivisie,Left Wing,Attack,19.0,1421.0,50.8,51.1,51.1,50.9
123659,25598,53.0,L. Scales,Republic of Ireland,Celtic,Scotland 1 - Premiership,Centre Back,Defence,26.0,3098.0,57.4,59.0,55.8,60.4
4237074,25652,2927.0,L. Schneider,Germany,DSC Arminia Bielefeld,Germany 2 - 2. Bundesliga,Centre Back,Defence,25.0,1334.0,52.8,52.9,53.0,48.4
63412,25735,2591.0,L. Schoofs,Belgium,Lommel SK,Belgium 2 - Challenger Pro League,Central Midfield,Midfield,28.0,2933.0,47.2,46.8,46.7,56.4
37640735,25637,1073.0,L. Schoppema,Netherlands,De Graafschap,Netherlands 2 - Eerste Divisie,Left Back,Defence,21.0,1937.0,50.3,50.9,50.8,53.3
37597902,25597,1652.0,L. Schouten,Netherlands,Excelsior,Netherlands 1 - Eredivisie,Centre Back,Defence,21.0,1353.0,52.0,51.3,52.6,50.1
10967324,25535,8761.0,L. Selahi,Albania,Widzew Lodz,Poland 1 - Ekstraklasa,Defensive Midfield,Midfield,26.0,1276.0,47.9,47.7,48.2,58.8
132303,26164,345.0,L. Sernicola,Italy,Spezia,Italy 2 - Serie B,Left Back,Defence,28.0,1430.0,49.6,51.3,53.7,45.6
172938,25598,314.0,L. Shankland,Scotland,Hearts,Scotland 1 - Premiership,Centre Forward,Attack,29.0,2487.0,52.7,52.3,52.8,46.6
65548,25759,118.0,L. Shengelia,Georgia,OFI,Greece 1 - Super League,Right Wing,Attack,29.0,1980.0,48.6,48.2,48.1,49.9
38202267,25607,3091.0,L. Silva Ferreira,Portugal,Luzern,Switzerland 1 - Super League,Attacking Midfield,Midfield,18.0,1050.0,50.3,49.8,49.2,53.8
37592732,25745,1085.0,L. Silva Semedo,Portugal,Moreirense,Portugal 1 - Liga Portugal,Centre Forward,Attack,21.0,989.0,50.7,50.8,50.3,51.9
25939795,25652,1638.0,L. Sirch,Germany,Kaiserslautern,Germany 2 - 2. Bundesliga,Centre Back,Defence,26.0,2811.0,56.8,58.0,56.7,42.3
181000,25601,2759.0,L. Skovajsa,Slovakia,Trenčín,Slovakia 1 - Niké Liga,Left Back,Defence,31.0,1087.0,46.5,46.5,46.5,50.3
24314,25637,2360.0,L. Slagveer,Suriname,TOP Oss,Netherlands 2 - Eerste Divisie,Right Wing,Attack,31.0,1628.0,45.8,45.3,44.9,51.2
378693,25598,258.0,L. Smith,Scotland,Livingston,Scotland 1 - Premiership,Right Midfield,Midfield,25.0,2074.0,46.7,46.2,45.9,48.3
160452,25745,3161.0,L. Soares Alves,Portugal,Famalicão,Portugal 1 - Liga Portugal,Left Back,Defence,30.0,1711.0,56.7,55.5,55.4,44.9
52439,25653,5769.0,L. Spendlhofer,Austria,Hartberg,Austria 1 - Admiral Bundesliga,Centre Back,Defence,32.0,2414.0,47.4,46.4,49.2,49.6
37761941,25641,12619.0,L. Stancu,Romania,Hermannstadt,Romania 1 - Superliga,Right Back,Defence,20.0,1600.0,48.5,48.5,48.7,46.9
37559115,25658,108.0,L. Stassin,Belgium,Saint-Étienne,France 2 - Ligue 2,Centre Forward,Attack,20.0,2235.0,54.5,54.8,55.0,45.2
37350707,25598,282.0,L. Stephenson,England,Dundee United,Scotland 1 - Premiership,Right Back,Defence,21.0,2562.0,46.8,45.8,46.3,41.6
37728553,25567,6662.0,L. Stojanović,Serbia,Čukarički,Serbia 1 - Super Liga,Centre Back,Defence,20.0,1340.0,50.9,51.1,49.8,47.7
37563601,25584,674.0,L. Stojković,Croatia,Dinamo Zagreb,Croatia 1 - 1. HNL,Attacking Midfield,Midfield,21.0,1812.0,57.2,54.4,55.4,54.2
5629267,25601,3283.0,L. Stojsavljevic,Serbia,Spartak Trnava,Slovakia 1 - Niké Liga,Centre Back,Defence,27.0,1521.0,47.1,47.4,47.1,44.6
37344032,25567,3471.0,L. Subotic,Serbia,Spartak Subotica,Serbia 1 - Super Liga,Centre Back,Defence,22.0,2163.0,46.7,46.4,47.5,56.9
37545468,25637,822.0,L. Sunderland,United States,FC Dordrecht,Netherlands 2 - Eerste Divisie,Defensive Midfield,Midfield,23.0,1873.0,48.4,48.5,45.9,45.9
240244,25745,58.0,L. Suárez Charris,Colombia,Sporting CP,Portugal 1 - Liga Portugal,Centre Forward,Attack,27.0,2700.0,60.3,60.1,61.4,51.0
1494201,25649,251.0,L. Sørensen,Denmark,Huddersfield Town,England 3 - League One,Right Back,Defence,25.0,2471.0,50.2,49.8,49.8,46.9
10309700,25648,42.0,L. Thomas,England,Leicester City,England 2 - Championship,Left Back,Defence,24.0,3548.0,55.1,54.1,54.2,56.5
3459,25649,409.0,L. Thompson,Wales,Stevenage,England 3 - League One,Central Midfield,Midfield,30.0,1625.0,46.0,46.3,46.3,52.0
28912981,25648,24.0,L. Thompson,England,Derby County,England 2 - Championship,Central Midfield,Midfield,23.0,1026.0,48.9,48.7,48.3,50.2
85605,25636,8759.0,L. Thomsen,Denmark,Middelfart,Denmark 2 - First Division,Central Midfield,Midfield,31.0,1220.0,44.3,43.9,43.6,52.6
28575697,25649,110.0,L. Tolaj,Switzerland,Plymouth Argyle,England 3 - League One,Centre Forward,Attack,23.0,2416.0,53.4,53.7,54.1,48.0
130022,25682,34.0,L. Torreira Di Pascua,Uruguay,Galatasaray,Türkiye 1 - Super Lig,Defensive Midfield,Midfield,29.0,2230.0,58.0,58.3,60.7,51.8
37721163,25637,1731.0,L. Tran,Belgium,MVV Maastricht,Netherlands 2 - Eerste Divisie,Right Back,Defence,18.0,2369.0,45.1,45.8,46.2,48.1
7636,25648,24.0,L. Travis,England,Derby County,England 2 - Championship,Defensive Midfield,Midfield,27.0,2153.0,52.2,52.6,50.8,53.0
179771,25567,6662.0,L. Tufegdžić,Serbia,Čukarički,Serbia 1 - Super Liga,Attacking Midfield,Midfield,28.0,990.0,50.7,48.8,50.3,54.6
119634,25682,2811.0,L. Tómasson,Iceland,Samsunspor,Türkiye 1 - Super Lig,Left Back,Defence,24.0,2260.0,50.3,50.8,51.1,47.0
37544963,25673,60.0,L. Ulineia Buta,Portugal,SD Eibar,Spain 2 - La Liga 2,Left Back,Defence,23.0,939.0,49.8,49.8,49.9,48.9
37590615,25652,3527.0,L. Ulrich,Germany,Magdeburg,Germany 2 - 2. Bundesliga,Attacking Midfield,Midfield,20.0,2696.0,48.8,49.2,49.0,52.2
37527442,25735,3960.0,L. Urbano Dias de Lima,Sweden,Royal Francs Borains,Belgium 2 - Challenger Pro League,Centre Forward,Attack,23.0,989.0,48.5,48.7,48.8,45.1
37570133,25597,73.0,L. Valente,Netherlands,Feyenoord,Netherlands 1 - Eredivisie,Central Midfield,Midfield,21.0,2553.0,58.2,58.9,58.6,50.5
129494,26164,1343.0,L. Valzania,Italy,Pescara,Italy 2 - Serie B,Central Midfield,Midfield,29.0,2845.0,46.4,46.5,46.7,48.3
61020,25735,2432.0,L. Van Eenoo,Belgium,K. Beerschot V.A.,Belgium 2 - Challenger Pro League,Central Midfield,Midfield,34.0,2688.0,50.7,50.2,49.7,48.6
131982,26164,522.0,L. Venuti,Italy,Sampdoria,Italy 2 - Serie B,Right Back,Defence,30.0,1025.0,55.0,54.3,53.9,51.1
37753106,25637,2379.0,L. Verheij,Netherlands,VVV-Venlo,Netherlands 2 - Eerste Divisie,Centre Back,Defence,20.0,1838.0,45.9,45.0,47.3,47.9
23738849,25599,11364.0,L. Vešner Tičić,Slovenia,FK Nizjni Novgorod,Russia 1 - Premier League,Central Midfield,Midfield,24.0,1776.0,49.8,50.2,50.4,44.7
2946,25636,1371.0,L. Vigen Christensen,Denmark,Esbjerg,Denmark 2 - First Division,Central Midfield,Midfield,30.0,1884.0,50.8,50.9,50.0,46.8
131815,26164,345.0,L. Vignali,Italy,Spezia,Italy 2 - Serie B,Right Back,Defence,29.0,1491.0,50.0,48.8,49.1,55.2
37596481,26164,249160.0,L. Villa,Italy,Calcio Padova,Italy 2 - Serie B,Centre Back,Defence,22.0,1215.0,44.5,43.1,43.0,57.0
37598749,25653,5724.0,L. Vraa-Jensen,Denmark,Grazer AK,Austria 1 - Admiral Bundesliga,Centre Back,Defence,20.0,1624.0,47.9,47.6,50.1,41.6
37600592,25584,7920.0,L. Vrbančić,Croatia,Osijek,Croatia 1 - 1. HNL,Attacking Midfield,Midfield,20.0,1033.0,49.8,52.3,48.4,60.9
37745418,25584,8082.0,L. Vrzić,Croatia,Gorica,Croatia 1 - 1. HNL,Right Wing,Attack,18.0,1209.0,48.9,48.5,48.1,53.4
190871,25535,808.0,L. Wahlqvist,Sweden,Pogoń Szczecin,Poland 1 - Ekstraklasa,Right Back,Defence,28.0,2055.0,45.2,44.9,45.2,43.9
13482,25649,115.0,L. Walsh,England,Luton Town,England 3 - League One,Central Midfield,Midfield,27.0,2578.0,55.6,55.9,55.7,49.3
37559590,25637,2379.0,L. Wehmeyer,Germany,VVV-Venlo,Netherlands 2 - Eerste Divisie,Right Wing,Attack,22.0,1167.0,46.7,47.0,46.7,51.5
37540851,25648,65.0,L. Weschenfelder-Scienza,Brazil,Southampton,England 2 - Championship,Attacking Midfield,Midfield,26.0,2588.0,58.6,56.4,58.9,51.9
37724665,25637,2475.0,L. Wessel Larsen,Denmark,FC Emmen,Netherlands 2 - Eerste Divisie,Left Back,Defence,19.0,2901.0,46.6,47.2,47.9,48.1
37341813,25745,12152.0,L. Wiedthauper,Brazil,Estrela Amadora,Portugal 1 - Liga Portugal,Centre Back,Defence,23.0,2686.0,52.2,52.5,55.0,47.1
14120,25649,409.0,L. Wildin,Antigua and Barbuda,Stevenage,England 3 - League One,Right Back,Defence,27.0,2839.0,49.6,47.9,46.8,50.2
37337214,25600,1118.0,L. Willen,Belgium,Zulte-Waregem,Belgium 1 - Pro League,Centre Back,Defence,22.0,1447.0,49.7,49.5,48.4,48.7
2823507,25649,23.0,L. Wing,England,Reading,England 3 - League One,Central Midfield,Midfield,30.0,4076.0,56.7,57.0,56.6,53.6
37541067,25649,185.0,L. Woodhouse,England,Exeter City,England 3 - League One,Centre Back,Defence,21.0,2067.0,50.4,50.8,50.5,54.7
2816063,25648,117.0,L. Woolfenden,England,Coventry City,England 2 - Championship,Centre Back,Defence,26.0,1073.0,56.0,55.9,53.8,57.2
25143,25637,822.0,L. Woudenberg,Netherlands,FC Dordrecht,Netherlands 2 - Eerste Divisie,Left Back,Defence,31.0,1654.0,44.9,44.9,44.8,54.4
130127,26164,1000.0,L. Zanimacchia,Italy,Modena,Italy 2 - Serie B,Right Wing,Attack,27.0,2437.0,49.8,49.1,49.6,50.7
37568010,25597,1403.0,L. Zeefuik,Netherlands,Heracles Almelo,Netherlands 1 - Eredivisie,Centre Forward,Attack,20.0,1061.0,47.2,46.6,47.3,51.9
74023,25584,2500.0,L. Zhuta,Macedonia,Slaven Koprivnica,Croatia 1 - 1. HNL,Left Back,Defence,32.0,1394.0,48.3,47.9,48.2,43.2
197715,25607,3525.0,L. Zuffi,Switzerland,Winterthur,Switzerland 1 - Super League,Central Midfield,Midfield,35.0,2115.0,47.6,47.0,46.8,42.2
37569777,25607,2866.0,L. Zvonarek,Croatia,Grasshopper,Switzerland 1 - Super League,Attacking Midfield,Midfield,20.0,2130.0,46.9,48.8,47.5,52.4
9523,25600,2402.0,L. da Silva Lopes,Portugal,Gent,Belgium 1 - Pro League,Central Midfield,Midfield,26.0,2452.0,51.2,51.0,51.1,57.1
37663659,25637,2379.0,L. de Blok,Netherlands,VVV-Venlo,Netherlands 2 - Eerste Divisie,Left Back,Defence,21.0,2513.0,51.2,51.1,52.5,45.8
29328434,25662,6963.0,L. de Oliveira Teodoro Falcão,Brazil,Hapoel Tel Aviv,Israel 1 - Ligat ha'Al,Central Midfield,Midfield,27.0,2507.0,45.3,45.7,44.4,58.0
459704,25662,516.0,L. de Souza Ventura,Brazil,Hapoel Be'er Sheva,Israel 1 - Ligat ha'Al,Defensive Midfield,Midfield,27.0,2836.0,47.8,47.7,46.6,49.9
5270467,25637,814.0,L. van Gelderen,Netherlands,RKC Waalwijk,Netherlands 2 - Eerste Divisie,Centre Back,Defence,24.0,1583.0,48.7,48.5,49.6,50.0
37316349,25591,3545.0,L. Červ,Czech Republic,Viktoria Plzeň,Czech Republic 1 - Chance Liga,Central Midfield,Midfield,24.0,2658.0,49.5,49.6,48.8,54.0
37757373,25567,6662.0,L. Đorđević,Serbia,Čukarički,Serbia 1 - Super Liga,Centre Forward,Attack,19.0,944.0,47.5,48.1,46.6,49.1
74099,26164,6911.0,L. Šimić,Croatia,Avellino,Italy 2 - Serie B,Centre Back,Defence,29.0,2866.0,48.1,47.5,49.8,61.0
7346335,25601,8224.0,L. Šimko,Slovakia,Skalica,Slovakia 1 - Niké Liga,Right Back,Defence,26.0,1347.0,44.0,44.3,44.7,47.0
24838179,25584,7684.0,L. Škaričić,Croatia,Varaždin,Croatia 1 - 1. HNL,Centre Back,Defence,23.0,1678.0,51.4,51.3,53.3,46.1
37445256,25535,2482.0,Leandro Sanca,Guinea-Bissau,Piast Gliwice,Poland 1 - Ekstraklasa,Right Wing,Attack,25.0,1719.0,51.6,51.4,51.6,64.4
37476492,25653,3630.0,Lee Kang-Hee,South Korea,Austria Wien,Austria 1 - Admiral Bundesliga,Defensive Midfield,Midfield,23.0,1477.0,46.7,46.9,46.4,54.7
37451259,25599,490.0,Lucas Fasson,Brazil,Lokomotiv Moskva,Russia 1 - Premier League,Centre Back,Defence,24.0,1881.0,57.9,57.8,56.5,52.0
37701260,25641,11711.0,M. Abbey,Ghana,Metaloglobus,Romania 1 - Superliga,Attacking Midfield,Midfield,22.0,1491.0,47.8,47.4,47.8,49.0
38207416,25637,2783.0,M. Abdalla,Sudan,Jong Ajax,Netherlands 2 - Eerste Divisie,Central Midfield,Midfield,15.0,918.0,48.2,47.7,48.6,48.1
26771,25682,4192.0,M. Abena,Suriname,Gaziantep F.K.,Türkiye 1 - Super Lig,Centre Back,Defence,30.0,1926.0,44.3,42.3,46.0,50.6
37672326,25662,6961.0,M. Abu Rumi,Israel,Ironi Kiryat Shmona,Israel 1 - Ligat ha'Al,Right Wing,Attack,21.0,1782.0,43.8,43.6,43.9,53.7
21413511,25536,85.0,M. Achouri,Tunisia,FC København,Denmark 1 - Superliga,Left Wing,Attack,26.0,1387.0,53.8,53.5,53.4,51.4
37337021,25658,7047.0,M. Adeline,France,Troyes,France 2 - Ligue 2,Attacking Midfield,Midfield,21.0,2444.0,56.2,56.0,54.5,52.1
2846880,25637,822.0,M. Afaker,Netherlands,FC Dordrecht,Netherlands 2 - Eerste Divisie,Left Wing,Attack,26.0,947.0,51.5,51.1,50.5,48.0
37356259,25584,2500.0,M. Agbekpornu,Ghana,Slaven Koprivnica,Croatia 1 - 1. HNL,Central Midfield,Midfield,26.0,1146.0,49.9,50.2,50.1,59.3
37532287,25536,390.0,M. Agger,Denmark,Sønderjyske Fodbold,Denmark 1 - Superliga,Right Wing,Attack,25.0,1462.0,48.5,47.9,47.9,43.0
37324946,25636,8724.0,M. Agnarsson,Faroe Islands,Aarhus Fremad,Denmark 2 - First Division,Left Back,Defence,21.0,2822.0,45.0,45.1,46.4,41.6
187242,25673,3968.0,M. Aguirregabiria Padilla,Spain,Real Zaragoza,Spain 2 - La Liga 2,Right Back,Defence,29.0,1852.0,53.2,53.0,52.1,49.4
34454700,25745,3497.0,M. Aiko,France,Tondela,Portugal 1 - Liga Portugal,Left Wing,Attack,24.0,1059.0,51.5,52.0,51.4,49.3
21782194,25600,1118.0,M. Ake,France,Zulte-Waregem,Belgium 1 - Pro League,Left Wing,Attack,24.0,1744.0,51.0,51.5,51.9,48.2
534383,25682,88.0,M. Aktürkoğlu,Türkiye,Fenerbahçe,Türkiye 1 - Super Lig,Left Wing,Attack,26.0,1961.0,56.5,55.7,55.5,49.9
37648771,25600,328.0,M. Al Sahafi,Saudi Arabia,Antwerp,Belgium 1 - Pro League,Left Wing,Attack,21.0,1320.0,50.7,50.7,50.4,47.8
37262281,26164,7818.0,M. Alborghetti,Italy,Virtus Entella,Italy 2 - Serie B,Right Back,Defence,26.0,1115.0,45.9,45.5,43.8,57.1
374531,25599,237672.0,M. Alibekov,Russia,Dynamo Makhachkala,Russia 1 - Premier League,Centre Back,Defence,28.0,1486.0,50.0,51.5,49.9,52.2
37694304,25735,277379.0,M. Aliou Diallo,Senegal,Jong Gent,Belgium 2 - Challenger Pro League,Centre Back,Defence,18.0,1582.0,46.1,45.0,47.0,43.4
37548599,25648,25.0,M. Alleyne,England,Watford,England 2 - Championship,Centre Back,Defence,20.0,1265.0,54.6,55.3,53.5,54.3
37372352,25648,5.0,M. Alli,Republic of Ireland,Portsmouth,England 2 - Championship,Left Wing,Attack,25.0,1567.0,49.2,48.9,48.7,49.5
37372352,25649,115.0,M. Alli,Republic of Ireland,Luton Town,England 3 - League One,Left Wing,Attack,25.0,1007.0,52.2,51.2,51.1,53.8
23637808,25682,3224.0,M. Altunbaş,Türkiye,Eyüpspor,Türkiye 1 - Super Lig,Centre Forward,Attack,22.0,1005.0,51.4,51.2,51.5,54.4
883058,25662,4136.0,M. Alvarenga de Oliveira,Brazil,Maccabi Netanya,Israel 1 - Ligat ha'Al,Centre Forward,Attack,26.0,2337.0,50.6,51.1,50.3,40.6
37747809,25599,543.0,M. Alves Nascimento,Brazil,CSKA Moskva,Russia 1 - Premier League,Attacking Midfield,Midfield,20.0,1020.0,52.9,53.8,51.9,51.6
27454012,25599,5585.0,M. Alves Santos,Brazil,Sochi,Russia 1 - Premier League,Centre Back,Defence,27.0,1667.0,45.8,44.7,46.6,44.7
37699612,25566,4312.0,M. Alves Soares,Brazil,Zalaegerszegi TE,Hungary 1 - NB I,Left Wing,Attack,21.0,2059.0,48.0,48.3,47.8,44.2
37549847,25567,2707.0,M. Amadou Sabo,Niger,Javor Ivanjica,Serbia 1 - Super Liga,Defensive Midfield,Midfield,20.0,2920.0,52.2,52.3,54.7,48.3
157939,25535,2512.0,M. Ambrosiewicz,Poland,Nieciecza,Poland 1 - Ekstraklasa,Defensive Midfield,Midfield,27.0,2765.0,49.5,50.1,48.7,39.4
37652963,25662,5897.0,M. Amer,Israel,Ashdod,Israel 1 - Ligat ha'Al,Left Back,Defence,22.0,1536.0,48.5,48.8,47.4,57.1
12289,25597,2396.0,M. Amevor,Togo,FC Volendam,Netherlands 1 - Eredivisie,Centre Back,Defence,33.0,2760.0,47.0,46.3,47.2,44.8
20347181,25535,3270.0,M. Ameyaw,Poland,Raków Częstochowa,Poland 1 - Ekstraklasa,Right Midfield,Midfield,24.0,1925.0,58.0,54.5,58.7,52.2
85277,25649,115.0,M. Andersen,Denmark,Luton Town,England 3 - League One,Centre Back,Defence,27.0,2624.0,49.0,48.6,48.6,60.5
37590763,25735,1130.0,M. Anderson,Scotland,KV Kortrijk,Belgium 2 - Challenger Pro League,Left Back,Defence,21.0,2226.0,48.7,49.0,49.7,47.9
37560904,25662,8644.0,M. Anim Cudjoe,Ghana,Bnei Sakhnin,Israel 1 - Ligat ha'Al,Attacking Midfield,Midfield,21.0,2131.0,45.8,46.9,46.5,48.9
167604,25641,8132.0,M. Antoche,Romania,Unirea Slobozia,Romania 1 - Superliga,Centre Back,Defence,33.0,2815.0,44.1,44.1,43.7,40.8
37593246,25673,844.0,M. Antolín Garzón,Spain,Leganés,Spain 2 - La Liga 2,Centre Back,Defence,22.0,3069.0,52.4,53.0,51.4,47.8
133848,26164,7471.0,M. Antonini Lui,Brazil,Catanzaro,Italy 2 - Serie B,Centre Back,Defence,27.0,3505.0,46.9,45.9,46.2,56.6
13649139,25745,58.0,M. Araújo Vilches,Uruguay,Sporting CP,Portugal 1 - Liga Portugal,Left Back,Defence,25.0,2273.0,54.0,54.4,54.6,58.7
37545267,25673,60.0,M. Ares Djalo,Spain,SD Eibar,Spain 2 - La Liga 2,Right Wing,Attack,23.0,1546.0,50.2,51.2,51.1,52.8
1139,25567,2673.0,M. Arnautović,Austria,Crvena Zvezda,Serbia 1 - Super Liga,Centre Forward,Attack,36.0,994.0,56.8,57.8,56.5,50.5
186668,25682,88.0,M. Asensio Willemsen,Spain,Fenerbahçe,Türkiye 1 - Super Lig,Attacking Midfield,Midfield,29.0,1878.0,60.4,58.8,58.6,48.0
447514,25673,8366.0,M. Atienza Villa,Spain,Burgos,Spain 2 - La Liga 2,Central Midfield,Midfield,26.0,3516.0,45.5,45.2,44.8,60.7
23269567,25652,3565.0,M. Aydin,Germany,Eintracht Braunschweig,Germany 2 - 2. Bundesliga,Right Back,Defence,23.0,2496.0,50.6,50.8,50.6,53.0
37624122,25652,67.0,M. Ayhan,Türkiye,Schalke 04,Germany 2 - 2. Bundesliga,Centre Back,Defence,18.0,1937.0,52.9,53.4,51.1,46.4
37573338,25599,237672.0,M. Azzi,Algeria,Dynamo Makhachkala,Russia 1 - Premier League,Right Back,Defence,23.0,1981.0,49.8,51.6,52.0,52.3
37755983,25601,6615.0,M. Bacik,Slovakia,Ružomberok,Slovakia 1 - Niké Liga,Central Midfield,Midfield,18.0,1418.0,45.4,46.3,48.5,41.8
37730479,25637,2971.0,M. Bahaty,Netherlands,Jong PSV,Netherlands 2 - Eerste Divisie,Right Wing,Attack,17.0,928.0,52.9,51.7,52.0,51.9
37553141,25584,674.0,M. Bakrar,Algeria,Dinamo Zagreb,Croatia 1 - 1. HNL,Centre Forward,Attack,24.0,1511.0,53.1,53.2,53.9,55.1
1452177,25759,9849.0,M. Baku,Germany,Atromitos,Greece 1 - Super League,Left Wing,Attack,27.0,2768.0,47.8,47.8,48.5,45.9
37359754,25597,637.0,M. Balard,Australia,NAC Breda,Netherlands 1 - Eredivisie,Defensive Midfield,Midfield,24.0,2737.0,49.4,49.9,47.6,46.1
126892,25662,516.0,M. Baltaksa,Israel,Hapoel Be'er Sheva,Israel 1 - Ligat ha'Al,Centre Back,Defence,29.0,1394.0,52.5,53.3,50.8,61.3
26336813,25658,1174.0,M. Bangré,Burkina Faso,Grenoble Foot 38,France 2 - Ligue 2,Right Wing,Attack,24.0,914.0,51.1,51.1,50.3,50.4
132132,26164,1216.0,M. Bani,Italy,Palermo,Italy 2 - Serie B,Centre Back,Defence,31.0,2547.0,48.2,47.5,49.9,64.8
526975,25599,452.0,M. Banjac,Serbia,Krylya Sovetov,Russia 1 - Premier League,Central Midfield,Midfield,25.0,1273.0,51.3,51.4,52.1,52.9
37703964,25648,2.0,M. Baradji,France,Blackburn Rovers,England 2 - Championship,Central Midfield,Midfield,24.0,1747.0,49.9,50.2,50.0,61.5
37734293,25662,229320.0,M. Barami,Israel,Maccabi Bnei Raina,Israel 1 - Ligat ha'Al,Centre Back,Defence,22.0,925.0,45.3,44.4,45.7,45.3
223257,25599,543.0,M. Barbosa,Brazil,CSKA Moskva,Russia 1 - Premier League,Left Back,Defence,30.0,1719.0,54.9,55.4,54.5,50.5
5336907,25535,11356.0,M. Bartoš,Slovakia,Motor Lublin,Poland 1 - Ekstraklasa,Centre Back,Defence,28.0,2070.0,46.5,45.5,46.8,43.7
37656811,25673,11354.0,M. Barzic Gutiérrez,Spain,Cultural Leonesa,Spain 2 - La Liga 2,Centre Back,Defence,21.0,2850.0,51.9,52.0,52.0,46.3
21803027,25735,3960.0,M. Bastian,France,Royal Francs Borains,Belgium 2 - Challenger Pro League,Left Back,Defence,24.0,2176.0,46.1,46.5,45.7,58.9
3862572,25652,2927.0,M. Bauer,Germany,DSC Arminia Bielefeld,Germany 2 - 2. Bundesliga,Centre Back,Defence,25.0,1451.0,49.8,49.4,51.5,56.0
37582048,25652,2642.0,M. Baur,Germany,Paderborn,Germany 2 - 2. Bundesliga,Central Midfield,Midfield,21.0,2671.0,51.5,50.7,50.8,47.6
785058,25682,4192.0,M. Bayo,Guinea,Gaziantep F.K.,Türkiye 1 - Super Lig,Centre Forward,Attack,27.0,2349.0,51.6,51.4,52.3,43.2
84594,25536,939.0,M. Bech Sørensen,Denmark,FC Midtjylland,Denmark 1 - Superliga,Centre Back,Defence,26.0,2564.0,53.1,53.9,53.5,46.9
181258,25601,5581.0,M. Bednár,Slovakia,Zemplín Michalovce,Slovakia 1 - Niké Liga,Centre Back,Defence,26.0,2653.0,49.6,50.2,51.2,43.5
35709049,25607,13775.0,M. Belhaj Mahmoud,Tunisia,Lugano,Switzerland 1 - Super League,Central Midfield,Midfield,25.0,1556.0,50.3,50.3,51.2,53.1
2816015,26164,6947.0,M. Bellich,Italy,Juve Stabia,Italy 2 - Serie B,Centre Back,Defence,26.0,2489.0,53.8,53.7,52.4,46.3
305950,25682,1071.0,M. Ben Ouannes,Tunisia,Kasımpaşa,Türkiye 1 - Super Lig,Left Wing,Attack,31.0,2279.0,49.1,48.5,47.4,51.7
539889,25652,3647.0,M. Benger,Germany,Preußen Münster,Germany 2 - 2. Bundesliga,Defensive Midfield,Midfield,27.0,1000.0,51.3,52.0,48.1,50.7
37430362,25597,1403.0,M. Benita,Netherlands,Heracles Almelo,Netherlands 1 - Eredivisie,Right Back,Defence,21.0,1446.0,49.8,49.7,49.5,58.4
37253472,25591,3097.0,M. Beran,Czech Republic,Sigma Olomouc,Czech Republic 1 - Chance Liga,Central Midfield,Midfield,24.0,2066.0,51.5,51.9,51.7,49.7
432894,25658,108.0,M. Bernauer,France,Saint-Étienne,France 2 - Ligue 2,Centre Back,Defence,27.0,1220.0,57.9,58.4,58.9,50.2
180916,25652,999.0,M. Bero,Slovakia,VfL Bochum 1848,Germany 2 - 2. Bundesliga,Central Midfield,Midfield,29.0,1820.0,48.4,48.1,47.6,51.3
27048712,26164,2892.0,M. Bertagnoli,Italy,Reggiana,Italy 2 - Serie B,Central Midfield,Midfield,26.0,1619.0,49.5,48.8,49.4,52.5
37570555,25600,2741.0,M. Berte,Belgium,Dender,Belgium 1 - Pro League,Secondary Striker,Attack,23.0,954.0,48.0,48.1,47.4,51.9
37599980,26164,6911.0,M. Besaggio,Italy,Avellino,Italy 2 - Serie B,Central Midfield,Midfield,23.0,2131.0,51.7,52.1,52.3,51.4
375361,25599,6067.0,M. Beveev,Russia,Baltika Kaliningrad,Russia 1 - Premier League,Right Back,Defence,29.0,2325.0,50.7,49.6,49.2,49.0
12790114,25653,49.0,M. Bidstrup,Denmark,Salzburg,Austria 1 - Admiral Bundesliga,Central Midfield,Midfield,24.0,2029.0,51.5,51.7,51.2,59.4
34422667,25567,2707.0,M. Bjeković,Serbia,Javor Ivanjica,Serbia 1 - Super Liga,Right Back,Defence,24.0,2784.0,49.1,49.4,49.3,58.4
1452672,25682,2632.0,M. Bjørlo,Norway,Konyaspor,Türkiye 1 - Super Lig,Central Midfield,Midfield,29.0,1329.0,49.8,48.8,50.0,49.4
37391490,25649,110.0,M. Boateng,England,Plymouth Argyle,England 3 - League One,Defensive Midfield,Midfield,23.0,4105.0,45.5,45.4,43.0,46.8
85727,25636,8759.0,M. Boesen,Denmark,Middelfart,Denmark 2 - First Division,Centre Forward,Attack,28.0,1392.0,46.6,46.4,46.8,55.2
23277918,25653,3369.0,M. Bogarde,Netherlands,LASK Linz,Austria 1 - Admiral Bundesliga,Defensive Midfield,Midfield,23.0,2275.0,52.8,53.2,51.7,58.0
179255,25599,3578.0,M. Bogosavac,Serbia,Akhmat Grozny,Russia 1 - Premier League,Left Back,Defence,28.0,2659.0,50.8,50.2,48.4,48.8
37296291,25599,237670.0,M. Bokoev,Russia,Akron,Russia 1 - Premier League,Centre Back,Defence,24.0,2407.0,51.6,52.2,52.5,55.1
13999,25648,25.0,M. Bola,England,Watford,England 2 - Championship,Left Back,Defence,27.0,2897.0,52.4,51.6,51.0,55.0
37643184,25599,237670.0,M. Boldyrev,Russia,Akron,Russia 1 - Premier League,Left Wing,Attack,21.0,1649.0,45.6,46.3,46.0,51.4
37621635,25673,238115.0,M. Bombardó Poyato,Spain,FC Andorra,Spain 2 - La Liga 2,Centre Back,Defence,19.0,1325.0,51.6,52.5,50.3,45.2
37704770,25636,1020.0,M. Bomholt,Denmark,Aalborg BK,Denmark 2 - First Division,Central Midfield,Midfield,19.0,1489.0,49.7,50.1,50.2,47.6
37266383,25653,4080.0,M. Boras,Croatia,WSG Tirol,Austria 1 - Admiral Bundesliga,Centre Back,Defence,23.0,2618.0,54.1,55.0,55.5,53.2
165277,25641,3195.0,M. Bordeianu,Romania,Botoşani,Romania 1 - Superliga,Central Midfield,Midfield,33.0,1863.0,52.2,53.3,52.3,53.1
37391183,25648,26.0,M. Bosun Lawal,Nigeria,Stoke City,England 2 - Championship,Centre Back,Defence,22.0,2116.0,55.0,54.6,54.5,57.6
172795,25598,66.0,M. Boyle,Australia,Hibernian,Scotland 1 - Premiership,Centre Forward,Attack,32.0,2067.0,49.7,50.0,49.4,43.5
182203,25601,28077.0,M. Boďa,Slovakia,Komárno,Slovakia 1 - Niké Liga,Centre Forward,Attack,28.0,1001.0,44.0,44.2,43.5,59.2
37551351,25636,1371.0,M. Brajanac,Denmark,Esbjerg,Denmark 2 - First Division,Centre Forward,Attack,24.0,2402.0,47.1,47.0,47.2,47.4
24818005,26164,445.0,M. Braunöder,Austria,Bari 1908,Italy 2 - Serie B,Central Midfield,Midfield,23.0,2176.0,48.4,47.9,47.9,55.0
9636187,25637,2344.0,M. Breij,Netherlands,Roda JC Kerkrade,Netherlands 2 - Eerste Divisie,Right Wing,Attack,28.0,2909.0,49.3,49.9,50.3,50.0
165595,25641,10266.0,M. Briceag,Romania,Argeş,Romania 1 - Superliga,Left Back,Defence,33.0,1785.0,52.4,51.6,51.8,44.2
84621,25536,2394.0,M. Brink Christensen,Denmark,Nordsjælland,Denmark 1 - Superliga,Defensive Midfield,Midfield,27.0,1957.0,53.6,53.6,52.9,42.9
4595,25649,301.0,M. Browne,England,AFC Wimbledon,England 3 - League One,Left Wing,Attack,27.0,2726.0,46.1,46.3,47.8,46.3
37680026,25636,1703.0,M. Bruhn,Denmark,Hobro,Denmark 2 - First Division,Centre Forward,Attack,20.0,1178.0,51.0,50.6,51.1,53.3
32588,25735,3960.0,M. Bruno,Belgium,Royal Francs Borains,Belgium 2 - Challenger Pro League,Attacking Midfield,Midfield,31.0,1846.0,47.2,48.5,48.6,46.0
368953,26164,522.0,M. Brunori Sandri,Italy,Sampdoria,Italy 2 - Serie B,Centre Forward,Attack,30.0,1331.0,50.1,50.4,49.8,45.1
5332092,25535,3270.0,M. Bulat,Croatia,Raków Częstochowa,Poland 1 - Ekstraklasa,Defensive Midfield,Midfield,23.0,1863.0,51.7,50.6,51.4,48.6
84644,25652,2554.0,M. Bundu,Sierra Leone,Hannover 96,Germany 2 - 2. Bundesliga,Right Wing,Attack,28.0,1233.0,54.8,54.1,54.6,49.1
37261098,25607,1970.0,M. Burch,Switzerland,Servette,Switzerland 1 - Super League,Centre Back,Defence,24.0,1468.0,48.7,48.7,49.6,49.2
37563931,25649,16.0,M. Burstow,England,Bolton Wanderers,England 3 - League One,Centre Forward,Attack,21.0,2747.0,49.1,49.1,48.6,49.2
21054226,25658,1028.0,M. Busi,Belgium,Reims,France 2 - Ligue 2,Right Back,Defence,25.0,1707.0,52.6,51.9,51.4,50.2
33130,25653,3949.0,M. Bähre,Germany,Rheindorf Altach,Austria 1 - Admiral Bundesliga,Central Midfield,Midfield,29.0,2677.0,51.7,51.8,51.8,49.0
83607,25591,1351.0,M. Bílek,Czech Republic,Teplice,Czech Republic 1 - Chance Liga,Right Midfield,Midfield,27.0,2251.0,46.7,49.4,47.4,46.4
197868,25607,10655.0,M. Bürki,Switzerland,Thun,Switzerland 1 - Super League,Centre Back,Defence,32.0,2749.0,54.4,55.3,54.7,45.0
37316593,25735,7085.0,M. Cachbach,Belgium,OC Charleroi,Belgium 2 - Challenger Pro League,Central Midfield,Midfield,24.0,2579.0,47.4,47.3,46.8,47.6
2510414,25662,2997.0,M. Camara,Guinea,Maccabi Tel Aviv,Israel 1 - Ligat ha'Al,Centre Back,Defence,27.0,1863.0,53.6,54.4,53.7,51.1
16496668,25658,1112.0,M. Camara,France,Laval,France 2 - Ligue 2,Centre Forward,Attack,24.0,2304.0,50.7,50.3,50.7,46.4
161810,25662,6810.0,M. Candé,Guinea-Bissau,Ironi Tiberias,Israel 1 - Ligat ha'Al,Centre Back,Defence,32.0,2529.0,45.8,45.1,46.3,46.4
10948271,25745,269225.0,M. Cardoso Francisco,Brazil,AVS,Portugal 1 - Liga Portugal,Right Back,Defence,27.0,1150.0,48.1,48.0,47.3,48.8
432762,25658,3520.0,M. Carlier,France,Nancy,France 2 - Ligue 2,Defensive Midfield,Midfield,28.0,2105.0,46.6,47.0,48.2,48.7
131963,26164,1234.0,M. Castagnetti,Italy,Cesena,Italy 2 - Serie B,Defensive Midfield,Midfield,35.0,2139.0,55.5,56.3,56.7,50.9
62737,25658,6898.0,M. Caufriez,Belgium,Clermont,France 2 - Ligue 2,Centre Back,Defence,28.0,1464.0,49.8,50.1,49.1,44.9
27066690,25591,3643.0,M. Cedidla,Czech Republic,Jablonec,Czech Republic 1 - Chance Liga,Right Back,Defence,23.0,2663.0,47.3,47.4,47.2,56.5
182501,25601,8224.0,M. Cernek,Slovakia,Skalica,Slovakia 1 - Niké Liga,Left Back,Defence,30.0,1586.0,46.1,46.0,45.9,57.3
80854,25591,3269.0,M. Chaluš,Czech Republic,Baník Ostrava,Czech Republic 1 - Chance Liga,Centre Back,Defence,27.0,2165.0,49.3,49.4,49.1,49.4
37605120,25598,66.0,M. Changa Chaiwa,Zambia,Hibernian,Scotland 1 - Premiership,Defensive Midfield,Midfield,21.0,1884.0,44.8,43.6,44.5,50.8
37404054,25682,3897.0,M. Cherni,France,Göztepe,Türkiye 1 - Super Lig,Left Midfield,Midfield,24.0,3008.0,50.8,52.3,52.4,47.5
37407307,25641,132584.0,M. Chică-Roșă,Romania,Petrolul 52,Romania 1 - Superliga,Centre Forward,Attack,26.0,2353.0,45.9,46.5,45.3,52.8
455706,25566,2613.0,M. Chlumecký,Czech Republic,Várda SE,Hungary 1 - NB I,Centre Back,Defence,28.0,2493.0,49.6,50.3,48.0,42.6
132342,25535,2482.0,M. Chrapek,Poland,Piast Gliwice,Poland 1 - Ekstraklasa,Attacking Midfield,Midfield,33.0,1081.0,52.3,51.2,51.4,52.5
80677,25601,6615.0,M. Chrien,Slovakia,Ružomberok,Slovakia 1 - Niké Liga,Centre Forward,Attack,29.0,1101.0,46.6,46.6,46.3,52.7
26313942,25591,216.0,M. Chytil,Czech Republic,Slavia Praha,Czech Republic 1 - Chance Liga,Centre Forward,Attack,26.0,1486.0,55.0,54.6,55.4,51.8
133031,26164,522.0,M. Cicconi,Italy,Sampdoria,Italy 2 - Serie B,Left Midfield,Midfield,28.0,979.0,52.6,53.8,52.2,56.1
133031,26164,7766.0,M. Cicconi,Italy,Carrarese,Italy 2 - Serie B,Left Midfield,Midfield,28.0,1478.0,55.3,55.2,54.7,54.8
37678621,26164,4070.0,M. Cichella,Italy,Frosinone,Italy 2 - Serie B,Defensive Midfield,Midfield,19.0,2244.0,47.3,46.5,45.1,43.9
22136687,25567,5354.0,M. Cisse,France,Radnički Kragujevac,Serbia 1 - Super Liga,Right Wing,Attack,24.0,942.0,49.2,49.6,49.4,53.1
37764605,25653,3369.0,M. Cissé,Senegal,LASK Linz,Austria 1 - Admiral Bundesliga,Centre Back,Defence,19.0,2272.0,51.0,50.5,53.1,50.2
1494547,25649,348.0,M. Clark,Wales,Port Vale,England 3 - League One,Right Back,Defence,26.0,922.0,51.9,52.0,52.1,46.8
2873,25648,24.0,M. Clarke,England,Derby County,England 2 - Championship,Centre Back,Defence,28.0,4022.0,53.6,53.8,54.1,59.6
37455152,25536,2447.0,M. Clausen,Denmark,Viborg FF,Denmark 1 - Superliga,Central Midfield,Midfield,22.0,1512.0,48.9,48.8,49.0,51.1
37306825,25648,283.0,M. Cleworth,Wales,Wrexham,England 2 - Championship,Centre Back,Defence,22.0,3595.0,53.8,54.2,51.9,51.3
37554184,25673,6827.0,M. Climent Plá,Spain,Cádiz,Spain 2 - La Liga 2,Left Back,Defence,23.0,2467.0,49.3,49.0,48.6,45.6
96612,25662,6963.0,M. Coco,Guadeloupe,Hapoel Tel Aviv,Israel 1 - Ligat ha'Al,Right Back,Defence,29.0,1040.0,51.8,50.8,49.0,56.8
129481,26164,522.0,M. Coda,Italy,Sampdoria,Italy 2 - Serie B,Centre Forward,Attack,36.0,1796.0,52.4,52.3,53.0,46.0
167608,25641,8474.0,M. Coman,Romania,UTA Arad,Romania 1 - Superliga,Centre Forward,Attack,28.0,2014.0,47.8,47.6,48.6,47.9
1498092,25759,134582.0,M. Comba,Argentina,Volos NFC,Greece 1 - Super League,Right Wing,Attack,31.0,2206.0,45.6,46.0,46.2,51.3
37337162,25658,1112.0,M. Commaret,France,Laval,France 2 - Ligue 2,Centre Back,Defence,23.0,1172.0,48.2,47.6,47.0,46.6
37391216,25649,16.0,M. Conway,England,Bolton Wanderers,England 3 - League One,Left Back,Defence,21.0,3320.0,51.5,52.5,51.3,58.1
39141,25652,2927.0,M. Corboz,United States,DSC Arminia Bielefeld,Germany 2 - 2. Bundesliga,Central Midfield,Midfield,30.0,2979.0,48.3,48.3,48.5,43.2
37593151,25607,13775.0,M. Costa Marques,Portugal,Lugano,Switzerland 1 - Super League,Left Back,Defence,21.0,1573.0,49.8,49.9,50.1,48.0
31238171,25649,294.0,M. Craig,Scotland,Leyton Orient,England 3 - League One,Defensive Midfield,Midfield,22.0,1543.0,45.7,45.7,45.5,47.7
508889,25682,3702.0,M. Crespo da Silva,Portugal,İstanbul Başakşehir,Türkiye 1 - Super Lig,Central Midfield,Midfield,28.0,1103.0,56.5,56.8,57.9,54.8
3058,25648,22.0,M. Crooks,England,Hull City,England 2 - Championship,Central Midfield,Midfield,31.0,2778.0,53.5,53.3,53.3,53.1
37344084,25566,7926.0,M. Csinger,Hungary,Győri ETO,Hungary 1 - NB I,Centre Back,Defence,22.0,2646.0,49.9,50.2,51.2,46.0
37591585,25673,3968.0,M. Cuenca Aranda,Spain,Real Zaragoza,Spain 2 - La Liga 2,Right Wing,Attack,22.0,1389.0,48.0,47.9,47.9,54.7
524645,25652,3317.0,M. Cuisance,France,Hertha BSC,Germany 2 - 2. Bundesliga,Central Midfield,Midfield,25.0,2515.0,53.2,53.6,54.5,46.6
4969736,25591,1745.0,M. Cupák,Czech Republic,Zlín,Czech Republic 1 - Chance Liga,Attacking Midfield,Midfield,26.0,2820.0,44.2,43.7,44.3,48.6
177606,25567,6662.0,M. Cvetković,Serbia,Čukarički,Serbia 1 - Super Liga,Right Back,Defence,35.0,1253.0,46.5,45.8,46.5,46.6
37671351,25600,2555.0,M. Cvetković,Serbia,Anderlecht,Belgium 1 - Pro League,Centre Forward,Attack,18.0,1627.0,53.4,53.4,53.5,50.6
129446,26164,7471.0,M. D'Alessandro,Italy,Catanzaro,Italy 2 - Serie B,Right Wing,Attack,34.0,1429.0,50.3,49.5,48.9,50.7
1507167,25682,13860.0,M. Da Silva Cafumana,Angola,Kocaelispor,Türkiye 1 - Super Lig,Defensive Midfield,Midfield,26.0,2319.0,47.1,46.7,46.8,48.6
73844,25584,2500.0,M. Dabro,Croatia,Slaven Koprivnica,Croatia 1 - 1. HNL,Centre Forward,Attack,28.0,910.0,49.2,49.4,49.6,46.7
30851414,25598,180.0,M. Dackers,England,Kilmarnock,Scotland 1 - Premiership,Centre Forward,Attack,22.0,1143.0,48.3,47.8,48.7,64.2
37599990,26164,1343.0,M. Dagasso,Italy,Pescara,Italy 2 - Serie B,Central Midfield,Midfield,21.0,1523.0,53.6,54.2,54.0,48.8
1489787,25599,35.0,M. Daku,Albania,Rubin Kazan,Russia 1 - Premier League,Centre Forward,Attack,27.0,2064.0,51.1,50.7,51.5,47.8
37715335,26164,7818.0,M. Dalla Vecchia,Italy,Virtus Entella,Italy 2 - Serie B,Central Midfield,Midfield,20.0,1287.0,46.0,45.2,46.7,51.2
37583819,25637,2379.0,M. Davis,Belgium,VVV-Venlo,Netherlands 2 - Eerste Divisie,Right Back,Defence,23.0,1265.0,47.2,46.8,46.6,64.7
37621397,25745,3161.0,M. De Amorim,France,Famalicão,Portugal 1 - Liga Portugal,Central Midfield,Midfield,20.0,2470.0,53.6,53.9,54.6,56.6
130184,26164,1000.0,M. De Luca,Italy,Modena,Italy 2 - Serie B,Centre Forward,Attack,27.0,1398.0,47.2,47.6,46.9,48.9
219386,25745,364.0,M. De Souza Costa,Brazil,Gil Vicente,Portugal 1 - Liga Portugal,Right Wing,Attack,30.0,2591.0,53.8,53.4,54.9,47.2
537691,25597,61.0,M. De Wit,Netherlands,AZ,Netherlands 1 - Eredivisie,Left Back,Defence,27.0,2487.0,54.3,54.0,53.0,53.5
446364,25673,618.0,M. De la Fuente Escudero,Spain,Almería,Spain 2 - La Liga 2,Centre Forward,Attack,25.0,1834.0,49.5,50.1,49.2,49.5
37536410,25600,2402.0,M. Dean,England,Gent,Belgium 1 - Pro League,Centre Forward,Attack,21.0,1177.0,55.5,55.4,55.7,50.4
35077,25567,28028.0,M. Degenek,Australia,Bačka Topola,Serbia 1 - Super Liga,Centre Back,Defence,31.0,1052.0,49.8,50.1,50.4,43.4
30107,25597,73.0,M. Deijl,Netherlands,Feyenoord,Netherlands 1 - Eredivisie,Right Back,Defence,28.0,1147.0,53.6,52.4,51.0,51.7
30107,25597,664.0,M. Deijl,Netherlands,Go Ahead Eagles,Netherlands 1 - Eredivisie,Right Back,Defence,28.0,1666.0,51.8,51.6,51.0,53.3
37568513,25637,3115.0,M. Dekker,Netherlands,Jong AZ,Netherlands 2 - Eerste Divisie,Centre Back,Defence,21.0,1035.0,55.1,56.5,55.1,44.5
37555036,25600,2402.0,M. Delorge-Knieper,Belgium,Gent,Belgium 1 - Pro League,Central Midfield,Midfield,20.0,1388.0,53.8,53.0,53.4,53.3
37745878,25658,7047.0,M. Detourbet,France,Troyes,France 2 - Ligue 2,Left Wing,Attack,18.0,1985.0,52.7,52.9,52.2,51.1
1872745,25584,3358.0,M. Devetak,Serbia,Rijeka,Croatia 1 - 1. HNL,Left Back,Defence,26.0,2376.0,49.1,47.9,46.8,41.7
27067060,25607,3091.0,M. Di Giusto,Switzerland,Luzern,Switzerland 1 - Super League,Attacking Midfield,Midfield,24.0,3255.0,54.2,53.1,53.9,45.2
37656835,25600,2641.0,M. Diaby,Guinea,Cercle Brugge,Belgium 1 - Pro League,Defensive Midfield,Midfield,18.0,1009.0,49.8,49.0,49.6,63.0
6006245,25535,3270.0,M. Diaby Fadiga,France,Raków Częstochowa,Poland 1 - Ekstraklasa,Attacking Midfield,Midfield,24.0,1395.0,51.7,49.5,52.8,56.3
37615913,25673,6827.0,M. Diakité,Mali,Cádiz,Spain 2 - La Liga 2,Central Midfield,Midfield,21.0,2719.0,46.9,46.7,46.2,58.5
37554535,25673,11354.0,M. Diallo Diallo,Spain,Cultural Leonesa,Spain 2 - La Liga 2,Central Midfield,Midfield,21.0,1649.0,49.3,48.7,49.7,49.6
22536031,25600,2555.0,M. Diarra,Mali,Anderlecht,Belgium 1 - Pro League,Centre Back,Defence,24.0,970.0,51.6,51.5,51.5,51.6
13992050,25597,750.0,M. Didden,Belgium,FC Utrecht,Netherlands 1 - Eredivisie,Centre Back,Defence,23.0,1887.0,52.6,52.6,54.3,52.1
25201,25637,1435.0,M. Diemers,Netherlands,SC Cambuur,Netherlands 2 - Eerste Divisie,Central Midfield,Midfield,31.0,2927.0,58.4,58.0,58.1,51.9
9616674,25652,3431.0,M. Dietz,Germany,SpVgg Greuther Fürth,Germany 2 - 2. Bundesliga,Defensive Midfield,Midfield,23.0,1868.0,50.3,50.8,50.5,44.0
156003,25601,227584.0,M. Dimun,Slovakia,FK Košice,Slovakia 1 - Niké Liga,Defensive Midfield,Midfield,28.0,1053.0,49.9,50.8,48.2,50.1
37434598,25598,62.0,M. Diomande,Ivory Coast,Rangers,Scotland 1 - Premiership,Central Midfield,Midfield,23.0,1721.0,52.0,51.7,51.6,52.5
37597447,25658,7047.0,M. Diop,Senegal,Troyes,France 2 - Ligue 2,Central Midfield,Midfield,24.0,2714.0,51.8,51.7,51.7,47.8
2170250,25536,293.0,M. Divković,Croatia,Brøndby IF,Denmark 1 - Superliga,Left Back,Defence,26.0,2365.0,51.9,51.6,51.4,43.5
896242,25641,7773.0,M. Dobre,Romania,Rapid Bucuresti,Romania 1 - Superliga,Right Wing,Attack,26.0,3088.0,47.4,48.3,50.4,49.6
177598,25567,6662.0,M. Docić,Serbia,Čukarički,Serbia 1 - Super Liga,Central Midfield,Midfield,32.0,1696.0,52.8,53.3,52.8,46.0
37768065,25682,3990.0,M. Doh,Ivory Coast,Fatih Karagümrük,Türkiye 1 - Super Lig,Defensive Midfield,Midfield,21.0,1016.0,49.0,48.8,48.7,59.0
37651204,25745,884.0,M. Dorgeles,Ivory Coast,Sporting Braga,Portugal 1 - Liga Portugal,Right Midfield,Midfield,21.0,990.0,56.3,55.5,56.8,51.7
37526506,25591,3545.0,M. Doski,Iraq,Viktoria Plzeň,Czech Republic 1 - Chance Liga,Left Back,Defence,25.0,2040.0,53.0,53.0,52.1,54.5
37693999,25648,25.0,M. Doumbia,Mali,Watford,England 2 - Championship,Centre Forward,Attack,19.0,1676.0,51.9,51.8,51.6,55.0
785012,25641,9426.0,M. Drammeh,France,Universitatea Cluj,Romania 1 - Superliga,Defensive Midfield,Midfield,26.0,1655.0,52.7,52.2,50.2,48.5
460070,25566,506.0,M. Drešković,Montenegro,Nyíregyháza Spartacus,Hungary 1 - NB I,Centre Back,Defence,27.0,1062.0,46.4,45.5,46.3,56.0
31757,25648,12.0,M. Ducksch,Germany,Birmingham City,England 2 - Championship,Centre Forward,Attack,31.0,1968.0,52.9,52.8,52.9,46.8
37581176,25636,22608.0,M. Due Grandt,Denmark,Hillerød,Denmark 2 - First Division,Central Midfield,Midfield,25.0,975.0,49.4,50.1,49.1,55.9
3857327,25641,132584.0,M. Dulca,Romania,Petrolul 52,Romania 1 - Superliga,Defensive Midfield,Midfield,26.0,1559.0,48.1,48.0,46.7,49.1
25591343,25649,54.0,M. Durand de Gevigney,France,Barnsley,England 3 - League One,Centre Back,Defence,25.0,1950.0,45.8,45.3,44.5,58.9
37356477,25535,135.0,M. Dyachuk,Ukraine,Lechia Gdańsk,Poland 1 - Ekstraklasa,Centre Back,Defence,21.0,2095.0,48.1,48.1,47.0,47.0
37537882,25649,221.0,M. Dyche,England,Northampton Town,England 3 - League One,Centre Back,Defence,22.0,2293.0,46.1,46.7,45.4,48.0
23707369,25652,3317.0,M. Dárdai,Germany,Hertha BSC,Germany 2 - 2. Bundesliga,Centre Back,Defence,23.0,2281.0,51.8,52.4,52.2,50.6
52406,25636,8657.0,M. Egho,Austria,Hvidovre,Denmark 2 - First Division,Centre Forward,Attack,31.0,1792.0,44.7,44.5,44.7,55.3
37625601,25536,1789.0,M. Ejdum,Denmark,Odense BK,Denmark 1 - Superliga,Central Midfield,Midfield,20.0,2059.0,51.7,51.5,50.8,49.6
25313,25637,669.0,M. El Allouchi,Morocco,Willem II,Netherlands 2 - Eerste Divisie,Attacking Midfield,Midfield,30.0,1866.0,49.6,49.0,50.3,49.4
37643529,25735,2591.0,M. El Boukammiri,Belgium,Lommel SK,Belgium 2 - Challenger Pro League,Right Wing,Attack,21.0,1944.0,50.4,51.0,51.9,55.5
37726622,25735,277379.0,M. El Âdfaoui,Belgium,Jong Gent,Belgium 2 - Challenger Pro League,Defensive Midfield,Midfield,17.0,953.0,47.1,46.1,46.3,48.4
37556744,25745,364.0,M. Elimbi Gilbert,France,Gil Vicente,Portugal 1 - Liga Portugal,Centre Back,Defence,22.0,2432.0,52.4,52.7,53.1,42.8
150759,25536,85.0,M. Elyounoussi,Norway,FC København,Denmark 1 - Superliga,Secondary Striker,Attack,30.0,2425.0,54.4,54.7,53.3,53.8
4969690,25598,309.0,M. Emmanuel,England,Motherwell,Scotland 1 - Premiership,Left Back,Defence,24.0,2729.0,47.3,48.1,48.9,42.5
37544283,25637,1433.0,M. Engel,Netherlands,Almere City,Netherlands 2 - Eerste Divisie,Centre Back,Defence,22.0,1036.0,53.7,54.9,52.7,47.1
34621,25597,1403.0,M. Engels,Germany,Heracles Almelo,Netherlands 1 - Eredivisie,Left Wing,Attack,31.0,998.0,50.0,49.2,48.7,47.3
37539575,25536,7466.0,M. Enggård,Denmark,Vejle Boldklub,Denmark 1 - Superliga,Central Midfield,Midfield,21.0,1495.0,48.8,49.0,49.0,55.8
24845,25641,10282.0,M. Eppel,Hungary,Csikszereda,Romania 1 - Superliga,Centre Forward,Attack,33.0,2233.0,49.0,48.7,48.9,51.8
37910046,25637,2360.0,M. Erkan,Netherlands,TOP Oss,Netherlands 2 - Eerste Divisie,Right Wing,Attack,20.0,1118.0,51.3,50.3,49.7,50.0
133712,25536,939.0,M. Erlić,Croatia,FC Midtjylland,Denmark 1 - Superliga,Centre Back,Defence,27.0,1422.0,48.5,47.6,52.2,53.4
534376,25682,688.0,M. Eskihellaç,Türkiye,Trabzonspor,Türkiye 1 - Super Lig,Left Back,Defence,28.0,2328.0,53.4,54.2,52.9,54.4
16488062,25658,1281.0,M. Essimi Ateba,France,Dunkerque,France 2 - Ligue 2,Right Wing,Attack,26.0,1064.0,50.8,51.1,51.0,50.3
785955,25641,11676.0,M. Etim,Nigeria,Universitatea Craiova,Romania 1 - Superliga,Centre Forward,Attack,26.0,1068.0,50.1,50.3,50.3,56.6
13171232,25658,3520.0,M. Expérience,Haiti,Nancy,France 2 - Ligue 2,Left Back,Defence,26.0,1272.0,49.2,50.0,49.6,48.6
37577749,25636,6953.0,M. Fakhri Al-Naser,Jordan,HB Køge,Denmark 2 - First Division,Right Wing,Attack,28.0,1283.0,45.0,46.1,46.1,43.5
62908,25682,1071.0,M. Fall,Senegal,Kasımpaşa,Türkiye 1 - Super Lig,Right Wing,Attack,33.0,1176.0,45.0,44.8,44.4,49.8
23680687,25535,2512.0,M. Faßbender,Germany,Nieciecza,Poland 1 - Ekstraklasa,Centre Forward,Attack,26.0,1722.0,44.7,44.7,44.9,45.0
180630,25601,5905.0,M. Faško,Slovakia,Žilina,Slovakia 1 - Niké Liga,Left Wing,Attack,30.0,2431.0,52.3,51.9,52.4,42.3
37608472,25673,12330.0,M. Fernández Sánchez,Spain,Ceuta,Spain 2 - La Liga 2,Centre Forward,Attack,22.0,2989.0,49.1,48.9,49.4,42.8
1452363,25597,682.0,M. Ferreira dos Santos,Brazil,PSV,Netherlands 1 - Eredivisie,Left Back,Defence,26.0,2085.0,59.0,58.6,57.2,60.6
37629262,25591,187.0,M. Filip,Czech Republic,Mladá Boleslav,Czech Republic 1 - Chance Liga,Right Back,Defence,24.0,2012.0,44.9,45.0,44.4,49.4
131974,26164,7766.0,M. Finotto,Italy,Carrarese,Italy 2 - Serie B,Centre Forward,Attack,32.0,1976.0,46.1,46.6,45.6,38.8
54086,25653,3630.0,M. Fischer,Austria,Austria Wien,Austria 1 - Admiral Bundesliga,Attacking Midfield,Midfield,29.0,2744.0,46.1,47.3,44.9,50.4
37423023,25636,2650.0,M. Fischer,Denmark,Lyngby Boldklub,Denmark 2 - First Division,Centre Back,Defence,21.0,1214.0,50.9,52.1,48.7,45.4
784403,25653,3300.0,M. Fofana,France,Blau-Weiß Linz,Austria 1 - Admiral Bundesliga,Central Midfield,Midfield,24.0,906.0,47.8,48.6,49.5,59.0
37536785,25649,221.0,M. Forbes,England,Northampton Town,England 3 - League One,Centre Back,Defence,21.0,1651.0,46.8,47.1,44.8,49.6
37528284,25535,8761.0,M. Fornalczyk,Poland,Widzew Lodz,Poland 1 - Ekstraklasa,Left Wing,Attack,22.0,2118.0,46.6,46.8,46.4,45.4
1494698,25600,700.0,M. Fossey,United States,Standard Liège,Belgium 1 - Pro League,Right Back,Defence,26.0,1474.0,51.7,51.4,51.2,51.2
2905,25649,17.0,M. Fox,Wales,Wigan Athletic,England 3 - League One,Left Back,Defence,31.0,2759.0,49.2,48.2,47.7,52.0
37577761,26164,1234.0,M. Francesconi,Italy,Cesena,Italy 2 - Serie B,Central Midfield,Midfield,21.0,1921.0,46.7,47.0,47.2,47.9
3533825,25735,3960.0,M. Francotte,Belgium,Royal Francs Borains,Belgium 2 - Challenger Pro League,Right Back,Defence,27.0,2385.0,45.6,45.7,47.0,52.7
34378,25652,3114.0,M. Franke,Germany,Karlsruher SC,Germany 2 - 2. Bundesliga,Centre Back,Defence,32.0,2538.0,48.7,48.1,50.8,56.7
37673148,25598,496.0,M. Freckleton,England,St. Mirren,Scotland 1 - Premiership,Centre Back,Defence,21.0,3286.0,50.5,51.3,50.7,54.0
20708418,25636,8657.0,M. Fredslund,Denmark,Hvidovre,Denmark 2 - First Division,Right Back,Defence,32.0,950.0,54.1,54.0,55.3,54.3
96417,25607,2866.0,M. Frey,Switzerland,Grasshopper,Switzerland 1 - Super League,Centre Forward,Attack,31.0,915.0,50.2,50.1,49.8,58.5
79655,25591,3269.0,M. Frydrych,Czech Republic,Baník Ostrava,Czech Republic 1 - Chance Liga,Centre Back,Defence,35.0,1665.0,51.7,51.9,52.0,55.5
83740,25591,1745.0,M. Fukala,Czech Republic,Zlín,Czech Republic 1 - Chance Liga,Right Back,Defence,24.0,2139.0,50.7,50.1,50.3,50.7
3181384,25673,2921.0,M. Fuster Lázaro,Spain,Las Palmas,Spain 2 - La Liga 2,Right Wing,Attack,27.0,3285.0,53.2,52.8,52.0,48.8
125412,25662,8644.0,M. Gantus,Israel,Bnei Sakhnin,Israel 1 - Ligat ha'Al,Centre Back,Defence,29.0,2368.0,48.0,47.6,48.0,46.9
24469059,25649,254.0,M. Garbett,New Zealand,Peterborough United,England 3 - League One,Central Midfield,Midfield,23.0,2124.0,49.4,49.8,50.3,48.5
37656012,25673,9818.0,M. García Alvear,Spain,Racing Santander,Spain 2 - La Liga 2,Left Back,Defence,21.0,1216.0,50.0,50.2,49.8,52.4
37579945,25567,6318.0,M. Gašić,Serbia,Radnik Surdulica,Serbia 1 - Super Liga,Right Back,Defence,22.0,3003.0,51.5,51.6,54.4,43.6
37747296,25637,2755.0,M. Ghaddari,Netherlands,Jong FC Utrecht,Netherlands 2 - Eerste Divisie,Right Back,Defence,20.0,1761.0,49.1,49.5,50.2,45.8
12510,25648,4.0,M. Gillesphey,England,Charlton Athletic,England 2 - Championship,Centre Back,Defence,29.0,2066.0,55.5,57.1,55.0,48.4
376767,25599,2963.0,M. Glushenkov,Russia,Zenit,Russia 1 - Premier League,Secondary Striker,Attack,25.0,1990.0,59.4,59.7,58.6,50.9
177791,25567,3674.0,M. Gobeljić,Serbia,OFK Beograd,Serbia 1 - Super Liga,Right Back,Defence,32.0,1991.0,50.5,49.7,50.2,44.2
37599085,25597,629.0,M. Godts,Belgium,Ajax,Netherlands 1 - Eredivisie,Left Wing,Attack,20.0,2896.0,58.3,58.5,59.0,49.6
37565702,25745,830.0,M. Gomes Ferreira Magalhães,Portugal,Vitória Guimarães,Portugal 1 - Liga Portugal,Right Back,Defence,22.0,1579.0,52.0,50.8,50.2,51.3
509715,25641,9426.0,M. Gomes da Silva,Portugal,Universitatea Cluj,Romania 1 - Superliga,Left Back,Defence,29.0,930.0,50.1,51.3,50.2,66.0
37547033,25759,134582.0,M. González,Argentina,Volos NFC,Greece 1 - Super League,Attacking Midfield,Midfield,23.0,948.0,47.5,46.7,47.4,50.9
84286,25536,2356.0,M. Greve,Denmark,Randers FC,Denmark 1 - Superliga,Left Wing,Attack,30.0,2493.0,50.1,49.9,49.0,52.3
85539,25636,8759.0,M. Greve,Denmark,Middelfart,Denmark 2 - First Division,Centre Back,Defence,35.0,1553.0,50.6,51.9,50.9,53.4
4441,25648,117.0,M. Grimes,England,Coventry City,England 2 - Championship,Defensive Midfield,Midfield,30.0,4126.0,61.5,62.8,60.5,50.8
21802961,25652,2927.0,M. Großer,Germany,DSC Arminia Bielefeld,Germany 2 - 2. Bundesliga,Centre Back,Defence,24.0,2148.0,47.3,46.6,48.1,53.1
97087,25682,88.0,M. Guendouzi Olié,France,Fenerbahçe,Türkiye 1 - Super Lig,Central Midfield,Midfield,26.0,1320.0,56.5,56.6,55.9,56.6
37592183,25673,9818.0,M. Gueye,Senegal,Racing Santander,Spain 2 - La Liga 2,Defensive Midfield,Midfield,22.0,1876.0,50.3,50.0,49.0,52.2
37663608,25535,302.0,M. Gurgul,Poland,Lech Poznań,Poland 1 - Ekstraklasa,Left Back,Defence,19.0,2450.0,55.1,53.8,52.4,47.8
3862090,25652,1638.0,M. Gyamfi,Germany,Kaiserslautern,Germany 2 - 2. Bundesliga,Centre Back,Defence,25.0,2284.0,45.9,44.6,45.9,53.1
6642441,25566,112.0,M. Gómez,Argentina,Ferencvárosi,Hungary 1 - NB I,Centre Back,Defence,26.0,1241.0,49.3,49.1,48.7,49.5
6642441,25607,389.0,M. Gómez,Argentina,Zürich,Switzerland 1 - Super League,Centre Back,Defence,26.0,1339.0,47.7,47.3,47.7,46.7
37705524,25652,1638.0,M. Haas,Germany,Kaiserslautern,Germany 2 - 2. Bundesliga,Left Back,Defence,19.0,2187.0,47.6,48.6,49.0,54.2
190901,25535,2778.0,M. Haglind-Sangré,Sweden,Wisła Płock,Poland 1 - Ekstraklasa,Centre Back,Defence,30.0,2970.0,46.8,46.3,45.7,39.9
80238,25682,286.0,M. Hanousek,Czech Republic,Gençlerbirliği,Türkiye 1 - Super Lig,Left Back,Defence,32.0,1354.0,50.2,49.4,49.0,45.1
37558992,25652,2642.0,M. Hansen,Germany,Paderborn,Germany 2 - 2. Bundesliga,Centre Back,Defence,21.0,1721.0,55.8,56.2,56.2,55.7
37570548,25636,1371.0,M. Hansen,Denmark,Esbjerg,Denmark 2 - First Division,Right Wing,Attack,23.0,1778.0,45.2,45.1,45.9,65.5
8057,25648,297.0,M. Harris,Wales,Oxford United,England 2 - Championship,Centre Forward,Attack,26.0,1017.0,51.4,51.8,51.1,50.2
80261,25591,2488.0,M. Havel,Czech Republic,Bohemians 1905,Czech Republic 1 - Chance Liga,Right Back,Defence,30.0,1110.0,46.2,46.1,46.9,39.6
80280,25591,234.0,M. Havlík,Czech Republic,Slovácko,Czech Republic 1 - Chance Liga,Central Midfield,Midfield,30.0,2638.0,48.1,48.1,47.9,39.7
1376,25682,13860.0,M. Haïdara,Mali,Kocaelispor,Türkiye 1 - Super Lig,Left Back,Defence,32.0,1817.0,50.8,50.5,50.2,48.3
155234,25648,297.0,M. Helik,Poland,Oxford United,England 2 - Championship,Centre Back,Defence,29.0,3739.0,45.6,44.3,45.5,51.3
37650065,25653,5769.0,M. Hennig,Germany,Hartberg,Austria 1 - Admiral Bundesliga,Left Back,Defence,18.0,1956.0,44.7,45.1,45.8,42.8
37570526,25607,10655.0,M. Heule,Switzerland,Thun,Switzerland 1 - Super League,Left Back,Defence,24.0,2596.0,53.8,53.0,52.4,57.3
38208,25652,1092.0,M. Heyer,Germany,Fortuna Düsseldorf,Germany 2 - 2. Bundesliga,Centre Back,Defence,30.0,991.0,51.1,49.6,48.6,51.2
174044,25649,301.0,M. Hippolyte,Grenada,AFC Wimbledon,England 3 - League One,Left Midfield,Midfield,30.0,2578.0,47.4,47.1,46.8,52.1
540189,25745,58.0,M. Hjulmand,Denmark,Sporting CP,Portugal 1 - Liga Portugal,Defensive Midfield,Midfield,26.0,2324.0,58.5,58.8,58.0,59.2
81983,25591,463.0,M. Hlavatý,Czech Republic,Slovan Liberec,Czech Republic 1 - Chance Liga,Central Midfield,Midfield,27.0,1166.0,54.2,54.4,54.6,44.1
81983,25591,4484.0,M. Hlavatý,Czech Republic,Pardubice,Czech Republic 1 - Chance Liga,Central Midfield,Midfield,27.0,925.0,48.3,48.5,48.1,46.9
37623986,25637,1128.0,M. Hokke,Netherlands,ADO Den Haag,Netherlands 2 - Eerste Divisie,Centre Back,Defence,21.0,2011.0,58.7,58.9,58.5,55.3
187074,25759,9848.0,M. Hongla,Cameroon,Aris,Greece 1 - Super League,Defensive Midfield,Midfield,27.0,980.0,51.4,51.4,55.0,51.5
37266072,25536,390.0,M. Hoppe,United States,Sønderjyske Fodbold,Denmark 1 - Superliga,Centre Forward,Attack,24.0,1910.0,49.3,49.4,49.0,44.8
37684739,25599,237672.0,M. Hosseinnezhad Mahaleh kolaei,Iran,Dynamo Makhachkala,Russia 1 - Premier League,Attacking Midfield,Midfield,22.0,1854.0,48.7,50.4,49.2,49.2
125794,25662,3229.0,M. Hozez,Israel,Hapoel Jerusalem,Israel 1 - Ligat ha'Al,Right Wing,Attack,29.0,1577.0,49.6,49.1,49.7,45.0
432898,25658,1083.0,M. Huard,France,Red Star,France 2 - Ligue 2,Left Back,Defence,27.0,1618.0,49.2,48.7,47.5,53.1
20694581,25535,808.0,M. Huja,Portugal,Pogoń Szczecin,Poland 1 - Ekstraklasa,Centre Back,Defence,25.0,1190.0,49.9,49.6,49.2,46.7
37625152,25636,1703.0,M. Huldahl,Denmark,Hobro,Denmark 2 - First Division,Centre Forward,Attack,20.0,962.0,47.9,48.2,48.2,45.4
79920,25591,187.0,M. Hybš,Czech Republic,Mladá Boleslav,Czech Republic 1 - Chance Liga,Centre Back,Defence,32.0,1350.0,54.1,55.1,50.3,47.1
129095,25682,34.0,M. Icardi Rivero,Argentina,Galatasaray,Türkiye 1 - Super Lig,Centre Forward,Attack,32.0,1321.0,59.4,59.0,59.1,50.1
37530760,25591,463.0,M. Icha,Czech Republic,Slovan Liberec,Czech Republic 1 - Chance Liga,Defensive Midfield,Midfield,23.0,2445.0,53.6,55.0,52.6,44.4
37533726,25658,7047.0,M. Ifnaoui,France,Troyes,France 2 - Ligue 2,Right Wing,Attack,26.0,2001.0,49.2,49.3,49.0,52.5
4545353,25599,5585.0,M. Ignatov,Russia,Sochi,Russia 1 - Premier League,Attacking Midfield,Midfield,25.0,1513.0,46.8,46.7,48.0,45.8
16475806,25597,1459.0,M. Ihattaren,Netherlands,Fortuna Sittard,Netherlands 1 - Eredivisie,Attacking Midfield,Midfield,23.0,1943.0,56.7,55.6,55.9,40.9
9207,25649,28.0,M. Ihiekwe,England,Blackpool,England 3 - League One,Centre Back,Defence,32.0,2178.0,47.0,47.1,46.5,58.3
96445,25600,700.0,M. Ilaimaharitra,Madagascar,Standard Liège,Belgium 1 - Pro League,Defensive Midfield,Midfield,29.0,2445.0,49.7,49.9,49.8,48.8
37361459,25641,3599.0,M. Ilie,Romania,CFR Cluj,Romania 1 - Superliga,Centre Back,Defence,22.0,2554.0,51.7,52.2,50.3,50.1
430306,25567,3001.0,M. Ilić,Serbia,Radnički Niš,Serbia 1 - Super Liga,Left Back,Defence,32.0,2671.0,48.5,47.4,46.5,47.6
8456327,25673,12330.0,M. Illescas Montaño,Spain,Ceuta,Spain 2 - La Liga 2,Attacking Midfield,Midfield,24.0,1357.0,51.8,53.7,52.0,58.1
430118,26164,7766.0,M. Imperiale,Italy,Carrarese,Italy 2 - Serie B,Centre Back,Defence,26.0,1885.0,48.6,48.2,48.2,45.2
31946,25535,302.0,M. Ishak,Sweden,Lech Poznań,Poland 1 - Ekstraklasa,Centre Forward,Attack,32.0,2435.0,53.7,53.7,53.5,49.1
58363,25567,2673.0,M. Ivanić,Montenegro,Crvena Zvezda,Serbia 1 - Super Liga,Attacking Midfield,Midfield,31.0,1264.0,55.4,58.3,55.8,48.3
37634711,25648,64.0,M. Ivanović,Serbia,Millwall,England 2 - Championship,Centre Forward,Attack,20.0,3021.0,49.7,49.5,49.8,53.1
5283589,25636,2650.0,M. Ivančević,Serbia,Lyngby Boldklub,Denmark 2 - First Division,Centre Back,Defence,26.0,1286.0,50.9,51.6,51.3,54.5
37562348,25652,3611.0,M. Ivezić,Serbia,Holstein Kiel,Germany 2 - 2. Bundesliga,Centre Back,Defence,23.0,2097.0,49.5,49.3,49.3,52.0
5283619,25658,108.0,M. Jaber,Israel,Saint-Étienne,France 2 - Ligue 2,Defensive Midfield,Midfield,25.0,1427.0,53.2,52.5,50.9,55.0
37255842,25649,23.0,M. Jacob,England,Reading,England 3 - League One,Left Back,Defence,24.0,974.0,50.1,49.2,48.4,53.4
37459082,25636,1703.0,M. Jacobsen,Denmark,Hobro,Denmark 2 - First Division,Centre Back,Defence,21.0,2096.0,47.3,47.1,48.6,46.1
37325009,25636,6953.0,M. Jakobsen,Denmark,HB Køge,Denmark 2 - First Division,Defensive Midfield,Midfield,22.0,1151.0,43.1,43.1,43.8,41.6
180806,25601,227584.0,M. Jakúbek,Slovakia,FK Košice,Slovakia 1 - Niké Liga,Central Midfield,Midfield,30.0,1447.0,47.3,47.8,46.9,52.7
2237,25648,283.0,M. James,England,Wrexham,England 2 - Championship,Central Midfield,Midfield,34.0,2232.0,52.6,52.6,52.6,56.2
24613,25536,85.0,M. Jattah-Njie Jørgensen,Denmark,FC København,Denmark 1 - Superliga,Centre Back,Defence,35.0,1109.0,56.3,57.6,57.1,51.3
85764,25536,390.0,M. Jensen,Denmark,Sønderjyske Fodbold,Denmark 1 - Superliga,Centre Back,Defence,28.0,2588.0,51.6,51.6,52.7,53.1
524784,25636,22608.0,M. Jensen,Denmark,Hillerød,Denmark 2 - First Division,Central Midfield,Midfield,28.0,2776.0,47.4,47.3,46.8,38.4
37632001,25637,2755.0,M. Jensen,Denmark,Jong FC Utrecht,Netherlands 2 - Eerste Divisie,Left Wing,Attack,20.0,2252.0,46.6,46.6,46.2,52.0
462173,25567,28023.0,M. Jevtić,Serbia,IMT Novi Beograd,Serbia 1 - Super Liga,Centre Back,Defence,29.0,1493.0,46.5,45.9,48.1,46.1
177670,25682,2632.0,M. Jevtović,Serbia,Konyaspor,Türkiye 1 - Super Lig,Defensive Midfield,Midfield,32.0,1177.0,47.3,47.3,48.8,58.2
37565350,25637,1128.0,M. Jimenez,Netherlands,ADO Den Haag,Netherlands 2 - Eerste Divisie,Central Midfield,Midfield,22.0,1051.0,57.6,57.5,56.6,66.3
378560,25648,10.0,M. Johnston,Scotland,West Bromwich Albion,England 2 - Championship,Left Wing,Attack,26.0,2313.0,58.7,58.0,56.8,48.9
37528877,25648,24.0,M. Johnston,Scotland,Derby County,England 2 - Championship,Right Back,Defence,21.0,987.0,50.9,51.0,53.0,42.6
177364,25567,230490.0,M. Joksimović,Serbia,Mladost Lučani,Serbia 1 - Super Liga,Centre Back,Defence,35.0,995.0,50.0,50.1,47.2,39.7
37682332,25648,30.0,M. Junior Yalcouyé,Mali,Swansea City,England 2 - Championship,Central Midfield,Midfield,19.0,1021.0,56.1,55.9,55.9,62.3
19290003,25673,11354.0,M. Justo Román,Spain,Cultural Leonesa,Spain 2 - La Liga 2,Centre Forward,Attack,29.0,1192.0,50.6,50.9,49.6,50.4
21803109,25535,808.0,M. Juwara,Gambia,Pogoń Szczecin,Poland 1 - Ekstraklasa,Right Wing,Attack,23.0,1052.0,51.4,50.6,51.2,57.3
14726291,25648,2.0,M. Jörgensen,Denmark,Blackburn Rovers,England 2 - Championship,Right Wing,Attack,24.0,1090.0,48.4,47.8,50.5,40.4
202620,25682,4192.0,M. Kabasakal,Türkiye,Gaziantep F.K.,Türkiye 1 - Super Lig,Defensive Midfield,Midfield,29.0,1409.0,46.9,46.1,49.1,55.6
84221,25636,1020.0,M. Kallesøe,Denmark,Aalborg BK,Denmark 2 - First Division,Right Back,Defence,28.0,1090.0,52.6,51.9,51.8,45.5
35270,25535,2778.0,M. Kamiński,Poland,Wisła Płock,Poland 1 - Ekstraklasa,Centre Back,Defence,33.0,3005.0,48.1,47.1,49.6,37.9
24817136,25600,2555.0,M. Kana,Belgium,Anderlecht,Belgium 1 - Pro League,Centre Back,Defence,22.0,2045.0,51.2,50.8,52.3,49.6
9302885,25641,1026.0,M. Karamoko,France,Dinamo Bucureşti,Romania 1 - Superliga,Centre Forward,Attack,25.0,1768.0,51.0,50.8,51.3,48.9
5283785,25652,3317.0,M. Karbownik,Poland,Hertha BSC,Germany 2 - 2. Bundesliga,Left Back,Defence,24.0,2164.0,48.8,50.0,48.8,50.0
23697802,25566,2940.0,M. Kata,Hungary,MTK,Hungary 1 - NB I,Defensive Midfield,Midfield,23.0,2179.0,52.9,53.3,54.6,53.9
37428177,25566,506.0,M. Katona,Hungary,Nyíregyháza Spartacus,Hungary 1 - NB I,Attacking Midfield,Midfield,25.0,917.0,48.4,46.7,48.2,55.7
37657409,25599,3578.0,M. Keliano,Angola,Akhmat Grozny,Russia 1 - Premier League,Defensive Midfield,Midfield,22.0,1410.0,48.3,47.4,48.3,51.7
37614996,25601,2759.0,M. Khan,Trinidad and Tobago,Trenčín,Slovakia 1 - Niké Liga,Attacking Midfield,Midfield,21.0,922.0,50.9,50.6,50.3,56.2
37356480,25535,3781.0,M. Khlan,Ukraine,Górnik Zabrze,Poland 1 - Ekstraklasa,Left Wing,Attack,22.0,1938.0,49.4,50.2,50.7,50.4
86855,25636,8657.0,M. Kiilerich,Denmark,Hvidovre,Denmark 2 - First Division,Centre Back,Defence,29.0,2595.0,43.8,43.1,44.8,47.3
37671513,25673,238115.0,M. Kim,Spain,FC Andorra,Spain 2 - La Liga 2,Left Wing,Attack,19.0,2403.0,49.4,49.4,49.8,46.6
37547709,25636,8724.0,M. Kirchheiner,Denmark,Aarhus Fremad,Denmark 2 - First Division,Central Midfield,Midfield,23.0,1899.0,52.6,53.4,52.6,48.1
83829,25652,3647.0,M. Kirkeskov,Denmark,Preußen Münster,Germany 2 - 2. Bundesliga,Left Back,Defence,33.0,1003.0,50.7,51.2,50.8,54.5
37684446,25599,543.0,M. Kislyak,Russia,CSKA Moskva,Russia 1 - Premier League,Central Midfield,Midfield,19.0,2520.0,57.6,58.3,57.3,53.6
32795612,25653,49.0,M. Kjaergaard,Denmark,Salzburg,Austria 1 - Admiral Bundesliga,Central Midfield,Midfield,22.0,1333.0,55.7,55.5,55.5,43.1
37336347,25637,1731.0,M. Kleinen,Netherlands,MVV Maastricht,Netherlands 2 - Eerste Divisie,Central Midfield,Midfield,24.0,1419.0,47.7,47.7,47.4,53.2
25063,25535,1069.0,M. Klich,Poland,Cracovia Kraków,Poland 1 - Ekstraklasa,Defensive Midfield,Midfield,35.0,2051.0,55.2,56.1,52.4,40.9
1452334,25598,273.0,M. Knoester,Netherlands,Aberdeen,Scotland 1 - Premiership,Centre Back,Defence,26.0,2207.0,49.7,50.0,49.4,56.1
436170,25636,8657.0,M. Knudsen,Denmark,Hvidovre,Denmark 2 - First Division,Defensive Midfield,Midfield,30.0,1473.0,44.5,44.1,44.5,49.4
31616637,25536,2905.0,M. Knudsen,Norway,AGF,Denmark 1 - Superliga,Central Midfield,Midfield,24.0,1228.0,48.6,48.8,47.8,54.8
31616637,25652,3611.0,M. Knudsen,Norway,Holstein Kiel,Germany 2 - 2. Bundesliga,Central Midfield,Midfield,24.0,1130.0,50.7,50.2,49.8,47.3
37736987,25567,2945.0,M. Kolarevic,Serbia,Vojvodina,Serbia 1 - Super Liga,Left Wing,Attack,21.0,1689.0,48.0,48.2,48.5,50.1
26689551,25636,8657.0,M. Kolind,Denmark,Hvidovre,Denmark 2 - First Division,Right Midfield,Midfield,23.0,2129.0,44.6,46.0,45.6,42.1
418394,25652,3611.0,M. Komenda,Germany,Holstein Kiel,Germany 2 - 2. Bundesliga,Centre Back,Defence,28.0,1361.0,54.3,55.5,53.7,45.1
37260757,25567,28029.0,M. Konatar,Serbia,Železničar Pančevo,Serbia 1 - Super Liga,Left Back,Defence,25.0,1570.0,49.7,49.3,48.0,48.7
2483192,25600,2938.0,M. Konate,Guinea,Mechelen,Belgium 1 - Pro League,Defensive Midfield,Midfield,31.0,2024.0,44.0,42.8,47.6,52.3
37657970,25591,4484.0,M. Konečný,Czech Republic,Pardubice,Czech Republic 1 - Chance Liga,Centre Back,Defence,19.0,1813.0,47.0,47.0,45.4,52.1
7709204,25641,3599.0,M. Korenica,Kosovo,CFR Cluj,Romania 1 - Superliga,Left Wing,Attack,28.0,2711.0,51.5,51.6,52.3,50.7
37564277,25535,1266.0,M. Kosidis,Greece,Zagłębie Lubin,Poland 1 - Ekstraklasa,Centre Forward,Attack,23.0,1261.0,49.5,49.1,49.8,57.7
114163,25662,6900.0,M. Koszta,Hungary,Hapoel Petah Tikva,Israel 1 - Ligat ha'Al,Centre Forward,Attack,28.0,1466.0,50.6,50.4,50.8,52.9
26328628,25591,1745.0,M. Koubek,Czech Republic,Zlín,Czech Republic 1 - Chance Liga,Centre Forward,Attack,25.0,901.0,49.6,49.9,48.4,55.6
207900,25641,3195.0,M. Kovtalyuk,Ukraine,Botoşani,Romania 1 - Superliga,Centre Forward,Attack,30.0,1156.0,50.1,50.1,50.0,54.1
37337096,25601,227584.0,M. Kovács,Hungary,FK Košice,Slovakia 1 - Niké Liga,Right Midfield,Midfield,22.0,1937.0,48.3,48.7,47.1,48.2
8101008,25591,1351.0,M. Kozák,Czech Republic,Teplice,Czech Republic 1 - Chance Liga,Centre Forward,Attack,24.0,1122.0,49.7,49.6,49.6,45.0
37704990,25535,8761.0,M. Krajewski,Poland,Widzew Lodz,Poland 1 - Ekstraklasa,Right Back,Defence,20.0,1710.0,47.0,47.4,47.1,50.6
183410,25599,5585.0,M. Kramarič,Slovenia,Sochi,Russia 1 - Premier League,Left Wing,Attack,27.0,1382.0,47.4,48.3,47.7,49.7
82717,25601,3283.0,M. Kratochvíl,Czech Republic,Spartak Trnava,Slovakia 1 - Niké Liga,Central Midfield,Midfield,29.0,1704.0,47.7,47.2,46.4,58.4
9939199,25637,1128.0,M. Kreekels,Netherlands,ADO Den Haag,Netherlands 2 - Eerste Divisie,Right Back,Defence,23.0,993.0,52.6,51.9,50.5,58.2
53637,25653,5724.0,M. Kreuzriegler,Austria,Grazer AK,Austria 1 - Admiral Bundesliga,Centre Back,Defence,31.0,1041.0,50.8,51.0,52.3,52.6
37578751,25636,8759.0,M. Kristensen,Denmark,Middelfart,Denmark 2 - First Division,Centre Back,Defence,21.0,1084.0,49.5,49.8,48.9,42.2
5283771,25535,11356.0,M. Krol,Poland,Motor Lublin,Poland 1 - Ekstraklasa,Right Midfield,Midfield,25.0,1519.0,47.9,47.0,47.4,46.1
37644990,25566,7926.0,M. Krpić,Serbia,Győri ETO,Hungary 1 - NB I,Centre Back,Defence,22.0,1897.0,52.0,52.8,52.8,44.0
180960,25591,187.0,M. Králik,Slovakia,Mladá Boleslav,Czech Republic 1 - Chance Liga,Centre Back,Defence,30.0,2898.0,51.0,52.2,51.1,46.3
170272,25599,237670.0,M. Kuzmin,Russia,Akron,Russia 1 - Premier League,Attacking Midfield,Midfield,29.0,990.0,51.0,51.8,49.7,58.0
52645,25566,506.0,M. Kvasina,Austria,Nyíregyháza Spartacus,Hungary 1 - NB I,Centre Forward,Attack,28.0,1336.0,47.6,46.8,48.1,55.4
37522719,25648,33.0,M. Kvistgaarden,Denmark,Norwich City,England 2 - Championship,Centre Forward,Attack,23.0,1118.0,55.6,55.7,55.6,59.0
180776,25601,5905.0,M. Káčer,Slovakia,Žilina,Slovakia 1 - Niké Liga,Central Midfield,Midfield,29.0,2169.0,48.5,47.9,48.0,47.4
90053,25607,10655.0,M. Käit,Estonia,Thun,Switzerland 1 - Super League,Central Midfield,Midfield,27.0,2043.0,48.2,48.1,48.3,58.1
42862,25536,293.0,M. Köhlert,Germany,Brøndby IF,Denmark 1 - Superliga,Left Back,Defence,27.0,1583.0,51.9,52.5,53.6,51.4
2510255,25648,64.0,M. Langstaff,England,Millwall,England 2 - Championship,Centre Forward,Attack,28.0,1364.0,52.5,52.8,51.9,51.2
37702642,25637,2385.0,M. Laros,Netherlands,FC Den Bosch,Netherlands 2 - Eerste Divisie,Central Midfield,Midfield,20.0,3060.0,47.5,47.6,47.4,53.6
84846,25636,8724.0,M. Larsen,Denmark,Aarhus Fremad,Denmark 2 - First Division,Left Wing,Attack,24.0,1962.0,49.6,49.6,50.0,43.2
5283385,25536,86.0,M. Larsen,Denmark,Silkeborg IF,Denmark 1 - Superliga,Central Midfield,Midfield,23.0,2141.0,48.8,48.7,47.5,53.5
37552103,25536,86.0,M. Lautrup Freundlich,Denmark,Silkeborg IF,Denmark 1 - Superliga,Central Midfield,Midfield,22.0,1274.0,52.6,52.8,52.3,51.0
34898488,25601,3283.0,M. Laušić,Croatia,Spartak Trnava,Slovakia 1 - Niké Liga,Central Midfield,Midfield,24.0,938.0,47.8,47.3,48.1,50.7
37317417,25598,273.0,M. Lazetić,Serbia,Aberdeen,Scotland 1 - Premiership,Centre Forward,Attack,21.0,1057.0,49.1,48.9,49.4,46.4
37559806,25648,4.0,M. Leaburn,England,Charlton Athletic,England 2 - Championship,Centre Forward,Attack,21.0,2026.0,47.5,47.3,46.4,68.1
37590846,25658,1461.0,M. Lecolier,France,Boulogne,France 2 - Ligue 2,Centre Forward,Attack,22.0,975.0,46.7,47.0,46.5,45.3
96017,25682,34.0,M. Lemina,Gabon,Galatasaray,Türkiye 1 - Super Lig,Defensive Midfield,Midfield,31.0,1681.0,53.7,53.1,56.2,55.7
37337103,25735,8307.0,M. Lemmens,Belgium,RWDM Brussels,Belgium 2 - Challenger Pro League,Centre Back,Defence,23.0,2455.0,46.4,46.2,46.4,46.8
28575695,25598,314.0,M. Leonard,Scotland,Hearts,Scotland 1 - Premiership,Central Midfield,Midfield,23.0,1126.0,55.4,55.5,54.1,59.3
5283644,25662,4136.0,M. Levi,Israel,Maccabi Netanya,Israel 1 - Ligat ha'Al,Central Midfield,Midfield,25.0,2200.0,53.8,53.7,54.2,43.9
12393223,25584,8082.0,M. Leš,Croatia,Gorica,Croatia 1 - 1. HNL,Centre Back,Defence,25.0,1639.0,46.0,45.4,45.6,43.8
37685911,26164,7471.0,M. Liberali,Italy,Catanzaro,Italy 2 - Serie B,Attacking Midfield,Midfield,18.0,1572.0,50.6,49.7,52.0,55.4
37565641,25597,1053.0,M. Linday,Sweden,SC Heerenveen,Netherlands 1 - Eredivisie,Central Midfield,Midfield,22.0,2388.0,52.0,52.2,51.0,57.8
83417,25636,6953.0,M. Lindemann Jensen,Denmark,HB Køge,Denmark 2 - First Division,Central Midfield,Midfield,37.0,2381.0,47.6,47.9,46.9,40.7
37540937,25584,674.0,M. Lisica,Croatia,Dinamo Zagreb,Croatia 1 - 1. HNL,Right Wing,Attack,22.0,1387.0,54.6,53.0,51.9,55.0
129013,25584,906.0,M. Livaja,Croatia,Hajduk Split,Croatia 1 - 1. HNL,Centre Forward,Attack,31.0,1744.0,53.6,53.8,53.6,45.5
37577905,25641,3444.0,M. Lixandru,Romania,FCSB,Romania 1 - Superliga,Central Midfield,Midfield,24.0,2227.0,51.7,51.7,51.1,53.8
139187,25566,3955.0,M. Ljujić,Serbia,Újpest,Hungary 1 - NB I,Attacking Midfield,Midfield,31.0,1952.0,49.5,51.3,49.0,53.6
13981039,25735,247549.0,M. Lloci,Belgium,KSC Lokeren,Belgium 2 - Challenger Pro League,Right Back,Defence,25.0,1552.0,51.8,50.9,50.8,52.8
382668,25673,429.0,M. Loureiro Ameijeda,Spain,Deportivo La Coruña,Spain 2 - La Liga 2,Right Back,Defence,28.0,3299.0,49.0,48.9,48.7,51.4
34874535,26164,397.0,M. Lovato,Italy,Empoli,Italy 2 - Serie B,Centre Back,Defence,25.0,2827.0,52.4,52.6,50.8,51.4
3248,25648,56.0,M. Lowe,England,Sheffield Wednesday,England 2 - Championship,Left Back,Defence,28.0,2401.0,49.7,49.4,48.9,52.8
37606984,25673,2921.0,M. Luković,Serbia,Las Palmas,Spain 2 - La Liga 2,Centre Forward,Attack,19.0,1173.0,49.0,49.1,48.7,41.8
37622985,25567,28023.0,M. Luković,Serbia,IMT Novi Beograd,Serbia 1 - Super Liga,Right Back,Defence,21.0,952.0,49.1,47.9,46.3,57.8
37773,25637,2460.0,M. Lukowicz,Poland,Helmond Sport,Netherlands 2 - Eerste Divisie,Centre Forward,Attack,30.0,1622.0,50.8,50.3,50.8,42.4
37625389,25599,543.0,M. Lukun,Russia,CSKA Moskva,Russia 1 - Premier League,Centre Back,Defence,21.0,1383.0,49.7,49.3,49.0,56.5
259454,25536,85.0,M. López Lanfranco,Peru,FC København,Denmark 1 - Superliga,Left Back,Defence,25.0,2241.0,55.8,55.2,55.5,56.6
37580802,25636,8724.0,M. Løvenbalk Kirchheiner,Denmark,Aarhus Fremad,Denmark 2 - First Division,Right Back,Defence,28.0,2712.0,52.0,50.7,49.6,54.8
20693579,25735,7085.0,M. M. Medfai,Tunisia,OC Charleroi,Belgium 2 - Challenger Pro League,Left Wing,Attack,25.0,1114.0,47.0,47.5,47.6,63.6
468113,25653,3569.0,M. Maart,South Africa,Ried,Austria 1 - Admiral Bundesliga,Central Midfield,Midfield,30.0,2703.0,51.9,52.4,52.3,55.8
24817006,25636,1371.0,M. Maden,Norway,Esbjerg,Denmark 2 - First Division,Central Midfield,Midfield,23.0,1950.0,46.8,46.8,47.6,40.4
1482427,25601,227584.0,M. Madleňák,Slovakia,FK Košice,Slovakia 1 - Niké Liga,Left Back,Defence,26.0,1472.0,43.6,43.8,43.4,54.7
84602,25536,85.0,M. Madsen,Denmark,FC København,Denmark 1 - Superliga,Central Midfield,Midfield,27.0,1577.0,51.9,51.9,51.2,54.7
62203,25600,1947.0,M. Maertens,Belgium,OH Leuven,Belgium 1 - Pro League,Attacking Midfield,Midfield,30.0,1269.0,51.3,50.3,51.1,57.8
37528918,25652,482.0,M. Maglica,Croatia,Darmstadt 98,Germany 2 - 2. Bundesliga,Centre Back,Defence,26.0,2187.0,51.4,51.2,52.4,58.2
37531471,25658,9291.0,M. Magnin,Switzerland,Rodez,France 2 - Ligue 2,Centre Back,Defence,23.0,3180.0,49.6,50.1,49.0,48.1
37907686,25735,261625.0,M. Mahroug,Belgium,RSCA Futures U23,Belgium 2 - Challenger Pro League,Left Back,Defence,17.0,1916.0,48.6,49.0,49.0,46.4
85349,25535,1069.0,M. Maigaard,Denmark,Cracovia Kraków,Poland 1 - Ekstraklasa,Defensive Midfield,Midfield,29.0,1504.0,49.3,48.6,50.3,38.7
527400,25600,6722.0,M. Maisonneuve,France,La Louvière,Belgium 1 - Pro League,Centre Back,Defence,26.0,2293.0,51.9,52.7,50.7,49.2
37612525,25566,10196.0,M. Major,Hungary,Kazincbarcika,Hungary 1 - NB I,Central Midfield,Midfield,20.0,1017.0,43.9,43.4,43.9,45.8
37287237,25567,5634.0,M. Malekinušić,Croatia,Novi Pazar,Serbia 1 - Super Liga,Right Wing,Attack,26.0,1249.0,48.4,48.4,47.6,54.7
158387,25641,3599.0,M. Malico Paulino,Romania,CFR Cluj,Romania 1 - Superliga,Left Back,Defence,38.0,2872.0,49.4,48.9,48.4,47.4
3862494,25653,3357.0,M. Malone,Germany,Sturm Graz,Austria 1 - Admiral Bundesliga,Centre Forward,Attack,24.0,1571.0,49.2,49.0,49.1,50.3
4417,25598,496.0,M. Mandron,France,St. Mirren,Scotland 1 - Premiership,Centre Forward,Attack,30.0,2516.0,46.0,46.3,45.4,55.5
133025,26164,1234.0,M. Mangraviti,Italy,Cesena,Italy 2 - Serie B,Centre Back,Defence,27.0,2398.0,52.0,52.3,52.6,49.6
23661353,25648,26.0,M. Manhoef,Netherlands,Stoke City,England 2 - Championship,Right Wing,Attack,23.0,2925.0,51.5,52.3,52.4,48.7
52855,25653,3300.0,M. Maranda,Austria,Blau-Weiß Linz,Austria 1 - Admiral Bundesliga,Centre Back,Defence,28.0,2775.0,49.4,50.3,51.0,53.6
155965,25535,1228.0,M. Marcjanik,Poland,Arka Gdynia,Poland 1 - Ekstraklasa,Centre Back,Defence,30.0,2944.0,43.7,42.9,44.5,40.4
37677894,25637,2360.0,M. Mariani,Netherlands,TOP Oss,Netherlands 2 - Eerste Divisie,Centre Back,Defence,20.0,1280.0,50.1,50.1,50.7,47.5
37582220,25652,3565.0,M. Marie,Germany,Eintracht Braunschweig,Germany 2 - 2. Bundesliga,Central Midfield,Midfield,20.0,2513.0,48.7,48.6,48.5,50.4
74274,25584,7684.0,M. Marina,Bosnia and Herzegovina,Varaždin,Croatia 1 - 1. HNL,Defensive Midfield,Midfield,35.0,1572.0,46.8,46.8,46.1,59.0
37316521,25673,103.0,M. Maroto,Spain,Granada,Spain 2 - La Liga 2,Centre Back,Defence,24.0,2935.0,51.3,51.5,51.4,51.2
366847,26164,2892.0,M. Marras,Italy,Reggiana,Italy 2 - Serie B,Right Wing,Attack,32.0,1155.0,52.0,50.8,50.3,62.4
37920220,25637,94.0,M. Marschalk,Netherlands,Vitesse,Netherlands 2 - Eerste Divisie,Central Midfield,Midfield,20.0,2377.0,47.5,47.6,47.9,49.8
37260500,25566,2613.0,M. Matanović,Montenegro,Várda SE,Hungary 1 - NB I,Central Midfield,Midfield,25.0,1503.0,46.9,47.6,49.8,49.1
84466,25652,3527.0,M. Mathisen,Denmark,Magdeburg,Germany 2 - 2. Bundesliga,Centre Back,Defence,29.0,2825.0,59.4,61.1,61.1,56.8
37649860,25536,1789.0,M. McCoy,Denmark,Odense BK,Denmark 1 - Superliga,Left Back,Defence,19.0,1716.0,51.1,52.6,51.9,61.2
28912711,25648,21.0,M. McGuinness,Republic of Ireland,Sheffield United,England 2 - Championship,Centre Back,Defence,24.0,1805.0,51.1,50.7,50.6,58.6
35037,25652,2927.0,M. Mehlem,Germany,DSC Arminia Bielefeld,Germany 2 - 2. Bundesliga,Attacking Midfield,Midfield,27.0,1058.0,48.2,46.8,47.2,51.3
37660011,25637,3115.0,M. Menu,Netherlands,Jong AZ,Netherlands 2 - Eerste Divisie,Centre Back,Defence,20.0,2231.0,57.5,59.3,58.1,47.0
3862139,25682,88.0,M. Mercan,Germany,Fenerbahçe,Türkiye 1 - Super Lig,Left Back,Defence,24.0,1163.0,56.4,56.4,55.2,58.8
206126,25566,10196.0,M. Meskhi,Ukraine,Kazincbarcika,Hungary 1 - NB I,Defensive Midfield,Midfield,28.0,2545.0,41.7,41.1,42.4,55.3
4479,25745,3497.0,M. Mesquita Lopes,Portugal,Tondela,Portugal 1 - Liga Portugal,Right Wing,Attack,29.0,1043.0,53.5,53.4,53.9,45.3
2538512,25597,664.0,M. Meulensteen,Netherlands,Go Ahead Eagles,Netherlands 1 - Eredivisie,Defensive Midfield,Midfield,26.0,2833.0,52.6,52.8,52.1,57.1
179720,25567,3001.0,M. Mijailović,Serbia,Radnički Niš,Serbia 1 - Super Liga,Centre Back,Defence,27.0,2126.0,52.5,52.5,49.0,47.1
157170,25601,3283.0,M. Mikovič,Slovakia,Spartak Trnava,Slovakia 1 - Niké Liga,Left Back,Defence,34.0,1560.0,48.5,48.4,48.5,45.8
37648900,25591,3097.0,M. Mikulenka,Czech Republic,Sigma Olomouc,Czech Republic 1 - Chance Liga,Right Midfield,Midfield,21.0,1084.0,48.7,48.8,47.5,49.1
23269756,25567,28029.0,M. Milikic,Montenegro,Železničar Pančevo,Serbia 1 - Super Liga,Centre Back,Defence,23.0,2970.0,52.3,53.9,52.1,52.7
37568407,25745,35867.0,M. Milovanović,Serbia,Alverca,Portugal 1 - Liga Portugal,Centre Forward,Attack,22.0,1534.0,54.7,54.7,54.9,53.9
393336,25682,286.0,M. Mimaroğlu,Türkiye,Gençlerbirliği,Türkiye 1 - Super Lig,Left Wing,Attack,31.0,1973.0,51.5,51.2,51.4,53.7
3509896,25658,1174.0,M. Mion,France,Grenoble Foot 38,France 2 - Ligue 2,Left Back,Defence,24.0,984.0,52.5,52.7,53.5,53.7
177383,25567,5354.0,M. Mitrović,Serbia,Radnički Kragujevac,Serbia 1 - Super Liga,Centre Back,Defence,37.0,1344.0,52.5,53.7,52.2,46.6
13239047,25584,7684.0,M. Mladenovski,Macedonia,Varaždin,Croatia 1 - 1. HNL,Centre Back,Defence,24.0,1399.0,47.8,48.1,50.1,46.5
37261879,25599,6564.0,M. Mohebi,Iran,Rostov,Russia 1 - Premier League,Left Wing,Attack,26.0,1609.0,47.9,47.5,47.5,53.8
37459012,25567,3674.0,M. Momčilović,Serbia,OFK Beograd,Serbia 1 - Super Liga,Defensive Midfield,Midfield,24.0,2568.0,47.3,46.9,47.1,50.8
37597939,25637,2971.0,M. Monamay Nsosemo,Belgium,Jong PSV,Netherlands 2 - Eerste Divisie,Centre Back,Defence,19.0,1899.0,53.3,53.4,53.4,43.5
37651099,25598,62.0,M. Moore,England,Rangers,Scotland 1 - Premiership,Left Wing,Attack,17.0,2163.0,50.4,51.0,51.6,49.1
21036704,25653,3300.0,M. Moormann,Austria,Blau-Weiß Linz,Austria 1 - Admiral Bundesliga,Centre Back,Defence,24.0,1599.0,54.0,55.1,53.8,52.1
37593176,25745,652.0,M. Moreira Moutinho Fernandes,Portugal,Porto,Portugal 1 - Liga Portugal,Right Back,Defence,19.0,1118.0,52.9,53.1,53.3,61.0
225048,25599,2963.0,M. Mota Filho,Brazil,Zenit,Russia 1 - Premier League,Centre Back,Defence,28.0,2388.0,50.9,50.6,53.9,53.1
37539341,25649,249.0,M. Mothersille,England,Stockport County,England 3 - League One,Left Wing,Attack,21.0,1266.0,46.6,47.0,47.0,48.5
21045781,25682,2811.0,M. Mouandilmadji,Chad,Samsunspor,Türkiye 1 - Super Lig,Centre Forward,Attack,27.0,2048.0,51.9,51.9,52.1,52.5
37677217,25759,9849.0,M. Mountes,Greece,Atromitos,Greece 1 - Super League,Right Back,Defence,21.0,1897.0,52.2,52.8,51.5,62.1
9307576,25682,3897.0,M. Mputu,Cameroon,Göztepe,Türkiye 1 - Super Lig,Centre Back,Defence,25.0,2652.0,49.0,48.6,47.3,43.4
37317420,25599,5585.0,M. Mukhin,Russia,Sochi,Russia 1 - Premier League,Defensive Midfield,Midfield,23.0,1051.0,44.6,43.7,44.0,48.8
37652756,25735,1674.0,M. Muland Kayij,Belgium,RFC Seraing,Belgium 2 - Challenger Pro League,Right Wing,Attack,21.0,1764.0,45.9,45.4,45.7,37.8
512560,25682,554.0,M. Murillo Bermudez,Panama,Beşiktaş,Türkiye 1 - Super Lig,Right Back,Defence,29.0,958.0,50.9,51.7,52.6,49.1
37773415,25637,2783.0,M. Muzungu,France,Jong Ajax,Netherlands 2 - Eerste Divisie,Centre Back,Defence,17.0,2016.0,47.2,47.5,48.7,50.2
6535,25649,251.0,M. Myers-Harness,Republic of Ireland,Huddersfield Town,England 3 - League One,Attacking Midfield,Midfield,29.0,3281.0,48.6,48.0,48.3,52.2
32041240,25673,2921.0,M. Mármol,Spain,Las Palmas,Spain 2 - La Liga 2,Centre Back,Defence,24.0,3346.0,55.5,56.2,54.2,51.2
7693534,25601,8224.0,M. Mášik,Slovakia,Skalica,Slovakia 1 - Niké Liga,Central Midfield,Midfield,26.0,1646.0,43.5,43.5,43.5,48.3
2510388,25682,88.0,M. Müldür,Türkiye,Fenerbahçe,Türkiye 1 - Super Lig,Right Back,Defence,26.0,1212.0,54.5,54.4,53.2,57.3
37528546,25735,2412.0,M. Müller,Germany,KAS Eupen,Belgium 2 - Challenger Pro League,Central Midfield,Midfield,24.0,1896.0,49.9,49.9,51.2,48.0
361858,25658,108.0,M. Nade,France,Saint-Étienne,France 2 - Ligue 2,Centre Back,Defence,26.0,2891.0,51.5,51.5,50.6,54.6
113987,25535,1266.0,M. Nalepa,Poland,Zagłębie Lubin,Poland 1 - Ekstraklasa,Centre Back,Defence,32.0,2660.0,45.6,44.8,46.8,51.6
37601089,25584,4504.0,M. Nasraoui,Tunisia,Istra 1961,Croatia 1 - 1. HNL,Centre Back,Defence,22.0,1307.0,48.8,48.1,48.1,60.9
37546752,25597,637.0,M. Nassoh,Netherlands,NAC Breda,Netherlands 1 - Eredivisie,Attacking Midfield,Midfield,22.0,1826.0,50.4,52.7,51.4,49.7
37596517,26164,397.0,M. Nasti,Italy,Empoli,Italy 2 - Serie B,Centre Forward,Attack,21.0,1404.0,48.3,48.3,48.2,46.3
187225,25535,1228.0,M. Navarro Ceciliano,Spain,Arka Gdynia,Poland 1 - Ekstraklasa,Right Back,Defence,30.0,1978.0,50.6,50.4,53.2,50.5
8056287,25652,2554.0,M. Nawrocki,Poland,Hannover 96,Germany 2 - 2. Bundesliga,Centre Back,Defence,24.0,1318.0,55.8,55.5,54.7,59.8
201712,25682,2632.0,M. Nayir,Türkiye,Konyaspor,Türkiye 1 - Super Lig,Centre Forward,Attack,32.0,1671.0,49.9,49.7,49.7,53.6
30446976,25600,2555.0,M. Ndiaye,Senegal,Anderlecht,Belgium 1 - Pro League,Left Back,Defence,23.0,971.0,57.3,56.2,53.8,71.3
30446976,25652,67.0,M. Ndiaye,Senegal,Schalke 04,Germany 2 - 2. Bundesliga,Left Back,Defence,23.0,1121.0,55.5,53.6,52.4,57.7
37556322,25535,11356.0,M. Ndiaye,Senegal,Motor Lublin,Poland 1 - Ekstraklasa,Left Wing,Attack,21.0,1637.0,48.8,48.9,49.7,45.2
462000,25584,3358.0,M. Ndockyt,Republic of the Congo,Rijeka,Croatia 1 - 1. HNL,Attacking Midfield,Midfield,27.0,912.0,51.5,50.7,50.7,60.5
538681,25599,490.0,M. Nenakhov,Russia,Lokomotiv Moskva,Russia 1 - Premier League,Right Back,Defence,26.0,1228.0,56.2,55.3,56.2,47.4
38153,25652,2554.0,M. Neubauer,Germany,Hannover 96,Germany 2 - 2. Bundesliga,Left Midfield,Midfield,29.0,2519.0,52.0,52.5,52.7,49.8
37595214,25607,2866.0,M. Ngom,Senegal,Grasshopper,Switzerland 1 - Super League,Centre Back,Defence,25.0,1177.0,53.0,53.0,53.4,55.7
5341,25682,286.0,M. Niang,Senegal,Gençlerbirliği,Türkiye 1 - Super Lig,Centre Forward,Attack,30.0,1740.0,48.5,48.5,48.4,51.0
430099,26164,7818.0,M. Nichetti,Italy,Virtus Entella,Italy 2 - Serie B,Defensive Midfield,Midfield,28.0,1238.0,50.5,51.1,50.0,48.3
37538924,25636,1020.0,M. Nielsen,Denmark,Aalborg BK,Denmark 2 - First Division,Left Back,Defence,24.0,1749.0,51.0,50.3,51.9,52.0
37700750,25636,1703.0,M. Nielsen,Denmark,Hobro,Denmark 2 - First Division,Right Midfield,Midfield,20.0,1540.0,50.8,49.5,49.5,46.2
449596,25673,238115.0,M. Nieto Sánchez,Spain,FC Andorra,Spain 2 - La Liga 2,Centre Forward,Attack,27.0,1466.0,53.1,52.8,53.1,56.0
37580790,25636,8724.0,M. Nordestgaard Kubel,Denmark,Aarhus Fremad,Denmark 2 - First Division,Left Wing,Attack,23.0,1341.0,50.0,50.0,49.5,42.3
37317411,25567,6318.0,M. Novaković,Serbia,Radnik Surdulica,Serbia 1 - Super Liga,Central Midfield,Midfield,24.0,1470.0,50.3,50.2,50.4,53.3
160196,25682,643.0,M. Nunes Cardoso,Portugal,Kayserispor,Türkiye 1 - Super Lig,Left Wing,Attack,31.0,2856.0,50.2,49.5,48.8,46.0
37405012,25648,116.0,M. Nuñez,Chile,Ipswich Town,England 2 - Championship,Central Midfield,Midfield,25.0,2163.0,56.9,56.8,57.5,47.1
23697988,25600,1087.0,M. Nzita,Belgium,Sporting Charleroi,Belgium 1 - Pro League,Left Back,Defence,25.0,3008.0,49.2,48.7,48.4,50.2
37555634,25591,1351.0,M. Náprstek,Czech Republic,Teplice,Czech Republic 1 - Chance Liga,Centre Forward,Attack,21.0,1178.0,48.2,48.2,47.6,55.1
7330510,25745,830.0,M. Nóbrega,Portugal,Vitória Guimarães,Portugal 1 - Liga Portugal,Centre Back,Defence,25.0,1000.0,50.9,50.5,50.7,46.0
172600,25598,496.0,M. O'Hara,Scotland,St. Mirren,Scotland 1 - Premiership,Defensive Midfield,Midfield,29.0,1656.0,44.4,43.6,43.6,42.0
37710212,25637,2379.0,M. Odriss,Netherlands,VVV-Venlo,Netherlands 2 - Eerste Divisie,Central Midfield,Midfield,20.0,1522.0,46.0,46.4,46.7,53.3
37316524,25673,60.0,M. Ojeda,Spain,SD Eibar,Spain 2 - La Liga 2,Centre Back,Defence,24.0,2503.0,47.6,47.5,48.7,46.0
28176047,25648,42.0,M. Okoli,Italy,Leicester City,England 2 - Championship,Centre Back,Defence,24.0,2335.0,51.5,51.5,50.8,59.5
23278692,25673,2921.0,M. Olawale Akinlabi Park,Spain,Las Palmas,Spain 2 - La Liga 2,Right Back,Defence,25.0,2367.0,51.6,51.6,50.0,53.2
24100318,25653,5724.0,M. Olesen,Luxembourg,Grazer AK,Austria 1 - Admiral Bundesliga,Defensive Midfield,Midfield,24.0,1245.0,45.8,45.6,47.6,44.6
1525359,26164,1234.0,M. Olivieri,Italy,Cesena,Italy 2 - Serie B,Centre Forward,Attack,26.0,962.0,51.4,51.5,51.2,52.3
85941,25636,8630.0,M. Olsen,Faroe Islands,Kolding IF,Denmark 2 - First Division,Left Midfield,Midfield,28.0,1584.0,48.2,47.5,49.0,47.9
85950,25536,2933.0,M. Opondo,Uganda,Fredericia,Denmark 1 - Superliga,Central Midfield,Midfield,27.0,929.0,49.3,49.9,50.4,46.0
21803301,25567,230490.0,M. Oreščanin,Serbia,Mladost Lučani,Serbia 1 - Super Liga,Centre Back,Defence,27.0,2334.0,46.7,46.4,47.0,47.6
37570554,25735,1130.0,M. Osifo,Belgium,KV Kortrijk,Belgium 2 - Challenger Pro League,Defensive Midfield,Midfield,22.0,966.0,47.7,47.0,49.7,43.0
374811,25599,2468.0,M. Osipenko,Russia,Dinamo Moskva,Russia 1 - Premier League,Centre Back,Defence,31.0,1892.0,58.1,59.7,59.9,54.2
5283704,25648,99.0,M. Osmajić,Montenegro,Preston North End,England 2 - Championship,Centre Forward,Attack,26.0,1780.0,50.8,50.6,51.2,44.0
37688070,25653,3949.0,M. Ouédraogo,Burkina Faso,Rheindorf Altach,Austria 1 - Admiral Bundesliga,Left Back,Defence,22.0,2487.0,50.3,51.7,52.5,59.7
169276,25759,649.0,M. Ozdoev,Russia,PAOK,Greece 1 - Super League,Defensive Midfield,Midfield,32.0,2002.0,49.7,48.6,50.0,50.0
3142,25648,5.0,M. Pack,England,Portsmouth,England 2 - Championship,Central Midfield,Midfield,34.0,2179.0,54.6,54.4,54.3,56.7
73278,25584,5428.0,M. Pajač,Croatia,Lokomotiva Zagreb,Croatia 1 - 1. HNL,Left Back,Defence,32.0,2550.0,53.6,53.5,54.6,42.5
37308595,25682,1041.0,M. Pala,Türkiye,Rizespor,Türkiye 1 - Super Lig,Right Back,Defence,24.0,1944.0,50.0,50.8,51.5,53.2
37520089,26164,6911.0,M. Palumbo,Norway,Avellino,Italy 2 - Serie B,Attacking Midfield,Midfield,23.0,2344.0,48.7,49.2,49.0,53.7
37588320,25652,999.0,M. Pannewig,Germany,VfL Bochum 1848,Germany 2 - 2. Bundesliga,Central Midfield,Midfield,20.0,1774.0,51.5,51.6,51.9,60.2
16475801,25652,482.0,M. Papela,Germany,Darmstadt 98,Germany 2 - 2. Bundesliga,Central Midfield,Midfield,24.0,1048.0,50.0,49.9,51.5,57.7
22136561,25673,6968.0,M. Pascual Castillo,Spain,Mirandés,Spain 2 - La Liga 2,Centre Back,Defence,26.0,1118.0,49.4,48.3,49.2,58.8
23287278,25600,2402.0,M. Paskotši,Estonia,Gent,Belgium 1 - Pro League,Centre Back,Defence,22.0,1813.0,49.5,48.5,49.9,46.1
37357454,25641,3195.0,M. Pavlovič,Slovenia,Botoşani,Romania 1 - Superliga,Left Back,Defence,24.0,1189.0,43.8,43.7,43.9,49.2
11471,25649,235.0,M. Pearson,England,Doncaster Rovers,England 3 - League One,Centre Back,Defence,31.0,2305.0,47.0,47.3,47.3,56.8
31238191,25648,297.0,M. Peart-Harris,England,Oxford United,England 2 - Championship,Attacking Midfield,Midfield,22.0,1447.0,47.2,47.3,47.1,55.5
85607,25636,1703.0,M. Pedersen,Denmark,Hobro,Denmark 2 - First Division,Central Midfield,Midfield,29.0,1093.0,48.1,47.6,47.2,51.4
25241,25597,2345.0,M. Peersman,Belgium,FC Groningen,Netherlands 1 - Eredivisie,Left Back,Defence,34.0,2895.0,50.1,49.2,48.3,51.7
4292,25649,137.0,M. Pennington,England,Bradford City,England 3 - League One,Centre Back,Defence,30.0,2181.0,48.7,49.1,46.6,50.2
37540938,25535,1069.0,M. Perković,Croatia,Cracovia Kraków,Poland 1 - Ekstraklasa,Left Back,Defence,22.0,2167.0,46.4,46.5,46.4,58.5
131074,26164,249160.0,M. Perrotta,Italy,Calcio Padova,Italy 2 - Serie B,Centre Back,Defence,31.0,2496.0,50.2,50.3,51.4,53.9
367822,26164,1628.0,M. Pessina,Italy,Monza,Italy 2 - Serie B,Central Midfield,Midfield,28.0,3267.0,52.1,52.5,50.7,55.3
37640046,25567,5634.0,M. Petkovic,Serbia,Novi Pazar,Serbia 1 - Super Liga,Attacking Midfield,Midfield,21.0,1455.0,47.6,48.4,47.3,46.2
9939068,25599,6067.0,M. Petrov,Russia,Baltika Kaliningrad,Russia 1 - Premier League,Central Midfield,Midfield,24.0,2067.0,49.1,49.6,51.2,43.0
37680579,25566,892.0,M. Pető,Hungary,Diósgyőr,Hungary 1 - NB I,Attacking Midfield,Midfield,20.0,932.0,44.5,43.0,46.6,45.7
785001,25607,389.0,M. Phaeton,Guadeloupe,Zürich,Switzerland 1 - Super League,Left Wing,Attack,25.0,1606.0,51.4,52.2,53.1,46.0
795,25649,409.0,M. Phillips,Scotland,Stevenage,England 3 - League One,Right Wing,Attack,34.0,1491.0,43.8,45.0,45.1,41.2
20333707,26164,1234.0,M. Piacentini,Italy,Cesena,Italy 2 - Serie B,Centre Back,Defence,26.0,976.0,48.0,46.9,49.4,45.4
20716748,25535,3260.0,M. Pieczek,Poland,Korona Kielce,Poland 1 - Ekstraklasa,Centre Back,Defence,24.0,2388.0,46.1,44.3,46.1,38.7
51669,25653,3787.0,M. Pink,Austria,Wolfsberger AC,Austria 1 - Admiral Bundesliga,Centre Forward,Attack,34.0,1257.0,48.7,48.2,48.4,49.1
15413328,25591,1745.0,M. Pišoja,Slovakia,Zlín,Czech Republic 1 - Chance Liga,Right Midfield,Midfield,25.0,2044.0,44.5,45.3,45.5,47.3
73448,25597,593.0,M. Pjaca,Croatia,FC Twente,Netherlands 1 - Eredivisie,Left Wing,Attack,30.0,913.0,53.3,53.7,54.1,65.6
96906,25607,2357.0,M. Poaty,France,Lausanne Sport,Switzerland 1 - Super League,Left Back,Defence,28.0,2003.0,52.7,51.9,51.1,51.0
27066685,25591,3643.0,M. Polidar,Czech Republic,Jablonec,Czech Republic 1 - Chance Liga,Left Midfield,Midfield,25.0,960.0,49.1,49.4,49.1,50.9
23739107,25648,25.0,M. Pollock,England,Watford,England 2 - Championship,Centre Back,Defence,23.0,2895.0,53.0,53.5,53.5,56.0
89721,25601,2759.0,M. Poom,Estonia,Trenčín,Slovakia 1 - Niké Liga,Defensive Midfield,Midfield,26.0,1097.0,52.2,52.3,52.1,43.4
165579,25641,3444.0,M. Popescu,Romania,FCSB,Romania 1 - Superliga,Centre Back,Defence,32.0,1381.0,47.8,48.1,49.1,54.6
37667846,25567,6318.0,M. Popović,Serbia,Radnik Surdulica,Serbia 1 - Super Liga,Defensive Midfield,Midfield,21.0,2515.0,40.9,40.0,40.7,37.5
4536547,26164,2892.0,M. Portanova,Italy,Reggiana,Italy 2 - Serie B,Attacking Midfield,Midfield,25.0,3085.0,45.0,44.8,45.9,56.0
25206169,25591,3531.0,M. Pourzitidis,Greece,Dukla Praha,Czech Republic 1 - Chance Liga,Centre Back,Defence,26.0,2070.0,49.0,49.3,49.6,43.5
3175,25649,137.0,M. Power,England,Bradford City,England 3 - League One,Central Midfield,Midfield,32.0,4048.0,51.7,52.5,52.3,44.9
540600,25535,1069.0,M. Praszelik,Poland,Cracovia Kraków,Poland 1 - Ekstraklasa,Attacking Midfield,Midfield,24.0,997.0,42.4,43.3,44.8,51.1
80944,25591,1351.0,M. Pulkrab,Czech Republic,Teplice,Czech Republic 1 - Chance Liga,Centre Forward,Attack,28.0,1266.0,50.8,51.1,51.0,57.4
177775,25567,28028.0,M. Radin,Serbia,Bačka Topola,Serbia 1 - Super Liga,Defensive Midfield,Midfield,34.0,1510.0,51.1,51.6,49.6,56.9
9939106,25591,1351.0,M. Radosta,Czech Republic,Teplice,Czech Republic 1 - Chance Liga,Left Midfield,Midfield,24.0,2522.0,45.4,45.5,45.4,44.8
32002805,25535,349.0,M. Rajovic,Denmark,Legia Warszawa,Poland 1 - Ekstraklasa,Centre Forward,Attack,26.0,2284.0,47.2,47.0,46.7,50.2
460080,25662,3229.0,M. Rakonjac,Montenegro,Hapoel Jerusalem,Israel 1 - Ligat ha'Al,Centre Forward,Attack,25.0,939.0,45.4,45.2,45.8,43.5
25589,25682,554.0,M. Rashica,Kosovo,Beşiktaş,Türkiye 1 - Super Lig,Right Wing,Attack,29.0,975.0,54.8,54.2,53.7,55.5
37757933,25636,6953.0,M. Rasmussen,Denmark,HB Køge,Denmark 2 - First Division,Central Midfield,Midfield,19.0,1034.0,45.4,45.1,45.1,48.3
11776851,25662,8644.0,M. Regis Rodrigues,Brazil,Bnei Sakhnin,Israel 1 - Ligat ha'Al,Defensive Midfield,Midfield,25.0,957.0,47.7,47.6,52.2,53.6
37704597,25535,1266.0,M. Reguła,Poland,Zagłębie Lubin,Poland 1 - Ekstraklasa,Attacking Midfield,Midfield,18.0,2160.0,49.1,49.8,49.4,53.6
181087,25601,3137.0,M. Regáli,Slovakia,Tatran Prešov,Slovakia 1 - Niké Liga,Left Wing,Attack,31.0,2465.0,44.0,43.4,45.1,35.4
37600291,25601,227584.0,M. Rehus,Slovakia,FK Košice,Slovakia 1 - Niké Liga,Centre Forward,Attack,19.0,1179.0,50.3,50.5,50.0,40.4
37344305,25607,389.0,M. Reichmuth,Switzerland,Zürich,Switzerland 1 - Super League,Central Midfield,Midfield,21.0,1113.0,50.0,50.7,50.8,51.8
62767,25535,3260.0,M. Remacle,Belgium,Korona Kielce,Poland 1 - Ekstraklasa,Defensive Midfield,Midfield,28.0,2442.0,49.8,49.7,47.4,49.5
18243650,25637,2360.0,M. Remans,Netherlands,TOP Oss,Netherlands 2 - Eerste Divisie,Attacking Midfield,Midfield,27.0,2434.0,47.1,47.3,47.5,44.3
418424,25597,2345.0,M. Rente,Germany,FC Groningen,Netherlands 1 - Eredivisie,Right Back,Defence,28.0,2367.0,52.9,52.4,52.5,57.4
132240,26164,522.0,M. Ricci,Italy,Sampdoria,Italy 2 - Serie B,Defensive Midfield,Midfield,31.0,997.0,54.7,55.3,57.8,54.3
43243,25652,482.0,M. Richter,Germany,Darmstadt 98,Germany 2 - 2. Bundesliga,Attacking Midfield,Midfield,27.0,2225.0,55.3,54.3,54.0,50.2
23680812,25567,5354.0,M. Ristić,Serbia,Radnički Kragujevac,Serbia 1 - Super Liga,Defensive Midfield,Midfield,30.0,1457.0,50.6,50.6,48.0,51.1
142542,25591,2488.0,M. Ristovski,Macedonia,Bohemians 1905,Czech Republic 1 - Chance Liga,Centre Forward,Attack,27.0,1739.0,48.1,48.0,48.0,53.3
33684,25652,1638.0,M. Ritter,Germany,Kaiserslautern,Germany 2 - 2. Bundesliga,Attacking Midfield,Midfield,30.0,1929.0,52.8,56.3,52.0,44.9
35709045,25597,1053.0,M. Rivera,France,SC Heerenveen,Netherlands 1 - Eredivisie,Left Wing,Attack,23.0,2060.0,50.0,50.4,50.4,46.9
37579201,25591,1351.0,M. Riznič,Slovakia,Teplice,Czech Republic 1 - Chance Liga,Left Midfield,Midfield,21.0,2327.0,46.8,50.2,47.4,59.9
37597013,25735,3117.0,M. Robberechts,Belgium,Patro Eisden Maasmechelen,Belgium 2 - Challenger Pro League,Right Wing,Attack,21.0,2645.0,44.0,44.1,44.2,48.4
6505,25649,54.0,M. Roberts,England,Barnsley,England 3 - League One,Centre Back,Defence,35.0,1037.0,48.1,48.9,48.9,62.1
434718,25658,7758.0,M. Robin,France,Le Mans,France 2 - Ligue 2,Central Midfield,Midfield,25.0,1598.0,51.0,51.3,51.2,50.9
74984,25535,135.0,M. Rodin,Croatia,Lechia Gdańsk,Poland 1 - Ekstraklasa,Centre Back,Defence,29.0,2296.0,49.6,49.4,50.7,53.6
538721,25673,9656.0,M. Rodriguez Carrasco,Spain,Real Sociedad II,Spain 2 - La Liga 2,Central Midfield,Midfield,23.0,2122.0,49.7,50.0,50.2,53.4
37743805,25673,344.0,M. Rodríguez Paz,Spain,Sporting Gijón,Spain 2 - La Liga 2,Central Midfield,Midfield,19.0,1353.0,50.2,50.6,49.7,45.6
24468972,25597,750.0,M. Rodríguez Vidal,Spain,FC Utrecht,Netherlands 1 - Eredivisie,Right Wing,Attack,22.0,1350.0,51.5,51.8,52.4,54.6
37598763,25567,2736.0,M. Roganović,Montenegro,Partizan,Serbia 1 - Super Liga,Right Back,Defence,19.0,2766.0,51.4,51.5,50.8,48.6
353347,25601,5905.0,M. Roginić,Croatia,Žilina,Slovakia 1 - Niké Liga,Centre Forward,Attack,29.0,2138.0,48.6,49.1,48.8,51.9
37259260,25652,3588.0,M. Rohr,Germany,Elversberg,Germany 2 - 2. Bundesliga,Centre Back,Defence,30.0,2539.0,55.6,55.8,56.6,57.2
160068,25535,3191.0,M. Roque Junior,Brazil,Radomiak Radom,Poland 1 - Ekstraklasa,Centre Forward,Attack,31.0,2212.0,47.6,47.7,47.4,54.8
22528457,25649,110.0,M. Ross Jensen,Denmark,Plymouth Argyle,England 3 - League One,Centre Back,Defence,24.0,2947.0,46.1,45.6,44.9,59.1
37609873,25658,7758.0,M. Rossignol,France,Le Mans,France 2 - Ligue 2,Central Midfield,Midfield,21.0,1019.0,49.3,49.3,48.9,48.1
37684845,25597,593.0,M. Rots,Netherlands,FC Twente,Netherlands 1 - Eredivisie,Left Back,Defence,19.0,2954.0,50.5,50.8,50.5,51.9
1478730,26164,2892.0,M. Rover,Italy,Reggiana,Italy 2 - Serie B,Left Midfield,Midfield,26.0,1941.0,47.7,47.5,47.3,50.8
35281093,26164,6947.0,M. Ruggero,Italy,Juve Stabia,Italy 2 - Serie B,Centre Back,Defence,25.0,1372.0,55.0,54.7,53.0,47.9
37423131,25673,618.0,M. Ruiz,Spain,Almería,Spain 2 - La Liga 2,Right Back,Defence,22.0,1777.0,54.8,54.3,53.0,51.7
178552,25591,234.0,M. Rundić,Serbia,Slovácko,Czech Republic 1 - Chance Liga,Centre Back,Defence,33.0,1475.0,48.7,49.1,47.9,48.7
8416702,25591,2727.0,M. Ryneš,Czech Republic,Sparta Praha,Czech Republic 1 - Chance Liga,Left Midfield,Midfield,24.0,1806.0,50.4,55.1,51.7,53.0
83478,25636,6953.0,M. Rømer,Denmark,HB Køge,Denmark 2 - First Division,Central Midfield,Midfield,33.0,1236.0,47.1,47.5,46.7,55.4
37765540,25636,8630.0,M. Saaby,Denmark,Kolding IF,Denmark 2 - First Division,Central Midfield,Midfield,22.0,2146.0,51.0,51.2,49.9,48.0
2510840,25600,2709.0,M. Sadick Aliu,Spain,Genk,Belgium 1 - Pro League,Centre Back,Defence,25.0,3014.0,51.1,50.4,49.6,49.5
30066,25591,216.0,M. Sadílek,Czech Republic,Slavia Praha,Czech Republic 1 - Chance Liga,Central Midfield,Midfield,26.0,2049.0,51.6,50.6,50.7,46.1
529405,25682,1041.0,M. Sagnan,France,Rizespor,Türkiye 1 - Super Lig,Centre Back,Defence,26.0,1506.0,49.6,49.1,49.1,51.5
116760,25566,892.0,M. Sajbán,Hungary,Diósgyőr,Hungary 1 - NB I,Centre Forward,Attack,29.0,1186.0,45.2,45.7,43.9,53.3
1478727,26164,6911.0,M. Sala,Italy,Avellino,Italy 2 - Serie B,Left Back,Defence,26.0,1142.0,50.4,49.9,49.8,48.6
37539471,25600,2402.0,M. Samoise,Belgium,Gent,Belgium 1 - Pro League,Right Midfield,Midfield,23.0,1375.0,52.2,52.2,52.8,53.8
37331565,25599,3578.0,M. Samorodov,Kazakhstan,Akhmat Grozny,Russia 1 - Premier League,Right Wing,Attack,23.0,1945.0,53.7,53.6,52.6,46.9
186292,25673,9818.0,M. Sangalli Fuentes,Spain,Racing Santander,Spain 2 - La Liga 2,Right Back,Defence,33.0,1664.0,52.3,51.7,50.7,53.8
1491376,25653,3630.0,M. Sarkaria,Austria,Austria Wien,Austria 1 - Admiral Bundesliga,Centre Forward,Attack,28.0,900.0,50.1,50.6,49.6,49.0
20968514,25599,3452.0,M. Savelyev,Russia,Orenburg,Russia 1 - Premier League,Centre Forward,Attack,23.0,1109.0,48.5,48.5,48.4,57.7
37743310,25735,1674.0,M. Scarpinati,Belgium,RFC Seraing,Belgium 2 - Challenger Pro League,Defensive Midfield,Midfield,19.0,2336.0,44.6,44.7,44.5,53.1
41228,25637,94.0,M. Schikora,Germany,Vitesse,Netherlands 2 - Eerste Divisie,Defensive Midfield,Midfield,30.0,2964.0,47.9,47.9,50.4,54.6
19642679,25598,180.0,M. Schjonning-Larsen,Estonia,Kilmarnock,Scotland 1 - Premiership,Left Back,Defence,24.0,1260.0,49.9,50.0,49.0,46.4
32206,25652,3647.0,M. Schulz,Germany,Preußen Münster,Germany 2 - 2. Bundesliga,Central Midfield,Midfield,30.0,1277.0,51.3,51.8,52.9,46.2
37357337,25653,3678.0,M. Seidl,Austria,SK Rapid,Austria 1 - Admiral Bundesliga,Central Midfield,Midfield,24.0,2409.0,52.6,52.2,52.1,51.8
32769258,25658,1112.0,M. Sellouki,France,Laval,France 2 - Ligue 2,Attacking Midfield,Midfield,25.0,1983.0,48.6,49.3,48.2,45.7
37550766,25600,2938.0,M. Servais,Belgium,Mechelen,Belgium 1 - Pro League,Attacking Midfield,Midfield,20.0,2797.0,50.1,49.6,49.0,52.7
125574,25662,229320.0,M. Shaker,Israel,Maccabi Bnei Raina,Israel 1 - Ligat ha'Al,Right Wing,Attack,28.0,2100.0,48.3,47.0,47.2,41.9
37581746,25649,348.0,M. Sherif,Netherlands,Port Vale,England 3 - League One,Centre Forward,Attack,19.0,974.0,43.9,43.7,43.4,55.5
37704507,25599,11364.0,M. Shnaptsev,Russia,FK Nizjni Novgorod,Russia 1 - Premier League,Right Back,Defence,21.0,1829.0,47.9,47.8,47.6,50.2
375830,25599,3578.0,M. Sidorov,Russia,Akhmat Grozny,Russia 1 - Premier League,Left Back,Defence,27.0,1832.0,47.6,47.0,47.1,51.3
37758113,25637,2360.0,M. Silvinho Hinoke,Netherlands,TOP Oss,Netherlands 2 - Eerste Divisie,Left Wing,Attack,20.0,2532.0,46.7,47.2,48.3,47.6
37552776,25735,8307.0,M. Simbakoli,France,RWDM Brussels,Belgium 2 - Challenger Pro League,Centre Forward,Attack,23.0,1922.0,51.0,50.7,51.6,47.8
108704,25759,57.0,M. Siopis,Greece,Panathinaikos,Greece 1 - Super League,Defensive Midfield,Midfield,31.0,1055.0,52.3,53.0,51.9,54.8
181037,25601,3137.0,M. Sipľak,Slovakia,Tatran Prešov,Slovakia 1 - Niké Liga,Left Back,Defence,29.0,2310.0,47.3,46.1,46.4,47.0
4536582,25567,28023.0,M. Sissako,Mali,IMT Novi Beograd,Serbia 1 - Super Liga,Centre Back,Defence,24.0,1390.0,53.4,52.5,51.5,49.9
361972,25641,1026.0,M. Sivis,France,Dinamo Bucureşti,Romania 1 - Superliga,Right Back,Defence,27.0,2547.0,48.8,48.0,47.9,50.4
23698134,25535,302.0,M. Skrzypczak,Poland,Lech Poznań,Poland 1 - Ekstraklasa,Centre Back,Defence,24.0,1700.0,52.4,52.6,52.6,47.5
19625676,25600,2402.0,M. Skóraś,Poland,Gent,Belgium 1 - Pro League,Left Wing,Attack,25.0,2627.0,53.0,52.7,51.4,60.4
37646280,25600,2709.0,M. Smets,Belgium,Genk,Belgium 1 - Pro League,Centre Back,Defence,21.0,3510.0,57.1,58.3,60.1,51.8
37625391,25597,664.0,M. Smit,Netherlands,Go Ahead Eagles,Netherlands 1 - Eredivisie,Centre Forward,Attack,22.0,1362.0,48.0,48.3,47.5,49.3
2770,25648,99.0,M. Smith,England,Preston North End,England 2 - Championship,Centre Forward,Attack,33.0,1452.0,49.4,49.6,49.3,61.7
13633389,25649,17.0,M. Smith,England,Wigan Athletic,England 3 - League One,Central Midfield,Midfield,24.0,2665.0,46.8,46.6,46.9,46.1
2510814,25673,3968.0,M. Soberón Gutiérrez,Spain,Real Zaragoza,Spain 2 - La Liga 2,Centre Forward,Attack,28.0,1172.0,48.0,47.9,48.1,45.9
51805,25653,3569.0,M. Sollbauer,Austria,Ried,Austria 1 - Admiral Bundesliga,Centre Back,Defence,35.0,2872.0,44.2,43.2,42.5,44.0
24468971,25673,429.0,M. Soriano Carreño,Spain,Deportivo La Coruña,Spain 2 - La Liga 2,Attacking Midfield,Midfield,23.0,3616.0,54.4,55.3,52.7,49.7
37254502,25649,110.0,M. Sorinola,England,Plymouth Argyle,England 3 - League One,Right Back,Defence,24.0,2443.0,50.4,49.7,50.8,46.6
537399,25536,390.0,M. Soulas,France,Sønderjyske Fodbold,Denmark 1 - Superliga,Centre Back,Defence,26.0,2639.0,51.8,51.6,52.9,51.5
37550194,25735,277379.0,M. Soumah,Guinea,Jong Gent,Belgium 2 - Challenger Pro League,Centre Back,Defence,22.0,1710.0,50.4,51.1,50.6,57.9
131886,25735,247549.0,M. Soumaré,Belgium,KSC Lokeren,Belgium 2 - Challenger Pro League,Secondary Striker,Attack,29.0,1964.0,49.2,49.6,49.2,50.5
179805,25567,3001.0,M. Spasić,Serbia,Radnički Niš,Serbia 1 - Super Liga,Right Wing,Attack,27.0,2564.0,46.8,46.8,47.6,47.8
37341836,25648,30.0,M. Stamenic,New Zealand,Swansea City,England 2 - Championship,Central Midfield,Midfield,23.0,2501.0,51.8,51.5,51.2,51.6
37622962,25637,94.0,M. Steffen,Netherlands,Vitesse,Netherlands 2 - Eerste Divisie,Centre Back,Defence,22.0,1486.0,47.3,46.1,48.9,49.3
17187238,25598,314.0,M. Steinwender,Austria,Hearts,Scotland 1 - Premiership,Centre Back,Defence,25.0,1956.0,51.4,52.2,47.9,52.9
66560,25607,1970.0,M. Stevanović,Bosnia and Herzegovina,Servette,Switzerland 1 - Super League,Right Midfield,Midfield,34.0,3117.0,50.1,51.0,50.4,49.8
177949,25662,229320.0,M. Stevanović,Serbia,Maccabi Bnei Raina,Israel 1 - Ligat ha'Al,Centre Back,Defence,29.0,1444.0,46.5,46.1,44.4,39.9
3510227,25567,6318.0,M. Stevanović,Serbia,Radnik Surdulica,Serbia 1 - Super Liga,Central Midfield,Midfield,30.0,1277.0,51.0,51.6,50.5,50.6
37673672,25745,1085.0,M. Stjepanovic,Serbia,Moreirense,Portugal 1 - Liga Portugal,Defensive Midfield,Midfield,21.0,2416.0,48.4,48.1,51.1,38.8
42710,25535,3260.0,M. Stępiński,Poland,Korona Kielce,Poland 1 - Ekstraklasa,Centre Forward,Attack,30.0,1233.0,46.8,46.6,46.9,49.4
37719905,25584,5428.0,M. Subotic,Croatia,Lokomotiva Zagreb,Croatia 1 - 1. HNL,Defensive Midfield,Midfield,17.0,2055.0,47.4,46.9,46.0,43.6
6599977,25597,664.0,M. Suray,Belgium,Go Ahead Eagles,Netherlands 1 - Eredivisie,Left Wing,Attack,24.0,2604.0,47.9,48.3,49.5,42.7
37581761,25598,258.0,M. Susoho,Spain,Livingston,Scotland 1 - Premiership,Defensive Midfield,Midfield,20.0,1257.0,45.5,44.9,48.0,45.0
35287,26164,267.0,M. Sverko,Croatia,Venezia,Italy 2 - Serie B,Centre Back,Defence,27.0,1935.0,56.2,56.8,51.7,50.7
1491407,26164,267.0,M. Svoboda,Austria,Venezia,Italy 2 - Serie B,Centre Back,Defence,26.0,2527.0,53.5,53.3,53.2,64.7
149231,25648,122.0,M. Sykes,Northern Ireland,Bristol City,England 2 - Championship,Right Midfield,Midfield,28.0,2145.0,51.8,53.2,52.0,55.4
360621,25598,258.0,M. Sylla,France,Livingston,Scotland 1 - Premiership,Defensive Midfield,Midfield,31.0,2196.0,41.3,40.5,40.9,58.4
537562,25652,67.0,M. Sylla,France,Schalke 04,Germany 2 - 2. Bundesliga,Centre Forward,Attack,25.0,2201.0,50.8,50.7,50.7,44.9
37634695,25566,2791.0,M. Szekszárdi,Hungary,Paksi SE,Hungary 1 - NB I,Centre Back,Defence,24.0,1074.0,50.1,50.8,49.6,51.5
75498,25584,7391.0,M. Tadić,Croatia,Vukovar,Croatia 1 - 1. HNL,Centre Back,Defence,32.0,1509.0,50.1,51.1,52.3,50.0
2206827,25653,4080.0,M. Taferner,Austria,WSG Tirol,Austria 1 - Admiral Bundesliga,Central Midfield,Midfield,24.0,2199.0,51.4,51.5,51.5,58.9
37590367,25598,258.0,M. Tait,Scotland,Livingston,Scotland 1 - Premiership,Central Midfield,Midfield,19.0,2456.0,45.7,45.6,45.4,38.5
37259951,25648,26.0,M. Talovierov,Ukraine,Stoke City,England 2 - Championship,Centre Back,Defence,25.0,1172.0,52.7,52.2,51.5,62.7
297354,25759,602.0,M. Taremi,Iran,Olympiacos F.C.,Greece 1 - Super League,Centre Forward,Attack,33.0,1261.0,57.8,57.8,58.2,57.3
1387,25648,7.0,M. Targett,England,Middlesbrough,England 2 - Championship,Left Back,Defence,29.0,3674.0,56.1,55.4,55.7,52.3
101153,25658,1112.0,M. Tchokounté,France,Laval,France 2 - Ligue 2,Centre Forward,Attack,36.0,1545.0,47.6,47.9,47.4,56.8
37694399,25536,2356.0,M. Themsen,Denmark,Randers FC,Denmark 1 - Superliga,Attacking Midfield,Midfield,19.0,1547.0,49.5,49.7,49.1,48.3
62963,25682,3224.0,M. Thiam,Senegal,Eyüpspor,Türkiye 1 - Super Lig,Centre Forward,Attack,32.0,1167.0,48.0,48.5,47.3,51.3
99019,25641,3444.0,M. Thiam,Senegal,FCSB,Romania 1 - Superliga,Centre Forward,Attack,30.0,1016.0,52.1,52.0,52.7,53.0
36083966,25566,506.0,M. Tijani,Nigeria,Nyíregyháza Spartacus,Hungary 1 - NB I,Centre Forward,Attack,24.0,1146.0,52.4,52.1,53.7,53.1
62691,25584,7391.0,M. Tičinović,Croatia,Vukovar,Croatia 1 - 1. HNL,Right Back,Defence,33.0,1737.0,49.5,49.3,49.4,45.9
38201174,25567,230490.0,M. Todosijević,Serbia,Mladost Lučani,Serbia 1 - Super Liga,Centre Forward,Attack,17.0,1111.0,45.0,44.9,45.4,46.6
3187873,25637,2344.0,M. Tol,Netherlands,Roda JC Kerkrade,Netherlands 2 - Eerste Divisie,Centre Back,Defence,27.0,3240.0,52.9,53.9,53.7,44.0
37676285,25641,3444.0,M. Toma,Romania,FCSB,Romania 1 - Superliga,Left Midfield,Midfield,18.0,1343.0,47.8,47.1,48.1,54.5
33577252,25648,33.0,M. Topić,Serbia,Norwich City,England 2 - Championship,Defensive Midfield,Midfield,24.0,1039.0,52.3,52.1,51.1,55.7
37359803,25536,2356.0,M. Toure,Australia,Randers FC,Denmark 1 - Superliga,Centre Forward,Attack,21.0,1139.0,48.9,49.5,49.2,41.3
12016943,25567,5421.0,M. Tošeski,Serbia,Napredak,Serbia 1 - Super Liga,Central Midfield,Midfield,27.0,1309.0,54.9,54.8,54.3,53.0
37661850,25591,3531.0,M. Traore,Ivory Coast,Dukla Praha,Czech Republic 1 - Chance Liga,Centre Back,Defence,22.0,1224.0,49.5,49.4,49.1,46.2
79921,25591,234.0,M. Travnik,Czech Republic,Slovácko,Czech Republic 1 - Chance Liga,Central Midfield,Midfield,31.0,2181.0,48.2,48.5,48.0,49.7
186147,25673,103.0,M. Trigueros Muñoz,Spain,Granada,Spain 2 - La Liga 2,Central Midfield,Midfield,33.0,1079.0,57.7,57.6,56.6,58.4
538178,25759,7261.0,M. Tsaousis,Greece,Panserraikos,Greece 1 - Super League,Left Back,Defence,25.0,2438.0,46.6,46.7,46.5,51.8
37568428,25601,662.0,M. Tuboly,Hungary,Dunajská Streda,Slovakia 1 - Niké Liga,Defensive Midfield,Midfield,20.0,2377.0,46.2,45.4,48.4,46.7
37600527,25641,10266.0,M. Tudose,Romania,Argeş,Romania 1 - Superliga,Centre Back,Defence,20.0,3407.0,46.9,46.8,46.3,47.0
15053041,25641,8474.0,M. Tzionis,Cyprus,UTA Arad,Romania 1 - Superliga,Left Wing,Attack,23.0,1763.0,47.9,48.5,47.7,48.3
37451273,25566,10196.0,M. Ubochioma,Nigeria,Kazincbarcika,Hungary 1 - NB I,Right Wing,Attack,23.0,1850.0,45.5,46.7,46.5,51.7
28944224,25599,2712.0,M. Ugalde,Costa Rica,Spartak Moskva,Russia 1 - Premier League,Centre Forward,Attack,23.0,1845.0,51.0,51.1,50.3,49.8
37566503,25601,8224.0,M. Ujlaky,Slovakia,Skalica,Slovakia 1 - Niké Liga,Centre Back,Defence,21.0,1075.0,44.5,44.9,43.9,49.0
53961,25607,2866.0,M. Ullmann,Austria,Grasshopper,Switzerland 1 - Super League,Left Back,Defence,29.0,993.0,46.3,46.0,47.0,43.7
751608,25662,6810.0,M. Usman Edu,Nigeria,Ironi Tiberias,Israel 1 - Ligat ha'Al,Central Midfield,Midfield,31.0,1231.0,46.2,46.1,45.8,55.3
37631855,25653,3369.0,M. Usor,Nigeria,LASK Linz,Austria 1 - Admiral Bundesliga,Centre Forward,Attack,23.0,2294.0,53.6,53.7,54.0,51.6
37544959,25584,674.0,M. Valincic,Croatia,Dinamo Zagreb,Croatia 1 - 1. HNL,Right Back,Defence,22.0,1967.0,54.6,54.2,52.1,47.5
456676,25599,2963.0,M. Valle da Silva,Brazil,Zenit,Russia 1 - Premier League,Central Midfield,Midfield,27.0,2293.0,55.7,55.7,54.9,48.3
129010,26164,345.0,M. Valoti,Italy,Spezia,Italy 2 - Serie B,Central Midfield,Midfield,31.0,968.0,55.5,55.4,55.5,58.4
4381,25567,2673.0,M. Veljkovic,Serbia,Crvena Zvezda,Serbia 1 - Super Liga,Centre Back,Defence,29.0,1346.0,53.4,53.1,53.7,48.4
37784459,25735,8307.0,M. Verhaeghe,Belgium,RWDM Brussels,Belgium 2 - Challenger Pro League,Centre Back,Defence,17.0,1940.0,45.4,44.3,45.2,44.9
31648479,25637,822.0,M. Vetkal,Estonia,FC Dordrecht,Netherlands 2 - Eerste Divisie,Defensive Midfield,Midfield,21.0,1961.0,47.8,48.3,49.1,39.6
74038,25584,5428.0,M. Vešović,Montenegro,Lokomotiva Zagreb,Croatia 1 - 1. HNL,Right Back,Defence,33.0,2012.0,47.9,48.7,50.2,43.3
538481,25567,2945.0,M. Vidosavljević,Serbia,Vojvodina,Serbia 1 - Super Liga,Attacking Midfield,Midfield,24.0,1871.0,47.8,47.9,49.0,50.5
37385333,25600,2741.0,M. Viltard,France,Dender,Belgium 1 - Pro League,Defensive Midfield,Midfield,22.0,2569.0,49.6,49.6,50.6,52.9
540647,25673,238115.0,M. Vilà García,Spain,FC Andorra,Spain 2 - La Liga 2,Left Back,Defence,26.0,1920.0,50.8,50.1,49.9,50.1
37598782,25584,674.0,M. Vinlöf,Sweden,Dinamo Zagreb,Croatia 1 - 1. HNL,Left Back,Defence,19.0,1647.0,57.4,57.8,56.8,51.2
37371200,26164,522.0,M. Viti,Italy,Sampdoria,Italy 2 - Serie B,Centre Back,Defence,23.0,1360.0,48.0,47.4,47.8,50.0
23697804,25566,7926.0,M. Vitális,Hungary,Győri ETO,Hungary 1 - NB I,Central Midfield,Midfield,23.0,2749.0,52.5,52.4,52.3,49.7
37552116,25591,187.0,M. Vojta,Czech Republic,Mladá Boleslav,Czech Republic 1 - Chance Liga,Centre Forward,Attack,21.0,1151.0,50.4,50.7,50.1,44.7
1481335,25535,135.0,M. Vojtko,Slovakia,Lechia Gdańsk,Poland 1 - Ekstraklasa,Left Back,Defence,24.0,2768.0,52.8,51.0,50.0,47.7
37589712,25600,2402.0,M. Volckaert,Belgium,Gent,Belgium 1 - Pro League,Centre Back,Defence,22.0,2237.0,53.4,53.2,53.0,44.9
363259,25745,6377.0,M. Vrousai,Greece,Rio Ave,Portugal 1 - Liga Portugal,Right Back,Defence,27.0,2531.0,53.6,54.1,52.9,61.3
1525043,25584,7684.0,M. Vuk,Croatia,Varaždin,Croatia 1 - 1. HNL,Left Wing,Attack,25.0,1699.0,46.7,47.7,47.2,57.9
23715920,25567,2736.0,M. Vukotić,Montenegro,Partizan,Serbia 1 - Super Liga,Attacking Midfield,Midfield,22.0,2859.0,54.0,54.0,53.8,49.8
178946,25567,5421.0,M. Vulić,Serbia,Napredak,Serbia 1 - Super Liga,Central Midfield,Midfield,28.0,2256.0,49.7,50.3,50.0,48.7
1148,25591,3545.0,M. Vydra,Czech Republic,Viktoria Plzeň,Czech Republic 1 - Chance Liga,Centre Forward,Attack,33.0,1149.0,53.8,54.2,53.4,52.5
37533856,25637,1128.0,M. Waem,Belgium,ADO Den Haag,Netherlands 2 - Eerste Divisie,Centre Back,Defence,25.0,3078.0,56.9,57.3,58.0,51.2
3096,25649,251.0,M. Wallace,Scotland,Huddersfield Town,England 3 - League One,Centre Back,Defence,32.0,2778.0,48.8,49.5,48.6,66.2
33524,25652,3114.0,M. Wanitzek,Germany,Karlsruher SC,Germany 2 - 2. Bundesliga,Central Midfield,Midfield,32.0,3060.0,56.0,56.0,55.7,49.2
156828,25535,2764.0,M. Wasielewski,Poland,Katowice,Poland 1 - Ekstraklasa,Right Midfield,Midfield,30.0,2937.0,46.5,46.7,46.6,50.6
37559112,25735,3239.0,M. Wasinski,Belgium,RFC Liège,Belgium 2 - Challenger Pro League,Right Back,Defence,21.0,2673.0,51.0,50.6,51.6,45.9
20692353,25598,282.0,M. Watters,England,Dundee United,Scotland 1 - Premiership,Centre Forward,Attack,26.0,1345.0,46.6,47.1,46.4,42.5
37536305,25653,4080.0,M. Wels,Austria,WSG Tirol,Austria 1 - Admiral Bundesliga,Right Wing,Attack,20.0,2466.0,45.5,45.6,45.8,43.5
37736884,25636,6953.0,M. Westergren,Denmark,HB Køge,Denmark 2 - First Division,Centre Back,Defence,23.0,2365.0,47.7,48.4,47.1,54.7
12433168,25648,7.0,M. Whittaker,England,Middlesbrough,England 2 - Championship,Right Wing,Attack,24.0,3002.0,53.1,52.7,54.1,48.9
37592742,25648,30.0,M. Widell,Sweden,Swansea City,England 2 - Championship,Central Midfield,Midfield,23.0,1550.0,51.2,50.9,51.8,54.1
37579662,25597,1053.0,M. Willemsen,Netherlands,SC Heerenveen,Netherlands 1 - Eredivisie,Centre Back,Defence,22.0,2649.0,53.3,53.3,53.2,47.8
37266141,25652,3317.0,M. Winkler,Germany,Hertha BSC,Germany 2 - 2. Bundesliga,Right Wing,Attack,22.0,2154.0,52.2,51.9,51.9,51.7
34691,25652,999.0,M. Wittek,Germany,VfL Bochum 1848,Germany 2 - 2. Bundesliga,Left Back,Defence,29.0,2420.0,56.7,56.1,56.5,52.4
84486,25636,1276.0,M. Wohlgemuth,Denmark,B 93,Denmark 2 - First Division,Defensive Midfield,Midfield,30.0,2213.0,53.4,53.6,53.3,49.7
158051,25535,2512.0,M. Wolski,Poland,Nieciecza,Poland 1 - Ekstraklasa,Left Midfield,Midfield,28.0,1593.0,43.6,43.4,44.0,46.9
37640364,25652,2927.0,M. Wörl,Germany,DSC Arminia Bielefeld,Germany 2 - 2. Bundesliga,Central Midfield,Midfield,21.0,2078.0,51.5,51.8,52.2,44.1
37447153,25658,1174.0,M. Xantippe,France,Grenoble Foot 38,France 2 - Ligue 2,Left Back,Defence,23.0,2388.0,46.7,47.8,48.1,49.4
37549289,25567,3001.0,M. Yamkam,Cameroon,Radnički Niš,Serbia 1 - Super Liga,Centre Back,Defence,27.0,1214.0,51.2,50.9,51.4,49.1
689025,25535,1069.0,M. Yankov Minchev,Bulgaria,Cracovia Kraków,Poland 1 - Ekstraklasa,Attacking Midfield,Midfield,24.0,1656.0,45.3,43.9,46.2,52.1
37624317,25662,5897.0,M. Yashilirmak,Israel,Ashdod,Israel 1 - Ligat ha'Al,Centre Back,Defence,20.0,1642.0,49.2,49.1,46.7,46.1
37652954,25653,49.0,M. Yeo,Mali,Salzburg,Austria 1 - Admiral Bundesliga,Right Wing,Attack,21.0,970.0,52.4,52.5,52.2,63.8
37680394,25597,919.0,M. Young,Netherlands,Sparta Rotterdam,Netherlands 1 - Eredivisie,Centre Back,Defence,19.0,2970.0,52.5,52.7,53.3,52.4
37595692,25652,956.0,M. ZOma,Burkina Faso,Nürnberg,Germany 2 - 2. Bundesliga,Secondary Striker,Attack,21.0,2333.0,53.3,53.3,54.2,50.2
134041,25584,674.0,M. Zajc,Slovenia,Dinamo Zagreb,Croatia 1 - 1. HNL,Central Midfield,Midfield,31.0,1656.0,57.0,56.6,57.2,46.0
37343967,25607,13775.0,M. Zanotti,Italy,Lugano,Switzerland 1 - Super League,Right Back,Defence,22.0,2553.0,51.5,51.1,51.4,52.8
2483655,25566,2791.0,M. Zeke,Hungary,Paksi SE,Hungary 1 - NB I,Left Back,Defence,24.0,1746.0,45.6,46.4,48.4,46.1
71042,25641,803.0,M. Zhelev,Bulgaria,Otelul,Romania 1 - Superliga,Right Back,Defence,32.0,3168.0,47.4,47.6,47.6,49.3
37581618,26164,4070.0,M. Zilli,Italy,Frosinone,Italy 2 - Serie B,Centre Forward,Attack,23.0,961.0,51.2,51.7,50.9,65.8
31353,25652,1092.0,M. Zimmermann,Germany,Fortuna Düsseldorf,Germany 2 - 2. Bundesliga,Right Back,Defence,33.0,1113.0,52.7,52.8,52.8,54.0
1487531,25601,227584.0,M. Zsigmund,Slovakia,FK Košice,Slovakia 1 - Niké Liga,Central Midfield,Midfield,28.0,1354.0,44.2,44.0,43.5,50.3
37569514,25637,1433.0,M. de Haan,Netherlands,Almere City,Netherlands 2 - Eerste Divisie,Central Midfield,Midfield,21.0,2725.0,54.1,54.8,54.1,45.7
37661422,25637,2360.0,M. de Lannoy,Netherlands,TOP Oss,Netherlands 2 - Eerste Divisie,Right Back,Defence,21.0,1809.0,45.8,46.1,47.2,44.5
447554,25673,361.0,M. de Sousa Mendonça,Brazil,Real Valladolid,Spain 2 - La Liga 2,Centre Forward,Attack,28.0,1022.0,51.9,51.6,52.2,56.3
159143,25745,1085.0,M. dos Santos Ferreira,Brazil,Moreirense,Portugal 1 - Liga Portugal,Centre Back,Defence,36.0,960.0,48.7,48.1,50.7,53.2
24430,25597,1403.0,M. te Wierik,Netherlands,Heracles Almelo,Netherlands 1 - Eredivisie,Centre Back,Defence,33.0,1383.0,48.1,47.1,45.9,50.7
25826,25597,919.0,M. van Bergen,Netherlands,Sparta Rotterdam,Netherlands 1 - Eredivisie,Right Wing,Attack,25.0,2340.0,50.8,50.4,50.5,40.2
37544284,25600,2938.0,M. van Brederode,Netherlands,Mechelen,Belgium 1 - Pro League,Left Wing,Attack,22.0,2848.0,53.4,53.6,53.8,47.8
24308,25591,3552.0,M. van Buren,Netherlands,Hradec Králové,Czech Republic 1 - Chance Liga,Centre Forward,Attack,32.0,1555.0,47.8,47.8,47.8,53.0
17177173,25648,117.0,M. van Ewijk,Netherlands,Coventry City,England 2 - Championship,Right Back,Defence,24.0,3784.0,55.0,53.8,52.9,52.7
37711265,25637,1731.0,M. van Kempen,Netherlands,MVV Maastricht,Netherlands 2 - Eerste Divisie,Left Back,Defence,23.0,1310.0,46.1,45.8,46.3,44.5
25507,25637,2360.0,M. van Rooijen,Netherlands,TOP Oss,Netherlands 2 - Eerste Divisie,Central Midfield,Midfield,26.0,1004.0,45.2,45.7,45.8,48.2
1646,25597,750.0,M. van der Hoorn,Netherlands,FC Utrecht,Netherlands 1 - Eredivisie,Centre Back,Defence,32.0,2413.0,55.7,56.5,57.2,53.6
37721205,25637,2783.0,M. van der Lans,Netherlands,Jong Ajax,Netherlands 2 - Eerste Divisie,Centre Back,Defence,18.0,1793.0,48.1,47.9,50.7,45.1
7386868,25567,5354.0,M. Ćosić,Bosnia and Herzegovina,Radnički Kragujevac,Serbia 1 - Super Liga,Right Back,Defence,28.0,1547.0,50.2,49.3,49.5,48.3
75072,25584,8082.0,M. Čabraja,Croatia,Gorica,Croatia 1 - 1. HNL,Left Back,Defence,28.0,2661.0,53.5,53.0,54.1,50.8
2206701,25591,3531.0,M. Čermák,Czech Republic,Dukla Praha,Czech Republic 1 - Chance Liga,Attacking Midfield,Midfield,26.0,2769.0,48.4,48.8,47.8,43.1
181486,25601,5581.0,M. Čurma,Slovakia,Zemplín Michalovce,Slovakia 1 - Niké Liga,Right Back,Defence,29.0,2539.0,44.8,43.9,43.0,43.1
37645673,25567,6662.0,M. Đoković,Serbia,Čukarički,Serbia 1 - Super Liga,Centre Back,Defence,21.0,2320.0,49.6,50.0,51.1,47.1
24817087,25682,3224.0,M. Łęgowski,Poland,Eyüpspor,Türkiye 1 - Super Lig,Defensive Midfield,Midfield,22.0,1567.0,46.8,46.5,44.5,40.4
31226692,25682,1041.0,M. Şahin,Türkiye,Rizespor,Türkiye 1 - Super Lig,Right Back,Defence,24.0,1787.0,54.7,54.4,54.0,50.1
437332,25653,5724.0,M. Şatin,Austria,Grazer AK,Austria 1 - Admiral Bundesliga,Central Midfield,Midfield,28.0,1490.0,48.3,48.2,48.8,40.4
3568423,25584,906.0,M. Šego,Croatia,Hajduk Split,Croatia 1 - 1. HNL,Left Wing,Attack,24.0,2051.0,52.5,51.8,53.2,45.4
32796067,25591,187.0,M. Ševčík,Czech Republic,Mladá Boleslav,Czech Republic 1 - Chance Liga,Attacking Midfield,Midfield,22.0,2011.0,48.1,47.4,49.2,45.9
1873168,25601,28077.0,M. Šimko,Slovakia,Komárno,Slovakia 1 - Niké Liga,Centre Back,Defence,27.0,2790.0,45.2,44.4,46.1,47.7
130142,25682,88.0,M. Škriniar,Slovakia,Fenerbahçe,Türkiye 1 - Super Lig,Centre Back,Defence,30.0,2116.0,54.7,55.1,54.6,57.2
16817975,25566,10196.0,M. Šlogar,Croatia,Kazincbarcika,Hungary 1 - NB I,Right Wing,Attack,24.0,1346.0,41.8,42.3,41.9,39.6
37577340,25591,187.0,M. Šubert,Czech Republic,Mladá Boleslav,Czech Republic 1 - Chance Liga,Central Midfield,Midfield,22.0,1364.0,46.0,46.2,47.5,42.9
37708547,25584,5428.0,M. Šušak,Croatia,Lokomotiva Zagreb,Croatia 1 - 1. HNL,Left Wing,Attack,21.0,924.0,47.2,46.9,46.9,51.4
24816778,25591,234.0,M. Šviderský,Slovakia,Slovácko,Czech Republic 1 - Chance Liga,Central Midfield,Midfield,22.0,1120.0,45.9,46.2,45.7,52.9
9939190,25652,3527.0,M. Żukowski,Poland,Magdeburg,Germany 2 - 2. Bundesliga,Centre Forward,Attack,23.0,1848.0,52.5,52.5,52.8,43.7
539382,25535,8761.0,M. Żyro,Poland,Widzew Lodz,Poland 1 - Ekstraklasa,Centre Back,Defence,26.0,1858.0,46.8,46.7,47.3,48.1
37598813,25591,3531.0,M. Žitný,Czech Republic,Dukla Praha,Czech Republic 1 - Chance Liga,Defensive Midfield,Midfield,20.0,932.0,41.0,40.3,40.4,43.0
37550997,25584,7391.0,M. Živković,Croatia,Vukovar,Croatia 1 - 1. HNL,Centre Back,Defence,21.0,1199.0,45.1,44.4,43.2,44.3
37763434,25641,8474.0,M. Țuțu,Romania,UTA Arad,Romania 1 - Superliga,Right Back,Defence,21.0,2446.0,48.2,47.5,47.1,47.3
37436238,25745,7035.0,Matheus Dias,Brazil,Nacional,Portugal 1 - Liga Portugal,Defensive Midfield,Midfield,23.0,2445.0,47.5,47.3,49.4,53.8
537660,25759,9848.0,Monchu,Spain,Aris,Greece 1 - Super League,Central Midfield,Midfield,25.0,1556.0,55.7,55.6,55.6,45.3
37644885,25600,2709.0,N. Adedeji-Sternberg,Belgium,Genk,Belgium 1 - Pro League,Left Wing,Attack,20.0,1028.0,52.4,52.8,52.5,62.3
37698549,25658,1028.0,N. Ahouonon,Ivory Coast,Reims,France 2 - Ligue 2,Centre Back,Defence,21.0,1176.0,55.2,55.8,54.2,56.0
37614713,25637,2379.0,N. Ait Mouhou,France,VVV-Venlo,Netherlands 2 - Eerste Divisie,Left Wing,Attack,21.0,2304.0,45.8,46.5,46.3,46.2
91456,25759,2934.0,N. Alho,Finland,Asteras Tripolis,Greece 1 - Super League,Right Back,Defence,32.0,1605.0,50.3,49.7,48.9,39.7
17177587,25567,230490.0,N. Andrić,Serbia,Mladost Lučani,Serbia 1 - Super Liga,Right Back,Defence,33.0,1049.0,43.0,42.9,43.6,47.3
37567350,25600,2555.0,N. Angulo Ramírez,Ecuador,Anderlecht,Belgium 1 - Pro League,Left Wing,Attack,22.0,1902.0,56.1,55.6,55.9,64.4
177705,25566,506.0,N. Antonov,Serbia,Nyíregyháza Spartacus,Hungary 1 - NB I,Left Back,Defence,30.0,1828.0,54.4,54.9,58.1,42.0
22136830,25641,12619.0,N. Antwi,Ghana,Hermannstadt,Romania 1 - Superliga,Right Back,Defence,24.0,1509.0,49.5,51.9,51.7,50.7
22136830,25662,589.0,N. Antwi,Ghana,Beitar Jerusalem,Israel 1 - Ligat ha'Al,Right Back,Defence,25.0,907.0,50.0,50.7,50.3,52.3
37668555,25636,1020.0,N. Arnórsson,Iceland,Aalborg BK,Denmark 2 - First Division,Centre Back,Defence,18.0,1593.0,52.4,51.9,51.2,49.4
37563930,25649,301.0,N. Asiimwe,Uganda,AFC Wimbledon,England 3 - League One,Right Back,Defence,20.0,2352.0,45.4,47.0,47.5,46.4
37590606,25652,2554.0,N. Aséko Nkili,Germany,Hannover 96,Germany 2 - 2. Bundesliga,Defensive Midfield,Midfield,19.0,2293.0,48.0,46.4,44.9,49.4
37566512,25745,6377.0,N. Athanasiou,Greece,Rio Ave,Portugal 1 - Liga Portugal,Left Back,Defence,24.0,1314.0,51.2,51.9,52.8,50.7
37566512,25759,118.0,N. Athanasiou,Greece,OFI,Greece 1 - Super League,Left Back,Defence,24.0,1156.0,53.7,54.1,53.3,47.3
37668679,25591,1351.0,N. Audinis,Lithuania,Teplice,Czech Republic 1 - Chance Liga,Centre Back,Defence,19.0,1465.0,49.1,49.7,45.1,38.8
37595444,25653,3569.0,N. Bajlicz,Austria,Ried,Austria 1 - Admiral Bundesliga,Central Midfield,Midfield,21.0,1663.0,50.3,51.1,51.6,47.1
165093,25641,11676.0,N. Bancu,Romania,Universitatea Craiova,Romania 1 - Superliga,Left Back,Defence,32.0,2280.0,52.1,52.1,52.0,48.8
23661354,25637,94.0,N. Bannis,Morocco,Vitesse,Netherlands 2 - Eerste Divisie,Centre Forward,Attack,23.0,1407.0,49.9,50.2,49.7,48.5
37601918,25566,10196.0,N. Baranyai,Hungary,Kazincbarcika,Hungary 1 - NB I,Right Back,Defence,21.0,1901.0,47.1,46.6,46.2,43.6
37724664,25636,8759.0,N. Barholt Rasmussen,Denmark,Middelfart,Denmark 2 - First Division,Left Back,Defence,19.0,1603.0,43.7,44.0,44.5,39.2
112970,25567,5421.0,N. Bastajić,Serbia,Napredak,Serbia 1 - Super Liga,Left Wing,Attack,34.0,1595.0,47.6,47.3,46.6,45.8
131865,26164,7766.0,N. Belloni,Italy,Carrarese,Italy 2 - Serie B,Right Wing,Attack,31.0,1381.0,49.7,50.1,48.9,62.5
7025658,25607,2357.0,N. Beloko,Switzerland,Lausanne Sport,Switzerland 1 - Super League,Central Midfield,Midfield,25.0,1498.0,47.8,48.0,48.1,53.3
37631961,25662,2997.0,N. Ben Harush,Israel,Maccabi Tel Aviv,Israel 1 - Ligat ha'Al,Right Back,Defence,20.0,1166.0,50.4,50.4,50.4,50.2
37584916,25658,1461.0,N. Binet,France,Boulogne,France 2 - Ligue 2,Defensive Midfield,Midfield,21.0,2598.0,44.6,44.5,43.2,50.9
21482928,25567,5421.0,N. Bogdanovski,Macedonia,Napredak,Serbia 1 - Super Liga,Right Wing,Attack,26.0,1473.0,46.9,46.7,47.6,47.2
37769787,25658,7758.0,N. Boissé,France,Le Mans,France 2 - Ligue 2,Centre Back,Defence,19.0,911.0,52.6,53.2,55.1,48.1
137607,25567,230490.0,N. Boranijašević,Serbia,Mladost Lučani,Serbia 1 - Super Liga,Right Back,Defence,33.0,1215.0,49.0,48.5,48.0,52.4
22859475,25735,247549.0,N. Boujouh,Belgium,KSC Lokeren,Belgium 2 - Challenger Pro League,Left Back,Defence,28.0,1021.0,49.5,48.7,47.6,42.2
37624531,25601,2759.0,N. Brandis,Slovakia,Trenčín,Slovakia 1 - Niké Liga,Left Back,Defence,20.0,1583.0,50.1,50.9,49.4,51.0
130652,26164,7471.0,N. Brighenti,Italy,Catanzaro,Italy 2 - Serie B,Centre Back,Defence,36.0,2623.0,49.1,49.2,46.5,51.2
581062,25648,283.0,N. Broadhead,Wales,Wrexham,England 2 - Championship,Left Wing,Attack,27.0,1898.0,54.3,54.3,55.1,50.7
37703252,25597,2396.0,N. Bukala,Netherlands,FC Volendam,Netherlands 1 - Eredivisie,Central Midfield,Midfield,19.0,1751.0,46.1,45.7,46.5,53.3
4536525,25607,3525.0,N. Burkart,Switzerland,Winterthur,Switzerland 1 - Super League,Left Wing,Attack,25.0,1141.0,50.5,50.2,51.5,47.0
28912715,25607,2357.0,N. Butler-Oyedeji,England,Lausanne Sport,Switzerland 1 - Super League,Centre Forward,Attack,22.0,1728.0,49.5,49.9,49.2,49.8
9138,25649,235.0,N. Byrne,Republic of Ireland,Doncaster Rovers,England 3 - League One,Centre Back,Defence,32.0,1146.0,44.4,45.0,44.0,45.9
3862450,25652,2642.0,N. Bätzner,Germany,Paderborn,Germany 2 - 2. Bundesliga,Left Wing,Attack,25.0,1234.0,50.1,50.0,49.7,54.7
197982,25536,1789.0,N. Bürgy,Switzerland,Odense BK,Denmark 1 - Superliga,Centre Back,Defence,29.0,2423.0,55.2,56.1,55.1,41.1
160110,25682,88.0,N. Cabral Semedo,Portugal,Fenerbahçe,Türkiye 1 - Super Lig,Right Back,Defence,31.0,1944.0,56.3,57.2,56.7,54.1
175335,25598,66.0,N. Cadden,Scotland,Hibernian,Scotland 1 - Premiership,Left Midfield,Midfield,28.0,1653.0,56.1,55.5,56.7,47.7
37653323,26164,7766.0,N. Calabrese,Italy,Carrarese,Italy 2 - Serie B,Centre Back,Defence,20.0,2028.0,49.5,49.5,48.5,47.6
4425,25745,830.0,N. Castro Oliveira,Portugal,Vitória Guimarães,Portugal 1 - Liga Portugal,Centre Forward,Attack,34.0,1315.0,49.5,49.3,48.9,47.3
169982,25599,452.0,N. Chernov,Russia,Krylya Sovetov,Russia 1 - Premier League,Centre Back,Defence,29.0,1406.0,46.6,45.5,47.6,45.3
354673,25636,8657.0,N. Clausen,Denmark,Hvidovre,Denmark 2 - First Division,Left Back,Defence,30.0,2448.0,49.6,48.5,49.1,47.7
540588,25662,6900.0,N. Cohen,Israel,Hapoel Petah Tikva,Israel 1 - Ligat ha'Al,Right Back,Defence,26.0,1462.0,46.6,46.6,46.0,48.6
179709,25653,3678.0,N. Cvetković,Serbia,SK Rapid,Austria 1 - Admiral Bundesliga,Centre Back,Defence,29.0,2601.0,53.4,54.0,53.6,60.9
37526198,25735,7085.0,N. Dailly,Belgium,OC Charleroi,Belgium 2 - Challenger Pro League,Centre Forward,Attack,23.0,2135.0,46.2,46.2,45.8,50.4
37736024,25600,2555.0,N. De Cat,Belgium,Anderlecht,Belgium 1 - Pro League,Central Midfield,Midfield,17.0,2740.0,52.2,52.6,53.0,52.8
63032,25735,7085.0,N. De Medina,Belgium,OC Charleroi,Belgium 2 - Challenger Pro League,Centre Back,Defence,27.0,900.0,44.3,43.4,45.2,39.2
173891,25598,273.0,N. Devlin,Scotland,Aberdeen,Scotland 1 - Premiership,Right Back,Defence,31.0,2189.0,44.9,45.2,45.4,48.1
37291402,25735,3960.0,N. Diliberto,France,Royal Francs Borains,Belgium 2 - Challenger Pro League,Defensive Midfield,Midfield,23.0,1257.0,46.4,45.8,45.8,42.3
37560901,25682,3897.0,N. Dismas,Tanzania,Göztepe,Türkiye 1 - Super Lig,Defensive Midfield,Midfield,22.0,2256.0,51.0,50.9,51.5,54.7
37560802,25598,62.0,N. Djiga,Burkina Faso,Rangers,Scotland 1 - Premiership,Centre Back,Defence,22.0,1950.0,50.5,50.1,49.8,54.9
527767,25745,4092.0,N. Djouahra,France,Arouca,Portugal 1 - Liga Portugal,Left Wing,Attack,25.0,2744.0,48.6,49.1,48.8,44.7
37644034,25735,8307.0,N. Dodeigne,Belgium,RWDM Brussels,Belgium 2 - Challenger Pro League,Left Back,Defence,22.0,908.0,44.5,45.7,45.4,46.7
29205,25637,669.0,N. Doodeman,Netherlands,Willem II,Netherlands 2 - Eerste Divisie,Right Wing,Attack,28.0,3170.0,57.2,55.1,53.6,43.5
37555777,25682,88.0,N. Dorgeles,Mali,Fenerbahçe,Türkiye 1 - Super Lig,Right Wing,Attack,22.0,1465.0,54.3,53.6,54.8,55.4
37579735,25637,2755.0,N. Dundas,Netherlands,Jong FC Utrecht,Netherlands 2 - Eerste Divisie,Central Midfield,Midfield,21.0,2077.0,44.5,44.7,45.5,41.5
61365,25600,1947.0,N. Dussenne,Belgium,OH Leuven,Belgium 1 - Pro League,Centre Back,Defence,33.0,1877.0,53.2,53.8,55.0,55.9
23698078,25536,2356.0,N. Dyhr,Denmark,Randers FC,Denmark 1 - Superliga,Left Back,Defence,24.0,2567.0,46.0,46.1,46.1,42.3
37734277,25637,1073.0,N. Eggens,Netherlands,De Graafschap,Netherlands 2 - Eerste Divisie,Centre Forward,Attack,20.0,913.0,52.0,51.7,51.4,48.4
23715943,25648,122.0,N. Eile,Sweden,Bristol City,England 2 - Championship,Centre Back,Defence,23.0,1261.0,51.4,51.1,50.5,49.3
37648799,25637,1731.0,N. El Basri,Morocco,MVV Maastricht,Netherlands 2 - Eerste Divisie,Central Midfield,Midfield,21.0,1486.0,46.5,47.0,47.8,43.8
37656831,25658,581.0,N. El Hannach,Morocco,Montpellier,France 2 - Ligue 2,Right Back,Defence,18.0,1065.0,54.6,54.6,53.6,60.9
37556736,25658,1174.0,N. Elphege,France,Grenoble Foot 38,France 2 - Ligue 2,Centre Forward,Attack,24.0,1064.0,50.8,51.1,50.5,54.1
37709615,25735,261625.0,N. Engwanda-Ongena,Belgium,RSCA Futures U23,Belgium 2 - Challenger Pro League,Centre Back,Defence,17.0,1813.0,48.0,47.6,48.5,43.3
23269664,25759,9848.0,N. Fadiga,Belgium,Aris,Greece 1 - Super League,Right Back,Defence,25.0,1653.0,48.2,49.2,48.2,51.2
37288974,25658,1461.0,N. Fatar,France,Boulogne,France 2 - Ligue 2,Left Wing,Attack,23.0,1686.0,49.6,49.6,49.3,53.9
37743689,25637,2971.0,N. Fernandez,Belgium,Jong PSV,Netherlands 2 - Eerste Divisie,Central Midfield,Midfield,17.0,1058.0,52.0,52.3,52.8,55.8
37576229,25658,3520.0,N. Fernandez Veliz,France,Nancy,France 2 - Ligue 2,Centre Back,Defence,20.0,2339.0,50.9,51.3,49.3,45.6
24205,25637,2379.0,N. Foor,Netherlands,VVV-Venlo,Netherlands 2 - Eerste Divisie,Attacking Midfield,Midfield,33.0,2179.0,49.8,50.9,47.4,49.8
2206702,25653,4080.0,N. Frederiksen,Denmark,WSG Tirol,Austria 1 - Admiral Bundesliga,Centre Forward,Attack,25.0,1808.0,52.9,52.7,51.4,40.3
883009,25652,1077.0,N. Fröling,Sweden,Dynamo Dresden,Germany 2 - 2. Bundesliga,Attacking Midfield,Midfield,25.0,1053.0,46.8,46.5,47.7,51.8
37409508,25652,3431.0,N. Futkeu,Germany,SpVgg Greuther Fürth,Germany 2 - 2. Bundesliga,Centre Forward,Attack,22.0,2717.0,54.7,54.8,55.3,43.6
37512280,25584,674.0,N. Galesic,Croatia,Dinamo Zagreb,Croatia 1 - 1. HNL,Centre Back,Defence,24.0,1405.0,53.9,53.6,53.7,53.6
37590843,25658,9291.0,N. Galves,France,Rodez,France 2 - Ligue 2,Right Back,Defence,22.0,2693.0,53.2,54.2,57.0,42.6
37581805,25673,844.0,N. García García,Spain,Leganés,Spain 2 - La Liga 2,Right Wing,Attack,23.0,2398.0,49.8,49.8,49.2,53.5
37532911,25599,6067.0,N. Gassama,France,Baltika Kaliningrad,Russia 1 - Premier League,Centre Back,Defence,24.0,1787.0,52.3,52.4,51.9,56.1
98400,25735,2412.0,N. Gavory,France,KAS Eupen,Belgium 2 - Challenger Pro League,Left Back,Defence,30.0,1775.0,49.1,49.7,50.8,49.1
98519,25599,3578.0,N. Ghandri,Tunisia,Akhmat Grozny,Russia 1 - Premier League,Centre Back,Defence,30.0,1403.0,50.2,49.8,50.7,53.2
37332198,25600,6722.0,N. Gillot,France,La Louvière,Belgium 1 - Pro League,Left Back,Defence,22.0,948.0,55.7,56.0,58.3,50.9
37707588,26164,2892.0,N. Girma,Switzerland,Reggiana,Italy 2 - Serie B,Attacking Midfield,Midfield,23.0,1544.0,51.6,53.2,52.5,52.1
37529837,25567,28023.0,N. Glišić,Serbia,IMT Novi Beograd,Serbia 1 - Super Liga,Right Back,Defence,26.0,1382.0,50.4,51.4,51.6,50.7
37635121,25658,1838.0,N. Glossoa,France,Pau,France 2 - Ligue 2,Right Back,Defence,20.0,961.0,52.4,53.6,53.5,58.3
20334581,25599,237672.0,N. Glushkov,Russia,Dynamo Makhachkala,Russia 1 - Premier League,Central Midfield,Midfield,26.0,2643.0,44.8,45.0,44.9,45.2
9939141,25641,134619.0,N. Grigoryan,Armenia,Farul Constanța,Romania 1 - Superliga,Right Wing,Attack,24.0,2038.0,45.9,45.9,45.5,51.5
24436866,25649,221.0,N. Guinness-Walker,England,Northampton Town,England 3 - League One,Left Back,Defence,25.0,2913.0,48.1,48.5,47.8,52.1
37551612,25662,6810.0,N. Gutlib,Israel,Ironi Tiberias,Israel 1 - Ligat ha'Al,Attacking Midfield,Midfield,22.0,1937.0,47.3,46.7,47.3,52.6
35159,25652,1077.0,N. Hauptmann,Germany,Dynamo Dresden,Germany 2 - 2. Bundesliga,Attacking Midfield,Midfield,29.0,2247.0,51.4,50.5,50.5,49.4
537767,25648,47.0,N. Hautorp Madsen,Denmark,Queens Park Rangers,England 2 - Championship,Central Midfield,Midfield,25.0,2941.0,53.7,53.5,52.9,53.4
54206,25653,3569.0,N. Havenaar,Japan,Ried,Austria 1 - Admiral Bundesliga,Centre Back,Defence,30.0,2952.0,47.2,47.7,45.5,60.3
11676686,25607,462.0,N. Hefti,Switzerland,Sion,Switzerland 1 - Super League,Left Back,Defence,25.0,3324.0,50.4,50.5,50.7,48.0
37687496,25637,814.0,N. Held,Curaçao,RKC Waalwijk,Netherlands 2 - Eerste Divisie,Left Back,Defence,19.0,2004.0,50.0,50.0,50.6,56.4
954,25636,1020.0,N. Helenius,Denmark,Aalborg BK,Denmark 2 - First Division,Centre Forward,Attack,34.0,1227.0,51.2,51.1,51.7,53.8
37720268,25536,2394.0,N. Hesselund Markmann,Denmark,Nordsjælland,Denmark 1 - Superliga,Centre Back,Defence,18.0,1728.0,54.6,55.8,53.2,52.6
37697595,25641,3195.0,N. Ilaș,Romania,Botoşani,Romania 1 - Superliga,Right Back,Defence,18.0,1399.0,46.1,45.7,44.9,47.4
77816,26164,522.0,N. Ioannou,Cyprus,Sampdoria,Italy 2 - Serie B,Left Back,Defence,29.0,969.0,55.8,54.9,54.7,53.7
37594798,25648,25.0,N. Irankunda,Australia,Watford,England 2 - Championship,Right Wing,Attack,19.0,2031.0,52.7,53.8,53.4,59.2
37688014,25636,6953.0,N. Jakobsen,Denmark,HB Køge,Denmark 2 - First Division,Left Midfield,Midfield,19.0,1337.0,51.3,50.1,51.9,46.8
26336984,25584,3358.0,N. Janković,Croatia,Rijeka,Croatia 1 - 1. HNL,Attacking Midfield,Midfield,23.0,909.0,49.6,46.6,50.1,51.7
96988,25682,347.0,N. Janvier,France,Alanyaspor,Türkiye 1 - Super Lig,Central Midfield,Midfield,26.0,1532.0,53.6,52.9,52.6,48.3
37736801,25745,830.0,N. Jose Saviolo,Belgium,Vitória Guimarães,Portugal 1 - Liga Portugal,Left Wing,Attack,21.0,1962.0,53.4,53.3,52.1,47.8
37706738,25567,28029.0,N. Jovanović,Serbia,Železničar Pančevo,Serbia 1 - Super Liga,Right Wing,Attack,21.0,1103.0,51.8,51.6,52.9,53.9
37649866,25636,8759.0,N. Juul-Sandberg,Denmark,Middelfart,Denmark 2 - First Division,Central Midfield,Midfield,19.0,1645.0,50.0,50.1,49.2,37.0
1499086,25599,11364.0,N. Kakkoev,Russia,FK Nizjni Novgorod,Russia 1 - Premier League,Centre Back,Defence,25.0,1175.0,49.2,49.3,49.7,51.6
108296,25759,2934.0,N. Kaltsas,Greece,Asteras Tripolis,Greece 1 - Super League,Right Wing,Attack,35.0,1557.0,48.1,48.1,48.1,56.5
27831728,25658,840.0,N. Kandil,Morocco,Amiens SC,France 2 - Ligue 2,Left Wing,Attack,23.0,977.0,53.6,54.1,53.5,47.2
1193,25682,88.0,N. Kanté,France,Fenerbahçe,Türkiye 1 - Super Lig,Defensive Midfield,Midfield,34.0,1144.0,55.5,55.5,54.5,57.9
14338025,26164,7818.0,N. Karic,Sweden,Virtus Entella,Italy 2 - Serie B,Central Midfield,Midfield,26.0,2232.0,52.1,52.4,52.9,46.3
23661346,25597,1459.0,N. Kasanwirjo,Netherlands,Fortuna Sittard,Netherlands 1 - Eredivisie,Centre Back,Defence,23.0,1319.0,52.6,52.3,51.1,45.5
74109,25652,67.0,N. Katić,Bosnia and Herzegovina,Schalke 04,Germany 2 - 2. Bundesliga,Centre Back,Defence,28.0,2268.0,48.2,48.0,47.6,59.6
37336961,25567,3674.0,N. Knežević,Serbia,OFK Beograd,Serbia 1 - Super Liga,Defensive Midfield,Midfield,22.0,1032.0,51.2,51.0,48.6,44.6
47454,25652,3317.0,N. Kolbe,Germany,Hertha BSC,Germany 2 - 2. Bundesliga,Centre Back,Defence,28.0,975.0,52.5,53.1,50.4,50.4
80880,25599,490.0,N. Komlichenko,Russia,Lokomotiv Moskva,Russia 1 - Premier League,Centre Forward,Attack,30.0,1084.0,54.2,54.7,54.6,63.0
20691933,25652,3647.0,N. Koulis,Germany,Preußen Münster,Germany 2 - 2. Bundesliga,Centre Back,Defence,26.0,909.0,46.8,45.9,46.9,46.4
37462005,25599,2645.0,N. Krivtsov,Russia,Krasnodar,Russia 1 - Premier League,Attacking Midfield,Midfield,22.0,1489.0,49.3,50.3,49.7,66.1
37689252,25567,28023.0,N. Krstić,Serbia,IMT Novi Beograd,Serbia 1 - Super Liga,Central Midfield,Midfield,20.0,1840.0,45.3,45.1,46.1,51.8
22897208,25567,3471.0,N. Kuveljić,Serbia,Spartak Subotica,Serbia 1 - Super Liga,Defensive Midfield,Midfield,28.0,1091.0,50.9,50.9,48.5,48.1
112028,25566,10196.0,N. Könyves,Hungary,Kazincbarcika,Hungary 1 - NB I,Right Wing,Attack,36.0,1720.0,42.9,43.0,43.1,38.5
197729,25607,462.0,N. Lavanchy,Switzerland,Sion,Switzerland 1 - Super League,Right Back,Defence,31.0,3330.0,50.2,50.3,50.3,50.7
37584653,25597,494.0,N. Lebreton,France,NEC Nijmegen,Netherlands 1 - Eredivisie,Attacking Midfield,Midfield,21.0,1431.0,52.3,50.9,52.2,57.1
462291,25662,6961.0,N. Ljubisavljević,Serbia,Ironi Kiryat Shmona,Israel 1 - Ligat ha'Al,Centre Back,Defence,28.0,2599.0,47.4,47.4,48.1,49.6
37400403,25649,115.0,N. Lonwijk,Netherlands,Luton Town,England 3 - League One,Centre Back,Defence,22.0,2890.0,52.6,53.5,49.4,51.0
198662,25652,999.0,N. Loosli,Switzerland,VfL Bochum 1848,Germany 2 - 2. Bundesliga,Centre Back,Defence,28.0,2276.0,50.4,50.5,51.1,52.5
160017,25673,618.0,N. Macedo Monte,Portugal,Almería,Spain 2 - La Liga 2,Centre Back,Defence,30.0,2465.0,49.1,49.1,49.9,43.0
23278713,25653,3300.0,N. Maier,Switzerland,Blau-Weiß Linz,Austria 1 - Admiral Bundesliga,Attacking Midfield,Midfield,25.0,1420.0,46.5,47.4,47.4,50.1
37786259,25637,2460.0,N. Makanza Mbeleba,Belgium,Helmond Sport,Netherlands 2 - Eerste Divisie,Central Midfield,Midfield,20.0,2893.0,45.6,45.2,46.4,42.3
37386306,25662,3229.0,N. Malmud,Israel,Hapoel Jerusalem,Israel 1 - Ligat ha'Al,Centre Back,Defence,23.0,2034.0,45.2,44.9,43.8,38.0
37653242,25601,2417.0,N. Marcelli,Slovakia,Slovan Bratislava,Slovakia 1 - Niké Liga,Left Wing,Attack,20.0,1603.0,51.4,51.1,51.3,45.5
37396572,25599,2468.0,N. Marichal,Uruguay,Dinamo Moskva,Russia 1 - Premier League,Centre Back,Defence,24.0,1905.0,50.9,49.6,50.6,59.9
37645698,25567,5354.0,N. Marjanović,Serbia,Radnički Kragujevac,Serbia 1 - Super Liga,Centre Back,Defence,27.0,2239.0,47.4,47.9,45.3,54.4
1494368,25637,94.0,N. Markelo,Netherlands,Vitesse,Netherlands 2 - Eerste Divisie,Right Back,Defence,26.0,2067.0,45.9,46.1,45.5,52.0
37559113,25637,1073.0,N. Martens,Belgium,De Graafschap,Netherlands 2 - Eerste Divisie,Right Back,Defence,21.0,1042.0,52.0,53.5,53.2,49.3
78228,25759,134582.0,N. Matias Fortuna,Angola,Volos NFC,Greece 1 - Super League,Left Back,Defence,30.0,1256.0,49.0,48.6,47.8,56.4
37546751,25637,2379.0,N. Matoug,Netherlands,VVV-Venlo,Netherlands 2 - Eerste Divisie,Right Wing,Attack,22.0,997.0,49.2,48.7,47.9,45.0
37582090,25735,227972.0,N. Mayoka-Tika,Belgium,Koninklijke Lierse Sportkring,Belgium 2 - Challenger Pro League,Defensive Midfield,Midfield,21.0,1748.0,39.5,38.2,41.9,46.3
37554457,25600,2741.0,N. Mbamba,Belgium,Dender,Belgium 1 - Pro League,Central Midfield,Midfield,20.0,2702.0,50.1,50.4,50.5,58.2
22136685,25658,581.0,N. Mbuku,DR Congo,Montpellier,France 2 - Ligue 2,Left Wing,Attack,23.0,2192.0,53.7,53.8,52.8,53.4
37576496,25600,700.0,N. Mehssatou Sepúlveda,Chile,Standard Liège,Belgium 1 - Pro League,Central Midfield,Midfield,23.0,1046.0,52.4,52.7,52.4,46.9
37550458,25636,8630.0,N. Melsæther Morberg,Denmark,Kolding IF,Denmark 2 - First Division,Central Midfield,Midfield,24.0,1296.0,45.3,44.8,44.3,42.2
4679,25648,25.0,N. Mendy,Senegal,Watford,England 2 - Championship,Defensive Midfield,Midfield,33.0,1532.0,51.4,51.9,53.1,51.4
37658191,25745,35867.0,N. Meupiyou Menadjou,France,Alverca,Portugal 1 - Liga Portugal,Centre Back,Defence,19.0,2619.0,50.1,50.1,49.8,47.7
68262,25535,2778.0,N. Mijušković,Montenegro,Wisła Płock,Poland 1 - Ekstraklasa,Centre Back,Defence,33.0,1413.0,42.8,41.5,43.3,53.9
63194,25567,6662.0,N. Miletić,Serbia,Čukarički,Serbia 1 - Super Liga,Centre Back,Defence,34.0,2041.0,49.0,48.5,47.8,41.6
177627,25567,5634.0,N. Miletić,Serbia,Novi Pazar,Serbia 1 - Super Liga,Left Back,Defence,33.0,3038.0,54.1,53.5,54.2,50.2
37642627,25567,5354.0,N. Miličić,Serbia,Radnički Kragujevac,Serbia 1 - Super Liga,Centre Back,Defence,21.0,1725.0,50.3,50.8,48.4,49.8
538457,25567,230490.0,N. Milojević,Greece,Mladost Lučani,Serbia 1 - Super Liga,Attacking Midfield,Midfield,27.0,1402.0,46.7,47.8,47.8,58.2
37392847,25649,225.0,N. Moriah-Welsh,Guyana,Mansfield Town,England 3 - League One,Central Midfield,Midfield,23.0,2096.0,45.3,45.3,46.1,42.6
133939,26164,6947.0,N. Mosti,Italy,Juve Stabia,Italy 2 - Serie B,Attacking Midfield,Midfield,27.0,2914.0,47.2,48.4,47.6,48.4
84225,25636,1276.0,N. Mouritsen,Denmark,B 93,Denmark 2 - First Division,Left Back,Defence,30.0,1554.0,45.1,45.2,46.3,38.1
37568228,25662,5897.0,N. Mucha,Israel,Ashdod,Israel 1 - Ligat ha'Al,Central Midfield,Midfield,22.0,1650.0,46.7,47.2,47.2,43.6
37566511,25607,2866.0,N. Muci,Switzerland,Grasshopper,Switzerland 1 - Super League,Centre Forward,Attack,22.0,971.0,51.8,51.7,52.6,56.8
1356266,25682,3224.0,N. Mujakić,Bosnia and Herzegovina,Eyüpspor,Türkiye 1 - Super Lig,Centre Back,Defence,27.0,1349.0,49.8,48.7,48.2,41.4
147828,25636,8630.0,N. Nedić,Montenegro,Kolding IF,Denmark 2 - First Division,Centre Back,Defence,30.0,1494.0,48.0,47.0,49.2,57.1
52860,25599,2468.0,N. Ngamaleu,Cameroon,Dinamo Moskva,Russia 1 - Premier League,Left Wing,Attack,31.0,1179.0,49.2,49.6,49.5,52.3
9939167,25662,6900.0,N. Nidam,Israel,Hapoel Petah Tikva,Israel 1 - Ligat ha'Al,Central Midfield,Midfield,24.0,1355.0,50.9,51.1,51.5,45.4
37593192,26164,397.0,N. Obaretin,Italy,Empoli,Italy 2 - Serie B,Centre Back,Defence,22.0,2352.0,49.4,48.9,46.8,47.7
3533809,25649,54.0,N. Ogbeta,England,Barnsley,England 3 - League One,Left Back,Defence,24.0,1455.0,47.4,47.3,46.6,51.7
37661739,25597,1550.0,N. Ogidi Nwankwo,Netherlands,Telstar,Netherlands 1 - Eredivisie,Centre Back,Defence,22.0,2163.0,47.5,46.4,46.3,47.8
37577787,25591,2488.0,N. Okeke,Nigeria,Bohemians 1905,Czech Republic 1 - Chance Liga,Central Midfield,Midfield,23.0,1196.0,48.0,48.6,48.9,61.3
37528365,25584,7920.0,N. Omerović,Bosnia and Herzegovina,Osijek,Croatia 1 - 1. HNL,Left Wing,Attack,22.0,2694.0,47.1,47.6,49.3,50.8
294352,25682,1071.0,N. Opoku,Ghana,Kasımpaşa,Türkiye 1 - Super Lig,Centre Back,Defence,27.0,2431.0,48.3,47.7,49.4,50.0
1822,25745,605.0,N. Otamendi,Argentina,Benfica,Portugal 1 - Liga Portugal,Centre Back,Defence,37.0,2621.0,58.1,58.9,59.4,65.8
37416771,25607,389.0,N. Palacio,Colombia,Zürich,Switzerland 1 - Super League,Central Midfield,Midfield,24.0,2614.0,50.3,50.1,50.5,54.2
95150,25658,1028.0,N. Pallois,France,Reims,France 2 - Ligue 2,Centre Back,Defence,37.0,1320.0,55.0,56.1,57.0,51.9
37610595,25658,581.0,N. Pays,France,Montpellier,France 2 - Ligue 2,Right Wing,Attack,22.0,2332.0,48.1,48.4,48.9,50.0
1481605,25567,2945.0,N. Petrović,Serbia,Vojvodina,Serbia 1 - Super Liga,Defensive Midfield,Midfield,26.0,2578.0,52.8,53.1,52.8,46.9
1494396,25648,10.0,N. Phillips,England,West Bromwich Albion,England 2 - Championship,Centre Back,Defence,28.0,3468.0,49.7,49.6,52.1,61.3
37580157,26164,1216.0,N. Pierozzi,Italy,Palermo,Italy 2 - Serie B,Right Back,Defence,23.0,2942.0,46.0,45.6,46.7,52.7
21054910,26164,176.0,N. Pietrangeli,Italy,Südtirol,Italy 2 - Serie B,Centre Back,Defence,25.0,1343.0,47.4,47.8,46.5,51.6
84039,25536,2905.0,N. Poulsen,Denmark,AGF,Denmark 1 - Superliga,Central Midfield,Midfield,31.0,1341.0,54.0,53.9,52.0,48.6
24081691,25648,297.0,N. Prelec,Slovenia,Oxford United,England 2 - Championship,Centre Forward,Attack,24.0,1160.0,47.1,47.3,46.2,55.1
37324933,26164,1000.0,N. Pyyhtiä,Finland,Modena,Italy 2 - Serie B,Central Midfield,Midfield,21.0,1154.0,54.4,54.3,55.0,51.0
1481206,25566,2613.0,N. Radmanovac,Serbia,Várda SE,Hungary 1 - NB I,Centre Back,Defence,28.0,1260.0,48.3,48.8,49.7,51.3
33301,25652,3114.0,N. Rapp,Germany,Karlsruher SC,Germany 2 - 2. Bundesliga,Defensive Midfield,Midfield,28.0,1879.0,48.5,48.5,52.6,55.8
2158212,25598,62.0,N. Raskin,Belgium,Rangers,Scotland 1 - Premiership,Defensive Midfield,Midfield,24.0,2785.0,57.5,58.2,56.1,53.6
538140,25599,452.0,N. Rasskazov,Russia,Krylya Sovetov,Russia 1 - Premier League,Right Back,Defence,27.0,1763.0,48.5,48.3,47.4,43.3
38207426,25662,571.0,N. Ratner,Israel,Maccabi Haifa,Israel 1 - Ligat ha'Al,Defensive Midfield,Midfield,18.0,982.0,50.8,50.1,49.7,46.3
32786899,25607,10655.0,N. Reichmuth,Switzerland,Thun,Switzerland 1 - Super League,Right Midfield,Midfield,23.0,1423.0,54.5,54.0,54.6,61.5
37540578,25682,347.0,N. Reis Lima,Portugal,Alanyaspor,Türkiye 1 - Super Lig,Centre Back,Defence,24.0,2826.0,53.7,54.7,52.6,47.5
841454,25600,2741.0,N. Rodes,Belgium,Dender,Belgium 1 - Pro League,Defensive Midfield,Midfield,27.0,1984.0,46.1,45.9,45.6,48.9
62536,25735,2591.0,N. Rommens,Belgium,Lommel SK,Belgium 2 - Challenger Pro League,Central Midfield,Midfield,30.0,1684.0,51.0,51.0,49.9,51.6
37610161,25597,1550.0,N. Rossen,Netherlands,Telstar,Netherlands 1 - Eredivisie,Defensive Midfield,Midfield,21.0,2333.0,45.9,44.8,48.6,41.3
37599633,25637,822.0,N. Rossi Marachlian,Uruguay,FC Dordrecht,Netherlands 2 - Eerste Divisie,Left Wing,Attack,23.0,1338.0,52.4,52.9,50.8,52.1
537305,25535,1228.0,N. Rusyn,Ukraine,Arka Gdynia,Poland 1 - Ekstraklasa,Centre Forward,Attack,26.0,1184.0,50.1,49.8,50.1,54.8
84557,25536,2394.0,N. Røjkjær,Denmark,Nordsjælland,Denmark 1 - Superliga,Central Midfield,Midfield,26.0,1954.0,54.9,54.6,53.8,46.6
127023,25662,2495.0,N. Sabag,Israel,Hapoel Haifa,Israel 1 - Ligat ha'Al,Central Midfield,Midfield,32.0,2495.0,49.4,49.6,49.7,52.8
96432,25658,3520.0,N. Saint-Ruf,Guadeloupe,Nancy,France 2 - Ligue 2,Centre Back,Defence,32.0,1866.0,50.5,49.4,51.6,49.6
37551076,25600,2555.0,N. Saliba,Canada,Anderlecht,Belgium 1 - Pro League,Central Midfield,Midfield,21.0,2323.0,53.7,54.3,54.1,56.3
38198,25682,4192.0,N. Sangare,Türkiye,Gaziantep F.K.,Türkiye 1 - Super Lig,Right Back,Defence,31.0,1146.0,48.8,48.4,46.6,63.6
34025,25652,2927.0,N. Sarenren-Bazee,Nigeria,DSC Arminia Bielefeld,Germany 2 - 2. Bundesliga,Right Wing,Attack,28.0,972.0,49.0,49.6,49.7,56.7
132133,26164,7766.0,N. Schiavi,Argentina,Carrarese,Italy 2 - Serie B,Defensive Midfield,Midfield,30.0,2121.0,54.1,54.5,54.8,53.0
20694610,25636,22608.0,N. Schmidt,Denmark,Hillerød,Denmark 2 - First Division,Central Midfield,Midfield,29.0,1956.0,47.0,46.9,46.1,50.6
37595859,25662,229320.0,N. Shedo,Israel,Maccabi Bnei Raina,Israel 1 - Ligat ha'Al,Left Back,Defence,22.0,1255.0,46.5,45.8,45.8,49.6
37694071,25584,906.0,N. Sigur,Canada,Hajduk Split,Croatia 1 - 1. HNL,Defensive Midfield,Midfield,21.0,2224.0,51.6,51.3,53.6,55.2
37671345,25567,2736.0,N. Simić,Serbia,Partizan,Serbia 1 - Super Liga,Centre Back,Defence,18.0,2743.0,50.9,51.5,50.4,49.9
530338,25658,2919.0,N. Sissoko,France,Guingamp,France 2 - Ligue 2,Right Back,Defence,28.0,2411.0,53.5,53.2,53.8,50.6
14004468,25652,1638.0,N. Skyttä,Finland,Kaiserslautern,Germany 2 - 2. Bundesliga,Attacking Midfield,Midfield,23.0,2345.0,49.6,49.7,49.9,42.5
37646066,25735,1674.0,N. Solheid,Belgium,RFC Seraing,Belgium 2 - Challenger Pro League,Centre Back,Defence,22.0,2790.0,44.8,44.1,45.3,43.8
191018,25759,9848.0,N. Sonko-Sundberg,Gambia,Aris,Greece 1 - Super League,Centre Back,Defence,29.0,1128.0,45.2,44.1,46.8,52.1
1478149,25637,1435.0,N. Souren,Netherlands,SC Cambuur,Netherlands 2 - Eerste Divisie,Defensive Midfield,Midfield,25.0,1813.0,48.5,47.7,49.1,46.3
22536218,25607,462.0,N. Sow,France,Sion,Switzerland 1 - Super League,Centre Back,Defence,26.0,1323.0,50.5,50.2,50.6,52.5
32777443,26164,1343.0,N. Squizzato,Italy,Pescara,Italy 2 - Serie B,Defensive Midfield,Midfield,23.0,1033.0,52.9,53.1,50.7,53.6
32777443,26164,7818.0,N. Squizzato,Italy,Virtus Entella,Italy 2 - Serie B,Defensive Midfield,Midfield,23.0,1128.0,55.2,56.2,56.1,48.0
518625,25567,3001.0,N. Srećković,Serbia,Radnički Niš,Serbia 1 - Super Liga,Left Wing,Attack,29.0,1186.0,50.5,50.6,49.7,52.7
1467993,25641,11676.0,N. Stevanović,Serbia,Universitatea Craiova,Romania 1 - Superliga,Centre Back,Defence,26.0,1143.0,47.3,46.6,47.9,54.7
37730404,25641,1026.0,N. Stoioanov,Israel,Dinamo Bucureşti,Romania 1 - Superliga,Centre Back,Defence,19.0,3435.0,46.4,46.2,47.3,49.9
62368,25682,81.0,N. Storm,Belgium,Antalyaspor,Türkiye 1 - Super Lig,Left Wing,Attack,30.0,1626.0,48.8,49.2,49.3,43.3
19960425,25566,4312.0,N. Szendrei,Hungary,Zalaegerszegi TE,Hungary 1 - NB I,Central Midfield,Midfield,25.0,2759.0,49.6,49.9,49.5,56.7
37596356,25637,1433.0,N. Takahashi Cendagorta,Japan,Almere City,Netherlands 2 - Eerste Divisie,Left Back,Defence,19.0,917.0,47.8,47.7,46.8,57.0
13156009,25601,28077.0,N. Tamás,Romania,Komárno,Slovakia 1 - Niké Liga,Right Wing,Attack,24.0,1667.0,44.3,43.9,44.3,44.5
11311804,25591,3643.0,N. Tekijaški,Serbia,Jablonec,Czech Republic 1 - Chance Liga,Centre Back,Defence,28.0,2966.0,47.2,46.8,48.3,55.9
37533537,25584,7684.0,N. Tepšić,Croatia,Varaždin,Croatia 1 - 1. HNL,Centre Back,Defence,23.0,1126.0,50.0,49.7,48.8,51.1
37624308,25536,293.0,N. Teye Nartey,Denmark,Brøndby IF,Denmark 1 - Superliga,Attacking Midfield,Midfield,19.0,1154.0,54.0,53.5,53.9,55.0
537487,25567,2673.0,N. Tiknizyan,Armenia,Crvena Zvezda,Serbia 1 - Super Liga,Left Back,Defence,26.0,1595.0,54.8,54.2,53.8,56.2
23269804,25599,6067.0,N. Titkov,Russia,Baltika Kaliningrad,Russia 1 - Premier League,Central Midfield,Midfield,24.0,1820.0,48.9,48.8,49.4,47.3
37257611,25637,669.0,N. Tjoe-A-On,Netherlands,Willem II,Netherlands 2 - Eerste Divisie,Left Back,Defence,23.0,2696.0,49.0,49.5,49.3,53.0
128508,25567,6662.0,N. Tomović,Serbia,Čukarički,Serbia 1 - Super Liga,Centre Back,Defence,37.0,2417.0,50.5,50.6,51.5,45.0
37544405,25600,340.0,N. Tresoldi,Germany,Club Brugge,Belgium 1 - Pro League,Centre Forward,Attack,20.0,2500.0,57.1,57.0,57.2,55.4
37691462,25567,2736.0,N. Trifunović,Serbia,Partizan,Serbia 1 - Super Liga,Left Wing,Attack,21.0,1717.0,50.9,51.0,51.2,50.0
37568512,25637,3115.0,N. Twisk,Netherlands,Jong AZ,Netherlands 2 - Eerste Divisie,Defensive Midfield,Midfield,22.0,2659.0,48.8,49.1,50.7,43.5
2816255,25599,2712.0,N. Umyarov,Russia,Spartak Moskva,Russia 1 - Premier League,Defensive Midfield,Midfield,25.0,2599.0,55.6,56.9,58.1,52.8
20694538,25536,293.0,N. Vallys,Denmark,Brøndby IF,Denmark 1 - Superliga,Left Wing,Attack,28.0,2553.0,51.4,51.4,51.4,50.1
26966,25637,822.0,N. Venema,Netherlands,FC Dordrecht,Netherlands 2 - Eerste Divisie,Right Wing,Attack,26.0,2103.0,51.4,51.3,51.1,41.1
37719386,25637,2971.0,N. Verkooijen,Belgium,Jong PSV,Netherlands 2 - Eerste Divisie,Attacking Midfield,Midfield,18.0,1863.0,49.2,48.9,49.5,45.4
37711755,25597,2396.0,N. Verschuren,Netherlands,FC Volendam,Netherlands 1 - Eredivisie,Centre Back,Defence,20.0,2676.0,47.5,46.5,47.9,46.4
537935,25597,750.0,N. Vesterlund,Denmark,FC Utrecht,Netherlands 1 - Eredivisie,Right Back,Defence,26.0,1464.0,45.4,45.3,46.1,49.6
37607181,25567,28029.0,N. Vidojević,Serbia,Železničar Pančevo,Serbia 1 - Super Liga,Centre Back,Defence,21.0,1581.0,51.4,52.3,51.7,51.6
37656166,25637,2755.0,N. Viereck,Netherlands,Jong FC Utrecht,Netherlands 2 - Eerste Divisie,Centre Back,Defence,21.0,2358.0,48.4,47.9,49.2,46.4
24032,25597,750.0,N. Viergever,Netherlands,FC Utrecht,Netherlands 1 - Eredivisie,Centre Back,Defence,36.0,1827.0,49.4,49.2,48.7,48.0
26313873,25607,468.0,N. Vouilloz,Switzerland,Basel,Switzerland 1 - Super League,Centre Back,Defence,24.0,2380.0,53.3,53.6,52.7,54.3
3063,25649,115.0,N. Wells,Bermuda,Luton Town,England 3 - League One,Centre Forward,Attack,35.0,2193.0,48.2,48.4,47.9,44.8
349970,25653,3787.0,N. Wimmer,Austria,Wolfsberger AC,Austria 1 - Admiral Bundesliga,Centre Back,Defence,30.0,2790.0,55.0,56.0,54.8,56.2
37262442,25535,890.0,N. Wojtuszek,Poland,Jagiellonia Białystok,Poland 1 - Ekstraklasa,Right Back,Defence,23.0,2415.0,51.7,51.5,50.0,58.4
3188067,25648,65.0,N. Wood-Gordon,England,Southampton,England 2 - Championship,Centre Back,Defence,23.0,2690.0,50.8,50.1,52.1,49.4
37649604,25653,3678.0,N. Wurmbrand,Austria,SK Rapid,Austria 1 - Admiral Bundesliga,Right Wing,Attack,19.0,2026.0,48.7,49.8,49.0,50.5
37576589,25658,1174.0,N. Zahui,France,Grenoble Foot 38,France 2 - Ligue 2,Right Wing,Attack,22.0,1682.0,48.3,48.2,47.0,57.9
37668465,25567,28029.0,N. Zečević,Serbia,Železničar Pančevo,Serbia 1 - Super Liga,Centre Back,Defence,21.0,903.0,47.8,47.9,47.3,53.3
37907681,25637,94.0,N. Zonneveld,Netherlands,Vitesse,Netherlands 2 - Eerste Divisie,Left Wing,Attack,19.0,1336.0,52.2,51.4,52.3,55.9
4545390,25745,35867.0,N. Zoubdi Touaizi,Morocco,Alverca,Portugal 1 - Liga Portugal,Right Midfield,Midfield,24.0,2818.0,52.2,53.1,51.7,48.3
99039,25682,3702.0,N. da Costa Jóia,Cape Verde,İstanbul Başakşehir,Türkiye 1 - Super Lig,Centre Forward,Attack,34.0,907.0,53.8,54.1,54.1,65.5
37579740,25637,2385.0,N. de Groot,Netherlands,FC Den Bosch,Netherlands 2 - Eerste Divisie,Left Back,Defence,23.0,3231.0,44.0,43.9,44.1,43.6
177345,25567,230490.0,N. Ćirković,Serbia,Mladost Lučani,Serbia 1 - Super Liga,Centre Back,Defence,33.0,2861.0,43.9,43.0,44.0,49.1
37602299,25567,2707.0,N. Đokić,Serbia,Javor Ivanjica,Serbia 1 - Super Liga,Centre Back,Defence,26.0,1578.0,52.2,51.8,50.1,40.2
37445315,25567,28029.0,N. Đuričić,Serbia,Železničar Pančevo,Serbia 1 - Super Liga,Left Back,Defence,25.0,2575.0,53.8,53.3,51.5,55.7
1481604,25759,2934.0,N. Šipčić,Montenegro,Asteras Tripolis,Greece 1 - Super League,Centre Back,Defence,30.0,1886.0,46.2,45.8,45.8,43.0
84453,26164,522.0,O. Abildgaard,Denmark,Sampdoria,Italy 2 - Serie B,Defensive Midfield,Midfield,29.0,2468.0,47.7,48.1,48.1,63.7
37337095,25662,8644.0,O. Abuhav,Israel,Bnei Sakhnin,Israel 1 - Ligat ha'Al,Central Midfield,Midfield,21.0,1608.0,46.7,46.1,46.2,43.2
38205101,25637,94.0,O. Achouitar,Netherlands,Vitesse,Netherlands 2 - Eerste Divisie,Centre Back,Defence,20.0,2063.0,53.3,53.4,53.9,45.5
34408115,25759,2934.0,O. Adefunyibomi,Nigeria,Asteras Tripolis,Greece 1 - Super League,Defensive Midfield,Midfield,25.0,1681.0,46.7,46.6,50.4,49.5
37626598,25600,2641.0,O. Adewumi,Austria,Cercle Brugge,Belgium 1 - Pro League,Attacking Midfield,Midfield,20.0,1600.0,45.8,45.9,48.4,44.5
37531158,25597,1016.0,O. Aertssen,Netherlands,PEC Zwolle,Netherlands 1 - Eredivisie,Right Back,Defence,21.0,1857.0,48.5,48.9,49.2,54.6
17195474,25662,3229.0,O. Agbadish,Israel,Hapoel Jerusalem,Israel 1 - Ligat ha'Al,Right Back,Defence,24.0,1830.0,48.3,47.9,47.7,48.9
37593165,25637,2755.0,O. Agougil,Netherlands,Jong FC Utrecht,Netherlands 2 - Eerste Divisie,Defensive Midfield,Midfield,20.0,2397.0,53.9,54.2,52.0,48.4
37592404,25662,3229.0,O. Almagor,Israel,Hapoel Jerusalem,Israel 1 - Ligat ha'Al,Left Wing,Attack,23.0,1420.0,47.9,47.8,46.0,53.0
125145,25662,6963.0,O. Altman,Israel,Hapoel Tel Aviv,Israel 1 - Ligat ha'Al,Secondary Striker,Attack,31.0,1259.0,52.9,53.1,52.2,52.2
37559762,25648,21.0,O. Arblaster,England,Sheffield United,England 2 - Championship,Central Midfield,Midfield,21.0,903.0,53.6,53.7,53.0,55.9
124915,25662,589.0,O. Atzili,Israel,Beitar Jerusalem,Israel 1 - Ligat ha'Al,Right Wing,Attack,32.0,2486.0,51.5,51.2,52.7,44.2
3861333,25649,235.0,O. Bailey,England,Doncaster Rovers,England 3 - League One,Defensive Midfield,Midfield,26.0,4140.0,44.7,43.9,43.5,48.1
14685080,25649,249.0,O. Bailey,England,Stockport County,England 3 - League One,Attacking Midfield,Midfield,25.0,3060.0,46.6,45.1,47.3,48.3
37356247,25584,8082.0,O. Bakić,Montenegro,Gorica,Croatia 1 - 1. HNL,Central Midfield,Midfield,22.0,1110.0,46.6,46.1,47.7,48.1
81627,25662,6810.0,O. Bačo,Czech Republic,Ironi Tiberias,Israel 1 - Ligat ha'Al,Centre Back,Defence,29.0,2047.0,46.2,45.6,46.9,44.7
12445,25649,294.0,O. Beckles,Grenada,Leyton Orient,England 3 - League One,Centre Back,Defence,33.0,1839.0,46.2,46.4,46.1,52.4
22136633,25662,6961.0,O. Benbenishti,Israel,Ironi Kiryat Shmona,Israel 1 - Ligat ha'Al,Defensive Midfield,Midfield,25.0,1499.0,44.9,44.6,44.8,51.1
165760,25641,9426.0,O. Bic,Romania,Universitatea Cluj,Romania 1 - Superliga,Central Midfield,Midfield,31.0,2682.0,49.4,49.3,48.7,56.5
37505275,25662,4136.0,O. Bilu,Israel,Maccabi Netanya,Israel 1 - Ligat ha'Al,Secondary Striker,Attack,24.0,2133.0,52.1,52.0,52.0,45.7
22136672,25662,2495.0,O. Biton,Israel,Hapoel Haifa,Israel 1 - Ligat ha'Al,Attacking Midfield,Midfield,25.0,1293.0,50.4,49.6,48.5,46.4
25930173,25662,516.0,O. Blorian,Israel,Hapoel Be'er Sheva,Israel 1 - Ligat ha'Al,Centre Back,Defence,25.0,2940.0,54.9,56.2,53.9,55.4
85943,25536,2933.0,O. Buch,Denmark,Fredericia,Denmark 1 - Superliga,Right Wing,Attack,28.0,1358.0,48.1,48.0,49.5,52.0
32567,25682,3702.0,O. Bulut,Germany,İstanbul Başakşehir,Türkiye 1 - Super Lig,Right Back,Defence,31.0,971.0,50.6,50.7,51.0,53.2
529419,25735,2412.0,O. Busquets Mas,Spain,KAS Eupen,Belgium 2 - Challenger Pro League,Defensive Midfield,Midfield,26.0,1087.0,46.4,46.7,49.0,48.2
84448,25636,2650.0,O. Buur,Denmark,Lyngby Boldklub,Denmark 2 - First Division,Right Back,Defence,27.0,1900.0,48.0,48.0,47.2,42.1
30875515,25673,10008.0,O. Camara,Guinea,Castellón,Spain 2 - La Liga 2,Centre Forward,Attack,23.0,2465.0,51.0,50.9,51.1,47.2
37723169,25745,830.0,O. Camara,France,Vitória Guimarães,Portugal 1 - Liga Portugal,Left Wing,Attack,18.0,1506.0,51.4,50.7,51.4,50.8
37341859,25535,3191.0,O. Capemba,Angola,Radomiak Radom,Poland 1 - Ekstraklasa,Left Wing,Attack,23.0,1322.0,49.1,48.7,51.1,47.8
37374545,25649,28.0,O. Casey,England,Blackpool,England 3 - League One,Centre Back,Defence,24.0,3807.0,45.9,45.0,45.5,54.1
18737,25649,301.0,O. Chaaban,Lebanon,AFC Wimbledon,England 3 - League One,Centre Forward,Attack,31.0,2005.0,46.3,46.5,46.6,61.2
37591117,26164,6947.0,O. Correia,France,Juve Stabia,Italy 2 - Serie B,Defensive Midfield,Midfield,25.0,3053.0,47.6,46.3,46.5,50.7
197928,25607,2357.0,O. Custodio Da Costa,Switzerland,Lausanne Sport,Switzerland 1 - Super League,Defensive Midfield,Midfield,30.0,2539.0,50.2,49.9,50.8,43.0
13965,25649,110.0,O. Dale,England,Plymouth Argyle,England 3 - League One,Right Wing,Attack,26.0,1885.0,46.3,46.1,45.5,54.7
459242,25662,6961.0,O. Darwish,Israel,Ironi Kiryat Shmona,Israel 1 - Ligat ha'Al,Right Back,Defence,26.0,2587.0,46.6,46.3,46.4,40.2
9939173,25662,2997.0,O. Davida,Israel,Maccabi Tel Aviv,Israel 1 - Ligat ha'Al,Right Wing,Attack,24.0,1475.0,51.1,51.3,51.4,48.4
37656174,25601,2798.0,O. Deml,Czech Republic,Podbrezová,Slovakia 1 - Niké Liga,Right Midfield,Midfield,20.0,1287.0,48.1,47.2,48.1,44.4
20692335,25648,10.0,O. Diakite,Mali,West Bromwich Albion,England 2 - Championship,Defensive Midfield,Midfield,25.0,2403.0,51.2,51.2,50.8,56.7
37592951,25600,2641.0,O. Diakité,Ivory Coast,Cercle Brugge,Belgium 1 - Pro League,Centre Forward,Attack,21.0,1426.0,52.3,52.4,53.0,50.0
37679599,25536,939.0,O. Diao,Senegal,FC Midtjylland,Denmark 1 - Superliga,Centre Back,Defence,21.0,1686.0,54.9,54.3,55.7,53.3
37251789,25653,3949.0,O. Diawara,Mali,Rheindorf Altach,Austria 1 - Admiral Bundesliga,Centre Forward,Attack,25.0,1813.0,46.4,46.6,46.1,48.6
37618570,25745,58.0,O. Diomande,Ivory Coast,Sporting CP,Portugal 1 - Liga Portugal,Centre Back,Defence,21.0,1297.0,61.2,62.5,60.2,55.4
37697380,25735,3239.0,O. Diouf,Senegal,RFC Liège,Belgium 2 - Challenger Pro League,Centre Forward,Attack,22.0,1506.0,47.6,47.8,48.0,42.5
139186,25591,216.0,O. Dorley,Liberia,Slavia Praha,Czech Republic 1 - Chance Liga,Central Midfield,Midfield,26.0,1234.0,52.2,52.9,52.9,54.3
37577436,25735,8307.0,O. Dumont,Belgium,RWDM Brussels,Belgium 2 - Challenger Pro League,Central Midfield,Midfield,23.0,1621.0,47.8,47.1,46.9,51.7
537108,25648,117.0,O. Frank,Nigeria,Coventry City,England 2 - Championship,Central Midfield,Midfield,27.0,1025.0,52.5,52.5,52.4,60.2
37696103,25745,12152.0,O. Galdino Fernandes,Brazil,Estrela Amadora,Portugal 1 - Liga Portugal,Centre Back,Defence,19.0,1373.0,48.3,47.5,48.3,57.1
37260189,25600,2402.0,O. Gandelman,Israel,Gent,Belgium 1 - Pro League,Attacking Midfield,Midfield,25.0,1428.0,48.4,48.4,48.9,50.0
37583864,25597,629.0,O. Gloukh,Israel,Ajax,Netherlands 1 - Eredivisie,Attacking Midfield,Midfield,21.0,1559.0,57.3,57.3,57.5,47.5
37723662,25536,390.0,O. Hyseni,Denmark,Sønderjyske Fodbold,Denmark 1 - Superliga,Left Wing,Attack,18.0,1652.0,52.3,52.8,52.2,55.9
3066,25648,22.0,O. Ibidapo Ajayi,Nigeria,Hull City,England 2 - Championship,Centre Back,Defence,31.0,1833.0,51.1,50.9,50.6,53.9
37718994,25607,2357.0,O. Janneh Susso,Spain,Lausanne Sport,Switzerland 1 - Super League,Centre Forward,Attack,18.0,1137.0,54.6,54.4,55.3,47.0
37599456,25597,1053.0,O. Johansen Braude,Norway,SC Heerenveen,Netherlands 1 - Eredivisie,Right Back,Defence,21.0,2910.0,52.6,52.3,51.8,53.9
37731365,25607,3091.0,O. Kabwit tshikomb,DR Congo,Luzern,Switzerland 1 - Super League,Right Wing,Attack,20.0,1244.0,54.9,54.3,55.7,43.3
84624,25535,1069.0,O. Kakabadze,Georgia,Cracovia Kraków,Poland 1 - Ekstraklasa,Right Back,Defence,30.0,1068.0,47.7,49.4,50.0,51.8
6640,25601,227584.0,O. Kakay,Sierra Leone,FK Košice,Slovakia 1 - Niké Liga,Right Back,Defence,27.0,1652.0,47.8,48.6,48.6,45.9
432729,25658,1838.0,O. Kanté,Guinea,Pau,France 2 - Ligue 2,Centre Back,Defence,35.0,1052.0,47.6,46.9,47.0,53.0
80890,25591,187.0,O. Karafiát,Czech Republic,Mladá Boleslav,Czech Republic 1 - Chance Liga,Centre Back,Defence,30.0,1241.0,54.8,55.2,55.0,49.2
37583510,25649,69.0,O. Kellyman,England,Cardiff City,England 3 - League One,Attacking Midfield,Midfield,19.0,2123.0,47.7,46.7,49.7,56.9
4546,25682,3702.0,O. Kemen,Cameroon,İstanbul Başakşehir,Türkiye 1 - Super Lig,Central Midfield,Midfield,29.0,2300.0,54.9,55.2,55.7,49.5
106505,25653,3357.0,O. Kiteishvili,Georgia,Sturm Graz,Austria 1 - Admiral Bundesliga,Attacking Midfield,Midfield,29.0,2020.0,53.3,54.7,54.1,50.1
84554,25636,8657.0,O. Kjærgaard,Denmark,Hvidovre,Denmark 2 - First Division,Left Wing,Attack,27.0,2031.0,47.8,47.3,46.8,50.8
16120893,25636,1703.0,O. Klitten,Denmark,Hobro,Denmark 2 - First Division,Central Midfield,Midfield,25.0,2856.0,47.1,47.2,47.0,42.5
37676046,25636,1371.0,O. Kolawole,Nigeria,Esbjerg,Denmark 2 - First Division,Central Midfield,Midfield,20.0,1203.0,46.7,46.7,47.6,49.0
37643753,25591,3269.0,O. Kricfalusi,Czech Republic,Baník Ostrava,Czech Republic 1 - Chance Liga,Defensive Midfield,Midfield,21.0,2293.0,54.9,56.1,55.9,57.7
37706450,25567,2707.0,O. Krsmanovic,Serbia,Javor Ivanjica,Serbia 1 - Super Liga,Centre Forward,Attack,20.0,979.0,46.9,46.7,46.0,46.8
380967,25662,229320.0,O. Kwabena,Ghana,Maccabi Bnei Raina,Israel 1 - Ligat ha'Al,Left Wing,Attack,28.0,1095.0,48.2,49.8,49.9,51.2
37613951,25735,1674.0,O. Kébé,France,RFC Seraing,Belgium 2 - Challenger Pro League,Left Back,Defence,22.0,1480.0,44.0,43.7,43.3,41.2
1478312,25597,2396.0,O. Kökcü,Azerbaijan,FC Volendam,Netherlands 1 - Eredivisie,Attacking Midfield,Midfield,26.0,1588.0,48.2,45.5,47.6,45.8
4545376,25682,554.0,O. Kökçü,Türkiye,Beşiktaş,Türkiye 1 - Super Lig,Central Midfield,Midfield,24.0,2485.0,61.7,62.1,61.0,46.1
12016859,25636,211.0,O. Lekven Kolskogen,Norway,Horsens,Denmark 2 - First Division,Centre Back,Defence,24.0,1991.0,42.2,40.8,41.8,45.8
37642097,25535,2482.0,O. Leśniak,Poland,Piast Gliwice,Poland 1 - Ekstraklasa,Attacking Midfield,Midfield,20.0,970.0,50.3,48.7,49.2,52.3
32031884,25601,6615.0,O. Luteran,Slovakia,Ružomberok,Slovakia 1 - Niké Liga,Central Midfield,Midfield,23.0,1989.0,45.8,46.1,46.0,58.9
37672471,25648,25.0,O. Maamma,Morocco,Watford,England 2 - Championship,Right Wing,Attack,19.0,1640.0,53.1,54.1,54.5,57.7
435657,25600,6722.0,O. Maes,France,La Louvière,Belgium 1 - Pro League,Attacking Midfield,Midfield,26.0,1276.0,47.9,48.5,48.6,54.6
37597391,25641,9426.0,O. Mahmoud El Sawy,Romania,Universitatea Cluj,Romania 1 - Superliga,Right Wing,Attack,21.0,1208.0,48.4,48.6,48.2,50.8
4746,25648,22.0,O. McBurnie,Scotland,Hull City,England 2 - Championship,Centre Forward,Attack,29.0,3176.0,55.1,55.1,55.2,57.4
27440420,25598,314.0,O. McEntee,Republic of Ireland,Hearts,Scotland 1 - Premiership,Defensive Midfield,Midfield,24.0,2046.0,48.5,48.8,46.0,52.9
6599979,25652,3647.0,O. Meier,Germany,Preußen Münster,Germany 2 - 2. Bundesliga,Attacking Midfield,Midfield,24.0,2172.0,51.3,51.6,51.1,41.1
37308090,25600,6722.0,O. Mendy,France,La Louvière,Belgium 1 - Pro League,Left Wing,Attack,24.0,930.0,47.6,48.2,46.2,49.9
37308090,25641,9426.0,O. Mendy,France,Universitatea Cluj,Romania 1 - Superliga,Left Wing,Attack,24.0,965.0,49.1,48.8,49.5,55.8
80638,25591,3552.0,O. Mihálik,Czech Republic,Hradec Králové,Czech Republic 1 - Chance Liga,Centre Forward,Attack,28.0,1182.0,52.1,51.5,52.9,47.2
165702,25641,7773.0,O. Moruţan,Romania,Rapid Bucuresti,Romania 1 - Superliga,Right Wing,Attack,26.0,1195.0,51.8,53.1,51.2,50.7
174199,25649,17.0,O. Moxon,England,Wigan Athletic,England 3 - League One,Central Midfield,Midfield,27.0,991.0,46.2,45.9,46.9,46.1
174199,25649,249.0,O. Moxon,England,Stockport County,England 3 - League One,Central Midfield,Midfield,27.0,1010.0,48.0,47.9,48.3,54.6
37719051,25673,103.0,O. Naasei Oppong,Ghana,Granada,Spain 2 - La Liga 2,Centre Back,Defence,20.0,2790.0,49.3,48.0,48.5,42.9
537818,25662,3229.0,O. Nadir,Israel,Hapoel Jerusalem,Israel 1 - Ligat ha'Al,Left Back,Defence,26.0,2409.0,47.8,47.3,46.4,43.0
5319,25682,554.0,O. Ndidi,Nigeria,Beşiktaş,Türkiye 1 - Super Lig,Defensive Midfield,Midfield,28.0,2001.0,50.1,49.7,51.1,61.5
37416813,25599,3578.0,O. Ndong,Senegal,Akhmat Grozny,Russia 1 - Premier League,Centre Back,Defence,25.0,1927.0,47.1,46.2,49.4,47.1
30446987,25600,3958.0,O. Niang,Senegal,Union Saint-Gilloise,Belgium 1 - Pro League,Left Midfield,Midfield,23.0,1611.0,53.0,51.6,52.3,52.8
2321,25649,249.0,O. Norwood,Northern Ireland,Stockport County,England 3 - League One,Central Midfield,Midfield,34.0,3917.0,56.0,55.5,54.8,51.4
28912765,25649,294.0,O. O'Neill,England,Leyton Orient,England 3 - League One,Left Wing,Attack,22.0,2392.0,48.8,48.6,47.5,49.3
37259188,25648,99.0,O. Offiah,England,Preston North End,England 2 - Championship,Centre Back,Defence,22.0,2823.0,52.4,51.0,49.3,52.5
5283381,25536,2356.0,O. Olsen,Denmark,Randers FC,Denmark 1 - Superliga,Right Back,Defence,24.0,1464.0,51.3,51.6,50.5,58.0
5283381,25652,999.0,O. Olsen,Denmark,VfL Bochum 1848,Germany 2 - 2. Bundesliga,Right Back,Defence,24.0,994.0,51.1,51.0,51.1,61.3
37341887,25599,11364.0,O. Olusegun,Nigeria,FK Nizjni Novgorod,Russia 1 - Premier League,Left Wing,Attack,23.0,1998.0,48.6,49.3,49.0,47.7
37627119,25649,110.0,O. Oseni,Republic of Ireland,Plymouth Argyle,England 3 - League One,Centre Forward,Attack,22.0,1184.0,49.5,49.7,50.1,44.7
14328977,25641,11711.0,O. Pašagić,Bosnia and Herzegovina,Metaloglobus,Romania 1 - Superliga,Centre Back,Defence,27.0,1468.0,48.2,47.8,48.1,38.2
537274,25584,7920.0,O. Petrusenko,Ukraine,Osijek,Croatia 1 - 1. HNL,Defensive Midfield,Midfield,27.0,1484.0,48.7,48.5,51.6,49.7
37721104,25535,890.0,O. Pietuszewski,Poland,Jagiellonia Białystok,Poland 1 - Ekstraklasa,Left Wing,Attack,17.0,1074.0,51.6,51.2,52.4,53.3
253683,25759,781.0,O. Pineda Alvarado,Mexico,AEK Athens,Greece 1 - Super League,Central Midfield,Midfield,29.0,2479.0,55.0,55.3,54.8,59.4
181096,25601,8224.0,O. Podhorin,Slovakia,Skalica,Slovakia 1 - Niké Liga,Centre Back,Defence,33.0,922.0,43.8,43.1,44.5,44.7
6642510,25745,6377.0,O. Pohlmann,Germany,Rio Ave,Portugal 1 - Liga Portugal,Attacking Midfield,Midfield,24.0,1729.0,49.1,47.4,49.4,50.7
37531908,25641,3444.0,O. Popescu,Romania,FCSB,Romania 1 - Superliga,Left Wing,Attack,22.0,1049.0,55.4,55.0,55.0,57.9
37562138,25598,309.0,O. Priestman,Australia,Motherwell,Scotland 1 - Premiership,Central Midfield,Midfield,22.0,1097.0,51.5,51.8,50.7,48.0
37697417,25637,1073.0,O. Raterink,Netherlands,De Graafschap,Netherlands 2 - Eerste Divisie,Right Back,Defence,19.0,1823.0,47.9,48.3,48.1,52.4
9798,25648,283.0,O. Rathbone,England,Wrexham,England 2 - Championship,Central Midfield,Midfield,28.0,1164.0,50.9,50.2,50.6,62.3
38201790,25637,320.0,O. Renfrum,Netherlands,FC Eindhoven,Netherlands 2 - Eerste Divisie,Centre Back,Defence,18.0,1541.0,45.8,43.9,44.9,53.7
3862672,25535,3270.0,O. Repka,Poland,Raków Częstochowa,Poland 1 - Ekstraklasa,Defensive Midfield,Midfield,26.0,2266.0,50.7,50.9,50.9,52.7
37289787,25745,830.0,O. Rivas Viondi,Spain,Vitória Guimarães,Portugal 1 - Liga Portugal,Centre Back,Defence,25.0,1620.0,54.1,54.6,54.9,51.3
1548650,25641,11676.0,O. Romanchuk,Ukraine,Universitatea Craiova,Romania 1 - Superliga,Centre Back,Defence,25.0,2746.0,52.2,52.9,53.9,50.4
37590383,25636,1020.0,O. Ross,Denmark,Aalborg BK,Denmark 2 - First Division,Left Wing,Attack,20.0,975.0,49.8,49.6,49.6,44.5
32031895,25601,28077.0,O. Rudzan,Czech Republic,Komárno,Slovakia 1 - Niké Liga,Left Back,Defence,27.0,2278.0,46.8,46.6,47.2,48.8
37662728,25658,1838.0,O. Sadik,Morocco,Pau,France 2 - Ligue 2,Centre Forward,Attack,21.0,1529.0,48.0,48.2,47.6,56.8
206006,25641,8132.0,O. Safronov,Ukraine,Unirea Slobozia,Romania 1 - Superliga,Centre Back,Defence,26.0,1755.0,43.4,42.5,43.6,44.6
27422475,25599,6564.0,O. Sako,Ivory Coast,Rostov,Russia 1 - Premier League,Centre Back,Defence,29.0,1701.0,49.1,49.9,49.6,54.6
101738,25658,1281.0,O. Sangante,Guinea-Bissau,Dunkerque,France 2 - Ligue 2,Centre Back,Defence,34.0,1776.0,59.3,61.5,60.0,49.7
37643592,25648,33.0,O. Schwartau,Denmark,Norwich City,England 2 - Championship,Attacking Midfield,Midfield,19.0,2063.0,50.5,48.4,51.7,54.3
37744511,25637,1435.0,O. Sjöstrand,Sweden,SC Cambuur,Netherlands 2 - Eerste Divisie,Left Wing,Attack,20.0,2447.0,51.2,50.8,51.2,47.5
540579,25648,42.0,O. Skipp,England,Leicester City,England 2 - Championship,Defensive Midfield,Midfield,24.0,2660.0,47.5,46.5,47.0,49.0
477009,25536,2394.0,O. Solbakken,Norway,Nordsjælland,Denmark 1 - Superliga,Right Wing,Attack,26.0,1171.0,51.1,50.5,52.8,40.4
37260000,25591,2727.0,O. Sonne,Peru,Sparta Praha,Czech Republic 1 - Chance Liga,Right Back,Defence,24.0,1093.0,52.6,52.0,53.0,46.1
37722917,25735,277379.0,O. Soroka,Ukraine,Jong Gent,Belgium 2 - Challenger Pro League,Defensive Midfield,Midfield,18.0,2268.0,49.6,49.6,48.8,43.1
37668391,25535,3781.0,O. Sow,France,Górnik Zabrze,Poland 1 - Ekstraklasa,Right Wing,Attack,25.0,1158.0,52.6,53.4,54.3,48.3
418124,25653,3569.0,O. Steurer,Germany,Ried,Austria 1 - Admiral Bundesliga,Centre Back,Defence,30.0,3150.0,48.2,47.8,48.6,45.3
37703449,25636,1276.0,O. Søe,Denmark,B 93,Denmark 2 - First Division,Centre Back,Defence,19.0,1440.0,48.5,49.1,48.9,47.7
37293781,25649,69.0,O. Tanner,England,Cardiff City,England 3 - League One,Right Wing,Attack,23.0,1973.0,53.9,52.6,51.7,46.8
37541437,25597,73.0,O. Targhalline,Morocco,Feyenoord,Netherlands 1 - Eredivisie,Defensive Midfield,Midfield,23.0,1908.0,57.1,57.8,53.6,60.1
201172,25682,688.0,O. Tufan,Türkiye,Trabzonspor,Türkiye 1 - Super Lig,Central Midfield,Midfield,30.0,1430.0,52.7,52.3,51.9,57.4
37722753,25567,2736.0,O. Ugresić,Serbia,Partizan,Serbia 1 - Super Liga,Central Midfield,Midfield,19.0,1885.0,50.8,50.6,50.9,50.7
37259994,25536,293.0,O. Villadsen,Denmark,Brøndby IF,Denmark 1 - Superliga,Right Back,Defence,23.0,1748.0,53.8,55.0,54.3,52.1
26620,25597,629.0,O. Wijndal,Netherlands,Ajax,Netherlands 1 - Eredivisie,Left Back,Defence,25.0,1354.0,50.5,50.5,50.4,52.6
37530466,25535,1069.0,O. Wójcik,Poland,Cracovia Kraków,Poland 1 - Ekstraklasa,Centre Back,Defence,21.0,2752.0,47.9,48.1,47.4,55.0
205946,25682,688.0,O. Zubkov,Ukraine,Trabzonspor,Türkiye 1 - Super Lig,Right Wing,Attack,29.0,2183.0,57.3,57.1,56.1,49.2
37298037,25682,4192.0,O. Özçiçek,Türkiye,Gaziantep F.K.,Türkiye 1 - Super Lig,Defensive Midfield,Midfield,26.0,1168.0,49.3,49.0,50.2,46.7
205067,25682,286.0,O. Ülgün,Türkiye,Gençlerbirliği,Türkiye 1 - Super Lig,Central Midfield,Midfield,27.0,1623.0,47.7,47.6,48.3,49.2
162179,25735,7085.0,O. Šarkić,Montenegro,OC Charleroi,Belgium 2 - Challenger Pro League,Attacking Midfield,Midfield,28.0,1291.0,47.5,49.7,45.6,46.5
37953970,25535,1228.0,Oskar Kubiak,,Arka Gdynia,Poland 1 - Ekstraklasa,Left Midfield,Midfield,,953.0,47.8,45.9,47.0,47.9
37585365,25591,3545.0,P. Adu,Ghana,Viktoria Plzeň,Czech Republic 1 - Chance Liga,Centre Forward,Attack,21.0,1559.0,51.9,51.5,52.8,51.1
37341869,25662,571.0,P. Agba,Nigeria,Maccabi Haifa,Israel 1 - Ligat ha'Al,Defensive Midfield,Midfield,22.0,1637.0,51.3,51.8,50.4,49.5
1109,25648,24.0,P. Agyemang,United States,Derby County,England 2 - Championship,Centre Forward,Attack,24.0,2765.0,51.1,51.1,51.6,53.4
37569765,25600,3958.0,P. Akinpelu,Canada,Union Saint-Gilloise,Belgium 1 - Pro League,Centre Forward,Attack,24.0,1517.0,53.7,53.3,54.5,53.0
38206179,25735,261625.0,P. Aliya N'dao,Senegal,RSCA Futures U23,Belgium 2 - Challenger Pro League,Left Wing,Attack,18.0,1473.0,45.0,44.8,45.5,44.5
129907,25682,286.0,P. Almeida Lopes Pereira,Portugal,Gençlerbirliği,Türkiye 1 - Super Lig,Right Back,Defence,27.0,2618.0,47.7,48.0,48.7,44.9
37921647,25536,2394.0,P. Amoako Junior,Ghana,Nordsjælland,Denmark 1 - Superliga,Left Wing,Attack,18.0,2370.0,50.9,52.0,51.8,43.5
52371,25536,2394.0,P. Ankersen,Denmark,Nordsjælland,Denmark 1 - Superliga,Right Back,Defence,34.0,2563.0,54.5,53.2,52.9,47.6
163886,25566,7926.0,P. Anton,Romania,Győri ETO,Hungary 1 - NB I,Central Midfield,Midfield,34.0,1182.0,58.7,59.6,58.2,45.9
4925836,25601,3283.0,P. Azango Elayo,Nigeria,Spartak Trnava,Slovakia 1 - Niké Liga,Left Wing,Attack,28.0,1321.0,46.0,45.5,46.3,44.6
1175,25648,21.0,P. Bamford,England,Sheffield United,England 2 - Championship,Centre Forward,Attack,31.0,1824.0,53.3,53.0,53.7,51.2
23697806,25535,3270.0,P. Baráth,Hungary,Raków Częstochowa,Poland 1 - Ekstraklasa,Defensive Midfield,Midfield,23.0,991.0,45.8,45.5,46.8,53.7
23697806,25591,3097.0,P. Baráth,Hungary,Sigma Olomouc,Czech Republic 1 - Chance Liga,Defensive Midfield,Midfield,23.0,1192.0,47.1,46.2,46.1,54.0
6231,25649,301.0,P. Bauer,Germany,AFC Wimbledon,England 3 - League One,Centre Back,Defence,32.0,1239.0,44.8,45.6,42.4,64.2
540219,26164,345.0,P. Beruatto,Italy,Spezia,Italy 2 - Serie B,Left Back,Defence,26.0,2051.0,53.6,53.1,54.2,52.7
6087,25536,939.0,P. Billing,Denmark,FC Midtjylland,Denmark 1 - Superliga,Central Midfield,Midfield,29.0,1568.0,53.1,52.8,52.9,64.8
182146,25591,234.0,P. Blahút,Slovakia,Slovácko,Czech Republic 1 - Chance Liga,Right Midfield,Midfield,27.0,2450.0,45.9,45.0,46.3,43.3
177599,25567,230490.0,P. Bojić,Serbia,Mladost Lučani,Serbia 1 - Super Liga,Right Wing,Attack,33.0,1976.0,45.5,45.4,46.0,45.9
37549776,25745,3161.0,P. Bondo Francisco,Angola,Famalicão,Portugal 1 - Liga Portugal,Left Back,Defence,20.0,1178.0,53.3,52.7,51.6,49.9
37567325,25536,939.0,P. Bravo Landazuri,Colombia,FC Midtjylland,Denmark 1 - Superliga,Central Midfield,Midfield,20.0,1924.0,48.9,48.7,48.6,55.0
37579663,25597,1459.0,P. Brittijn,Netherlands,Fortuna Sittard,Netherlands 1 - Eredivisie,Central Midfield,Midfield,21.0,2409.0,46.2,45.7,45.6,52.2
37395414,25597,1550.0,P. Brouwer,Netherlands,Telstar,Netherlands 1 - Eredivisie,Attacking Midfield,Midfield,24.0,2298.0,48.7,48.0,47.9,46.9
37714620,25673,9818.0,P. Canales Urtasun,Spain,Racing Santander,Spain 2 - La Liga 2,Attacking Midfield,Midfield,20.0,2857.0,55.6,55.7,55.1,49.7
4927,25759,57.0,P. Chirivella Burgos,Spain,Panathinaikos,Greece 1 - Super League,Defensive Midfield,Midfield,28.0,1585.0,55.8,56.9,56.7,46.8
132539,26164,1628.0,P. Ciurria,Italy,Monza,Italy 2 - Serie B,Right Midfield,Midfield,30.0,1600.0,52.2,51.7,54.1,39.5
26747,25597,919.0,P. Clement,Netherlands,Sparta Rotterdam,Netherlands 1 - Eredivisie,Central Midfield,Midfield,29.0,1608.0,49.5,49.2,49.8,49.6
433255,25662,571.0,P. Cornud,France,Maccabi Haifa,Israel 1 - Ligat ha'Al,Left Back,Defence,28.0,1075.0,53.8,54.1,54.3,50.1
163907,25759,9848.0,P. Costa Álvaro,Portugal,Aris,Greece 1 - Super League,Centre Back,Defence,25.0,1350.0,48.9,48.7,48.9,55.1
133805,26164,1628.0,P. Cutrone,Italy,Monza,Italy 2 - Serie B,Centre Forward,Attack,27.0,1349.0,52.8,52.9,52.8,46.0
37616895,25653,3678.0,P. Dahl,Norway,SK Rapid,Austria 1 - Admiral Bundesliga,Left Wing,Attack,21.0,1406.0,54.6,54.9,54.4,53.1
55485,25648,42.0,P. Daka,Zambia,Leicester City,England 2 - Championship,Centre Forward,Attack,26.0,2086.0,51.5,52.0,50.6,50.1
6306138,25535,302.0,P. Delgado,Spain,Lech Poznań,Poland 1 - Ekstraklasa,Attacking Midfield,Midfield,23.0,1648.0,48.0,48.1,48.4,54.0
108988,25759,2934.0,P. Deligiannidis,Greece,Asteras Tripolis,Greece 1 - Super League,Right Back,Defence,28.0,1205.0,46.7,47.1,47.8,47.5
132942,26164,1628.0,P. Dentello Azzi,Brazil,Monza,Italy 2 - Serie B,Left Midfield,Midfield,31.0,3198.0,53.1,52.5,51.8,52.4
37717195,25658,1281.0,P. Diongu,Senegal,Dunkerque,France 2 - Ligue 2,Defensive Midfield,Midfield,19.0,1434.0,48.3,47.5,47.2,54.9
47282,25607,3091.0,P. Dorn,Germany,Luzern,Switzerland 1 - Super League,Right Back,Defence,28.0,2679.0,51.4,51.0,51.4,46.8
37701806,25641,8132.0,P. Dulcea,Romania,Unirea Slobozia,Romania 1 - Superliga,Attacking Midfield,Midfield,20.0,1377.0,49.8,47.7,49.2,48.8
155682,25535,2482.0,P. Dziczek,Poland,Piast Gliwice,Poland 1 - Ekstraklasa,Defensive Midfield,Midfield,27.0,2880.0,54.7,56.4,55.2,47.5
33930,25566,2566.0,P. Dárdai,Hungary,Puskás,Hungary 1 - NB I,Right Wing,Attack,26.0,1250.0,48.2,47.7,48.2,45.2
37518783,26164,6911.0,P. Enrici,Italy,Avellino,Italy 2 - Serie B,Centre Back,Defence,24.0,2135.0,50.1,49.4,50.6,46.2
28575652,25636,8630.0,P. Estrada,Austria,Kolding IF,Denmark 2 - First Division,Centre Back,Defence,23.0,1080.0,46.2,46.0,46.5,45.3
37716028,25600,6722.0,P. Fall,Senegal,La Louvière,Belgium 1 - Pro League,Centre Forward,Attack,21.0,1262.0,51.7,51.2,51.8,59.0
159725,25641,803.0,P. Fernandes Ferreira,Portugal,Otelul,Romania 1 - Superliga,Attacking Midfield,Midfield,30.0,1622.0,50.5,51.2,50.1,47.3
20694845,26164,249160.0,P. Fusi,Italy,Calcio Padova,Italy 2 - Serie B,Central Midfield,Midfield,27.0,2631.0,49.1,49.1,49.3,54.1
36609,25652,3114.0,P. Förster,Germany,Karlsruher SC,Germany 2 - 2. Bundesliga,Attacking Midfield,Midfield,30.0,1659.0,50.3,50.1,49.8,49.1
37589553,25673,2921.0,P. García Mejías,Spain,Las Palmas,Spain 2 - La Liga 2,Right Wing,Attack,22.0,2166.0,48.8,48.7,49.8,47.1
162880,25745,1198.0,P. Gaspar Amaral,Portugal,Estoril,Portugal 1 - Liga Portugal,Left Back,Defence,27.0,1854.0,49.0,48.3,48.1,49.1
62328,25600,2641.0,P. Gerkens,Belgium,Cercle Brugge,Belgium 1 - Pro League,Attacking Midfield,Midfield,30.0,2833.0,47.3,48.2,47.3,49.5
7054,25597,1459.0,P. Gladon,Netherlands,Fortuna Sittard,Netherlands 1 - Eredivisie,Centre Forward,Attack,33.0,964.0,53.4,53.4,53.0,64.1
37316517,25673,361.0,P. Gonzalez Carmona,Spain,Real Valladolid,Spain 2 - La Liga 2,Right Wing,Attack,23.0,2516.0,49.6,49.7,50.1,49.9
23688862,25745,4092.0,P. Gozalbez Gilabert,Spain,Arouca,Portugal 1 - Liga Portugal,Attacking Midfield,Midfield,24.0,1064.0,53.9,54.9,52.6,58.5
23278666,25658,7047.0,P. Gozzi Iweru,Italy,Troyes,France 2 - Ligue 2,Centre Back,Defence,24.0,1257.0,48.7,48.5,50.6,46.3
608126,25653,3949.0,P. Greil,Austria,Rheindorf Altach,Austria 1 - Admiral Bundesliga,Left Wing,Attack,28.0,2289.0,49.3,49.6,50.7,44.3
37508678,25600,1087.0,P. Guiagon,Ivory Coast,Sporting Charleroi,Belgium 1 - Pro League,Left Wing,Attack,24.0,2558.0,54.6,54.9,55.5,53.1
17894388,25682,1071.0,P. Guèye,Senegal,Kasımpaşa,Türkiye 1 - Super Lig,Centre Forward,Attack,25.0,1552.0,48.2,47.7,48.1,52.7
37266227,25652,3611.0,P. Harres,Germany,Holstein Kiel,Germany 2 - 2. Bundesliga,Centre Forward,Attack,23.0,2205.0,50.0,50.1,49.5,46.6
26719,25536,85.0,P. Hatzidiakos,Greece,FC København,Denmark 1 - Superliga,Centre Back,Defence,28.0,2176.0,58.4,60.1,59.0,46.8
32653,25637,2379.0,P. Heise,Germany,VVV-Venlo,Netherlands 2 - Eerste Divisie,Left Back,Defence,34.0,2075.0,50.8,50.9,52.0,52.2
784441,25535,3781.0,P. Hellebrand,Czech Republic,Górnik Zabrze,Poland 1 - Ekstraklasa,Defensive Midfield,Midfield,26.0,2870.0,54.9,55.7,61.6,54.0
35284,25652,3527.0,P. Hercher,Germany,Magdeburg,Germany 2 - 2. Bundesliga,Right Back,Defence,29.0,1478.0,46.8,46.4,46.2,44.8
37597177,25591,463.0,P. Hodous,Czech Republic,Slovan Liberec,Czech Republic 1 - Chance Liga,Right Back,Defence,21.0,1653.0,48.5,47.8,47.8,44.0
3281,25652,999.0,P. Hofmann,Germany,VfL Bochum 1848,Germany 2 - 2. Bundesliga,Centre Forward,Attack,32.0,2505.0,53.1,53.4,53.0,58.3
71024,26164,345.0,P. Hristov,Bulgaria,Spezia,Italy 2 - Serie B,Centre Back,Defence,26.0,1974.0,47.7,47.7,47.5,59.5
80228,25591,3545.0,P. Hrošovský,Slovakia,Viktoria Plzeň,Czech Republic 1 - Chance Liga,Central Midfield,Midfield,33.0,1434.0,55.9,56.2,55.8,45.5
80228,25600,2709.0,P. Hrošovský,Slovakia,Genk,Belgium 1 - Pro League,Central Midfield,Midfield,33.0,1005.0,57.5,57.6,57.0,50.0
165203,25641,803.0,P. Iacob,Romania,Otelul,Romania 1 - Superliga,Centre Back,Defence,29.0,2286.0,50.3,50.6,51.1,45.0
130166,26164,7471.0,P. Iemmello,Italy,Catanzaro,Italy 2 - Serie B,Centre Forward,Attack,33.0,3071.0,53.4,53.8,53.0,46.1
23279155,25601,5905.0,P. Iľko,Slovakia,Žilina,Slovakia 1 - Niké Liga,Right Wing,Attack,24.0,1349.0,47.6,47.8,47.0,50.7
42102,25652,3647.0,P. Jaeckel,Germany,Preußen Münster,Germany 2 - 2. Bundesliga,Centre Back,Defence,27.0,2434.0,48.5,47.6,49.9,47.0
26715311,25652,1638.0,P. Joly,France,Kaiserslautern,Germany 2 - 2. Bundesliga,Right Back,Defence,25.0,2101.0,55.2,55.8,56.6,50.7
30446926,25598,314.0,P. Kabore,Burkina Faso,Hearts,Scotland 1 - Premiership,Centre Forward,Attack,24.0,1173.0,50.9,51.0,51.5,56.9
32373,25591,2727.0,P. Kadeřábek,Czech Republic,Sparta Praha,Czech Republic 1 - Chance Liga,Right Midfield,Midfield,33.0,1363.0,49.9,52.6,49.9,57.5
35700168,25636,22608.0,P. Kallsberg,Faroe Islands,Hillerød,Denmark 2 - First Division,Right Wing,Attack,22.0,1018.0,46.6,46.3,47.0,50.7
37742265,25591,2488.0,P. Kareem,Nigeria,Bohemians 1905,Czech Republic 1 - Chance Liga,Right Back,Defence,21.0,1706.0,53.4,52.7,53.2,54.0
866,25607,3525.0,P. Kasami,Switzerland,Winterthur,Switzerland 1 - Super League,Central Midfield,Midfield,33.0,1468.0,50.8,51.0,50.8,49.2
37570974,25649,54.0,P. Kelly,Northern Ireland,Barnsley,England 3 - League One,Defensive Midfield,Midfield,20.0,2918.0,45.9,44.8,44.3,41.9
32422627,25607,389.0,P. Keny,Senegal,Zürich,Switzerland 1 - Super League,Centre Forward,Attack,26.0,2714.0,51.0,50.6,51.5,55.0
37400391,25735,8307.0,P. Kestens,Belgium,RWDM Brussels,Belgium 2 - Challenger Pro League,Left Wing,Attack,23.0,1742.0,46.5,46.7,46.5,46.0
37538243,25653,3569.0,P. Kiedl,Austria,Ried,Austria 1 - Admiral Bundesliga,Centre Forward,Attack,21.0,920.0,47.9,47.9,48.3,52.5
20716535,25649,254.0,P. Kioso,DR Congo,Peterborough United,England 3 - League One,Right Back,Defence,25.0,2571.0,47.6,47.0,46.3,55.1
37703250,25637,2755.0,P. Kloosterboer,Netherlands,Jong FC Utrecht,Netherlands 2 - Eerste Divisie,Centre Back,Defence,20.0,2173.0,50.8,50.8,49.4,46.8
80813,25591,1351.0,P. Kodeš,Czech Republic,Teplice,Czech Republic 1 - Chance Liga,Defensive Midfield,Midfield,29.0,1076.0,45.5,45.0,44.8,41.4
24817990,25653,3357.0,P. Koller,Austria,Sturm Graz,Austria 1 - Admiral Bundesliga,Centre Back,Defence,23.0,1125.0,51.4,51.6,51.0,56.7
24817990,25653,3949.0,P. Koller,Austria,Rheindorf Altach,Austria 1 - Admiral Bundesliga,Centre Back,Defence,23.0,1525.0,49.8,49.8,50.3,48.2
10966288,25597,61.0,P. Koopmeiners,Netherlands,AZ,Netherlands 1 - Eredivisie,Defensive Midfield,Midfield,25.0,2136.0,51.6,51.5,51.6,57.9
37307915,25601,2798.0,P. Kováčik,Slovakia,Podbrezová,Slovakia 1 - Niké Liga,Right Back,Defence,23.0,1681.0,47.4,47.6,47.5,42.1
157511,25535,349.0,P. Kun,Poland,Legia Warszawa,Poland 1 - Ekstraklasa,Left Midfield,Midfield,30.0,1250.0,49.3,49.4,50.0,47.8
37546917,25649,23.0,P. Lane,England,Reading,England 3 - League One,Right Wing,Attack,24.0,1873.0,44.4,44.4,44.3,41.9
37717408,25636,2650.0,P. Langhoff,Denmark,Lyngby Boldklub,Denmark 2 - First Division,Central Midfield,Midfield,21.0,1579.0,52.4,53.4,51.8,56.8
37576215,25745,269225.0,P. Leal Sousa Lima,Brazil,AVS,Portugal 1 - Liga Portugal,Centre Back,Defence,24.0,1421.0,47.4,47.5,47.8,44.5
98744,25658,1083.0,P. Lemonnier,France,Red Star,France 2 - Ligue 2,Centre Back,Defence,32.0,2264.0,53.2,53.8,55.3,58.0
22136582,25759,990.0,P. Liagas,Greece,Levadiakos,Greece 1 - Super League,Centre Back,Defence,25.0,2229.0,50.5,50.9,51.7,45.0
37538546,25745,269225.0,P. Lima Barros,Brazil,AVS,Portugal 1 - Liga Portugal,Central Midfield,Midfield,22.0,1896.0,48.8,49.3,49.6,49.4
32786884,25636,1371.0,P. Lindholm Tjørnelund,Denmark,Esbjerg,Denmark 2 - First Division,Centre Back,Defence,23.0,1975.0,50.1,49.9,46.9,42.2
32796136,25536,86.0,P. Machado Ganchas,Portugal,Silkeborg IF,Denmark 1 - Superliga,Centre Back,Defence,25.0,2546.0,50.7,50.7,50.3,53.2
33587741,25535,3270.0,P. Makuch,Poland,Raków Częstochowa,Poland 1 - Ekstraklasa,Attacking Midfield,Midfield,26.0,1410.0,48.7,50.7,48.5,59.0
107904,25759,781.0,P. Mandalos,Greece,AEK Athens,Greece 1 - Super League,Attacking Midfield,Midfield,33.0,1215.0,60.6,64.2,58.5,63.3
33576939,25648,33.0,P. Mattsson,Denmark,Norwich City,England 2 - Championship,Central Midfield,Midfield,24.0,2723.0,52.2,52.3,52.1,62.0
37661011,25653,3630.0,P. Maybach,Austria,Austria Wien,Austria 1 - Admiral Bundesliga,Defensive Midfield,Midfield,17.0,1078.0,45.5,45.1,43.7,52.9
1517,26164,1628.0,P. Mba Obiang Avomo,Equatorial Guinea,Monza,Italy 2 - Serie B,Central Midfield,Midfield,33.0,2452.0,53.1,53.5,53.0,53.7
9510,25598,309.0,P. McGinn,Scotland,Motherwell,Scotland 1 - Premiership,Right Back,Defence,34.0,2882.0,48.3,48.4,47.4,55.7
13186098,25662,6810.0,P. Michael,Nigeria,Ironi Tiberias,Israel 1 - Ligat ha'Al,Centre Forward,Attack,27.0,1189.0,47.6,48.2,47.0,46.4
54061,25759,9849.0,P. Michorl,Austria,Atromitos,Greece 1 - Super League,Central Midfield,Midfield,30.0,2581.0,54.3,53.9,53.3,43.4
83665,25536,2905.0,P. Mortensen,Denmark,AGF,Denmark 1 - Superliga,Centre Forward,Attack,36.0,2307.0,48.3,48.4,47.6,47.7
37253379,25535,808.0,P. Mukairu,Nigeria,Pogoń Szczecin,Poland 1 - Ekstraklasa,Right Wing,Attack,25.0,2055.0,48.9,49.4,50.5,53.6
37531343,25637,2475.0,P. Mulder,Netherlands,FC Emmen,Netherlands 2 - Eerste Divisie,Centre Back,Defence,26.0,1791.0,56.9,57.5,57.8,61.0
64188,25682,2811.0,P. Ndiaye,Senegal,Samsunspor,Türkiye 1 - Super Lig,Centre Forward,Attack,29.0,1422.0,52.2,52.2,51.9,52.4
33591,25648,12.0,P. Neumann,Germany,Birmingham City,England 2 - Championship,Centre Back,Defence,28.0,2818.0,52.3,51.8,50.9,52.3
9203,25649,69.0,P. Ng,England,Cardiff City,England 3 - League One,Right Back,Defence,29.0,2644.0,54.4,53.5,52.1,54.2
61503,25735,3239.0,P. Ngawa,Belgium,RFC Liège,Belgium 2 - Challenger Pro League,Centre Back,Defence,33.0,2463.0,44.6,43.6,45.5,39.7
447249,25673,60.0,P. Nolaskoain Esnal,Spain,SD Eibar,Spain 2 - La Liga 2,Defensive Midfield,Midfield,26.0,2274.0,50.5,50.8,52.6,54.7
33176937,25601,3283.0,P. Nwadike,Sweden,Spartak Trnava,Slovakia 1 - Niké Liga,Centre Back,Defence,26.0,900.0,45.9,46.7,46.1,62.6
121710,25649,23.0,P. O'Connor,Republic of Ireland,Reading,England 3 - League One,Centre Back,Defence,28.0,3214.0,45.6,45.2,46.5,59.7
32148,25535,3781.0,P. Olkowski,Poland,Górnik Zabrze,Poland 1 - Ekstraklasa,Right Back,Defence,35.0,1489.0,48.9,49.7,49.8,55.0
84406,25636,211.0,P. Olsen,Denmark,Horsens,Denmark 2 - First Division,Central Midfield,Midfield,31.0,1774.0,51.3,51.5,51.1,42.1
37251353,25607,468.0,P. Otele,Nigeria,Basel,Switzerland 1 - Super League,Left Wing,Attack,26.0,1365.0,53.4,53.9,54.5,55.6
432798,25658,1112.0,P. Ouaneh,France,Laval,France 2 - Ligue 2,Centre Back,Defence,27.0,2048.0,50.8,52.4,50.2,48.1
37710703,25759,27943.0,P. Pantelidis,Greece,Kifisia,Greece 1 - Super League,Right Wing,Attack,22.0,1006.0,47.1,47.4,48.7,47.9
129112,25641,132584.0,P. Papp,Romania,Petrolul 52,Romania 1 - Superliga,Centre Back,Defence,35.0,2893.0,49.9,50.8,50.2,50.3
6306139,25649,409.0,P. Patterson,Scotland,Stevenage,England 3 - League One,Left Wing,Attack,24.0,1196.0,54.3,52.4,51.7,47.5
32777732,26164,1216.0,P. Peda,Poland,Palermo,Italy 2 - Serie B,Centre Back,Defence,23.0,2051.0,49.0,48.8,47.8,57.4
61080,25735,227972.0,P. Perdichizzi,Belgium,Koninklijke Lierse Sportkring,Belgium 2 - Challenger Pro League,Centre Back,Defence,32.0,1220.0,46.3,45.6,49.8,42.4
37538991,25641,803.0,P. Pereira Araújo,Portugal,Otelul,Romania 1 - Superliga,Centre Forward,Attack,25.0,1123.0,50.5,50.3,50.6,43.3
22268,25598,282.0,P. Pereira Camará,Guinea-Bissau,Dundee United,Scotland 1 - Premiership,Central Midfield,Midfield,28.0,1737.0,50.0,50.7,51.0,54.8
3169778,25745,58.0,P. Pereira Gonçalves,Portugal,Sporting CP,Portugal 1 - Liga Portugal,Left Wing,Attack,27.0,1996.0,58.9,58.1,59.3,48.0
4592240,25745,7035.0,P. Pereira da Silva,Brazil,Nacional,Portugal 1 - Liga Portugal,Left Wing,Attack,27.0,2827.0,47.8,48.6,48.1,49.6
37554917,25745,364.0,P. Pereira de Jesus,Portugal,Gil Vicente,Portugal 1 - Liga Portugal,Centre Forward,Attack,21.0,956.0,56.4,56.1,56.9,56.0
7697209,25745,3497.0,P. Pereira dos Santos,Brazil,Tondela,Portugal 1 - Liga Portugal,Right Wing,Attack,26.0,2470.0,49.2,49.4,50.3,51.2
37612567,25567,2707.0,P. Petrović,Montenegro,Javor Ivanjica,Serbia 1 - Super Liga,Centre Back,Defence,20.0,2990.0,50.3,50.5,51.4,44.9
3861539,25652,482.0,P. Pfeiffer,Ghana,Darmstadt 98,Germany 2 - 2. Bundesliga,Centre Back,Defence,25.0,2588.0,54.8,56.1,56.4,56.3
32776,25600,1087.0,P. Pflücke,Germany,Sporting Charleroi,Belgium 1 - Pro League,Right Midfield,Midfield,28.0,2372.0,53.2,53.5,53.7,38.1
20692459,25601,2417.0,P. Pokorny,Slovakia,Slovan Bratislava,Slovakia 1 - Niké Liga,Defensive Midfield,Midfield,23.0,1199.0,53.6,54.2,56.3,62.9
348539,25653,3569.0,P. Pomer,Austria,Ried,Austria 1 - Admiral Bundesliga,Left Midfield,Midfield,27.0,2544.0,47.5,49.9,48.3,48.0
8416700,25601,8224.0,P. Pudhorocký,Czech Republic,Skalica,Slovakia 1 - Niké Liga,Central Midfield,Midfield,24.0,2106.0,46.1,46.6,46.5,39.6
45565,25648,297.0,P. Płacheta,Poland,Oxford United,England 2 - Championship,Left Wing,Attack,27.0,1135.0,51.4,51.1,51.8,44.5
25169144,25673,9818.0,P. Ramón Parra,Spain,Racing Santander,Spain 2 - La Liga 2,Centre Back,Defence,24.0,1968.0,52.7,53.3,53.2,55.4
37556019,25653,49.0,P. Ratkov,Serbia,Salzburg,Austria 1 - Admiral Bundesliga,Centre Forward,Attack,21.0,1128.0,53.5,53.3,53.9,55.8
79335,25591,234.0,P. Reinberk,Czech Republic,Slovácko,Czech Republic 1 - Chance Liga,Right Back,Defence,36.0,1106.0,45.6,45.3,46.3,41.4
37287999,25535,3260.0,P. Resta Tell,Spain,Korona Kielce,Poland 1 - Ekstraklasa,Centre Back,Defence,24.0,2058.0,48.7,48.6,46.4,51.8
109354,25759,602.0,P. Retsos,Greece,Olympiacos F.C.,Greece 1 - Super League,Centre Back,Defence,27.0,2271.0,55.3,55.9,55.6,57.8
4277,25648,12.0,P. Roberts,England,Birmingham City,England 2 - Championship,Right Wing,Attack,28.0,2213.0,53.9,53.9,53.8,54.9
26687,25745,652.0,P. Rosario,Netherlands,Porto,Portugal 1 - Liga Portugal,Defensive Midfield,Midfield,28.0,1363.0,57.4,58.0,56.7,55.4
133686,26164,2892.0,P. Rozzio,Italy,Reggiana,Italy 2 - Serie B,Centre Back,Defence,33.0,973.0,44.1,42.8,44.7,50.7
37387704,25673,103.0,P. Saenz Ezquerra,Spain,Granada,Spain 2 - La Liga 2,Right Wing,Attack,24.0,1452.0,51.9,52.3,52.5,52.3
37652511,25745,1198.0,P. Salgueiro Costa Pessoa Carvalho,Portugal,Estoril,Portugal 1 - Liga Portugal,Right Back,Defence,22.0,1249.0,50.1,50.5,50.7,49.6
25739,25597,494.0,P. Sandler,Netherlands,NEC Nijmegen,Netherlands 1 - Eredivisie,Centre Back,Defence,28.0,1874.0,53.9,53.5,53.5,47.8
37591206,25673,10008.0,P. Santiago López,Spain,Castellón,Spain 2 - La Liga 2,Left Wing,Attack,24.0,1961.0,49.2,49.2,48.3,45.5
32314,25652,3317.0,P. Seguin,Germany,Hertha BSC,Germany 2 - 2. Bundesliga,Central Midfield,Midfield,30.0,2173.0,51.3,51.6,50.9,50.6
37627037,25599,2963.0,P. Silva dos Santos,Brazil,Zenit,Russia 1 - Premier League,Left Wing,Attack,19.0,2197.0,52.1,52.1,51.1,53.9
149574,25648,47.0,P. Smyth,Northern Ireland,Queens Park Rangers,England 2 - Championship,Right Wing,Attack,27.0,1857.0,52.6,52.9,53.3,55.6
37396588,25599,2712.0,P. Solari,Argentina,Spartak Moskva,Russia 1 - Premier League,Right Wing,Attack,24.0,1861.0,52.3,52.3,54.0,56.2
155177,25535,11356.0,P. Stolarski,Poland,Motor Lublin,Poland 1 - Ekstraklasa,Right Back,Defence,29.0,1914.0,46.4,46.8,46.9,47.9
52731,25566,3955.0,P. Stronati,Czech Republic,Újpest,Hungary 1 - NB I,Centre Back,Defence,30.0,1350.0,45.2,45.0,45.9,54.1
37739100,25567,2945.0,P. Sukacev,Serbia,Vojvodina,Serbia 1 - Super Liga,Left Wing,Attack,19.0,1075.0,46.0,46.3,46.9,57.1
6112,25649,185.0,P. Sweeney,Republic of Ireland,Exeter City,England 3 - League One,Centre Back,Defence,30.0,3251.0,53.7,54.6,53.1,47.0
37423025,25636,8630.0,P. Texel,Denmark,Kolding IF,Denmark 2 - First Division,Right Back,Defence,21.0,1447.0,49.6,48.8,49.0,48.8
37543123,25673,361.0,P. Tomeo Félez,Spain,Real Valladolid,Spain 2 - La Liga 2,Centre Back,Defence,25.0,2961.0,51.1,51.0,51.8,43.8
37782390,25759,9849.0,P. Tsantilas,Greece,Atromitos,Greece 1 - Super League,Centre Forward,Attack,21.0,1285.0,46.9,46.7,46.0,48.6
37689295,25597,2396.0,P. Ugwu,Netherlands,FC Volendam,Netherlands 1 - Eredivisie,Right Back,Defence,19.0,2170.0,44.5,44.7,44.2,46.5
37262491,25745,12152.0,P. Valente Moreira,Portugal,Estrela Amadora,Portugal 1 - Liga Portugal,Central Midfield,Midfield,25.0,2384.0,48.7,48.4,49.1,45.5
3181434,25648,99.0,P. Valentín Sancho,Spain,Preston North End,England 2 - Championship,Right Back,Defence,28.0,2006.0,47.7,49.3,50.0,54.7
37296508,25658,1447.0,P. Venot,France,Annecy,France 2 - Ligue 2,Central Midfield,Midfield,23.0,1780.0,50.0,50.5,50.6,49.1
22136583,25759,990.0,P. Vichos,Greece,Levadiakos,Greece 1 - Super League,Left Back,Defence,25.0,2873.0,45.1,45.8,45.9,50.8
37528559,25601,5581.0,P. Volanakis,Greece,Zemplín Michalovce,Slovakia 1 - Niké Liga,Centre Back,Defence,22.0,920.0,51.5,53.7,50.9,49.4
37324994,25591,2727.0,P. Vydra,Czech Republic,Sparta Praha,Czech Republic 1 - Chance Liga,Defensive Midfield,Midfield,22.0,1409.0,50.9,50.5,51.2,46.4
190040,25673,344.0,P. Vázquez Pérez,Spain,Sporting Gijón,Spain 2 - La Liga 2,Centre Back,Defence,30.0,3135.0,48.4,47.7,47.8,54.4
37582045,25597,682.0,P. Wanner,Austria,PSV,Netherlands 1 - Eredivisie,Central Midfield,Midfield,19.0,1656.0,54.1,53.7,54.0,49.8
53882,25653,3630.0,P. Wiesinger,Austria,Austria Wien,Austria 1 - Admiral Bundesliga,Centre Back,Defence,31.0,2456.0,52.1,52.2,52.3,50.6
3862589,25652,3431.0,P. Will,Germany,SpVgg Greuther Fürth,Germany 2 - 2. Bundesliga,Defensive Midfield,Midfield,26.0,1318.0,52.0,52.0,49.2,50.7
15061587,25535,8761.0,P. Wisniewski,Poland,Widzew Lodz,Poland 1 - Ekstraklasa,Centre Back,Defence,26.0,1351.0,47.3,46.7,47.3,58.4
15061587,26164,345.0,P. Wisniewski,Poland,Spezia,Italy 2 - Serie B,Centre Back,Defence,27.0,1710.0,52.3,52.5,52.0,57.4
7104,25535,349.0,P. Wszołek,Poland,Legia Warszawa,Poland 1 - Ekstraklasa,Right Midfield,Midfield,33.0,1962.0,48.1,48.0,49.0,48.5
37336100,25735,3960.0,P. Wydra,Austria,Royal Francs Borains,Belgium 2 - Challenger Pro League,Central Midfield,Midfield,22.0,1430.0,46.0,45.2,46.0,36.8
37288022,25535,302.0,P. Wålemark,Sweden,Lech Poznań,Poland 1 - Ekstraklasa,Right Wing,Attack,23.0,911.0,52.3,52.3,52.8,49.2
34297,25652,3431.0,P. Ziereis,Germany,SpVgg Greuther Fürth,Germany 2 - 2. Bundesliga,Centre Back,Defence,32.0,2472.0,45.4,44.7,45.8,54.3
37384363,25745,2628.0,P. de Almeida Barbosa,Brazil,Santa Clara,Portugal 1 - Liga Portugal,Left Back,Defence,24.0,1391.0,52.5,52.8,51.7,56.1
186354,25673,3968.0,P. Ínsua Blanco,Spain,Real Zaragoza,Spain 2 - La Liga 2,Centre Back,Defence,31.0,2506.0,47.0,46.7,47.3,49.9
80428,25601,3137.0,P. Šimko,Slovakia,Tatran Prešov,Slovakia 1 - Niké Liga,Centre Back,Defence,34.0,1507.0,48.6,49.0,46.5,44.3
37516975,25673,6968.0,Pablo Pérez,Spain,Mirandés,Spain 2 - La Liga 2,Left Back,Defence,23.0,1647.0,49.3,50.0,50.7,49.6
37512281,25745,884.0,Pau Victor,Spain,Sporting Braga,Portugal 1 - Liga Portugal,Centre Forward,Attack,23.0,2272.0,56.7,56.6,56.8,53.7
37412535,25673,9656.0,Peru Rodriguez,Spain,Real Sociedad II,Spain 2 - La Liga 2,Centre Back,Defence,23.0,1615.0,52.7,53.3,56.8,48.0
362272,25535,2482.0,Q. Boisgard,France,Piast Gliwice,Poland 1 - Ekstraklasa,Attacking Midfield,Midfield,28.0,1260.0,46.2,45.4,47.4,51.3
78462,25682,1041.0,Q. Laçi,Albania,Rizespor,Türkiye 1 - Super Lig,Central Midfield,Midfield,29.0,2694.0,54.0,53.5,54.2,46.5
96744,25535,2778.0,Q. Lecoeuche,France,Wisła Płock,Poland 1 - Ekstraklasa,Left Midfield,Midfield,31.0,1845.0,50.2,49.3,51.0,44.4
198191,25566,2566.0,Q. Maceiras,Switzerland,Puskás,Hungary 1 - NB I,Right Back,Defence,29.0,2300.0,50.8,50.7,50.4,53.5
6306068,25597,73.0,Q. Timber,Netherlands,Feyenoord,Netherlands 1 - Eredivisie,Central Midfield,Midfield,24.0,1316.0,56.3,56.5,56.8,51.8
260830,25745,830.0,R. Abascal Barros,Uruguay,Vitória Guimarães,Portugal 1 - Liga Portugal,Centre Back,Defence,31.0,2272.0,56.2,57.8,57.8,51.7
31255539,25637,2385.0,R. Akmum,Netherlands,FC Den Bosch,Netherlands 2 - Eerste Divisie,Centre Back,Defence,24.0,1887.0,48.7,48.4,49.1,45.3
189061,25673,103.0,R. Alcaraz Jiménez,Spain,Granada,Spain 2 - La Liga 2,Central Midfield,Midfield,34.0,2354.0,52.2,51.8,51.4,57.8
28912714,25648,2.0,R. Alebiousu,Nigeria,Blackburn Rovers,England 2 - Championship,Right Back,Defence,23.0,3199.0,51.1,52.1,53.4,43.6
37673597,25662,6963.0,R. Alkokin,Israel,Hapoel Tel Aviv,Israel 1 - Ligat ha'Al,Central Midfield,Midfield,21.0,1571.0,49.0,48.8,49.6,45.3
37592451,25745,1085.0,R. Alonso Martín,Spain,Moreirense,Portugal 1 - Liga Portugal,Central Midfield,Midfield,22.0,1498.0,53.5,53.2,52.9,47.3
198564,25535,3191.0,R. Alves,Switzerland,Radomiak Radom,Poland 1 - Ekstraklasa,Attacking Midfield,Midfield,28.0,1157.0,48.9,48.0,48.7,48.4
37532529,25636,1276.0,R. Arabaci,Denmark,B 93,Denmark 2 - First Division,Centre Forward,Attack,24.0,1112.0,46.3,46.2,45.9,49.3
198138,25607,3525.0,R. Arnold,Switzerland,Winterthur,Switzerland 1 - Super League,Centre Back,Defence,28.0,2291.0,48.0,48.0,49.7,49.9
9939395,25598,284.0,R. Astley,Wales,Dundee,Scotland 1 - Premiership,Centre Back,Defence,23.0,3087.0,47.6,47.6,46.1,52.2
3502650,25648,122.0,R. Atkinson,England,Bristol City,England 2 - Championship,Centre Back,Defence,27.0,1854.0,50.4,49.9,48.3,63.4
155309,25535,349.0,R. Augustyniak,Poland,Legia Warszawa,Poland 1 - Ekstraklasa,Centre Back,Defence,31.0,1685.0,51.3,51.2,49.4,54.3
37434647,25637,1435.0,R. Balk,Netherlands,SC Cambuur,Netherlands 2 - Eerste Divisie,Right Wing,Attack,24.0,2864.0,47.2,47.1,47.6,49.3
17859252,25649,251.0,R. Balker,Netherlands,Huddersfield Town,England 3 - League One,Centre Back,Defence,26.0,2277.0,51.7,52.0,50.0,51.7
37625673,25658,3520.0,R. Bamba,France,Nancy,France 2 - Ligue 2,Right Back,Defence,21.0,1290.0,47.0,48.3,49.5,47.0
96838,25648,42.0,R. Barbosa Pereira,Portugal,Leicester City,England 2 - Championship,Right Back,Defence,31.0,2875.0,54.7,53.7,51.6,60.4
37716722,25673,6968.0,R. Bauzà Sureda,Spain,Mirandés,Spain 2 - La Liga 2,Central Midfield,Midfield,20.0,3268.0,49.4,49.2,49.0,48.1
25588,25682,2632.0,R. Bazoer,Curaçao,Konyaspor,Türkiye 1 - Super Lig,Centre Back,Defence,28.0,927.0,52.9,52.5,53.2,43.8
1478478,25601,3137.0,R. Begala,Slovakia,Tatran Prešov,Slovakia 1 - Niké Liga,Central Midfield,Midfield,26.0,2623.0,41.5,41.4,41.7,45.8
348090,25637,669.0,R. Behounek,Austria,Willem II,Netherlands 2 - Eerste Divisie,Centre Back,Defence,28.0,3161.0,52.8,53.2,55.3,49.7
37645868,25637,1073.0,R. Besselink,Netherlands,De Graafschap,Netherlands 2 - Eerste Divisie,Centre Back,Defence,20.0,2660.0,51.9,52.0,52.8,52.5
37543371,25599,35.0,R. Bezrukov,Russia,Rubin Kazan,Russia 1 - Premier League,Left Midfield,Midfield,23.0,1223.0,51.0,52.2,51.0,51.6
165652,25535,2512.0,R. Boboc,Romania,Nieciecza,Poland 1 - Ekstraklasa,Right Midfield,Midfield,26.0,1622.0,46.8,47.2,46.0,46.4
37701796,25641,3195.0,R. Bogdan Creţ,Romania,Botoşani,Romania 1 - Superliga,Left Back,Defence,19.0,1692.0,44.9,45.3,45.1,50.3
37316916,25649,17.0,R. Borges Rodrigues,Australia,Wigan Athletic,England 3 - League One,Left Wing,Attack,21.0,2467.0,44.2,44.0,43.3,56.7
25930721,25567,3001.0,R. Bosić,Serbia,Radnički Niš,Serbia 1 - Super Liga,Left Wing,Attack,24.0,1428.0,49.3,50.4,51.4,41.4
25930721,25567,28028.0,R. Bosić,Serbia,Bačka Topola,Serbia 1 - Super Liga,Left Wing,Attack,24.0,1106.0,52.4,52.6,52.2,47.5
37600595,25600,328.0,R. Bozhinov,Bulgaria,Antwerp,Belgium 1 - Pro League,Centre Back,Defence,20.0,1280.0,48.6,47.5,49.5,57.2
37596437,25584,906.0,R. Brajković,Croatia,Hajduk Split,Croatia 1 - 1. HNL,Right Wing,Attack,20.0,1300.0,51.7,51.3,51.2,51.2
80224,25591,3097.0,R. Breite,Czech Republic,Sigma Olomouc,Czech Republic 1 - Chance Liga,Central Midfield,Midfield,35.0,1023.0,48.4,48.7,48.5,53.9
455354,25648,24.0,R. Brewster,England,Derby County,England 2 - Championship,Centre Forward,Attack,25.0,1469.0,55.0,54.9,55.0,54.6
32785662,25745,11741.0,R. Brito,Portugal,Casa Pia,Portugal 1 - Liga Portugal,Defensive Midfield,Midfield,23.0,1522.0,47.2,46.7,47.3,47.5
37562704,25636,6953.0,R. Brodersen,Denmark,HB Køge,Denmark 2 - First Division,Left Back,Defence,23.0,1213.0,43.1,43.6,46.0,42.6
130821,26164,1343.0,R. Brosco,Italy,Pescara,Italy 2 - Serie B,Centre Back,Defence,34.0,1804.0,46.1,45.6,46.9,57.5
198010,25607,3525.0,R. Buess,Switzerland,Winterthur,Switzerland 1 - Super League,Centre Forward,Attack,32.0,919.0,48.4,48.4,48.0,48.5
1291,25648,4.0,R. Burke,England,Charlton Athletic,England 2 - Championship,Centre Back,Defence,28.0,947.0,51.6,52.5,47.0,51.0
37336861,26164,6947.0,R. Burnete,Romania,Juve Stabia,Italy 2 - Serie B,Centre Forward,Attack,21.0,1115.0,51.4,51.8,50.8,63.8
23739105,25648,47.0,R. Burrell,England,Queens Park Rangers,England 2 - Championship,Centre Forward,Attack,24.0,2002.0,51.2,51.2,51.8,47.4
1452162,25598,66.0,R. Bushiri,Belgium,Hibernian,Scotland 1 - Premiership,Centre Back,Defence,25.0,2178.0,45.5,44.2,45.3,50.8
4536548,26164,1343.0,R. Capellini,Italy,Pescara,Italy 2 - Serie B,Centre Back,Defence,25.0,2642.0,47.6,46.9,48.2,48.9
32796892,25536,2905.0,R. Carstensen,Denmark,AGF,Denmark 1 - Superliga,Right Midfield,Midfield,24.0,1349.0,48.2,47.6,47.8,63.0
37634850,25599,11364.0,R. Cephas,Jamaica,FK Nizjni Novgorod,Russia 1 - Premier League,Left Wing,Attack,25.0,1123.0,49.8,49.9,49.6,42.8
37539415,26164,1234.0,R. Ciervo,Italy,Cesena,Italy 2 - Serie B,Left Wing,Attack,23.0,2848.0,48.9,48.3,49.5,43.3
202488,25682,643.0,R. Civelek,Türkiye,Kayserispor,Türkiye 1 - Super Lig,Right Back,Defence,29.0,2152.0,49.6,49.1,48.3,46.8
37436322,25649,54.0,R. Cleary,England,Barnsley,England 3 - League One,Left Wing,Attack,21.0,2633.0,53.8,53.0,51.4,43.5
7965,25649,185.0,R. Cole,England,Exeter City,England 3 - League One,Attacking Midfield,Midfield,27.0,1965.0,49.6,50.6,49.4,47.1
24081649,25649,69.0,R. Colwill,Wales,Cardiff City,England 3 - League One,Attacking Midfield,Midfield,23.0,2411.0,51.7,52.0,51.2,49.7
15105,25649,348.0,R. Croasdale,England,Port Vale,England 3 - League One,Defensive Midfield,Midfield,30.0,1933.0,43.8,42.9,41.5,44.0
121791,25649,110.0,R. Curtis,Republic of Ireland,Plymouth Argyle,England 3 - League One,Left Wing,Attack,29.0,1819.0,51.2,51.2,49.8,55.7
37597889,25597,61.0,R. Daal,Netherlands,AZ,Netherlands 1 - Eredivisie,Left Wing,Attack,21.0,1359.0,52.3,52.3,51.4,57.2
37653247,25662,6900.0,R. David,Israel,Hapoel Petah Tikva,Israel 1 - Ligat ha'Al,Central Midfield,Midfield,21.0,1645.0,45.9,45.3,45.5,44.4
540673,25598,180.0,R. Deas,Scotland,Kilmarnock,Scotland 1 - Premiership,Centre Back,Defence,25.0,3121.0,49.9,50.5,49.9,50.9
37550161,25599,2468.0,R. Dias,Brazil,Dinamo Moskva,Russia 1 - Premier League,Left Back,Defence,24.0,1547.0,54.7,54.8,54.2,62.2
8085,25648,122.0,R. Dickie,England,Bristol City,England 2 - Championship,Centre Back,Defence,29.0,2724.0,48.9,48.8,49.9,62.1
37600075,25591,3545.0,R. Durosinmi,Nigeria,Viktoria Plzeň,Czech Republic 1 - Chance Liga,Centre Forward,Attack,22.0,1218.0,51.9,51.5,52.2,57.5
3877049,25673,12330.0,R. Díez Adán,Spain,Ceuta,Spain 2 - La Liga 2,Attacking Midfield,Midfield,31.0,2203.0,50.2,52.3,50.2,47.9
37350031,25648,47.0,R. Edwards,England,Queens Park Rangers,England 2 - Championship,Centre Back,Defence,22.0,1525.0,55.7,55.9,55.0,50.4
129757,25673,618.0,R. Ely,Brazil,Almería,Spain 2 - La Liga 2,Centre Back,Defence,31.0,1233.0,50.2,49.8,51.1,56.8
468726,25641,8132.0,R. Espinoza Torres,Peru,Unirea Slobozia,Romania 1 - Superliga,Centre Forward,Attack,27.0,1384.0,47.7,46.9,48.2,45.2
376766,25599,5585.0,R. Ezhov,Russia,Sochi,Russia 1 - Premier League,Right Wing,Attack,27.0,912.0,48.6,47.2,46.3,48.3
83721,25536,1789.0,R. Falk Jensen,Denmark,Odense BK,Denmark 1 - Superliga,Central Midfield,Midfield,33.0,2547.0,53.6,53.8,51.8,51.8
37344300,25607,3091.0,R. Fernandes,Switzerland,Luzern,Switzerland 1 - Super League,Left Back,Defence,22.0,1565.0,54.8,55.0,55.2,56.1
23688843,25745,3497.0,R. Fernandes Conceição,Portugal,Tondela,Portugal 1 - Liga Portugal,Right Back,Defence,25.0,1431.0,50.5,50.9,50.6,51.8
159402,25745,605.0,R. Fernandes Ferreira da Silva,Portugal,Benfica,Portugal 1 - Liga Portugal,Secondary Striker,Attack,32.0,920.0,55.2,54.6,55.8,54.4
11347071,25599,237670.0,R. Fernández Toro,Bolivia,Akron,Russia 1 - Premier League,Left Back,Defence,26.0,2434.0,52.6,52.7,52.8,49.4
37452952,25597,682.0,R. Flamingo,Netherlands,PSV,Netherlands 1 - Eredivisie,Centre Back,Defence,22.0,1660.0,59.8,60.8,59.1,63.6
37529846,25600,3958.0,R. Florucz,Austria,Union Saint-Gilloise,Belgium 1 - Pro League,Centre Forward,Attack,24.0,1214.0,55.0,55.0,55.7,47.9
37336952,25597,1459.0,R. Fosso,Switzerland,Fortuna Sittard,Netherlands 1 - Eredivisie,Defensive Midfield,Midfield,23.0,1513.0,46.1,45.4,46.5,51.0
37336952,25653,3357.0,R. Fosso,Switzerland,Sturm Graz,Austria 1 - Admiral Bundesliga,Defensive Midfield,Midfield,23.0,990.0,49.6,49.6,48.4,43.9
37640408,26164,7471.0,R. Frosinini,Italy,Catanzaro,Italy 2 - Serie B,Right Midfield,Midfield,24.0,1069.0,46.4,45.6,47.3,68.7
22877051,25601,2798.0,R. Galčík,Slovakia,Podbrezová,Slovakia 1 - Niké Liga,Right Wing,Attack,23.0,1846.0,50.6,50.1,51.4,40.7
37718104,25673,126.0,R. Garrido Hierro,Spain,Málaga,Spain 2 - La Liga 2,Right Back,Defence,20.0,2719.0,50.4,50.4,49.5,49.5
37354868,25658,1028.0,R. Gbane,Ivory Coast,Reims,France 2 - Ligue 2,Defensive Midfield,Midfield,24.0,1777.0,53.0,53.2,54.9,53.4
3179620,25652,3527.0,R. Ghrieb,France,Magdeburg,Germany 2 - 2. Bundesliga,Right Wing,Attack,26.0,1251.0,56.0,56.5,56.0,47.7
14338473,25648,22.0,R. Giles,England,Hull City,England 2 - Championship,Left Back,Defence,25.0,2737.0,51.9,51.8,53.8,43.4
37648988,25584,7391.0,R. Gonzales,Colombia,Vukovar,Croatia 1 - 1. HNL,Attacking Midfield,Midfield,26.0,2946.0,48.9,49.0,50.0,48.0
382178,25673,931.0,R. González Alves,Brazil,Córdoba,Spain 2 - La Liga 2,Centre Back,Defence,30.0,1640.0,50.7,50.2,51.9,54.3
3510293,25673,3968.0,R. González Bayón,Spain,Real Zaragoza,Spain 2 - La Liga 2,Right Wing,Attack,24.0,1248.0,50.8,50.9,50.5,55.0
124159,25662,5897.0,R. Gordana,Israel,Ashdod,Israel 1 - Ligat ha'Al,Central Midfield,Midfield,35.0,1735.0,51.3,51.5,51.2,51.3
27824276,25649,235.0,R. Gotts,England,Doncaster Rovers,England 3 - League One,Central Midfield,Midfield,25.0,2314.0,47.7,47.7,48.1,51.3
21763132,25598,282.0,R. Graham,Scotland,Dundee United,Scotland 1 - Premiership,Centre Back,Defence,24.0,1824.0,44.4,43.5,45.8,52.7
28932717,25584,7920.0,R. Guedes Borges,Brazil,Osijek,Croatia 1 - 1. HNL,Right Back,Defence,27.0,1553.0,47.9,46.9,46.6,51.7
362026,25745,1198.0,R. Guitane,France,Estoril,Portugal 1 - Liga Portugal,Right Wing,Attack,26.0,1838.0,54.1,54.8,54.2,50.8
155940,25535,302.0,R. Gumny,Poland,Lech Poznań,Poland 1 - Ekstraklasa,Right Back,Defence,27.0,1054.0,51.3,51.8,51.1,59.7
529559,25658,1083.0,R. Hachem,France,Red Star,France 2 - Ligue 2,Central Midfield,Midfield,27.0,2767.0,46.0,46.2,46.0,42.7
1494679,25649,305.0,R. Hackett-Fairchild,England,Lincoln City,England 3 - League One,Right Wing,Attack,27.0,2897.0,52.4,51.9,52.4,50.0
31640133,25536,86.0,R. Hajal,Sweden,Silkeborg IF,Denmark 1 - Superliga,Attacking Midfield,Midfield,23.0,958.0,52.1,52.1,52.5,56.9
37582883,25600,2938.0,R. Halhal,Morocco,Mechelen,Belgium 1 - Pro League,Centre Back,Defence,22.0,2849.0,50.4,50.4,51.4,54.2
24935,26164,267.0,R. Haps,Suriname,Venezia,Italy 2 - Serie B,Left Back,Defence,32.0,1221.0,50.6,50.7,51.3,50.8
37583868,25653,5724.0,R. Harakaté,France,Grazer AK,Austria 1 - Admiral Bundesliga,Centre Forward,Attack,23.0,2404.0,50.3,50.3,50.4,40.9
10966261,25598,53.0,R. Hatate,Japan,Celtic,Scotland 1 - Premiership,Central Midfield,Midfield,27.0,1754.0,50.7,50.4,50.6,44.2
741592,25662,2495.0,R. Hatuel,Israel,Hapoel Haifa,Israel 1 - Ligat ha'Al,Left Wing,Attack,27.0,1199.0,49.1,49.9,50.3,49.3
7025626,25636,1703.0,R. Hauge,Norway,Hobro,Denmark 2 - First Division,Left Wing,Attack,23.0,1088.0,49.3,49.6,50.8,50.7
8042,25648,2.0,R. Hedges,Wales,Blackburn Rovers,England 2 - Championship,Right Wing,Attack,30.0,1577.0,49.2,49.2,48.8,61.1
378540,25649,225.0,R. Hendry,Scotland,Mansfield Town,England 3 - League One,Central Midfield,Midfield,27.0,1724.0,47.3,46.8,47.2,41.7
459775,25652,3565.0,R. Heußer,Germany,Eintracht Braunschweig,Germany 2 - 2. Bundesliga,Central Midfield,Midfield,27.0,2075.0,47.8,48.4,48.5,47.6
28931566,25597,637.0,R. Hillen,Netherlands,NAC Breda,Netherlands 1 - Eredivisie,Centre Back,Defence,22.0,2005.0,49.3,49.0,49.8,56.8
37731254,25673,11354.0,R. Hinojo Estrada,Spain,Cultural Leonesa,Spain 2 - La Liga 2,Left Back,Defence,20.0,3015.0,48.2,48.0,46.6,45.9
159508,25745,884.0,R. Horta,Portugal,Sporting Braga,Portugal 1 - Liga Portugal,Left Wing,Attack,30.0,2150.0,56.0,55.6,57.3,48.4
37567950,25601,2417.0,R. Ibrahim,Ghana,Slovan Bratislava,Slovakia 1 - Niké Liga,Central Midfield,Midfield,24.0,1503.0,49.3,49.5,50.5,59.2
28912754,25598,496.0,R. Idowu,Republic of Ireland,St. Mirren,Scotland 1 - Premiership,Central Midfield,Midfield,23.0,1289.0,47.6,48.4,50.4,45.3
37532973,26164,397.0,R. Ilie,Romania,Empoli,Italy 2 - Serie B,Attacking Midfield,Midfield,22.0,1290.0,51.0,49.6,50.2,54.3
13171219,25735,7085.0,R. Ion,Romania,OC Charleroi,Belgium 2 - Challenger Pro League,Attacking Midfield,Midfield,24.0,1415.0,48.8,48.2,47.8,36.6
310306,25600,355.0,R. Ito,Japan,Sint-Truiden,Belgium 1 - Pro League,Attacking Midfield,Midfield,27.0,2841.0,54.8,55.7,54.3,44.9
431584,25759,2934.0,R. Ivanov,Finland,Asteras Tripolis,Greece 1 - Super League,Centre Back,Defence,30.0,1398.0,48.7,48.6,50.1,49.7
888,25649,138.0,R. James,England,Rotherham United,England 3 - League One,Left Back,Defence,31.0,3087.0,48.0,47.8,48.0,42.4
24529,25637,320.0,R. Janga,Curaçao,FC Eindhoven,Netherlands 2 - Eerste Divisie,Centre Forward,Attack,33.0,2362.0,47.1,46.7,46.8,57.7
154729,25535,3781.0,R. Janicki,Poland,Górnik Zabrze,Poland 1 - Ekstraklasa,Centre Back,Defence,33.0,2785.0,47.1,46.0,47.8,50.0
9050,25649,301.0,R. Johnson,Northern Ireland,AFC Wimbledon,England 3 - League One,Centre Back,Defence,28.0,3546.0,47.7,48.3,47.2,56.3
37260720,25567,3001.0,R. Jokić,Serbia,Radnički Niš,Serbia 1 - Super Liga,Centre Back,Defence,26.0,902.0,50.3,51.4,50.7,47.8
2206747,25591,1351.0,R. Jukl,Czech Republic,Teplice,Czech Republic 1 - Chance Liga,Central Midfield,Midfield,26.0,1202.0,44.6,44.4,44.6,55.2
37729389,25649,301.0,R. Junior Nkeng,England,AFC Wimbledon,England 3 - League One,Left Wing,Attack,17.0,1354.0,47.1,47.8,48.3,50.7
37260778,25601,3283.0,R. Jureskin,Croatia,Spartak Trnava,Slovakia 1 - Niké Liga,Left Back,Defence,24.0,1511.0,48.0,48.0,48.9,41.5
34481476,25584,7920.0,R. Jurišić,Croatia,Osijek,Croatia 1 - 1. HNL,Left Back,Defence,23.0,1229.0,50.9,49.9,47.9,50.7
84950,25636,8759.0,R. Kakeeto,Uganda,Middelfart,Denmark 2 - First Division,Defensive Midfield,Midfield,30.0,1223.0,46.1,46.2,47.0,49.0
83323,25535,135.0,R. Kapič,Bosnia and Herzegovina,Lechia Gdańsk,Poland 1 - Ekstraklasa,Attacking Midfield,Midfield,30.0,2787.0,48.3,50.3,48.6,53.1
37507439,25662,4136.0,R. Keller,Israel,Maccabi Netanya,Israel 1 - Ligat ha'Al,Left Back,Defence,22.0,1781.0,45.7,45.8,45.8,48.6
37575363,25598,496.0,R. King,Jamaica,St. Mirren,Scotland 1 - Premiership,Centre Back,Defence,23.0,1981.0,53.3,53.8,53.3,41.5
29155,25637,1731.0,R. Klaasen,Netherlands,MVV Maastricht,Netherlands 2 - Eerste Divisie,Defensive Midfield,Midfield,31.0,2189.0,48.4,48.4,48.8,50.8
31346,25652,2927.0,R. Knoche,Germany,DSC Arminia Bielefeld,Germany 2 - 2. Bundesliga,Centre Back,Defence,33.0,999.0,50.5,50.3,51.7,46.5
37646911,26164,176.0,R. Kofler,Italy,Südtirol,Italy 2 - Serie B,Centre Back,Defence,20.0,2416.0,48.1,47.9,46.7,54.6
37579794,25735,1130.0,R. Kohon,France,KV Kortrijk,Belgium 2 - Challenger Pro League,Centre Back,Defence,21.0,2085.0,47.6,47.3,47.4,50.0
37609357,25648,47.0,R. Kolli,Algeria,Queens Park Rangers,England 2 - Championship,Centre Forward,Attack,20.0,1049.0,53.0,52.5,52.9,56.1
37735348,25648,47.0,R. Kone,Ivory Coast,Queens Park Rangers,England 2 - Championship,Centre Forward,Attack,22.0,3330.0,49.4,49.1,49.6,54.7
537292,25637,2475.0,R. Kongolo,Netherlands,FC Emmen,Netherlands 2 - Eerste Divisie,Central Midfield,Midfield,27.0,2289.0,43.9,43.3,43.1,47.9
37656028,26164,10771.0,R. Kouda,Italy,Mantova,Italy 2 - Serie B,Central Midfield,Midfield,23.0,1120.0,53.3,54.4,53.7,58.1
37667248,25649,69.0,R. Kpakio,Wales,Cardiff City,England 3 - League One,Right Back,Defence,18.0,1823.0,54.3,53.6,52.1,49.5
182055,25601,2759.0,R. Križan,Slovakia,Trenčín,Slovakia 1 - Niké Liga,Centre Back,Defence,27.0,1704.0,45.9,45.7,46.6,49.2
17168903,25591,463.0,R. Krollis,Latvia,Slovan Liberec,Czech Republic 1 - Chance Liga,Centre Forward,Attack,23.0,1805.0,50.1,49.9,50.0,50.3
129749,25567,2673.0,R. Krunić,Bosnia and Herzegovina,Crvena Zvezda,Serbia 1 - Super Liga,Defensive Midfield,Midfield,31.0,1836.0,55.9,56.8,55.4,55.9
37732502,25584,4504.0,R. Kumar,Croatia,Istra 1961,Croatia 1 - 1. HNL,Centre Back,Defence,17.0,1716.0,49.1,49.1,49.6,43.3
155232,25535,2512.0,R. Kurzawa,Poland,Nieciecza,Poland 1 - Ekstraklasa,Attacking Midfield,Midfield,32.0,1073.0,50.3,49.9,51.1,54.5
81573,25600,2741.0,R. Květ,Czech Republic,Dender,Belgium 1 - Pro League,Central Midfield,Midfield,27.0,2576.0,50.7,50.6,50.8,40.5
37430138,25601,2798.0,R. Lampreht,Slovenia,Podbrezová,Slovakia 1 - Niké Liga,Centre Back,Defence,23.0,1080.0,49.2,49.5,47.4,43.1
4281,25649,251.0,R. Ledson,England,Huddersfield Town,England 3 - League One,Central Midfield,Midfield,27.0,3542.0,49.1,49.5,48.5,55.2
5173,25648,64.0,R. Leonard,England,Millwall,England 2 - Championship,Right Back,Defence,33.0,1608.0,57.2,55.4,54.3,57.5
37579902,25658,9291.0,R. Lipinski,France,Rodez,France 2 - Ligue 2,Centre Back,Defence,23.0,3270.0,52.7,53.8,51.2,46.4
9939054,25599,2712.0,R. Litvinov,Russia,Spartak Moskva,Russia 1 - Premier League,Centre Back,Defence,23.0,2093.0,56.7,57.7,56.7,54.0
3502645,25648,283.0,R. Longman,England,Wrexham,England 2 - Championship,Right Midfield,Midfield,24.0,2032.0,52.3,50.9,52.9,52.6
37590610,25652,956.0,R. Lubach,Germany,Nürnberg,Germany 2 - 2. Bundesliga,Central Midfield,Midfield,20.0,2135.0,50.4,49.9,50.0,44.7
22169115,25673,844.0,R. López Alcaide,Spain,Leganés,Spain 2 - La Liga 2,Attacking Midfield,Midfield,25.0,905.0,53.2,54.8,53.6,54.5
65689,25735,3117.0,R. M'Barki,Belgium,Patro Eisden Maasmechelen,Belgium 2 - Challenger Pro League,Left Midfield,Midfield,31.0,1201.0,49.0,44.5,49.0,53.2
133144,25591,187.0,R. Macek,Czech Republic,Mladá Boleslav,Czech Republic 1 - Chance Liga,Central Midfield,Midfield,28.0,2233.0,54.2,54.6,53.5,60.1
221841,25745,3497.0,R. Machado,Brazil,Tondela,Portugal 1 - Liga Portugal,Right Back,Defence,35.0,1901.0,52.1,51.5,51.3,55.8
373211,25599,5585.0,R. Magal,Russia,Sochi,Russia 1 - Premier League,Right Back,Defence,33.0,1093.0,52.6,52.3,53.0,43.1
37555410,25591,4484.0,R. Mahuta,South Sudan,Pardubice,Czech Republic 1 - Chance Liga,Left Back,Defence,23.0,2023.0,49.0,49.0,49.0,43.7
31054,25601,2417.0,R. Mak,Slovakia,Slovan Bratislava,Slovakia 1 - Niké Liga,Left Wing,Attack,34.0,1203.0,49.8,48.7,49.1,38.6
7640,25648,65.0,R. Manning,Republic of Ireland,Southampton,England 2 - Championship,Left Back,Defence,29.0,3430.0,60.2,59.0,59.6,56.8
6306066,25597,664.0,R. Margaret,Netherlands,Go Ahead Eagles,Netherlands 1 - Eredivisie,Centre Forward,Attack,24.0,1035.0,48.5,48.7,48.5,58.2
64202,25759,781.0,R. Marin,Romania,AEK Athens,Greece 1 - Super League,Central Midfield,Midfield,29.0,2223.0,56.3,56.4,56.1,50.6
37262701,25673,361.0,R. Martinez Gil,Spain,Real Valladolid,Spain 2 - La Liga 2,Centre Back,Defence,22.0,1257.0,48.5,48.4,50.1,43.1
37689864,25759,134582.0,R. Martínez,Argentina,Volos NFC,Greece 1 - Super League,Defensive Midfield,Midfield,21.0,1460.0,44.0,43.7,44.0,49.1
25548825,25641,10266.0,R. Matos,Portugal,Argeş,Romania 1 - Superliga,Centre Forward,Attack,25.0,2228.0,50.4,50.7,50.5,47.0
37586696,25648,33.0,R. McConville,Northern Ireland,Norwich City,England 2 - Championship,Centre Back,Defence,20.0,2169.0,52.7,52.5,53.0,54.6
174995,25648,122.0,R. McCrorie,Scotland,Bristol City,England 2 - Championship,Right Back,Defence,27.0,2847.0,52.2,52.4,53.1,59.4
171964,25598,258.0,R. McGowan,Australia,Livingston,Scotland 1 - Premiership,Centre Back,Defence,35.0,1860.0,44.0,43.4,44.0,46.1
749527,25648,7.0,R. McGree,Australia,Middlesbrough,England 2 - Championship,Central Midfield,Midfield,26.0,1738.0,55.5,55.8,55.5,50.9
37527466,25745,269225.0,R. Medeiros de Moura,Brazil,AVS,Portugal 1 - Liga Portugal,Defensive Midfield,Midfield,26.0,1317.0,43.8,42.4,44.2,47.7
37286795,25597,1053.0,R. Meerveld,Netherlands,SC Heerenveen,Netherlands 1 - Eredivisie,Attacking Midfield,Midfield,22.0,2533.0,50.0,49.1,51.6,47.7
37527355,25597,1652.0,R. Meissen,Netherlands,Excelsior,Netherlands 1 - Eredivisie,Centre Back,Defence,23.0,2514.0,50.8,50.6,51.6,47.0
37531927,25600,355.0,R. Merlen,France,Sint-Truiden,Belgium 1 - Pro League,Central Midfield,Midfield,23.0,947.0,58.0,58.2,58.6,55.9
177771,25567,3001.0,R. Milosavljević,Serbia,Radnički Niš,Serbia 1 - Super Liga,Central Midfield,Midfield,32.0,2553.0,49.6,50.2,49.3,59.9
37638475,25600,2709.0,R. Mirisola,Belgium,Genk,Belgium 1 - Pro League,Centre Forward,Attack,18.0,1300.0,54.1,54.5,54.3,58.1
165549,25641,10266.0,R. Moldoveanu,Romania,Argeş,Romania 1 - Superliga,Left Wing,Attack,26.0,1783.0,44.4,44.5,44.6,55.6
37656803,25745,652.0,R. Mora Carvalho,Portugal,Porto,Portugal 1 - Liga Portugal,Attacking Midfield,Midfield,18.0,1181.0,55.1,53.4,55.7,58.6
37422937,25648,2.0,R. Morishita,Japan,Blackburn Rovers,England 2 - Championship,Attacking Midfield,Midfield,28.0,2666.0,53.9,52.6,52.4,48.7
10602,25598,258.0,R. Muirhead,Scotland,Livingston,Scotland 1 - Premiership,Centre Forward,Attack,29.0,1548.0,50.6,50.5,50.0,51.4
37296121,25637,1435.0,R. Mulders,Netherlands,SC Cambuur,Netherlands 2 - Eerste Divisie,Right Back,Defence,25.0,2231.0,51.4,51.3,50.2,56.0
537943,25636,22608.0,R. Møller,Denmark,Hillerød,Denmark 2 - First Division,Centre Back,Defence,25.0,1092.0,46.1,46.2,45.8,44.0
37645487,25652,2642.0,R. Müller,Germany,Paderborn,Germany 2 - 2. Bundesliga,Right Wing,Attack,19.0,1063.0,50.1,50.0,48.8,56.6
37644759,25652,3431.0,R. Münz,Germany,SpVgg Greuther Fürth,Germany 2 - 2. Bundesliga,Centre Back,Defence,19.0,2258.0,52.0,52.1,51.6,48.6
128545,25735,3117.0,R. Nainggolan,Belgium,Patro Eisden Maasmechelen,Belgium 2 - Challenger Pro League,Central Midfield,Midfield,37.0,1311.0,49.1,47.9,49.5,41.2
128545,25735,247549.0,R. Nainggolan,Belgium,KSC Lokeren,Belgium 2 - Challenger Pro League,Central Midfield,Midfield,37.0,968.0,49.1,48.9,49.9,41.0
537514,25535,349.0,R. Nascimento Vinagre,Portugal,Legia Warszawa,Poland 1 - Ekstraklasa,Left Midfield,Midfield,26.0,908.0,52.7,52.2,53.4,51.9
225238,25682,1071.0,R. Nascimiento Franca,Brazil,Kasımpaşa,Türkiye 1 - Super Lig,Centre Back,Defence,29.0,1114.0,45.7,44.7,46.5,45.4
37634360,25662,2495.0,R. Navi,Israel,Hapoel Haifa,Israel 1 - Ligat ha'Al,Defensive Midfield,Midfield,21.0,1569.0,46.7,46.3,45.9,50.8
752648,25641,11711.0,R. Neacşu,Romania,Metaloglobus,Romania 1 - Superliga,Left Midfield,Midfield,25.0,1153.0,43.9,46.9,44.9,52.2
31051,25600,357.0,R. Neustädter,Russia,Westerlo,Belgium 1 - Pro League,Centre Back,Defence,37.0,1395.0,48.8,48.2,50.5,47.9
37928897,25745,11741.0,R. Nhaga,Guinea-Bissau,Casa Pia,Portugal 1 - Liga Portugal,Central Midfield,Midfield,18.0,1170.0,49.2,49.6,50.3,54.6
26208,25637,1073.0,R. Niemeijer,Netherlands,De Graafschap,Netherlands 2 - Eerste Divisie,Attacking Midfield,Midfield,30.0,3174.0,48.8,49.5,49.5,39.7
37722787,25597,593.0,R. Nijstad,Netherlands,FC Twente,Netherlands 1 - Eredivisie,Centre Back,Defence,17.0,1675.0,54.4,54.2,55.6,43.0
37262283,25607,462.0,R. Nivokazi,Kosovo,Sion,Switzerland 1 - Super League,Centre Forward,Attack,25.0,2832.0,51.3,51.5,51.3,48.4
37537567,25536,2394.0,R. Norheim,Norway,Nordsjælland,Denmark 1 - Superliga,Left Back,Defence,20.0,1408.0,48.6,48.8,49.1,45.9
7714340,25648,47.0,R. Norrington-Davies,Wales,Queens Park Rangers,England 2 - Championship,Left Back,Defence,26.0,2977.0,50.4,50.2,50.4,56.5
37327999,25600,340.0,R. Nwadike,Nigeria,Club Brugge,Belgium 1 - Pro League,Defensive Midfield,Midfield,24.0,1997.0,55.6,55.8,57.1,55.9
37577580,25600,1947.0,R. Nyakossi,Switzerland,OH Leuven,Belgium 1 - Pro League,Centre Back,Defence,21.0,2242.0,51.2,49.7,51.8,49.0
6470,25649,23.0,R. Nyambe,Namibia,Reading,England 3 - League One,Right Back,Defence,27.0,1398.0,45.6,46.5,46.3,43.0
6626,25649,225.0,R. Oates,England,Mansfield Town,England 3 - League One,Centre Forward,Attack,30.0,2084.0,51.2,51.1,51.6,45.3
34088,25652,2642.0,R. Obermair,Germany,Paderborn,Germany 2 - 2. Bundesliga,Left Midfield,Midfield,29.0,2458.0,56.1,56.1,56.4,47.5
37418831,25641,8474.0,R. Odada,Kenya,UTA Arad,Romania 1 - Superliga,Central Midfield,Midfield,24.0,1292.0,47.2,47.3,47.2,59.5
369836,26164,176.0,R. Odogwu,Italy,Südtirol,Italy 2 - Serie B,Centre Forward,Attack,34.0,1189.0,49.7,49.8,50.1,57.4
3169820,25641,7773.0,R. Onea,Romania,Rapid Bucuresti,Romania 1 - Superliga,Right Back,Defence,27.0,1937.0,47.8,47.7,47.1,46.3
208840,25641,1026.0,R. Oprut,Romania,Dinamo Bucureşti,Romania 1 - Superliga,Left Back,Defence,27.0,3371.0,48.5,49.3,49.2,61.0
37608896,25735,2412.0,R. Paeshuyse,Belgium,KAS Eupen,Belgium 2 - Challenger Pro League,Centre Back,Defence,23.0,2869.0,47.6,47.2,49.2,43.9
37601797,26164,445.0,R. Pagano,Italy,Bari 1908,Italy 2 - Serie B,Central Midfield,Midfield,20.0,1243.0,50.3,50.3,50.8,44.3
114394,25641,10282.0,R. Palmes,Romania,Csikszereda,Romania 1 - Superliga,Centre Back,Defence,28.0,2553.0,45.8,45.1,45.7,40.3
170649,25535,349.0,R. Pankov,Serbia,Legia Warszawa,Poland 1 - Ekstraklasa,Centre Back,Defence,29.0,1725.0,50.4,50.7,48.8,53.0
76025,25591,3643.0,R. Pantalon,Croatia,Jablonec,Czech Republic 1 - Chance Liga,Centre Back,Defence,27.0,951.0,45.5,45.2,46.5,42.8
181528,25601,2798.0,R. Paraj,Slovakia,Podbrezová,Slovakia 1 - Niké Liga,Central Midfield,Midfield,32.0,1318.0,47.6,47.7,47.3,58.0
33187441,25597,682.0,R. Pepi,United States,PSV,Netherlands 1 - Eredivisie,Centre Forward,Attack,22.0,1413.0,59.7,59.2,60.2,52.4
37654301,25682,347.0,R. Pereira Duarte,Brazil,Alanyaspor,Türkiye 1 - Super Lig,Left Midfield,Midfield,20.0,2255.0,49.0,48.3,48.6,52.9
30466796,25648,30.0,R. Pereira Martins,Brazil,Swansea City,England 2 - Championship,Right Wing,Attack,24.0,3120.0,49.8,49.5,49.2,56.4
160097,25745,12152.0,R. Pereira de Pinho,Brazil,Estrela Amadora,Portugal 1 - Liga Portugal,Centre Forward,Attack,34.0,1184.0,52.8,52.9,52.3,53.8
186427,25673,844.0,R. Peña Jiménez,Spain,Leganés,Spain 2 - La Liga 2,Right Back,Defence,34.0,1699.0,53.2,53.5,53.7,50.1
82371,25601,28077.0,R. Pillár,Slovakia,Komárno,Slovakia 1 - Niké Liga,Centre Back,Defence,34.0,1734.0,44.1,43.6,46.2,43.4
37257644,25745,3161.0,R. Pinheiro Ferreira,Portugal,Famalicão,Portugal 1 - Liga Portugal,Right Back,Defence,22.0,2572.0,54.5,53.9,54.2,50.7
37676403,25652,3114.0,R. Pinto Pedrosa,Germany,Karlsruher SC,Germany 2 - 2. Bundesliga,Right Back,Defence,17.0,1491.0,47.1,48.3,49.5,50.3
181115,25566,2940.0,R. Polievka,Slovakia,MTK,Hungary 1 - NB I,Centre Forward,Attack,29.0,923.0,49.5,49.5,49.2,42.7
129736,25673,10008.0,R. Pompeu da Silva,Brazil,Castellón,Spain 2 - La Liga 2,Defensive Midfield,Midfield,35.0,920.0,54.6,54.8,54.4,45.2
12241,25648,5.0,R. Poole,Wales,Portsmouth,England 2 - Championship,Centre Back,Defence,27.0,3619.0,48.9,48.3,49.6,51.3
37635010,25641,132584.0,R. Pop,Romania,Petrolul 52,Romania 1 - Superliga,Right Wing,Attack,20.0,1175.0,47.8,48.5,48.1,43.9
37286793,25637,2475.0,R. Postema,Netherlands,FC Emmen,Netherlands 2 - Eerste Divisie,Centre Forward,Attack,23.0,3100.0,51.7,51.8,52.1,40.4
79597,25601,8224.0,R. Potočný,Czech Republic,Skalica,Slovakia 1 - Niké Liga,Centre Forward,Attack,34.0,947.0,45.0,45.0,44.9,49.8
38145,25652,3647.0,R. Preißinger,Germany,Preußen Münster,Germany 2 - 2. Bundesliga,Central Midfield,Midfield,29.0,1515.0,50.7,50.4,49.8,56.0
69879,25601,3283.0,R. Procházka,Slovakia,Spartak Trnava,Slovakia 1 - Niké Liga,Defensive Midfield,Midfield,36.0,1053.0,48.6,48.2,45.9,42.1
23269665,25637,1433.0,R. Providence,Haiti,Almere City,Netherlands 2 - Eerste Divisie,Left Wing,Attack,24.0,1027.0,47.1,47.2,46.5,47.9
24903,25597,593.0,R. Pröpper,Netherlands,FC Twente,Netherlands 1 - Eredivisie,Centre Back,Defence,31.0,1717.0,58.1,59.7,58.0,57.2
130532,26164,445.0,R. Pucino,Italy,Bari 1908,Italy 2 - Serie B,Centre Back,Defence,34.0,1664.0,49.5,49.0,49.5,47.1
37596443,25584,906.0,R. Pukstas,United States,Hajduk Split,Croatia 1 - 1. HNL,Attacking Midfield,Midfield,20.0,2455.0,48.2,51.2,49.3,63.2
34398,25584,7684.0,R. Punčec,Croatia,Varaždin,Croatia 1 - 1. HNL,Centre Back,Defence,33.0,1332.0,42.0,41.1,42.5,45.7
129662,25759,27943.0,R. Pérez Del Mármol,Spain,Kifisia,Greece 1 - Super League,Defensive Midfield,Midfield,36.0,1512.0,48.4,48.7,51.1,53.7
146891,25641,3444.0,R. Radunović,Montenegro,FCSB,Romania 1 - Superliga,Left Back,Defence,33.0,2187.0,53.8,53.3,52.8,52.8
52393,25653,3630.0,R. Ranftl,Austria,Austria Wien,Austria 1 - Admiral Bundesliga,Right Back,Defence,33.0,2830.0,50.5,50.0,49.8,51.2
99036,25607,647.0,R. Raveloson,Madagascar,Young Boys,Switzerland 1 - Super League,Defensive Midfield,Midfield,28.0,1414.0,50.6,50.4,51.2,46.9
37550498,25584,906.0,R. Raçi,Kosovo,Hajduk Split,Croatia 1 - 1. HNL,Centre Back,Defence,22.0,1300.0,52.6,52.3,53.2,51.0
37570534,25662,2997.0,R. Revivo,Israel,Maccabi Tel Aviv,Israel 1 - Ligat ha'Al,Left Back,Defence,22.0,2526.0,53.4,52.4,52.1,49.8
37402349,25745,605.0,R. Rios,Colombia,Benfica,Portugal 1 - Liga Portugal,Defensive Midfield,Midfield,25.0,2284.0,56.3,56.0,54.4,52.6
505047,25682,13860.0,R. Rivas Vindel,Honduras,Kocaelispor,Türkiye 1 - Super Lig,Left Wing,Attack,27.0,1176.0,48.5,48.6,47.9,53.6
37726595,25637,3115.0,R. Robbemond,Netherlands,Jong AZ,Netherlands 2 - Eerste Divisie,Central Midfield,Midfield,20.0,1362.0,50.3,50.4,51.3,54.5
37700158,25536,85.0,R. Rodrigues Silva,Brazil,FC København,Denmark 1 - Superliga,Left Wing,Attack,20.0,1244.0,51.5,51.3,52.2,49.3
21072676,25673,3169.0,R. Rodríguez Gil Carcedo,Spain,Albacete,Spain 2 - La Liga 2,Central Midfield,Midfield,27.0,1331.0,48.6,48.2,48.8,46.2
37592574,25673,126.0,R. Rodríguez Ruiz,Spain,Málaga,Spain 2 - La Liga 2,Attacking Midfield,Midfield,22.0,1410.0,53.6,53.9,52.8,63.2
37255821,25649,251.0,R. Roosken,Netherlands,Huddersfield Town,England 3 - League One,Left Back,Defence,25.0,1427.0,49.4,50.6,52.6,57.0
539656,26164,6911.0,R. Russo,Italy,Avellino,Italy 2 - Serie B,Left Wing,Attack,26.0,1416.0,52.6,52.4,52.5,59.7
37357256,25591,4484.0,R. Saarma,Estonia,Pardubice,Czech Republic 1 - Chance Liga,Right Wing,Attack,24.0,1132.0,48.7,48.8,46.6,54.7
124167,25682,81.0,R. Safouri,Israel,Antalyaspor,Türkiye 1 - Super Lig,Central Midfield,Midfield,29.0,1795.0,54.5,55.0,55.9,47.1
529664,25600,700.0,R. Said Ahamada,Comoros,Standard Liège,Belgium 1 - Pro League,Left Wing,Attack,25.0,2760.0,53.1,53.9,54.1,52.8
53816,25653,3300.0,R. Sales,Brazil,Blau-Weiß Linz,Austria 1 - Admiral Bundesliga,Centre Forward,Attack,36.0,1576.0,50.2,50.0,50.4,49.1
114021,25682,34.0,R. Sallai,Hungary,Galatasaray,Türkiye 1 - Super Lig,Right Back,Defence,28.0,2373.0,54.4,54.0,54.4,54.6
24372,25735,2432.0,R. Sanusi,Belgium,K. Beerschot V.A.,Belgium 2 - Challenger Pro League,Defensive Midfield,Midfield,33.0,1108.0,50.9,51.3,48.4,51.0
39608,25652,67.0,R. Schallenberg,Germany,Schalke 04,Germany 2 - 2. Bundesliga,Defensive Midfield,Midfield,26.0,2804.0,49.2,49.6,47.5,51.5
37357401,25607,3525.0,R. Schneider,Switzerland,Winterthur,Switzerland 1 - Super League,Attacking Midfield,Midfield,23.0,1872.0,50.0,49.1,50.3,56.1
61072,25600,3958.0,R. Schoofs,Belgium,Union Saint-Gilloise,Belgium 1 - Pro League,Central Midfield,Midfield,31.0,1465.0,58.1,57.8,57.8,47.8
37583711,25637,94.0,R. Schwarz,Germany,Vitesse,Netherlands 2 - Eerste Divisie,Attacking Midfield,Midfield,21.0,1819.0,45.5,45.2,45.4,54.2
538609,25591,3643.0,R. Sedláček,Czech Republic,Jablonec,Czech Republic 1 - Chance Liga,Central Midfield,Midfield,26.0,1716.0,51.5,51.5,51.3,44.5
26815,25735,2591.0,R. Seuntjens,Netherlands,Lommel SK,Belgium 2 - Challenger Pro League,Centre Forward,Attack,36.0,2475.0,54.0,54.3,54.4,49.3
126596,25662,2997.0,R. Shlomo,Israel,Maccabi Tel Aviv,Israel 1 - Ligat ha'Al,Centre Back,Defence,26.0,1701.0,59.6,61.3,61.8,49.2
2170269,25641,10266.0,R. Sierra Giménez,Spain,Argeş,Romania 1 - Superliga,Defensive Midfield,Midfield,29.0,3420.0,44.8,44.3,46.0,52.3
4545427,25535,3191.0,R. Silva Baró,Portugal,Radomiak Radom,Poland 1 - Ekstraklasa,Defensive Midfield,Midfield,25.0,1289.0,48.8,47.8,45.3,49.4
10967436,25682,3897.0,R. Simião Gomes,Brazil,Göztepe,Türkiye 1 - Super Lig,Central Midfield,Midfield,26.0,1088.0,52.3,52.0,51.3,56.6
10967436,25745,35867.0,R. Simião Gomes,Brazil,Alverca,Portugal 1 - Liga Portugal,Central Midfield,Midfield,26.0,996.0,50.2,49.8,49.0,51.9
455410,25648,22.0,R. Slater,England,Hull City,England 2 - Championship,Defensive Midfield,Midfield,25.0,3421.0,50.0,49.0,49.6,49.1
37335083,25599,6564.0,R. Soares dos Santos,Brazil,Rostov,Russia 1 - Premier League,Right Wing,Attack,24.0,2024.0,47.4,47.6,48.6,58.6
186945,25673,11354.0,R. Sobrino Pozuelo,Spain,Cultural Leonesa,Spain 2 - La Liga 2,Centre Forward,Attack,33.0,1416.0,45.6,45.8,44.9,52.6
159510,25682,3990.0,R. Sousa Esgaio,Portugal,Fatih Karagümrük,Türkiye 1 - Super Lig,Right Back,Defence,32.0,2179.0,50.3,49.2,47.9,50.5
197807,25607,13775.0,R. Steffen,Switzerland,Lugano,Switzerland 1 - Super League,Right Wing,Attack,33.0,2045.0,52.6,52.4,53.6,49.1
175530,25648,65.0,R. Stewart,Scotland,Southampton,England 2 - Championship,Centre Forward,Attack,29.0,1098.0,58.2,58.3,58.5,60.1
455451,25598,282.0,R. Strain,Australia,Dundee United,Scotland 1 - Premiership,Right Back,Defence,28.0,1232.0,50.6,50.4,52.0,46.5
37391497,25649,305.0,R. Street,England,Lincoln City,England 3 - League One,Centre Forward,Attack,23.0,3170.0,45.3,45.4,45.3,51.5
37262571,25673,11354.0,R. Suárez Marcos,Spain,Cultural Leonesa,Spain 2 - La Liga 2,Centre Back,Defence,22.0,2870.0,45.5,44.8,44.2,46.5
10788,25649,225.0,R. Sweeney,Republic of Ireland,Mansfield Town,England 3 - League One,Centre Back,Defence,28.0,2126.0,44.5,43.2,44.2,57.5
12568,25600,3958.0,R. Sykes,England,Union Saint-Gilloise,Belgium 1 - Pro League,Centre Back,Defence,26.0,2623.0,57.4,58.0,56.8,59.7
22158924,25745,1198.0,R. Sánchez Sendra,Spain,Estoril,Portugal 1 - Liga Portugal,Right Back,Defence,25.0,2005.0,52.6,52.1,51.9,47.7
37532635,25641,132584.0,R. Sălceanu,Romania,Petrolul 52,Romania 1 - Superliga,Left Back,Defence,21.0,1112.0,46.8,46.2,46.2,44.2
37336851,25641,134619.0,R. Tanasa,Romania,Farul Constanța,Romania 1 - Superliga,Left Wing,Attack,22.0,2674.0,44.5,44.9,44.6,56.6
25161,25597,1016.0,R. Thomas,New Zealand,PEC Zwolle,Netherlands 1 - Eredivisie,Defensive Midfield,Midfield,30.0,2157.0,50.6,50.7,51.4,58.2
37590214,25658,1838.0,R. Touzghar,France,Pau,France 2 - Ligue 2,Central Midfield,Midfield,21.0,2557.0,52.3,51.8,52.0,47.9
37391533,25649,305.0,R. Towler,England,Lincoln City,England 3 - League One,Centre Back,Defence,23.0,2141.0,50.1,50.2,46.5,44.7
34366945,25673,11354.0,R. Tresaco Blasco,Spain,Cultural Leonesa,Spain 2 - La Liga 2,Left Wing,Attack,24.0,1296.0,50.0,48.9,48.6,47.0
167149,25641,10282.0,R. Trif,Romania,Csikszereda,Romania 1 - Superliga,Left Back,Defence,27.0,1306.0,44.5,44.4,44.8,46.8
37590639,25636,2650.0,R. Tytens,Belgium,Lyngby Boldklub,Denmark 2 - First Division,Left Back,Defence,20.0,980.0,47.3,47.0,47.4,48.1
37516954,25662,6810.0,R. Unger,Israel,Ironi Tiberias,Israel 1 - Ligat ha'Al,Right Back,Defence,23.0,2680.0,45.3,45.5,45.4,43.6
37622005,25600,355.0,R. Van Helden,Belgium,Sint-Truiden,Belgium 1 - Pro League,Centre Back,Defence,23.0,1712.0,55.4,55.5,55.6,51.8
37651572,25600,355.0,R. Vanwesemael,Belgium,Sint-Truiden,Belgium 1 - Pro League,Right Back,Defence,23.0,3078.0,50.0,51.0,51.3,47.9
160114,25641,132584.0,R. Veiga Varzim Miranda,Portugal,Petrolul 52,Romania 1 - Superliga,Right Back,Defence,31.0,3023.0,48.3,47.1,45.8,49.8
37423077,25600,340.0,R. Vermant,Belgium,Club Brugge,Belgium 1 - Pro League,Centre Forward,Attack,21.0,1317.0,56.2,56.1,56.2,60.5
84574,25536,390.0,R. Vinderslev,Denmark,Sønderjyske Fodbold,Denmark 1 - Superliga,Defensive Midfield,Midfield,27.0,1468.0,47.6,47.6,47.1,45.7
37351304,25535,8761.0,R. Visus Contreras,Spain,Widzew Lodz,Poland 1 - Ekstraklasa,Centre Back,Defence,24.0,1710.0,54.3,55.8,56.4,45.8
37775431,25735,277379.0,R. Vydysh,Ukraine,Jong Gent,Belgium 2 - Challenger Pro League,Left Wing,Attack,19.0,2404.0,48.6,48.5,49.0,45.0
37537922,25652,1077.0,R. Wagner,Germany,Dynamo Dresden,Germany 2 - 2. Bundesliga,Central Midfield,Midfield,22.0,1345.0,48.0,47.5,47.1,51.0
37565025,25649,28.0,R. Walters,England,Blackpool,England 3 - League One,Right Back,Defence,20.0,1416.0,47.8,47.6,47.6,42.8
37666904,25649,348.0,R. Walters,England,Port Vale,England 3 - League One,Central Midfield,Midfield,19.0,1627.0,46.7,47.4,47.4,49.4
10967318,25649,23.0,R. Williams,England,Reading,England 3 - League One,Left Midfield,Midfield,28.0,989.0,47.3,46.3,46.3,43.7
64023,25735,3239.0,R. Wilmots,Belgium,RFC Liège,Belgium 2 - Challenger Pro League,Defensive Midfield,Midfield,28.0,2529.0,47.6,47.6,49.1,54.5
9325,25649,69.0,R. Wintle,England,Cardiff City,England 3 - League One,Defensive Midfield,Midfield,28.0,3250.0,53.3,53.6,53.8,47.9
62372,25535,3191.0,R. Wolski,Poland,Radomiak Radom,Poland 1 - Ekstraklasa,Attacking Midfield,Midfield,32.0,2195.0,50.6,49.4,49.6,49.2
9938916,25535,1266.0,R. Yakuba,Ukraine,Zagłębie Lubin,Poland 1 - Ekstraklasa,Centre Back,Defence,24.0,1683.0,44.7,44.3,46.0,49.7
32272,25682,3224.0,R. Yalçın,Germany,Eyüpspor,Türkiye 1 - Super Lig,Centre Back,Defence,31.0,1624.0,52.7,52.8,54.5,40.5
31238689,25600,355.0,R. Yamamoto,Japan,Sint-Truiden,Belgium 1 - Pro League,Defensive Midfield,Midfield,23.0,3291.0,50.9,50.1,48.6,51.7
4545417,25682,554.0,R. Yılmaz,Türkiye,Beşiktaş,Türkiye 1 - Super Lig,Left Back,Defence,24.0,2088.0,51.4,51.1,50.1,51.9
22126556,25745,884.0,R. Zalazar Martínez,Uruguay,Sporting Braga,Portugal 1 - Liga Portugal,Attacking Midfield,Midfield,25.0,1943.0,57.4,57.5,59.3,55.1
37255818,25597,593.0,R. Zerrouki,Algeria,FC Twente,Netherlands 1 - Eredivisie,Defensive Midfield,Midfield,27.0,2667.0,58.8,60.4,59.6,54.3
124917,25662,2495.0,R. Zikri,Israel,Hapoel Haifa,Israel 1 - Ligat ha'Al,Left Wing,Attack,32.0,1101.0,44.9,45.7,44.9,54.2
169759,25599,2712.0,R. Zobnin,Russia,Spartak Moskva,Russia 1 - Premier League,Central Midfield,Midfield,31.0,1241.0,55.6,56.5,55.3,61.9
217885,25759,602.0,R. de Almeida,Brazil,Olympiacos F.C.,Greece 1 - Super League,Right Back,Defence,33.0,1670.0,59.7,59.9,61.3,52.3
232089,25567,2673.0,R. de Souza Prado,Brazil,Crvena Zvezda,Serbia 1 - Super Liga,Centre Back,Defence,29.0,1705.0,55.8,56.4,56.4,61.0
37622795,25637,2755.0,R. el Arguioui,Netherlands,Jong FC Utrecht,Netherlands 2 - Eerste Divisie,Attacking Midfield,Midfield,20.0,1830.0,50.3,50.8,50.7,46.7
38201799,25637,822.0,R. van Asten,Netherlands,FC Dordrecht,Netherlands 2 - Eerste Divisie,Central Midfield,Midfield,17.0,1331.0,42.8,42.1,43.4,47.1
38201194,25597,2396.0,R. van Cruijsen,Netherlands,FC Volendam,Netherlands 1 - Eredivisie,Attacking Midfield,Midfield,19.0,1419.0,49.9,48.9,48.9,43.0
26035,25682,2811.0,R. van Drongelen,Netherlands,Samsunspor,Türkiye 1 - Super Lig,Centre Back,Defence,26.0,2823.0,57.1,58.2,57.6,54.2
37697418,25637,2971.0,R. van Duiven,Netherlands,Jong PSV,Netherlands 2 - Eerste Divisie,Centre Forward,Attack,19.0,1779.0,50.4,50.0,50.4,50.0
12790692,25637,814.0,R. van Eijma,Curaçao,RKC Waalwijk,Netherlands 2 - Eerste Divisie,Centre Back,Defence,27.0,2046.0,49.3,49.6,48.9,51.7
975,25597,593.0,R. van Wolfswinkel,Netherlands,FC Twente,Netherlands 1 - Eredivisie,Centre Forward,Attack,36.0,1727.0,51.9,51.7,51.7,54.9
37718672,25637,2971.0,R. van de Riet,Netherlands,Jong PSV,Netherlands 2 - Eerste Divisie,Left Back,Defence,18.0,2165.0,49.3,48.2,47.2,41.9
28418,25637,814.0,R. van der Venne,Netherlands,RKC Waalwijk,Netherlands 2 - Eerste Divisie,Attacking Midfield,Midfield,33.0,1251.0,45.7,46.7,46.3,47.4
37509472,25536,86.0,R. Østrøm,Norway,Silkeborg IF,Denmark 1 - Superliga,Centre Back,Defence,22.0,2583.0,49.7,50.2,49.6,45.5
24816763,25601,227584.0,R. Čerepkai,Slovakia,FK Košice,Slovakia 1 - Niké Liga,Centre Forward,Attack,23.0,2295.0,50.2,50.2,50.5,47.2
37736809,25601,2798.0,R. Šiler,Czech Republic,Podbrezová,Slovakia 1 - Niké Liga,Centre Forward,Attack,20.0,2305.0,48.9,48.9,49.3,40.1
37341965,25652,3114.0,R. Šimić,Croatia,Karlsruher SC,Germany 2 - 2. Bundesliga,Centre Forward,Attack,21.0,959.0,49.2,49.5,48.6,52.6
37597583,25591,512.0,R. Štorman,Slovenia,Karviná,Czech Republic 1 - Chance Liga,Attacking Midfield,Midfield,20.0,1550.0,48.1,50.7,48.8,56.1
30446969,25745,35867.0,S. Abdulai,Ghana,Alverca,Portugal 1 - Liga Portugal,Defensive Midfield,Midfield,26.0,1175.0,48.4,47.7,48.8,48.2
37668930,25662,2997.0,S. Abu Farhi,Israel,Maccabi Tel Aviv,Israel 1 - Ligat ha'Al,Centre Forward,Attack,19.0,1863.0,50.1,50.2,49.5,54.5
37457506,25567,6318.0,S. Abubakar,Ghana,Radnik Surdulica,Serbia 1 - Super Liga,Centre Back,Defence,27.0,2224.0,46.7,46.6,46.6,49.2
28572155,25653,3369.0,S. Adeniran,United States,LASK Linz,Austria 1 - Admiral Bundesliga,Centre Forward,Attack,26.0,2070.0,51.8,51.9,51.7,55.1
37252524,25597,1459.0,S. Adewoye,Belgium,Fortuna Sittard,Netherlands 1 - Eredivisie,Centre Back,Defence,25.0,2022.0,47.5,47.1,47.2,53.3
37761823,25591,463.0,S. Afolabi,Nigeria,Slovan Liberec,Czech Republic 1 - Chance Liga,Left Wing,Attack,19.0,1465.0,50.5,50.8,50.4,54.6
390543,25682,1041.0,S. Akaydin,Türkiye,Rizespor,Türkiye 1 - Super Lig,Centre Back,Defence,31.0,2571.0,52.3,52.0,53.2,56.8
37632412,25584,7920.0,S. Akere,Nigeria,Osijek,Croatia 1 - 1. HNL,Right Wing,Attack,21.0,980.0,50.4,50.6,51.2,54.5
187102,25658,1028.0,S. Akieme Rodríguez,Spain,Reims,France 2 - Ligue 2,Left Back,Defence,27.0,3034.0,53.2,52.6,51.7,47.1
37569838,25567,5634.0,S. Alić,Serbia,Novi Pazar,Serbia 1 - Super Liga,Defensive Midfield,Midfield,21.0,1182.0,47.1,46.2,44.6,48.4
142750,25641,8474.0,S. Alomeroviс,Macedonia,UTA Arad,Romania 1 - Superliga,Left Back,Defence,28.0,2524.0,51.5,51.8,51.6,54.0
105926,25662,2495.0,S. Altunashvili,Georgia,Hapoel Haifa,Israel 1 - Ligat ha'Al,Central Midfield,Midfield,28.0,1010.0,45.7,45.5,45.6,45.9
37778646,25759,57.0,S. Andino Valencia,Argentina,Panathinaikos,Greece 1 - Super League,Left Midfield,Midfield,19.0,912.0,49.4,49.1,49.0,51.3
85619,25636,1703.0,S. Andreasen,Denmark,Hobro,Denmark 2 - First Division,Centre Forward,Attack,29.0,1966.0,47.6,47.6,47.5,43.9
24817455,25535,8761.0,S. Andreou,Cyprus,Widzew Lodz,Poland 1 - Ekstraklasa,Centre Back,Defence,22.0,1315.0,47.5,47.4,47.8,42.4
3862031,25652,1092.0,S. Appelkamp,Germany,Fortuna Düsseldorf,Germany 2 - 2. Bundesliga,Attacking Midfield,Midfield,24.0,1853.0,50.8,50.4,50.2,44.2
172357,25598,273.0,S. Armstrong,Scotland,Aberdeen,Scotland 1 - Premiership,Central Midfield,Midfield,33.0,2080.0,51.4,51.2,51.6,48.3
37354878,25648,122.0,S. Armstrong,Republic of Ireland,Bristol City,England 2 - Championship,Centre Forward,Attack,22.0,1590.0,52.2,52.0,52.0,53.4
37316507,25673,618.0,S. Arribas Calvo,Spain,Almería,Spain 2 - La Liga 2,Attacking Midfield,Midfield,23.0,3812.0,54.6,56.1,56.0,47.5
37337203,25735,234702.0,S. Audoor,Belgium,Club NXT U23,Belgium 2 - Challenger Pro League,Left Back,Defence,21.0,1510.0,53.6,53.8,52.8,50.6
37336919,25599,452.0,S. Babkin,Russia,Krylya Sovetov,Russia 1 - Premier League,Central Midfield,Midfield,22.0,1895.0,48.7,48.5,48.5,47.6
38201788,25637,822.0,S. Bae,,FC Dordrecht,Netherlands 2 - Eerste Divisie,Central Midfield,Midfield,18.0,1399.0,48.0,48.3,48.0,54.6
165397,25641,12619.0,S. Balaure,Romania,Hermannstadt,Romania 1 - Superliga,Right Midfield,Midfield,29.0,1180.0,55.7,55.8,55.3,43.7
23278710,25682,81.0,S. Ballet,Switzerland,Antalyaspor,Türkiye 1 - Super Lig,Right Wing,Attack,24.0,1720.0,48.6,49.6,50.1,56.1
37316461,25637,669.0,S. Bamba,Germany,Willem II,Netherlands 2 - Eerste Divisie,Right Wing,Attack,21.0,1051.0,50.0,50.7,50.9,54.8
3876766,25591,4484.0,S. Bammens,Belgium,Pardubice,Czech Republic 1 - Chance Liga,Centre Back,Defence,27.0,2167.0,47.5,47.1,47.5,54.7
21763134,25649,54.0,S. Banks,Scotland,Barnsley,England 3 - League One,Right Wing,Attack,23.0,1235.0,51.3,50.8,50.3,45.9
21413993,25673,2921.0,S. Barcia Laranxeira,Spain,Las Palmas,Spain 2 - La Liga 2,Centre Back,Defence,24.0,3020.0,51.5,51.3,50.8,54.9
37676360,25637,2385.0,S. Barglan,Sudan,FC Den Bosch,Netherlands 2 - Eerste Divisie,Right Back,Defence,22.0,1197.0,45.7,46.7,47.1,54.2
131848,26164,1234.0,S. Bastoni,Italy,Cesena,Italy 2 - Serie B,Central Midfield,Midfield,28.0,1008.0,51.8,51.9,51.5,55.8
37391534,25649,183.0,S. Bell,England,Wycombe Wanderers,England 3 - League One,Left Wing,Attack,23.0,1385.0,48.2,48.0,48.9,49.1
125646,25662,6961.0,S. Ben-David,Israel,Ironi Kiryat Shmona,Israel 1 - Ligat ha'Al,Centre Back,Defence,28.0,2573.0,51.3,52.3,52.0,43.3
17187710,25658,9291.0,S. Benchama,France,Rodez,France 2 - Ligue 2,Defensive Midfield,Midfield,25.0,1659.0,46.8,46.1,45.1,41.5
4230,25597,629.0,S. Berghuis,Netherlands,Ajax,Netherlands 1 - Eredivisie,Right Wing,Attack,33.0,1289.0,55.2,54.9,55.2,49.3
8417831,25535,8761.0,S. Bergier,Poland,Widzew Lodz,Poland 1 - Ekstraklasa,Centre Forward,Attack,25.0,2293.0,51.6,51.5,52.0,45.0
102094,25658,1838.0,S. Beusnard,France,Pau,France 2 - Ligue 2,Central Midfield,Midfield,33.0,2154.0,53.0,53.0,52.5,50.7
468224,25662,6810.0,S. Bilenkiy,Ukraine,Ironi Tiberias,Israel 1 - Ligat ha'Al,Centre Forward,Attack,27.0,2242.0,45.8,45.7,45.5,45.8
132862,26164,1628.0,S. Birindelli,Italy,Monza,Italy 2 - Serie B,Right Back,Defence,26.0,2992.0,49.2,49.1,49.9,42.0
24838180,25673,361.0,S. Biuk,Croatia,Real Valladolid,Spain 2 - La Liga 2,Left Wing,Attack,22.0,2126.0,51.1,50.9,49.9,55.6
28477,25637,320.0,S. Blummel,Netherlands,FC Eindhoven,Netherlands 2 - Eerste Divisie,Right Wing,Attack,28.0,2139.0,47.1,47.4,47.8,48.3
37752312,25658,7047.0,S. Bocoum,France,Troyes,France 2 - Ligue 2,Centre Back,Defence,19.0,1038.0,52.1,52.1,50.3,59.9
37327976,25641,3195.0,S. Bodisteanu,Romania,Botoşani,Romania 1 - Superliga,Left Wing,Attack,22.0,1261.0,50.5,50.5,50.1,54.8
37631854,25591,512.0,S. Boháč,Czech Republic,Karviná,Czech Republic 1 - Chance Liga,Central Midfield,Midfield,22.0,1226.0,47.3,46.5,46.7,51.6
38200096,26164,2892.0,S. Bonetti,Italy,Reggiana,Italy 2 - Serie B,Left Back,Defence,20.0,1767.0,43.9,43.9,43.9,42.7
37316446,25637,94.0,S. Bonnah Owusu,Netherlands,Vitesse,Netherlands 2 - Eerste Divisie,Right Back,Defence,21.0,1511.0,43.6,43.6,43.8,43.1
37719514,25637,2971.0,S. Bouhoudane,Netherlands,Jong PSV,Netherlands 2 - Eerste Divisie,Centre Forward,Attack,17.0,1132.0,48.5,48.3,48.3,45.2
169875,25599,452.0,S. Bozhin,Russia,Krylya Sovetov,Russia 1 - Premier League,Centre Back,Defence,30.0,2145.0,48.9,48.3,49.4,52.7
5489,25649,305.0,S. Bradley,England,Lincoln City,England 3 - League One,Centre Back,Defence,33.0,3990.0,45.1,44.5,44.4,51.8
27280,25637,1731.0,S. Braken,Netherlands,MVV Maastricht,Netherlands 2 - Eerste Divisie,Centre Forward,Attack,32.0,2376.0,47.1,47.1,46.6,51.2
62513,25735,247549.0,S. Brebels,Belgium,KSC Lokeren,Belgium 2 - Challenger Pro League,Defensive Midfield,Midfield,30.0,1909.0,49.9,49.5,49.1,47.2
37541645,25759,602.0,S. Bruno Onyemaechi,Nigeria,Olympiacos F.C.,Greece 1 - Super League,Left Back,Defence,26.0,1281.0,56.5,55.6,55.0,57.9
37624135,25567,2945.0,S. Bukinac,Serbia,Vojvodina,Serbia 1 - Super Liga,Left Back,Defence,20.0,1703.0,51.7,51.1,50.3,46.3
79111,25567,5421.0,S. Bukorac,Serbia,Napredak,Serbia 1 - Super Liga,Centre Back,Defence,34.0,2167.0,45.3,45.2,47.5,54.7
37691885,25637,1073.0,S. Bultman,Netherlands,De Graafschap,Netherlands 2 - Eerste Divisie,Centre Back,Defence,20.0,1889.0,50.3,50.1,51.0,44.9
6307,25641,12619.0,S. Buș,Romania,Hermannstadt,Romania 1 - Superliga,Centre Forward,Attack,32.0,1401.0,52.2,51.8,53.0,50.2
2823175,25636,8724.0,S. Bækgård,Denmark,Aarhus Fremad,Denmark 2 - First Division,Central Midfield,Midfield,25.0,2162.0,47.2,46.7,45.7,45.6
37595988,25591,512.0,S. Camara,France,Karviná,Czech Republic 1 - Chance Liga,Centre Back,Defence,22.0,2600.0,49.4,48.7,50.7,62.4
5007,25673,361.0,S. Canós Tenes,Spain,Real Valladolid,Spain 2 - La Liga 2,Left Wing,Attack,28.0,998.0,47.7,47.6,48.0,54.9
37259133,25648,4.0,S. Carey,England,Charlton Athletic,England 2 - Championship,Attacking Midfield,Midfield,24.0,3401.0,50.0,50.9,50.7,46.6
37627017,25652,2642.0,S. Castaneda,United States,Paderborn,Germany 2 - 2. Bundesliga,Defensive Midfield,Midfield,20.0,2193.0,49.7,49.7,50.1,50.6
24838238,26164,10771.0,S. Cella,Italy,Mantova,Italy 2 - Serie B,Centre Back,Defence,24.0,2984.0,47.5,46.9,49.1,48.5
37640040,25745,35867.0,S. Cesar,Brazil,Alverca,Portugal 1 - Liga Portugal,Centre Forward,Attack,34.0,1451.0,51.3,51.3,50.7,54.7
37594544,25591,216.0,S. Chaloupek,Czech Republic,Slavia Praha,Czech Republic 1 - Chance Liga,Centre Back,Defence,22.0,1822.0,54.0,52.8,54.4,58.1
37442672,25648,65.0,S. Charles,England,Southampton,England 2 - Championship,Defensive Midfield,Midfield,21.0,2207.0,57.8,58.1,56.6,60.9
37683887,25662,6900.0,S. Chipyoka,Zambia,Hapoel Petah Tikva,Israel 1 - Ligat ha'Al,Attacking Midfield,Midfield,20.0,1562.0,47.6,45.5,48.5,45.3
5641100,25673,844.0,S. Cisse,Guinea,Leganés,Spain 2 - La Liga 2,Central Midfield,Midfield,24.0,2483.0,52.5,52.4,52.3,49.3
10849,25649,294.0,S. Clare,England,Leyton Orient,England 3 - League One,Right Back,Defence,28.0,2215.0,46.2,45.4,44.9,51.7
17158410,25636,2650.0,S. Colyn,Canada,Lyngby Boldklub,Denmark 2 - First Division,Attacking Midfield,Midfield,23.0,1633.0,50.7,49.8,49.3,50.2
1028,25648,47.0,S. Cook,England,Queens Park Rangers,England 2 - Championship,Centre Back,Defence,34.0,2148.0,52.7,53.0,55.2,54.2
84482,25536,2933.0,S. Crone,Denmark,Fredericia,Denmark 1 - Superliga,Right Back,Defence,30.0,2313.0,46.5,46.1,46.3,41.5
37297461,25673,60.0,S. Cubero Ezcurra,Spain,SD Eibar,Spain 2 - La Liga 2,Right Back,Defence,25.0,2864.0,51.3,51.5,52.0,54.1
37357400,25607,3525.0,S. Cueni,Switzerland,Winterthur,Switzerland 1 - Super League,Central Midfield,Midfield,24.0,1381.0,44.4,44.2,44.7,50.0
9939187,25535,8761.0,S. Czyż,Poland,Widzew Lodz,Poland 1 - Ekstraklasa,Defensive Midfield,Midfield,24.0,1003.0,46.7,45.8,45.7,45.3
462072,25682,3990.0,S. Da Luiz Junior,Brazil,Fatih Karagümrük,Türkiye 1 - Super Lig,Left Wing,Attack,30.0,2227.0,48.3,49.0,49.9,52.6
37295874,25745,605.0,S. Dahl,Sweden,Benfica,Portugal 1 - Liga Portugal,Left Back,Defence,22.0,2863.0,54.7,54.5,53.6,53.1
13355,25649,16.0,S. Dalby,England,Bolton Wanderers,England 3 - League One,Centre Forward,Attack,25.0,2364.0,48.9,49.0,49.0,56.6
1484940,25591,3552.0,S. Dancák,Slovakia,Hradec Králové,Czech Republic 1 - Chance Liga,Central Midfield,Midfield,27.0,2105.0,50.0,50.1,50.0,45.6
37705841,25535,3260.0,S. Davidović,Slovenia,Korona Kielce,Poland 1 - Ekstraklasa,Attacking Midfield,Midfield,20.0,1287.0,47.2,46.8,48.9,51.0
37287588,26164,176.0,S. Davì,Italy,Südtirol,Italy 2 - Serie B,Left Back,Defence,25.0,2122.0,52.0,50.7,50.9,46.3
37597897,25637,2460.0,S. Dekkers,Netherlands,Helmond Sport,Netherlands 2 - Eerste Divisie,Right Back,Defence,21.0,1232.0,45.6,46.4,46.0,38.1
7346725,25658,1174.0,S. Delos,France,Grenoble Foot 38,France 2 - Ligue 2,Right Back,Defence,26.0,1811.0,52.0,53.2,53.5,49.4
24604,25682,643.0,S. Denswil,Suriname,Kayserispor,Türkiye 1 - Super Lig,Centre Back,Defence,32.0,2723.0,48.5,47.9,48.6,46.1
23715964,25567,3674.0,S. Despotovski,Serbia,OFK Beograd,Serbia 1 - Super Liga,Right Back,Defence,22.0,1901.0,47.4,46.8,46.1,43.9
5640878,25597,682.0,S. Dest,United States,PSV,Netherlands 1 - Eredivisie,Right Back,Defence,24.0,2205.0,58.7,58.7,56.6,54.8
537367,25735,1272.0,S. Dewaele,Belgium,SK Beveren,Belgium 2 - Challenger Pro League,Defensive Midfield,Midfield,26.0,2702.0,46.6,46.9,47.1,51.5
37669532,26164,7818.0,S. Di Mario,Italy,Virtus Entella,Italy 2 - Serie B,Left Midfield,Midfield,20.0,3168.0,47.3,47.4,47.4,60.9
37677926,25653,49.0,S. Diabaté,Mali,Salzburg,Austria 1 - Admiral Bundesliga,Defensive Midfield,Midfield,20.0,1692.0,55.8,56.7,55.5,54.6
10631746,25607,3525.0,S. Diaby,Ivory Coast,Winterthur,Switzerland 1 - Super League,Left Back,Defence,25.0,1473.0,49.4,48.9,47.6,53.2
25591395,26164,6947.0,S. Diakite,France,Juve Stabia,Italy 2 - Serie B,Right Back,Defence,25.0,950.0,48.2,48.0,47.0,58.6
204216,25682,81.0,S. Dikmen,Türkiye,Antalyaspor,Türkiye 1 - Super Lig,Central Midfield,Midfield,31.0,2157.0,46.0,45.6,45.7,48.9
37596354,25584,674.0,S. Domínguez Viloria,Spain,Dinamo Zagreb,Croatia 1 - 1. HNL,Centre Back,Defence,20.0,2576.0,55.4,56.5,55.7,59.0
3510025,25658,1461.0,S. Duflos,France,Boulogne,France 2 - Ligue 2,Central Midfield,Midfield,30.0,1537.0,47.5,47.7,49.0,51.5
35180,25682,13860.0,S. Dursun,Germany,Kocaelispor,Türkiye 1 - Super Lig,Centre Forward,Attack,33.0,1524.0,50.8,51.0,50.6,50.9
37573859,25591,3545.0,S. Dweh,Liberia,Viktoria Plzeň,Czech Republic 1 - Chance Liga,Centre Back,Defence,23.0,2213.0,50.8,50.2,52.4,62.3
37600665,25673,618.0,S. Dzodic,Serbia,Almería,Spain 2 - La Liga 2,Central Midfield,Midfield,20.0,2545.0,53.5,53.9,53.8,59.8
28913055,25649,409.0,S. Earley,England,Stevenage,England 3 - League One,Left Back,Defence,22.0,1530.0,45.0,44.8,44.7,58.1
37646945,25636,8759.0,S. Eg Pedersen,Denmark,Middelfart,Denmark 2 - First Division,Left Back,Defence,22.0,1188.0,46.5,46.4,46.9,49.4
37601923,25648,116.0,S. Egeli,Norway,Ipswich Town,England 2 - Championship,Right Wing,Attack,19.0,1479.0,52.8,53.0,53.2,52.3
37593182,25673,6968.0,S. El Jebari El Hannouni,Morocco,Mirandés,Spain 2 - La Liga 2,Left Wing,Attack,21.0,1611.0,52.2,52.4,50.8,54.8
37680874,25735,227972.0,S. El Touile,Belgium,Koninklijke Lierse Sportkring,Belgium 2 - Challenger Pro League,Left Wing,Attack,21.0,1036.0,47.2,47.5,46.6,48.9
37537951,25652,67.0,S. El-Faouzi,Morocco,Schalke 04,Germany 2 - 2. Bundesliga,Central Midfield,Midfield,23.0,3007.0,49.8,50.5,50.3,51.1
15413326,26164,397.0,S. Elia,Italy,Empoli,Italy 2 - Serie B,Right Midfield,Midfield,26.0,2259.0,56.6,56.6,55.6,53.9
22145361,25745,3161.0,S. Elisor,France,Famalicão,Portugal 1 - Liga Portugal,Centre Forward,Attack,26.0,2055.0,47.9,48.2,47.0,47.9
37257612,25597,750.0,S. Elkarouani,Morocco,FC Utrecht,Netherlands 1 - Eredivisie,Left Back,Defence,24.0,3046.0,55.9,55.5,58.8,53.0
36097118,25536,390.0,S. Emini,Macedonia,Sønderjyske Fodbold,Denmark 1 - Superliga,Central Midfield,Midfield,25.0,1020.0,50.8,50.9,51.3,50.4
8403220,25636,1371.0,S. Eng Strand,Norway,Esbjerg,Denmark 2 - First Division,Left Back,Defence,24.0,2663.0,47.0,47.4,47.8,49.4
185698,25673,274.0,S. Enrich Ametller,Spain,Huesca,Spain 2 - La Liga 2,Centre Forward,Attack,35.0,1663.0,47.9,48.2,47.6,55.2
26670084,25567,2673.0,S. Eraković,Serbia,Crvena Zvezda,Serbia 1 - Super Liga,Centre Back,Defence,24.0,1067.0,54.1,54.5,54.0,50.6
8417251,26164,345.0,S. Esposito,Italy,Spezia,Italy 2 - Serie B,Defensive Midfield,Midfield,24.0,931.0,59.8,60.4,62.8,54.6
110166,25566,506.0,S. Evangelou,Greece,Nyíregyháza Spartacus,Hungary 1 - NB I,Centre Back,Defence,27.0,900.0,48.1,47.7,48.6,52.4
37618190,25673,103.0,S. Faye,Senegal,Granada,Spain 2 - La Liga 2,Right Wing,Attack,22.0,1611.0,51.1,50.8,49.9,47.4
173081,25598,314.0,S. Findlay,Scotland,Hearts,Scotland 1 - Premiership,Centre Back,Defence,29.0,3029.0,49.4,49.0,49.5,49.4
26073,25597,1016.0,S. Floranus,Curaçao,PEC Zwolle,Netherlands 1 - Eredivisie,Left Back,Defence,26.0,2801.0,49.6,49.3,48.6,48.7
37308195,25607,2357.0,S. Fofana,France,Lausanne Sport,Switzerland 1 - Super League,Left Back,Defence,22.0,1670.0,52.9,53.3,53.7,49.2
37538406,25653,5724.0,S. Fofana,Germany,Grazer AK,Austria 1 - Admiral Bundesliga,Defensive Midfield,Midfield,22.0,1029.0,48.6,49.6,50.2,49.7
37445147,25536,293.0,S. Fukuda,Japan,Brøndby IF,Denmark 1 - Superliga,Right Wing,Attack,24.0,1028.0,53.2,52.8,54.4,58.8
101849,25641,134619.0,S. Furtado Pereira,Cape Verde,Farul Constanța,Romania 1 - Superliga,Right Back,Defence,30.0,1165.0,47.5,47.9,47.0,53.2
37609296,25648,56.0,S. Fusire,England,Sheffield Wednesday,England 2 - Championship,Right Back,Defence,20.0,2250.0,48.6,49.1,48.5,52.6
37325813,25745,364.0,S. Garcia Gonzalez,Spain,Gil Vicente,Portugal 1 - Liga Portugal,Attacking Midfield,Midfield,23.0,2651.0,49.9,51.0,50.1,54.3
37580151,26164,522.0,S. Giordano,Italy,Sampdoria,Italy 2 - Serie B,Left Back,Defence,23.0,1389.0,52.1,51.9,51.3,48.8
64280,25652,3527.0,S. Gnaka,Ivory Coast,Magdeburg,Germany 2 - 2. Bundesliga,Defensive Midfield,Midfield,26.0,1835.0,46.1,45.4,46.1,44.9
37573971,25648,25.0,S. Goglichidze,Georgia,Watford,England 2 - Championship,Centre Back,Defence,21.0,922.0,46.6,45.1,49.1,50.2
125919,25662,571.0,S. Goldberg,Israel,Maccabi Haifa,Israel 1 - Ligat ha'Al,Centre Back,Defence,30.0,1439.0,51.3,51.4,52.8,44.9
2511090,25662,2495.0,S. Gomes,Guinea-Bissau,Hapoel Haifa,Israel 1 - Ligat ha'Al,Left Back,Defence,25.0,1973.0,45.8,46.1,45.8,53.6
37717886,25735,234702.0,S. Gomez van Hoogen,Netherlands,Club NXT U23,Belgium 2 - Challenger Pro League,Centre Back,Defence,19.0,2559.0,51.1,51.3,50.9,50.4
450610,25673,8366.0,S. González Martínez,Spain,Burgos,Spain 2 - La Liga 2,Centre Back,Defence,28.0,2046.0,49.3,49.2,49.5,45.9
32776505,25658,1461.0,S. Gourville,France,Boulogne,France 2 - Ligue 2,Centre Back,Defence,25.0,2326.0,44.9,44.0,45.0,56.7
12433117,25597,1016.0,S. Graves Jensen,Denmark,PEC Zwolle,Netherlands 1 - Eredivisie,Centre Back,Defence,26.0,2681.0,51.3,52.0,51.2,49.3
28912710,25535,808.0,S. Greenwood,England,Pogoń Szczecin,Poland 1 - Ekstraklasa,Attacking Midfield,Midfield,23.0,1274.0,49.1,47.7,48.5,43.8
37569718,25649,235.0,S. Grehan,Republic of Ireland,Doncaster Rovers,England 3 - League One,Centre Back,Defence,21.0,994.0,50.4,51.5,50.5,51.2
37596491,25601,6615.0,S. Grygar,Czech Republic,Ružomberok,Slovakia 1 - Niké Liga,Central Midfield,Midfield,20.0,1949.0,41.6,41.6,41.4,45.2
186907,25673,931.0,S. Guardiola Navarro,Spain,Córdoba,Spain 2 - La Liga 2,Centre Forward,Attack,34.0,1491.0,52.2,52.4,51.3,52.6
37291394,25735,2432.0,S. Guendouz,France,K. Beerschot V.A.,Belgium 2 - Challenger Pro League,Left Wing,Attack,25.0,1870.0,48.3,49.0,48.4,53.5
32810183,25535,2512.0,S. Guerrero Romero,Spain,Nieciecza,Poland 1 - Ekstraklasa,Attacking Midfield,Midfield,26.0,1597.0,48.4,47.9,47.3,47.9
37325707,25600,6722.0,S. Gueulette,Rwanda,La Louvière,Belgium 1 - Pro League,Central Midfield,Midfield,25.0,1259.0,47.1,46.6,47.3,56.3
23269960,25591,1745.0,S. Guzorochi Kanu,Nigeria,Zlín,Czech Republic 1 - Chance Liga,Centre Forward,Attack,26.0,1364.0,47.7,48.3,48.3,46.3
186450,25745,35867.0,S. Gómez Solà,Spain,Alverca,Portugal 1 - Liga Portugal,Centre Back,Defence,33.0,2484.0,46.5,45.8,46.6,40.9
201676,25682,643.0,S. Güler,Germany,Kayserispor,Türkiye 1 - Super Lig,Centre Back,Defence,30.0,1379.0,54.6,55.6,55.6,48.2
95597,25682,3224.0,S. Gürler,Türkiye,Eyüpspor,Türkiye 1 - Super Lig,Left Wing,Attack,33.0,1290.0,43.8,44.3,44.2,48.7
37761070,25536,390.0,S. Haidara,Guinea,Sønderjyske Fodbold,Denmark 1 - Superliga,Central Midfield,Midfield,19.0,1326.0,46.5,46.1,47.3,58.0
1872764,25567,5421.0,S. Hajdin,Serbia,Napredak,Serbia 1 - Super Liga,Left Back,Defence,31.0,946.0,49.6,49.2,48.8,52.2
37695717,25636,6953.0,S. Hald,Denmark,HB Køge,Denmark 2 - First Division,Centre Back,Defence,18.0,1829.0,49.1,48.1,49.0,50.8
25499,25597,750.0,S. Haller,Ivory Coast,FC Utrecht,Netherlands 1 - Eredivisie,Centre Forward,Attack,31.0,1041.0,51.3,51.8,50.8,63.1
37562213,25759,134582.0,S. Hamulic,Netherlands,Volos NFC,Greece 1 - Super League,Centre Forward,Attack,24.0,1012.0,47.4,47.5,48.1,41.6
37386302,25662,5897.0,S. Harash,Israel,Ashdod,Israel 1 - Ligat ha'Al,Central Midfield,Midfield,23.0,1032.0,44.7,44.7,45.0,51.8
86001,25636,211.0,S. Hausner,Denmark,Horsens,Denmark 2 - First Division,Centre Back,Defence,25.0,1393.0,50.3,51.1,49.2,46.0
37646978,25597,1550.0,S. Hetli,Netherlands,Telstar,Netherlands 1 - Eredivisie,Centre Forward,Attack,24.0,1619.0,48.6,48.7,48.9,51.0
63074,25597,750.0,S. Horemans,Belgium,FC Utrecht,Netherlands 1 - Eredivisie,Right Back,Defence,27.0,1843.0,51.4,51.5,52.3,53.0
52598,25653,3369.0,S. Horvath,Austria,LASK Linz,Austria 1 - Admiral Bundesliga,Central Midfield,Midfield,28.0,2516.0,53.6,54.0,54.2,49.2
5675,25649,221.0,S. Hoskins,England,Northampton Town,England 3 - League One,Right Wing,Attack,32.0,2880.0,44.4,44.7,45.0,48.7
37520818,25653,3949.0,S. Hrstić,Serbia,Rheindorf Altach,Austria 1 - Admiral Bundesliga,Centre Forward,Attack,22.0,1086.0,47.6,47.6,47.9,52.7
7608,25649,137.0,S. Humphrys,England,Bradford City,England 3 - League One,Centre Forward,Attack,27.0,2328.0,49.4,49.3,50.0,49.9
33186836,25648,10.0,S. Iling,England,West Bromwich Albion,England 2 - Championship,Left Midfield,Midfield,21.0,1291.0,53.2,52.3,52.8,50.1
62395,25759,57.0,S. Ingason,Iceland,Panathinaikos,Greece 1 - Super League,Centre Back,Defence,32.0,1175.0,52.6,53.5,50.5,54.8
191210,25648,56.0,S. Ingelsson,Sweden,Sheffield Wednesday,England 2 - Championship,Central Midfield,Midfield,27.0,3359.0,46.3,46.4,46.4,46.0
54129,25653,3949.0,S. Ingolitsch,Austria,Rheindorf Altach,Austria 1 - Admiral Bundesliga,Right Back,Defence,28.0,2507.0,48.4,48.3,48.2,49.3
37921981,25591,3531.0,S. Isife,Nigeria,Dukla Praha,Czech Republic 1 - Chance Liga,Right Back,Defence,21.0,1249.0,49.3,49.5,49.8,54.9
70186,25536,7466.0,S. Ivov Velkov,Bulgaria,Vejle Boldklub,Denmark 1 - Superliga,Centre Back,Defence,28.0,1799.0,49.4,48.9,50.7,55.0
37740773,25636,22608.0,S. Jalaei,Denmark,Hillerød,Denmark 2 - First Division,Left Wing,Attack,19.0,1574.0,48.4,48.7,48.5,48.4
6495,25607,647.0,S. Janko,Gambia,Young Boys,Switzerland 1 - Super League,Right Back,Defence,29.0,1683.0,52.5,53.6,53.5,54.0
28912780,25567,28029.0,S. Jasper,Bulgaria,Železničar Pančevo,Serbia 1 - Super Liga,Left Wing,Attack,23.0,2451.0,51.0,51.2,51.7,49.0
37336219,25653,3357.0,S. Jatta,Norway,Sturm Graz,Austria 1 - Admiral Bundesliga,Centre Forward,Attack,22.0,1819.0,47.6,47.7,47.6,45.8
525687,25641,10282.0,S. Jebari,Morocco,Csikszereda,Romania 1 - Superliga,Left Midfield,Midfield,30.0,1093.0,49.4,49.3,48.5,51.8
539991,25600,6722.0,S. Joel Ito,Belgium,La Louvière,Belgium 1 - Pro League,Attacking Midfield,Midfield,27.0,2340.0,46.8,47.9,46.9,50.3
37539027,25591,187.0,S. John,Nigeria,Mladá Boleslav,Czech Republic 1 - Chance Liga,Left Wing,Attack,23.0,1589.0,48.8,49.0,49.4,51.6
177772,25567,28028.0,S. Jovanović,Serbia,Bačka Topola,Serbia 1 - Super Liga,Right Wing,Attack,33.0,2097.0,46.9,46.8,46.5,35.8
179803,25567,28028.0,S. Jovanović,Serbia,Bačka Topola,Serbia 1 - Super Liga,Right Back,Defence,31.0,2371.0,51.5,50.5,51.0,49.6
31124,25652,3114.0,S. Jung,Germany,Karlsruher SC,Germany 2 - 2. Bundesliga,Right Back,Defence,35.0,2096.0,48.6,48.1,48.7,40.0
74887,25673,361.0,S. Jurić,Croatia,Real Valladolid,Spain 2 - La Liga 2,Defensive Midfield,Midfield,28.0,3027.0,50.7,51.4,51.0,62.5
190438,25600,1947.0,S. Kaba,Guinea,OH Leuven,Belgium 1 - Pro League,Centre Forward,Attack,29.0,1594.0,50.4,50.2,50.4,58.4
1548028,25653,3369.0,S. Kalajdzic,Austria,LASK Linz,Austria 1 - Admiral Bundesliga,Centre Forward,Attack,28.0,1325.0,55.1,55.3,54.8,61.8
37429017,25535,349.0,S. Kapuadi,DR Congo,Legia Warszawa,Poland 1 - Ekstraklasa,Centre Back,Defence,27.0,1393.0,52.0,52.5,50.7,44.4
37429017,25535,8761.0,S. Kapuadi,DR Congo,Widzew Lodz,Poland 1 - Ekstraklasa,Centre Back,Defence,27.0,916.0,47.6,47.1,46.3,40.0
37260050,25658,1838.0,S. Karamoko,France,Pau,France 2 - Ligue 2,Centre Back,Defence,25.0,943.0,54.3,55.1,53.2,47.0
37619738,25567,28023.0,S. Karamoko,Ivory Coast,IMT Novi Beograd,Serbia 1 - Super Liga,Centre Forward,Attack,21.0,1435.0,51.4,51.0,51.8,52.7
538516,25599,11364.0,S. Karič,Slovenia,FK Nizjni Novgorod,Russia 1 - Premier League,Centre Back,Defence,27.0,2562.0,52.9,53.5,52.1,51.0
37553664,25637,2385.0,S. Karlsson Grach,Sweden,FC Den Bosch,Netherlands 2 - Eerste Divisie,Centre Forward,Attack,24.0,1101.0,47.0,47.1,47.1,51.9
1524950,25735,2412.0,S. Kennedy,Canada,KAS Eupen,Belgium 2 - Challenger Pro League,Centre Back,Defence,28.0,1423.0,49.2,49.0,49.2,51.5
31710,25535,1228.0,S. Kerk,Germany,Arka Gdynia,Poland 1 - Ekstraklasa,Attacking Midfield,Midfield,31.0,2589.0,49.6,49.5,48.1,40.3
29106,25597,1053.0,S. Kersten,Netherlands,SC Heerenveen,Netherlands 1 - Eredivisie,Centre Back,Defence,27.0,2442.0,50.0,49.8,49.5,49.6
96790,25658,1083.0,S. Khaoui,Tunisia,Red Star,France 2 - Ligue 2,Attacking Midfield,Midfield,30.0,1503.0,53.4,52.3,51.4,53.7
37590886,25658,2919.0,S. Kielt,France,Guingamp,France 2 - Ligue 2,Centre Forward,Attack,23.0,1259.0,51.0,51.1,51.2,50.7
13646970,25600,357.0,S. Kimura,Japan,Westerlo,Belgium 1 - Pro League,Centre Back,Defence,23.0,1838.0,50.2,50.2,50.8,46.7
1628,25598,314.0,S. Kingsley,Scotland,Hearts,Scotland 1 - Premiership,Left Back,Defence,31.0,1396.0,53.4,52.5,53.4,46.7
21427246,25535,3191.0,S. Kingue,Cameroon,Radomiak Radom,Poland 1 - Ekstraklasa,Centre Back,Defence,25.0,2347.0,46.5,46.0,45.7,47.9
37544512,25653,49.0,S. Kitano,Japan,Salzburg,Austria 1 - Admiral Bundesliga,Right Midfield,Midfield,20.0,1521.0,52.8,52.8,51.8,49.2
459011,25652,2642.0,S. Klaas,Germany,Paderborn,Germany 2 - 2. Bundesliga,Central Midfield,Midfield,27.0,1363.0,51.7,51.8,52.0,45.6
25417,25536,293.0,S. Klaiber,Suriname,Brøndby IF,Denmark 1 - Superliga,Right Back,Defence,30.0,1139.0,54.0,52.3,51.8,54.1
198582,25607,3091.0,S. Knežević,Switzerland,Luzern,Switzerland 1 - Super League,Centre Back,Defence,28.0,1946.0,51.8,52.7,50.4,49.3
457596,25636,8657.0,S. Koch,Denmark,Hvidovre,Denmark 2 - First Division,Right Wing,Attack,28.0,1100.0,46.9,46.6,46.2,47.7
751437,25682,286.0,S. Koita,Mali,Gençlerbirliği,Türkiye 1 - Super Lig,Centre Forward,Attack,25.0,1755.0,50.4,50.4,49.6,49.2
37568273,25601,5905.0,S. Kopásek,Slovakia,Žilina,Slovakia 1 - Niké Liga,Right Back,Defence,22.0,1355.0,47.4,46.8,48.2,44.1
2483954,26164,267.0,S. Korac,Luxembourg,Venezia,Italy 2 - Serie B,Centre Back,Defence,23.0,1044.0,50.0,49.3,48.8,62.4
37560677,25658,1028.0,S. Kotto,Cameroon,Reims,France 2 - Ligue 2,Centre Back,Defence,21.0,1284.0,60.5,63.1,59.3,56.1
5336859,25535,8761.0,S. Kozlovský,Slovakia,Widzew Lodz,Poland 1 - Ekstraklasa,Left Back,Defence,25.0,1396.0,47.7,47.9,48.0,52.0
37643524,25607,2866.0,S. Krasniqi,Switzerland,Grasshopper,Switzerland 1 - Super League,Left Midfield,Midfield,20.0,1325.0,47.2,48.0,46.3,50.3
37537631,25536,2447.0,S. Kuzmic,Slovenia,Viborg FF,Denmark 1 - Superliga,Left Back,Defence,21.0,2010.0,51.1,50.7,50.3,56.3
37342582,25601,227584.0,S. Kóša,Slovakia,FK Košice,Slovakia 1 - Niké Liga,Centre Back,Defence,21.0,926.0,53.1,54.5,50.8,49.4
418253,25607,2866.0,S. Köhler,Germany,Grasshopper,Switzerland 1 - Super League,Defensive Midfield,Midfield,28.0,1073.0,51.2,51.4,52.1,50.8
418253,25652,3565.0,S. Köhler,Germany,Eintracht Braunschweig,Germany 2 - 2. Bundesliga,Defensive Midfield,Midfield,28.0,1353.0,57.2,58.8,61.4,55.1
3876758,25600,6722.0,S. Lahssaini,Belgium,La Louvière,Belgium 1 - Pro League,Central Midfield,Midfield,26.0,2769.0,49.9,50.3,50.2,53.7
52387,25653,49.0,S. Lainer,Austria,Salzburg,Austria 1 - Admiral Bundesliga,Right Back,Defence,32.0,2081.0,59.1,57.5,57.1,46.5
26579,25597,593.0,S. Lammers,Netherlands,FC Twente,Netherlands 1 - Eredivisie,Centre Forward,Attack,28.0,1546.0,54.4,55.1,54.4,51.6
37521190,25648,24.0,S. Langås,Norway,Derby County,England 2 - Championship,Centre Back,Defence,24.0,1969.0,50.0,49.0,47.5,53.0
37561582,25636,6953.0,S. Larsen,Denmark,HB Køge,Denmark 2 - First Division,Right Back,Defence,21.0,1440.0,50.4,49.6,48.7,51.2
25116,25682,3990.0,S. Larsson,Sweden,Fatih Karagümrük,Türkiye 1 - Super Lig,Attacking Midfield,Midfield,32.0,1580.0,51.7,51.2,51.9,49.3
198137,25607,647.0,S. Lauper,Switzerland,Young Boys,Switzerland 1 - Super League,Centre Back,Defence,28.0,2318.0,57.8,58.6,59.6,52.8
37697289,25584,4504.0,S. Lawal,Nigeria,Istra 1961,Croatia 1 - 1. HNL,Centre Forward,Attack,22.0,1328.0,49.1,49.0,49.2,48.6
37597971,25567,2673.0,S. Leković,Serbia,Crvena Zvezda,Serbia 1 - Super Liga,Centre Back,Defence,21.0,1232.0,52.4,52.0,52.3,54.9
37548423,25597,593.0,S. Lemkin,Israel,FC Twente,Netherlands 1 - Eredivisie,Centre Back,Defence,22.0,2041.0,50.7,50.5,50.3,47.0
14011800,25535,3781.0,S. Liseth,Norway,Górnik Zabrze,Poland 1 - Ekstraklasa,Centre Forward,Attack,27.0,2356.0,47.0,47.4,46.7,43.6
37539405,25745,2628.0,S. Lobo Araújo,Portugal,Santa Clara,Portugal 1 - Liga Portugal,Central Midfield,Midfield,25.0,2581.0,52.1,52.0,51.8,51.1
147783,25599,237670.0,S. Loncar,Montenegro,Akron,Russia 1 - Premier League,Central Midfield,Midfield,29.0,1797.0,46.4,45.8,47.0,50.0
9504,25648,297.0,S. Long,England,Oxford United,England 2 - Championship,Right Back,Defence,30.0,3070.0,49.7,49.1,48.5,51.2
338593,25584,4504.0,S. Lončar,Bosnia and Herzegovina,Istra 1961,Croatia 1 - 1. HNL,Defensive Midfield,Midfield,28.0,2784.0,49.4,48.2,46.4,34.0
37559583,25745,12152.0,S. Lopes Cabral,Cape Verde,Estrela Amadora,Portugal 1 - Liga Portugal,Left Back,Defence,22.0,1324.0,52.9,54.5,57.1,42.4
37642615,25658,1174.0,S. Lélé Diba,Senegal,Grenoble Foot 38,France 2 - Ligue 2,Defensive Midfield,Midfield,21.0,1101.0,45.5,45.2,45.6,52.1
4545486,25652,482.0,S. López Galache,Spain,Darmstadt 98,Germany 2 - 2. Bundesliga,Right Back,Defence,26.0,2286.0,50.2,50.3,50.6,40.6
37538834,25637,2385.0,S. Maas,Netherlands,FC Den Bosch,Netherlands 2 - Eerste Divisie,Centre Back,Defence,24.0,2025.0,45.0,43.8,44.0,40.3
447543,25673,11354.0,S. Maestre García,Spain,Cultural Leonesa,Spain 2 - La Liga 2,Central Midfield,Midfield,34.0,1112.0,44.3,44.4,43.9,54.0
165700,25641,3195.0,S. Mailat,Romania,Botoşani,Romania 1 - Superliga,Left Wing,Attack,27.0,2848.0,47.4,47.1,48.9,40.4
32490407,25591,2727.0,S. Mannsverk,Norway,Sparta Praha,Czech Republic 1 - Chance Liga,Defensive Midfield,Midfield,23.0,1004.0,49.1,48.5,49.9,53.7
37582282,25652,2642.0,S. Marino,Germany,Paderborn,Germany 2 - 2. Bundesliga,Centre Forward,Attack,21.0,1189.0,53.1,52.8,54.2,50.9
2170278,25601,2417.0,S. Marković,Serbia,Slovan Bratislava,Slovakia 1 - Niké Liga,Centre Back,Defence,25.0,1170.0,47.1,46.2,47.8,43.9
37690197,25607,2866.0,S. Marques,Switzerland,Grasshopper,Switzerland 1 - Super League,Right Midfield,Midfield,20.0,1314.0,49.9,52.4,49.3,44.6
10634,25648,42.0,S. Mavididi,England,Leicester City,England 2 - Championship,Left Wing,Attack,27.0,2678.0,51.9,52.0,52.0,52.0
5974,25598,258.0,S. May,Scotland,Livingston,Scotland 1 - Premiership,Centre Forward,Attack,32.0,1910.0,48.4,48.4,47.4,47.8
23223360,25648,21.0,S. McCallum,England,Sheffield United,England 2 - Championship,Left Back,Defence,24.0,1216.0,56.4,56.0,57.3,67.4
173047,25584,674.0,S. McKenna,Scotland,Dinamo Zagreb,Croatia 1 - 1. HNL,Centre Back,Defence,28.0,2628.0,54.3,54.4,54.0,54.9
3229,25649,225.0,S. McLaughlin,Republic of Ireland,Mansfield Town,England 3 - League One,Left Back,Defence,35.0,2428.0,51.1,50.7,50.6,55.0
7688261,25648,2.0,S. McLoughlin,Republic of Ireland,Blackburn Rovers,England 2 - Championship,Centre Back,Defence,28.0,3911.0,52.4,53.0,50.9,59.1
10949,25649,138.0,S. McWilliams,England,Rotherham United,England 3 - League One,Defensive Midfield,Midfield,26.0,1673.0,43.8,42.9,42.6,44.2
37586227,26164,176.0,S. Merkaj,Albania,Südtirol,Italy 2 - Serie B,Centre Forward,Attack,27.0,3009.0,45.8,45.4,46.3,45.7
20708323,25567,28028.0,S. Mezei,Hungary,Bačka Topola,Serbia 1 - Super Liga,Central Midfield,Midfield,24.0,1260.0,52.6,53.4,52.5,50.1
62890,25759,649.0,S. Meïté,France,PAOK,Greece 1 - Super League,Defensive Midfield,Midfield,31.0,1687.0,52.6,52.2,54.2,53.9
172247,25567,6662.0,S. Mijailović,Serbia,Čukarički,Serbia 1 - Super Liga,Defensive Midfield,Midfield,31.0,1428.0,51.8,52.2,51.0,51.0
22136638,25597,61.0,S. Mijnans,Netherlands,AZ,Netherlands 1 - Eredivisie,Attacking Midfield,Midfield,25.0,2352.0,53.4,52.9,53.3,50.0
158769,25535,2764.0,S. Milewski,Poland,Katowice,Poland 1 - Ekstraklasa,Defensive Midfield,Midfield,27.0,1785.0,45.2,44.9,43.5,49.3
1846846,25567,2736.0,S. Milic,Montenegro,Partizan,Serbia 1 - Super Liga,Centre Back,Defence,25.0,2392.0,53.5,53.9,53.0,51.8
37536533,25648,297.0,S. Mills,England,Oxford United,England 2 - Championship,Right Wing,Attack,21.0,2531.0,49.5,50.6,49.3,57.0
177663,25567,2707.0,S. Milošević,Serbia,Javor Ivanjica,Serbia 1 - Super Liga,Left Back,Defence,30.0,1906.0,49.5,49.8,51.3,45.4
23651354,25641,8474.0,S. Mino,Japan,UTA Arad,Romania 1 - Superliga,Central Midfield,Midfield,30.0,1544.0,48.5,49.1,48.8,58.1
37612552,25591,4484.0,S. Misek,Czech Republic,Pardubice,Czech Republic 1 - Chance Liga,Central Midfield,Midfield,19.0,942.0,46.1,46.3,46.6,44.3
37342706,25597,919.0,S. Mito,Japan,Sparta Rotterdam,Netherlands 1 - Eredivisie,Left Wing,Attack,22.0,1873.0,51.5,51.1,52.2,47.7
32141,25567,2736.0,S. Mitrović,Serbia,Partizan,Serbia 1 - Super Liga,Centre Back,Defence,35.0,1200.0,46.9,46.2,49.5,52.2
24837955,25584,7920.0,S. Mkrtchyan,Armenia,Osijek,Croatia 1 - 1. HNL,Centre Back,Defence,22.0,1167.0,50.2,50.2,50.9,47.7
37725122,25567,28028.0,S. Mladenović,Serbia,Bačka Topola,Serbia 1 - Super Liga,Attacking Midfield,Midfield,17.0,1403.0,45.9,45.3,46.0,61.2
129672,26164,176.0,S. Molina,Italy,Südtirol,Italy 2 - Serie B,Right Midfield,Midfield,33.0,3009.0,53.9,57.5,54.7,55.1
447694,25673,238115.0,S. Molina Beloqui,Spain,FC Andorra,Spain 2 - La Liga 2,Central Midfield,Midfield,29.0,2652.0,53.1,52.6,52.4,51.2
37322758,25649,115.0,S. Morris,England,Luton Town,England 3 - League One,Right Wing,Attack,23.0,1210.0,55.3,55.7,55.8,55.8
3189,25648,122.0,S. Morsy,Egypt,Bristol City,England 2 - Championship,Central Midfield,Midfield,33.0,1172.0,53.5,53.8,51.9,51.3
537810,25759,1089.0,S. Mourgos,Greece,Larissa,Greece 1 - Super League,Right Wing,Attack,27.0,1074.0,49.7,50.4,48.8,55.4
432782,25759,9849.0,S. Moutoussamy,DR Congo,Atromitos,Greece 1 - Super League,Central Midfield,Midfield,29.0,2339.0,50.3,50.9,49.6,43.6
181118,25607,1970.0,S. Mráz,Slovakia,Servette,Switzerland 1 - Super League,Centre Forward,Attack,28.0,1210.0,55.8,55.7,56.3,50.5
12394109,25673,429.0,S. Mulattieri,Italy,Deportivo La Coruña,Spain 2 - La Liga 2,Centre Forward,Attack,24.0,1105.0,50.9,50.8,51.2,58.3
173089,25598,284.0,S. Murray,Scotland,Dundee,Scotland 1 - Premiership,Centre Forward,Attack,33.0,1986.0,46.5,46.5,46.1,40.3
27066711,25653,3949.0,S. Mustapha,Austria,Rheindorf Altach,Austria 1 - Admiral Bundesliga,Centre Forward,Attack,24.0,1323.0,44.1,44.7,43.2,42.1
529684,25658,1174.0,S. Muzalimoja Mambo,France,Grenoble Foot 38,France 2 - Ligue 2,Centre Back,Defence,26.0,1535.0,50.7,51.0,51.4,53.3
37587651,26164,1000.0,S. Nador,Togo,Modena,Italy 2 - Serie B,Centre Back,Defence,23.0,903.0,46.7,45.7,46.5,58.6
37361490,25658,2919.0,S. Nair,Algeria,Guingamp,France 2 - Ligue 2,Centre Back,Defence,23.0,1505.0,53.7,54.2,55.1,54.9
23269844,25591,3643.0,S. Nebyla,Slovakia,Jablonec,Czech Republic 1 - Chance Liga,Central Midfield,Midfield,23.0,2156.0,48.2,47.7,48.3,43.3
289581,25641,3444.0,S. Ngezana,South Africa,FCSB,Romania 1 - Superliga,Centre Back,Defence,27.0,1454.0,47.2,46.4,48.7,50.4
37601347,25600,2641.0,S. Ngoura,France,Cercle Brugge,Belgium 1 - Pro League,Centre Forward,Attack,20.0,2090.0,50.1,50.2,50.5,52.4
101045,25745,884.0,S. Niakate,Mali,Sporting Braga,Portugal 1 - Liga Portugal,Centre Back,Defence,26.0,939.0,55.6,55.2,53.6,58.8
37762356,25567,3001.0,S. Nikolic,Serbia,Radnički Niš,Serbia 1 - Super Liga,Right Wing,Attack,19.0,1369.0,43.8,44.5,43.7,50.2
341125,25649,138.0,S. Nombe,England,Rotherham United,England 3 - League One,Centre Forward,Attack,26.0,2417.0,48.5,48.1,49.1,46.7
114377,25566,2613.0,S. Novothny,Hungary,Várda SE,Hungary 1 - NB I,Centre Forward,Attack,31.0,1560.0,43.9,44.1,43.1,54.2
272,25648,26.0,S. Nzonzi,France,Stoke City,England 2 - Championship,Defensive Midfield,Midfield,36.0,1382.0,50.9,50.9,49.8,55.2
12321,25598,309.0,S. O'Donnell,Scotland,Motherwell,Scotland 1 - Premiership,Right Back,Defence,33.0,2179.0,50.3,50.1,49.5,50.7
32031885,25601,3137.0,S. Olejník,Slovakia,Tatran Prešov,Slovakia 1 - Niké Liga,Centre Forward,Attack,23.0,1771.0,45.3,45.3,44.8,47.5
131876,25759,7261.0,S. Omeonga,Belgium,Panserraikos,Greece 1 - Super League,Central Midfield,Midfield,29.0,2276.0,45.8,45.3,45.8,53.6
37622274,25745,652.0,S. Omorodion Aghehowa,Spain,Porto,Portugal 1 - Liga Portugal,Centre Forward,Attack,21.0,1416.0,58.4,57.7,59.3,50.1
3510273,25673,6827.0,S. Ortuño Díaz,Spain,Cádiz,Spain 2 - La Liga 2,Central Midfield,Midfield,26.0,2675.0,51.5,51.2,50.2,46.9
37344302,25607,3091.0,S. Ottiger,Switzerland,Luzern,Switzerland 1 - Super League,Right Back,Defence,22.0,933.0,50.9,51.1,51.6,63.9
37648056,25597,494.0,S. Ouaissa,Netherlands,NEC Nijmegen,Netherlands 1 - Eredivisie,Right Midfield,Midfield,20.0,2644.0,54.2,52.5,53.6,47.9
37366459,25601,662.0,S. Ouro,Togo,Dunajská Streda,Slovakia 1 - Niké Liga,Central Midfield,Midfield,25.0,1813.0,50.2,49.5,51.6,48.7
37631801,26164,522.0,S. Pafundi,Italy,Sampdoria,Italy 2 - Serie B,Attacking Midfield,Midfield,19.0,1046.0,54.9,53.0,54.9,54.0
448422,25648,12.0,S. Paik,South Korea,Birmingham City,England 2 - Championship,Central Midfield,Midfield,28.0,3374.0,52.4,52.5,51.9,52.4
214556,25759,990.0,S. Palacios,Argentina,Levadiakos,Greece 1 - Super League,Right Wing,Attack,33.0,2346.0,48.3,47.8,47.3,46.5
37642555,25652,3565.0,S. Patrick Amougou Nkoa,Cameroon,Eintracht Braunschweig,Germany 2 - 2. Bundesliga,Centre Back,Defence,26.0,1355.0,45.5,44.1,44.5,52.3
22169299,25735,3239.0,S. Paulet,Belgium,RFC Liège,Belgium 2 - Challenger Pro League,Central Midfield,Midfield,25.0,985.0,46.4,45.9,46.1,47.0
37567879,25648,21.0,S. Peck,England,Sheffield United,England 2 - Championship,Central Midfield,Midfield,20.0,3295.0,54.5,54.9,54.1,56.8
37906758,25567,28029.0,S. Pedro,Angola,Železničar Pančevo,Serbia 1 - Super Liga,Left Wing,Attack,18.0,1021.0,53.0,51.2,51.8,43.0
27938,25735,3117.0,S. Peeters,Belgium,Patro Eisden Maasmechelen,Belgium 2 - Challenger Pro League,Central Midfield,Midfield,33.0,2847.0,55.7,56.4,56.4,45.4
546553,25745,2628.0,S. Pena De Lima,Brazil,Santa Clara,Portugal 1 - Liga Portugal,Centre Back,Defence,28.0,2933.0,50.7,50.4,50.8,45.4
371463,25641,11676.0,S. Pereira Nunes Silva,Portugal,Universitatea Craiova,Romania 1 - Superliga,Central Midfield,Midfield,28.0,1495.0,50.8,51.3,50.3,60.6
37742,25584,8082.0,S. Peric,Austria,Gorica,Croatia 1 - 1. HNL,Centre Back,Defence,28.0,2359.0,47.3,47.2,48.4,46.4
169407,25599,2645.0,S. Petrov,Russia,Krasnodar,Russia 1 - Premier League,Right Back,Defence,34.0,1199.0,52.8,52.3,51.8,45.2
37730059,25591,1745.0,S. Petruta,Moldova,Zlín,Czech Republic 1 - Chance Liga,Defensive Midfield,Midfield,19.0,1039.0,44.8,43.0,43.8,44.7
52170,25653,3787.0,S. Piesinger,Austria,Wolfsberger AC,Austria 1 - Admiral Bundesliga,Defensive Midfield,Midfield,33.0,1824.0,49.1,49.4,48.6,46.5
29685934,25759,781.0,S. Pilios,Greece,AEK Athens,Greece 1 - Super League,Left Back,Defence,24.0,1502.0,49.4,50.1,50.8,51.4
37597987,25567,28029.0,S. Pirgić,Serbia,Železničar Pančevo,Serbia 1 - Super Liga,Central Midfield,Midfield,22.0,2579.0,48.1,47.6,47.7,50.4
52998,25653,3300.0,S. Pirkl,Austria,Blau-Weiß Linz,Austria 1 - Admiral Bundesliga,Left Back,Defence,28.0,2146.0,46.2,45.6,46.9,37.9
174211,25598,258.0,S. Pittman,Scotland,Livingston,Scotland 1 - Premiership,Attacking Midfield,Midfield,33.0,2585.0,44.9,44.4,44.6,44.2
127063,25662,6963.0,S. Piven-Bachtiar,Israel,Hapoel Tel Aviv,Israel 1 - Ligat ha'Al,Centre Back,Defence,29.0,1833.0,53.2,53.5,53.3,51.0
132599,26164,7471.0,S. Pontisso,Italy,Catanzaro,Italy 2 - Serie B,Central Midfield,Midfield,28.0,3067.0,55.6,55.3,54.7,47.0
236462,25745,11741.0,S. Pérez Cardona,Colombia,Casa Pia,Portugal 1 - Liga Portugal,Defensive Midfield,Midfield,32.0,1575.0,50.5,50.4,52.7,48.0
47589,25584,3358.0,S. Radeljić,Bosnia and Herzegovina,Rijeka,Croatia 1 - 1. HNL,Centre Back,Defence,27.0,1977.0,53.7,54.7,53.7,52.9
25590827,25536,2447.0,S. Radić,Croatia,Viborg FF,Denmark 1 - Superliga,Centre Back,Defence,25.0,1621.0,55.5,56.0,57.3,48.2
37308442,25601,5581.0,S. Ramos Linares,Spain,Zemplín Michalovce,Slovakia 1 - Niké Liga,Attacking Midfield,Midfield,24.0,1698.0,50.8,53.0,50.8,51.7
23707299,25566,10196.0,S. Rasheed,Nigeria,Kazincbarcika,Hungary 1 - NB I,Centre Back,Defence,25.0,1390.0,40.3,39.7,39.6,42.4
3526264,25653,3678.0,S. Raux Yao,France,SK Rapid,Austria 1 - Admiral Bundesliga,Centre Back,Defence,26.0,2733.0,51.6,51.8,52.1,49.5
84440,25636,8759.0,S. Reese,Denmark,Middelfart,Denmark 2 - First Division,Centre Back,Defence,31.0,1313.0,48.7,49.9,49.3,46.0
37547506,25597,2345.0,S. Resink,Netherlands,FC Groningen,Netherlands 1 - Eredivisie,Defensive Midfield,Midfield,22.0,2090.0,55.6,55.6,53.1,56.7
33587292,25649,150.0,S. Revan,England,Burton Albion,England 3 - League One,Left Back,Defence,22.0,941.0,47.6,49.7,52.1,56.2
37578364,25601,2798.0,S. Ridwan,Nigeria,Podbrezová,Slovakia 1 - Niké Liga,Right Wing,Attack,22.0,1718.0,46.7,45.9,45.1,54.6
29697091,25601,2417.0,S. Rosa Cruz,Portugal,Slovan Bratislava,Slovakia 1 - Niké Liga,Left Back,Defence,24.0,2193.0,49.1,49.3,49.7,54.2
24445779,25662,6900.0,S. Rosen,Israel,Hapoel Petah Tikva,Israel 1 - Ligat ha'Al,Left Back,Defence,22.0,2047.0,47.4,48.0,48.5,50.4
37391499,25649,251.0,S. Roughan,Republic of Ireland,Huddersfield Town,England 3 - League One,Left Back,Defence,22.0,2361.0,53.6,51.8,50.6,55.1
197639,25607,1970.0,S. Rouiller,Switzerland,Servette,Switzerland 1 - Super League,Centre Back,Defence,35.0,2834.0,50.1,49.9,52.1,49.9
1872746,25535,3260.0,S. Rubežić,Serbia,Korona Kielce,Poland 1 - Ekstraklasa,Centre Back,Defence,25.0,1034.0,48.7,48.4,46.8,57.7
381785,25673,103.0,S. Ruiz Alonso,Spain,Granada,Spain 2 - La Liga 2,Central Midfield,Midfield,30.0,2133.0,49.4,49.0,49.5,51.1
186743,25673,10008.0,S. Ruiz Rodríguez,Spain,Castellón,Spain 2 - La Liga 2,Left Back,Defence,30.0,1198.0,48.3,48.7,47.9,44.5
3862727,25652,2927.0,S. Russo,Germany,DSC Arminia Bielefeld,Germany 2 - 2. Bundesliga,Defensive Midfield,Midfield,25.0,2312.0,52.9,53.4,53.3,51.4
37559107,26164,267.0,S. Sagrado,Belgium,Venezia,Italy 2 - Serie B,Right Back,Defence,21.0,1297.0,48.6,50.1,52.8,50.6
37589427,25653,3630.0,S. Saljic,Austria,Austria Wien,Austria 1 - Admiral Bundesliga,Attacking Midfield,Midfield,19.0,1084.0,52.3,50.5,52.8,45.0
9939197,25597,919.0,S. Sambo,Curaçao,Sparta Rotterdam,Netherlands 1 - Eredivisie,Right Back,Defence,23.0,1625.0,50.0,49.2,48.0,54.7
186895,25535,11356.0,S. Samper Montaña,Spain,Motor Lublin,Poland 1 - Ekstraklasa,Defensive Midfield,Midfield,30.0,1797.0,51.1,51.8,52.9,48.5
9949372,25658,1112.0,S. Sanna,France,Laval,France 2 - Ligue 2,Defensive Midfield,Midfield,26.0,2854.0,48.3,47.6,46.9,45.0
4192280,26164,1000.0,S. Santoro,Italy,Modena,Italy 2 - Serie B,Central Midfield,Midfield,25.0,3153.0,52.3,52.3,52.0,55.2
1367,25682,688.0,S. Savić,Montenegro,Trabzonspor,Türkiye 1 - Super Lig,Centre Back,Defence,34.0,1756.0,54.0,54.4,54.4,48.1
37559585,25597,1403.0,S. Scheperman,Netherlands,Heracles Almelo,Netherlands 1 - Eredivisie,Defensive Midfield,Midfield,23.0,1123.0,45.7,44.3,47.0,57.2
61870,25600,1947.0,S. Schrijvers,Belgium,OH Leuven,Belgium 1 - Pro League,Central Midfield,Midfield,29.0,2121.0,53.6,53.8,53.9,53.4
7330506,25566,7926.0,S. Schön,Hungary,Győri ETO,Hungary 1 - NB I,Left Wing,Attack,24.0,1786.0,50.4,50.4,50.9,56.3
11322489,25649,301.0,S. Seddon,England,AFC Wimbledon,England 3 - League One,Left Back,Defence,27.0,4107.0,49.0,48.8,50.4,45.5
37430417,25653,3300.0,S. Seidl,Austria,Blau-Weiß Linz,Austria 1 - Admiral Bundesliga,Central Midfield,Midfield,22.0,2439.0,47.8,47.9,48.2,40.4
27422646,25597,1016.0,S. Shoretire,England,PEC Zwolle,Netherlands 1 - Eredivisie,Left Wing,Attack,21.0,1652.0,47.0,47.0,48.0,46.6
37595523,26164,397.0,S. Shpendi,Albania,Empoli,Italy 2 - Serie B,Centre Forward,Attack,22.0,2594.0,51.8,51.5,52.4,45.9
37606887,25637,2971.0,S. Sidibe,England,Jong PSV,Netherlands 2 - Eerste Divisie,Central Midfield,Midfield,18.0,2252.0,49.7,50.3,50.4,48.1
198174,25607,3525.0,S. Sidler,Switzerland,Winterthur,Switzerland 1 - Super League,Right Back,Defence,27.0,2054.0,50.6,49.5,49.8,49.8
37577782,25591,512.0,S. Sigut,Czech Republic,Karviná,Czech Republic 1 - Chance Liga,Right Midfield,Midfield,22.0,1241.0,49.3,49.1,48.3,48.1
28543925,25648,7.0,S. Silvera,Australia,Middlesbrough,England 2 - Championship,Left Wing,Attack,24.0,1028.0,49.7,49.8,49.6,62.3
57493,25567,5354.0,S. Simović,Serbia,Radnički Kragujevac,Serbia 1 - Super Liga,Centre Back,Defence,36.0,2511.0,54.8,55.0,55.7,49.3
151713,25641,3599.0,S. Sinyan,Gambia,CFR Cluj,Romania 1 - Superliga,Centre Back,Defence,28.0,3030.0,48.6,47.6,48.4,50.1
30446919,25567,6662.0,S. Sissoko,Mali,Čukarički,Serbia 1 - Super Liga,Defensive Midfield,Midfield,25.0,2587.0,49.4,50.1,51.6,52.0
5283883,25745,3497.0,S. Sithole,South Africa,Tondela,Portugal 1 - Liga Portugal,Central Midfield,Midfield,26.0,1543.0,48.2,48.2,47.5,50.9
37530658,25601,3283.0,S. Skrbo,Austria,Spartak Trnava,Slovakia 1 - Niké Liga,Left Wing,Attack,24.0,1514.0,47.4,48.9,47.3,48.6
34039,25652,3611.0,S. Skrzybski,Germany,Holstein Kiel,Germany 2 - 2. Bundesliga,Centre Forward,Attack,32.0,1187.0,52.5,52.4,50.8,55.8
180866,25601,28077.0,S. Smehyl,Slovakia,Komárno,Slovakia 1 - Niké Liga,Right Back,Defence,31.0,2326.0,52.1,51.8,54.7,40.4
332126,25648,283.0,S. Smith,England,Wrexham,England 2 - Championship,Centre Forward,Attack,27.0,1540.0,52.8,52.9,52.6,58.1
37520822,25567,5634.0,S. Stanisavljević,Serbia,Novi Pazar,Serbia 1 - Super Liga,Centre Forward,Attack,23.0,1581.0,49.2,49.1,49.2,49.0
21394902,25597,73.0,S. Steijn,Netherlands,Feyenoord,Netherlands 1 - Eredivisie,Attacking Midfield,Midfield,23.0,1107.0,54.7,53.2,54.7,44.2
37722794,25597,629.0,S. Steur,Netherlands,Ajax,Netherlands 1 - Eredivisie,Central Midfield,Midfield,17.0,1264.0,54.5,54.7,54.0,46.4
37600053,25607,2866.0,S. Stroscio,Switzerland,Grasshopper,Switzerland 1 - Super League,Left Midfield,Midfield,21.0,2556.0,46.1,49.8,45.8,55.6
3219722,25601,8224.0,S. Suľa,Slovakia,Skalica,Slovakia 1 - Niké Liga,Right Back,Defence,25.0,1509.0,43.9,43.5,44.0,44.0
14709213,25637,1128.0,S. Sylla,Guinea,ADO Den Haag,Netherlands 2 - Eerste Divisie,Left Back,Defence,26.0,2291.0,50.7,50.5,50.4,50.2
37550457,25536,390.0,S. Sylvest Wæver,Denmark,Sønderjyske Fodbold,Denmark 1 - Superliga,Right Back,Defence,29.0,1454.0,47.4,47.9,47.1,53.3
23697810,25641,10282.0,S. Szalay,Hungary,Csikszereda,Romania 1 - Superliga,Centre Forward,Attack,23.0,1301.0,49.3,49.5,48.7,49.1
8740,25648,24.0,S. Szmodics,England,Derby County,England 2 - Championship,Attacking Midfield,Midfield,29.0,1117.0,50.1,48.7,50.1,44.4
9641361,25566,396.0,S. Szuhodovszki,Hungary,Debrecen,Hungary 1 - NB I,Central Midfield,Midfield,25.0,1286.0,49.4,49.5,49.9,43.8
33980082,25652,1092.0,S. Tanaka,Japan,Fortuna Düsseldorf,Germany 2 - 2. Bundesliga,Defensive Midfield,Midfield,22.0,1109.0,46.1,45.4,44.6,55.6
309844,25600,355.0,S. Taniguchi,Japan,Sint-Truiden,Belgium 1 - Pro League,Centre Back,Defence,34.0,2954.0,55.2,56.3,55.6,53.0
37645951,25567,2945.0,S. Tanjga,Serbia,Vojvodina,Serbia 1 - Super Liga,Centre Back,Defence,21.0,1203.0,46.6,46.1,46.2,48.9
1872749,25567,6662.0,S. Tedić,Serbia,Čukarički,Serbia 1 - Super Liga,Centre Forward,Attack,25.0,3027.0,48.8,48.8,49.0,53.4
18226,25648,26.0,S. Thomas,Wales,Stoke City,England 2 - Championship,Left Wing,Attack,26.0,3922.0,54.1,54.2,52.9,44.5
37542382,25662,6961.0,S. Tidiany Bangoura,Guinea,Ironi Kiryat Shmona,Israel 1 - Ligat ha'Al,Central Midfield,Midfield,23.0,1129.0,48.1,48.5,48.6,61.5
38588,25652,2642.0,S. Tigges,Germany,Paderborn,Germany 2 - 2. Bundesliga,Centre Forward,Attack,27.0,1586.0,50.6,50.8,50.7,59.6
37341883,25591,3531.0,S. Tijani,Nigeria,Dukla Praha,Czech Republic 1 - Chance Liga,Defensive Midfield,Midfield,23.0,1726.0,47.5,47.4,46.9,52.8
37939253,25567,5634.0,S. Togbe,Ghana,Novi Pazar,Serbia 1 - Super Liga,Defensive Midfield,Midfield,19.0,2016.0,47.3,47.3,47.0,46.1
37556018,25567,3471.0,S. Tomović,Serbia,Spartak Subotica,Serbia 1 - Super Liga,Attacking Midfield,Midfield,23.0,2647.0,50.4,50.2,49.5,39.9
37529483,25662,6963.0,S. Torial,Israel,Hapoel Tel Aviv,Israel 1 - Ligat ha'Al,Right Wing,Attack,24.0,2101.0,54.0,53.1,54.0,43.5
15169863,25598,53.0,S. Tounekti,Tunisia,Celtic,Scotland 1 - Premiership,Left Wing,Attack,23.0,1514.0,52.3,52.3,52.4,54.0
37530987,25567,6318.0,S. Tremoulet,France,Radnik Surdulica,Serbia 1 - Super Liga,Centre Back,Defence,25.0,2772.0,47.0,47.0,47.1,54.5
37536549,26164,176.0,S. Tronchin,Italy,Südtirol,Italy 2 - Serie B,Central Midfield,Midfield,22.0,2620.0,48.9,49.5,48.9,58.4
6253,25648,2.0,S. Tronstad,Norway,Blackburn Rovers,England 2 - Championship,Central Midfield,Midfield,29.0,2388.0,54.5,55.1,55.1,54.1
9674,25648,122.0,S. Twine,England,Bristol City,England 2 - Championship,Attacking Midfield,Midfield,26.0,3327.0,52.4,52.2,51.8,50.3
63106,25567,28028.0,S. Urošević,Serbia,Bačka Topola,Serbia 1 - Super Liga,Left Back,Defence,31.0,2185.0,48.2,48.3,47.9,55.3
37344114,25637,822.0,S. Valk,Netherlands,FC Dordrecht,Netherlands 2 - Eerste Divisie,Centre Back,Defence,23.0,2539.0,52.1,53.1,52.5,48.0
3568778,25735,247549.0,S. Van Aerschot,Belgium,KSC Lokeren,Belgium 2 - Challenger Pro League,Left Wing,Attack,29.0,1525.0,43.4,44.4,43.5,47.4
37252515,25637,1731.0,S. Van Dessel,Belgium,MVV Maastricht,Netherlands 2 - Eerste Divisie,Central Midfield,Midfield,24.0,3093.0,49.2,48.9,48.8,39.5
496663,25600,2402.0,S. Van der Heyden,Belgium,Gent,Belgium 1 - Pro League,Centre Back,Defence,27.0,3074.0,53.2,53.7,52.0,51.1
37652335,25735,227972.0,S. Vanderhallen,Belgium,Koninklijke Lierse Sportkring,Belgium 2 - Challenger Pro League,Centre Back,Defence,21.0,1450.0,47.9,47.7,50.6,44.9
37344211,25599,6067.0,S. Varatynov,Russia,Baltika Kaliningrad,Russia 1 - Premier League,Centre Back,Defence,22.0,2700.0,50.0,50.8,51.1,41.5
115309,25641,10282.0,S. Veres,Romania,Csikszereda,Romania 1 - Superliga,Central Midfield,Midfield,29.0,2740.0,44.2,44.6,44.3,51.5
20707891,25567,2707.0,S. Vilotic,Serbia,Javor Ivanjica,Serbia 1 - Super Liga,Centre Back,Defence,25.0,1289.0,49.0,49.4,45.6,47.9
37656165,25637,2783.0,S. Vink,Netherlands,Jong Ajax,Netherlands 2 - Eerste Divisie,Centre Forward,Attack,19.0,1961.0,46.5,46.5,45.6,42.2
4243178,25641,11711.0,S. Visic,Serbia,Metaloglobus,Romania 1 - Superliga,Centre Forward,Attack,27.0,949.0,46.7,46.7,46.2,53.6
23287473,25599,5585.0,S. Volkov,Russia,Sochi,Russia 1 - Premier League,Right Back,Defence,22.0,1404.0,48.2,47.7,47.3,45.5
125149,25653,3300.0,S. Weissman,Israel,Blau-Weiß Linz,Austria 1 - Admiral Bundesliga,Centre Forward,Attack,29.0,2288.0,48.4,48.1,48.0,42.8
540672,25598,309.0,S. Welsh,Scotland,Motherwell,Scotland 1 - Premiership,Centre Back,Defence,25.0,2283.0,49.1,49.2,50.2,50.3
37598304,25735,234702.0,S. Wylin,Belgium,Club NXT U23,Belgium 2 - Challenger Pro League,Right Back,Defence,22.0,1506.0,47.9,47.9,48.1,45.5
125400,25662,2997.0,S. Yehezkel,Israel,Maccabi Tel Aviv,Israel 1 - Ligat ha'Al,Right Wing,Attack,30.0,1408.0,52.9,51.8,52.7,57.8
101745,25658,7758.0,S. Yohou,France,Le Mans,France 2 - Ligue 2,Centre Back,Defence,34.0,2783.0,45.9,44.5,46.7,48.9
110097,25567,2736.0,S. Zdjelar,Serbia,Partizan,Serbia 1 - Super Liga,Defensive Midfield,Midfield,30.0,1089.0,56.1,57.5,56.0,52.8
32116,25607,389.0,S. Zuber,Switzerland,Zürich,Switzerland 1 - Super League,Left Wing,Attack,33.0,1620.0,48.3,48.4,48.2,51.3
32116,25759,9849.0,S. Zuber,Switzerland,Atromitos,Greece 1 - Super League,Left Wing,Attack,34.0,1329.0,48.2,48.4,49.5,45.8
37597941,25735,2591.0,S. de Grand,Netherlands,Lommel SK,Belgium 2 - Challenger Pro League,Left Back,Defence,20.0,2932.0,56.2,55.6,56.0,47.3
37583526,25597,1550.0,S. van Duijn,Netherlands,Telstar,Netherlands 1 - Eredivisie,Centre Forward,Attack,21.0,1012.0,48.6,48.7,48.8,54.0
37583526,25637,3115.0,S. van Duijn,Netherlands,Jong AZ,Netherlands 2 - Eerste Divisie,Centre Forward,Attack,21.0,1809.0,47.5,47.1,48.0,47.9
19980285,25597,637.0,S. van Hooijdonk,Netherlands,NAC Breda,Netherlands 1 - Eredivisie,Centre Forward,Attack,25.0,1200.0,49.2,49.0,49.5,53.1
25029,25682,81.0,S. van de Streek,Netherlands,Antalyaspor,Türkiye 1 - Super Lig,Attacking Midfield,Midfield,32.0,2351.0,48.1,47.7,47.2,49.1
23661349,25637,1128.0,S. van der Sloot,Netherlands,ADO Den Haag,Netherlands 2 - Eerste Divisie,Right Back,Defence,23.0,3117.0,51.8,51.5,52.4,51.1
37710548,25637,2755.0,S. van der Wegen,Netherlands,Jong FC Utrecht,Netherlands 2 - Eerste Divisie,Central Midfield,Midfield,20.0,2379.0,48.8,48.3,48.2,50.6
37696979,25637,2971.0,S. van der plas,Netherlands,Jong PSV,Netherlands 2 - Eerste Divisie,Centre Back,Defence,19.0,2357.0,48.4,48.4,49.1,52.4
185847,25673,60.0,S. Álvarez Díaz,Spain,SD Eibar,Spain 2 - La Liga 2,Defensive Midfield,Midfield,33.0,2796.0,49.3,49.5,47.1,55.4
37616665,25597,593.0,S. Ørjasæter,Norway,FC Twente,Netherlands 1 - Eredivisie,Left Wing,Attack,21.0,2174.0,53.4,53.3,52.9,47.5
37723164,25536,2933.0,S. Østergaard Grandjean Johannesen,Denmark,Fredericia,Denmark 1 - Superliga,Central Midfield,Midfield,18.0,1274.0,48.4,48.6,50.5,54.9
34392098,25601,5905.0,S. Ďatko,Slovakia,Žilina,Slovakia 1 - Niké Liga,Left Wing,Attack,24.0,1486.0,48.8,48.5,48.8,51.5
180086,25567,28023.0,S. Šapić,Serbia,IMT Novi Beograd,Serbia 1 - Super Liga,Centre Back,Defence,28.0,1235.0,43.4,42.0,42.2,49.9
34873426,25591,4484.0,S. Šimek,Czech Republic,Pardubice,Czech Republic 1 - Chance Liga,Central Midfield,Midfield,23.0,1662.0,50.0,50.2,51.1,50.0
25467,25601,2798.0,S. Štefánik,Slovakia,Podbrezová,Slovakia 1 - Niké Liga,Attacking Midfield,Midfield,33.0,2374.0,47.5,49.3,46.7,50.6
37420363,25567,2673.0,Seol Young-Woo,South Korea,Crvena Zvezda,Serbia 1 - Super Liga,Right Back,Defence,26.0,2674.0,53.4,53.4,54.7,49.6
37391576,25598,62.0,T. Aasgaard,Norway,Rangers,Scotland 1 - Premiership,Attacking Midfield,Midfield,23.0,1815.0,53.0,52.4,54.3,54.3
37570657,25607,3091.0,T. Abe,Japan,Luzern,Switzerland 1 - Super League,Defensive Midfield,Midfield,21.0,2658.0,50.3,50.1,51.9,55.2
37582531,25637,2971.0,T. Abed,Israel,Jong PSV,Netherlands 2 - Eerste Divisie,Right Wing,Attack,21.0,1514.0,52.5,52.4,52.9,48.1
37561087,25536,86.0,T. Adamsen,Denmark,Silkeborg IF,Denmark 1 - Superliga,Centre Forward,Attack,30.0,2607.0,55.9,55.7,55.5,45.1
37354790,25648,56.0,T. Adaramola,Republic of Ireland,Sheffield Wednesday,England 2 - Championship,Left Back,Defence,21.0,1332.0,49.7,50.1,49.8,54.5
37354790,25649,294.0,T. Adaramola,Republic of Ireland,Leyton Orient,England 3 - League One,Left Back,Defence,21.0,1062.0,45.7,46.7,46.4,52.1
37429229,25600,1947.0,T. Akimoto,Japan,OH Leuven,Belgium 1 - Pro League,Left Back,Defence,27.0,2710.0,48.1,48.5,48.2,57.0
29328219,25649,183.0,T. Allen,England,Wycombe Wanderers,England 3 - League One,Centre Back,Defence,25.0,2391.0,50.7,50.8,49.5,45.7
540120,25662,6900.0,T. Altman,Israel,Hapoel Petah Tikva,Israel 1 - Ligat ha'Al,Central Midfield,Midfield,27.0,2008.0,49.8,49.7,49.4,44.9
37423121,25682,3897.0,T. Altıkardeş,Türkiye,Göztepe,Türkiye 1 - Super Lig,Centre Back,Defence,21.0,1386.0,52.9,52.9,51.2,50.2
37317388,25600,2402.0,T. Alves Araújo,Portugal,Gent,Belgium 1 - Pro League,Left Back,Defence,24.0,2815.0,56.8,56.6,57.5,47.7
4365,25735,1130.0,T. Ambrose,Guadeloupe,KV Kortrijk,Belgium 2 - Challenger Pro League,Centre Forward,Attack,28.0,2655.0,55.7,55.9,55.9,51.2
109324,25759,118.0,T. Androutsos,Greece,OFI,Greece 1 - Super League,Central Midfield,Midfield,28.0,2379.0,50.8,50.5,50.9,54.3
201516,25682,1041.0,T. Antalyalı,Türkiye,Rizespor,Türkiye 1 - Super Lig,Defensive Midfield,Midfield,30.0,1300.0,51.3,51.5,52.0,51.3
24065379,25745,605.0,T. Araújo,Portugal,Benfica,Portugal 1 - Liga Portugal,Centre Back,Defence,23.0,1684.0,59.9,61.0,59.6,52.1
37592900,25662,2495.0,T. Arbel,Israel,Hapoel Haifa,Israel 1 - Ligat ha'Al,Centre Back,Defence,23.0,1162.0,51.7,50.2,50.5,44.6
37604611,25662,6963.0,T. Archel,Israel,Hapoel Tel Aviv,Israel 1 - Ligat ha'Al,Centre Back,Defence,22.0,1189.0,49.1,48.3,49.6,38.6
176079,25649,294.0,T. Archibald,Scotland,Leyton Orient,England 3 - League One,Left Midfield,Midfield,27.0,1429.0,49.2,49.2,49.6,51.9
37561914,25658,9291.0,T. Arconte,France,Rodez,France 2 - Ligue 2,Centre Forward,Attack,21.0,2537.0,50.4,50.6,50.8,43.8
1548371,25636,22608.0,T. Arndal,Denmark,Hillerød,Denmark 2 - First Division,Central Midfield,Midfield,27.0,1503.0,46.1,45.7,46.6,45.7
37531779,25662,2997.0,T. Asante,Netherlands,Maccabi Tel Aviv,Israel 1 - Ligat ha'Al,Centre Back,Defence,23.0,2706.0,56.2,55.6,55.7,51.5
37656956,25648,2.0,T. Atcheson,England,Blackburn Rovers,England 2 - Championship,Centre Back,Defence,18.0,1085.0,53.0,53.5,50.5,52.6
366753,26164,1216.0,T. Augello,Italy,Palermo,Italy 2 - Serie B,Left Back,Defence,30.0,3395.0,53.4,54.0,54.5,49.3
527416,25658,840.0,T. Averlant,France,Amiens SC,France 2 - Ligue 2,Right Midfield,Midfield,25.0,2160.0,48.2,47.9,49.1,42.8
475039,25662,5897.0,T. Awanyi,Uganda,Ashdod,Israel 1 - Ligat ha'Al,Centre Back,Defence,29.0,2052.0,47.6,48.2,49.0,43.8
36653,25652,956.0,T. Baack,Germany,Nürnberg,Germany 2 - 2. Bundesliga,Defensive Midfield,Midfield,26.0,956.0,48.6,48.2,47.0,46.8
37580681,25536,7466.0,T. Bach,Denmark,Vejle Boldklub,Denmark 1 - Superliga,Left Wing,Attack,22.0,1548.0,46.9,47.3,46.6,50.1
785924,25607,2357.0,T. Bair,Canada,Lausanne Sport,Switzerland 1 - Super League,Centre Forward,Attack,25.0,1510.0,49.9,49.5,49.8,49.3
14319,25649,294.0,T. Bakinson,England,Leyton Orient,England 3 - League One,Defensive Midfield,Midfield,26.0,2587.0,47.0,47.4,45.2,48.9
37593375,25745,830.0,T. Balieiro Lourenço de Carvalho,Brazil,Vitória Guimarães,Portugal 1 - Liga Portugal,Centre Back,Defence,22.0,1170.0,47.2,46.5,47.3,53.4
23697429,25648,64.0,T. Ballo,Austria,Millwall,England 2 - Championship,Left Wing,Attack,23.0,1964.0,51.3,50.9,50.1,55.0
205242,25759,649.0,T. Barcellos Freda,Brazil,PAOK,Greece 1 - Super League,Left Wing,Attack,37.0,2019.0,52.0,51.7,51.9,54.6
50538,25601,2417.0,T. Barseghyan,Armenia,Slovan Bratislava,Slovakia 1 - Niké Liga,Right Wing,Attack,31.0,1591.0,52.8,53.4,53.8,49.3
2206671,25649,305.0,T. Bayliss,England,Lincoln City,England 3 - League One,Central Midfield,Midfield,26.0,2344.0,47.8,47.9,47.6,50.0
347260,25652,67.0,T. Becker,Germany,Schalke 04,Germany 2 - 2. Bundesliga,Centre Back,Defence,28.0,1987.0,51.3,51.5,48.6,55.1
37331665,26164,522.0,T. Begić,Slovenia,Sampdoria,Italy 2 - Serie B,Left Wing,Attack,22.0,1327.0,48.1,49.0,49.6,48.3
37560950,25658,7047.0,T. Bentayeb,Morocco,Troyes,France 2 - Ligue 2,Centre Forward,Attack,23.0,1960.0,56.4,56.0,57.1,44.5
37554722,25607,462.0,T. Berdayes,Switzerland,Sion,Switzerland 1 - Super League,Right Wing,Attack,23.0,1496.0,49.3,48.7,48.4,48.3
37577764,26164,1234.0,T. Berti,Italy,Cesena,Italy 2 - Serie B,Attacking Midfield,Midfield,21.0,2938.0,52.2,52.5,51.4,48.0
133523,26164,6911.0,T. Biasci,Italy,Avellino,Italy 2 - Serie B,Secondary Striker,Attack,30.0,2338.0,52.5,52.6,52.5,43.5
30696,25637,1433.0,T. Bijleveld,Netherlands,Almere City,Netherlands 2 - Eerste Divisie,Left Back,Defence,27.0,1129.0,50.1,49.6,49.0,51.7
37708644,25648,21.0,T. Bindon,New Zealand,Sheffield United,England 2 - Championship,Centre Back,Defence,20.0,2028.0,51.4,51.2,51.7,59.6
201103,25682,13860.0,T. Bingöl,Türkiye,Kocaelispor,Türkiye 1 - Super Lig,Central Midfield,Midfield,32.0,2127.0,49.6,49.8,49.9,50.1
37725780,25636,1276.0,T. Blidegn,Denmark,B 93,Denmark 2 - First Division,Attacking Midfield,Midfield,19.0,1084.0,46.6,45.5,45.2,44.8
37570131,25597,2345.0,T. Blokzijl,Netherlands,FC Groningen,Netherlands 1 - Eredivisie,Centre Back,Defence,20.0,3137.0,51.5,51.7,51.1,46.9
37538823,25649,28.0,T. Bloxham,England,Blackpool,England 3 - League One,Centre Forward,Attack,21.0,2457.0,46.7,46.8,46.8,44.8
9939034,25535,135.0,T. Bobček,Slovakia,Lechia Gdańsk,Poland 1 - Ekstraklasa,Centre Forward,Attack,23.0,2463.0,53.7,53.8,54.6,54.4
178069,25601,3137.0,T. Bondarenko,Ukraine,Tatran Prešov,Slovakia 1 - Niké Liga,Centre Back,Defence,32.0,2080.0,46.2,46.2,45.8,45.5
75226,25682,2811.0,T. Borevković,Croatia,Samsunspor,Türkiye 1 - Super Lig,Centre Back,Defence,28.0,1132.0,48.8,48.6,48.5,55.8
432776,25658,3520.0,T. Bouriaud,France,Nancy,France 2 - Ligue 2,Defensive Midfield,Midfield,28.0,2127.0,51.2,50.9,50.8,52.7
73090,25584,2500.0,T. Božić,Croatia,Slaven Koprivnica,Croatia 1 - 1. HNL,Centre Back,Defence,37.0,2320.0,49.5,49.9,48.5,47.3
3398,25649,54.0,T. Bradshaw,Wales,Barnsley,England 3 - League One,Centre Forward,Attack,33.0,1142.0,45.5,45.8,45.5,46.0
37266200,25652,1092.0,T. Breithaupt,Germany,Fortuna Düsseldorf,Germany 2 - 2. Bundesliga,Defensive Midfield,Midfield,23.0,1131.0,50.9,51.0,49.3,51.2
23563,25597,1403.0,T. Bruns,Netherlands,Heracles Almelo,Netherlands 1 - Eredivisie,Attacking Midfield,Midfield,33.0,1167.0,48.6,49.8,47.9,57.7
165632,25641,11676.0,T. Băluţă,Romania,Universitatea Craiova,Romania 1 - Superliga,Defensive Midfield,Midfield,26.0,1964.0,52.1,52.5,53.1,49.2
581241,25648,21.0,T. Campbell,England,Sheffield United,England 2 - Championship,Centre Forward,Attack,25.0,1885.0,50.5,50.6,50.7,52.9
37391454,25648,4.0,T. Campbell,England,Charlton Athletic,England 2 - Championship,Left Wing,Attack,21.0,2955.0,50.8,50.3,50.4,47.4
131780,26164,6911.0,T. Cancellotti,Italy,Avellino,Italy 2 - Serie B,Right Back,Defence,33.0,2583.0,50.7,50.9,50.6,47.4
33991824,25648,21.0,T. Cannon,England,Sheffield United,England 2 - Championship,Centre Forward,Attack,22.0,1723.0,49.7,49.9,49.2,51.3
581086,25648,2.0,T. Cantwell,England,Blackburn Rovers,England 2 - Championship,Attacking Midfield,Midfield,27.0,2069.0,52.9,53.0,53.3,56.0
37736497,25673,9656.0,T. Carbonell Del Rio,Spain,Real Sociedad II,Spain 2 - La Liga 2,Central Midfield,Midfield,20.0,2966.0,48.7,48.8,48.0,48.7
529888,25673,238115.0,T. Carrique,France,FC Andorra,Spain 2 - La Liga 2,Right Back,Defence,26.0,3144.0,50.2,50.5,51.0,44.1
37289268,26164,7471.0,T. Cassandro,Italy,Catanzaro,Italy 2 - Serie B,Centre Back,Defence,25.0,3084.0,50.3,49.1,46.6,51.4
37634651,25658,581.0,T. Chennahi,France,Montpellier,France 2 - Ligue 2,Central Midfield,Midfield,20.0,2211.0,46.9,46.2,46.8,53.9
6229,25597,494.0,T. Chery,Suriname,NEC Nijmegen,Netherlands 1 - Eredivisie,Attacking Midfield,Midfield,37.0,2759.0,51.7,51.5,52.0,40.7
80707,25591,216.0,T. Chorý,Czech Republic,Slavia Praha,Czech Republic 1 - Chance Liga,Centre Forward,Attack,30.0,1857.0,56.9,56.7,57.3,55.0
452758,25641,7773.0,T. Christensen,Norway,Rapid Bucuresti,Romania 1 - Superliga,Attacking Midfield,Midfield,25.0,2704.0,52.5,54.5,50.9,48.7
32795608,25598,62.0,T. Chukwuani,Denmark,Rangers,Scotland 1 - Premiership,Defensive Midfield,Midfield,22.0,1024.0,51.8,51.4,49.2,49.3
32795608,25653,3357.0,T. Chukwuani,Denmark,Sturm Graz,Austria 1 - Admiral Bundesliga,Defensive Midfield,Midfield,22.0,1212.0,52.0,51.6,50.9,53.9
38202256,25607,3525.0,T. Citherlet,Switzerland,Winterthur,Switzerland 1 - Super League,Centre Back,Defence,20.0,1188.0,46.7,45.7,47.9,46.9
37611943,25600,1118.0,T. Claes,Belgium,Zulte-Waregem,Belgium 1 - Pro League,Central Midfield,Midfield,21.0,2786.0,50.9,50.6,50.4,48.1
362547,25607,1970.0,T. Cognat,France,Servette,Switzerland 1 - Super League,Central Midfield,Midfield,27.0,2772.0,53.6,54.1,53.9,51.4
37391535,25648,7.0,T. Conway,Scotland,Middlesbrough,England 2 - Championship,Centre Forward,Attack,23.0,3792.0,53.5,53.5,53.3,49.2
37599315,26164,1343.0,T. Corazza,Italy,Pescara,Italy 2 - Serie B,Left Midfield,Midfield,21.0,1104.0,50.7,49.6,50.1,47.6
37308208,25648,64.0,T. Crama,France,Millwall,England 2 - Championship,Centre Back,Defence,23.0,4287.0,52.4,52.2,50.1,57.1
537090,25641,12619.0,T. Căpușă,Romania,Hermannstadt,Romania 1 - Superliga,Right Back,Defence,27.0,2804.0,47.9,47.4,47.7,48.8
74919,25567,5354.0,T. Dadić,Croatia,Radnički Kragujevac,Serbia 1 - Super Liga,Left Back,Defence,27.0,1002.0,51.2,51.3,50.4,51.1
4536487,25584,3358.0,T. Dantas,Portugal,Rijeka,Croatia 1 - 1. HNL,Central Midfield,Midfield,24.0,2487.0,52.6,51.4,51.5,41.3
1640,25649,305.0,T. Darikwa,Zimbabwe,Lincoln City,England 3 - League One,Right Back,Defence,33.0,3987.0,51.4,51.0,51.5,46.7
37651540,25600,2402.0,T. De Vlieger,Belgium,Gent,Belgium 1 - Pro League,Central Midfield,Midfield,19.0,1689.0,52.2,52.2,52.0,66.4
37575276,25567,2673.0,T. Degaulle,Nigeria,Crvena Zvezda,Serbia 1 - Super Liga,Centre Back,Defence,25.0,1074.0,53.6,54.0,53.7,58.3
37674242,25600,2555.0,T. Degreef,Belgium,Anderlecht,Belgium 1 - Pro League,Right Wing,Attack,20.0,1883.0,47.9,48.0,48.3,56.3
33677,25536,85.0,T. Delaney,Denmark,FC København,Denmark 1 - Superliga,Central Midfield,Midfield,33.0,1106.0,52.7,52.2,51.7,62.9
37707848,25658,1447.0,T. Delphis,France,Annecy,France 2 - Ligue 2,Centre Back,Defence,22.0,1739.0,50.7,51.8,47.0,42.2
37260515,25648,5.0,T. Devlin,Northern Ireland,Portsmouth,England 2 - Championship,Right Back,Defence,21.0,2563.0,52.5,51.9,51.5,66.0
37920608,25591,463.0,T. Diakité,Republic of Ireland,Slovan Liberec,Czech Republic 1 - Chance Liga,Central Midfield,Midfield,19.0,1634.0,44.3,44.7,45.2,49.6
37583799,25658,1028.0,T. Diarra,Mali,Reims,France 2 - Ligue 2,Right Wing,Attack,22.0,1263.0,50.6,50.4,50.5,51.3
23278579,25637,320.0,T. Douglas,Netherlands,FC Eindhoven,Netherlands 2 - Eerste Divisie,Left Back,Defence,23.0,2573.0,48.5,49.9,48.9,50.0
9605714,25648,12.0,T. Doyle,England,Birmingham City,England 2 - Championship,Central Midfield,Midfield,23.0,1899.0,57.4,57.5,57.3,52.5
37582096,25653,49.0,T. Drexler,Germany,Salzburg,Austria 1 - Admiral Bundesliga,Centre Back,Defence,20.0,1071.0,51.6,51.8,50.3,49.8
433165,25658,430.0,T. Ducrocq,France,Bastia,France 2 - Ligue 2,Defensive Midfield,Midfield,25.0,2114.0,48.9,49.0,47.5,50.2
32786881,25584,7684.0,T. Duvnjak,Croatia,Varaždin,Croatia 1 - 1. HNL,Defensive Midfield,Midfield,22.0,2600.0,51.4,51.9,53.1,47.8
26690060,25601,5581.0,T. Dzotsenidze,Georgia,Zemplín Michalovce,Slovakia 1 - Niké Liga,Centre Back,Defence,25.0,2040.0,52.0,52.7,53.1,54.1
5750,25649,221.0,T. Eaves,England,Northampton Town,England 3 - League One,Centre Forward,Attack,33.0,1824.0,46.0,46.0,46.1,45.4
7159,25567,2673.0,T. Elšnik,Slovenia,Crvena Zvezda,Serbia 1 - Super Liga,Central Midfield,Midfield,27.0,2030.0,55.6,56.4,55.4,54.7
540319,25682,554.0,T. Embalo Djaló,Portugal,Beşiktaş,Türkiye 1 - Super Lig,Centre Back,Defence,25.0,1463.0,51.4,50.5,51.0,56.1
37623397,25637,2460.0,T. Essakkati,Netherlands,Helmond Sport,Netherlands 2 - Eerste Divisie,Left Wing,Attack,19.0,1213.0,51.7,52.0,50.6,53.8
540103,25735,2591.0,T. Eyoma,England,Lommel SK,Belgium 2 - Challenger Pro League,Centre Back,Defence,25.0,921.0,53.6,54.4,52.8,53.3
37531505,25658,7758.0,T. Eyoum,France,Le Mans,France 2 - Ligue 2,Centre Back,Defence,23.0,2076.0,54.1,55.3,55.1,45.7
4599256,25662,571.0,T. Faingezicht,Israel,Maccabi Haifa,Israel 1 - Ligat ha'Al,Left Back,Defence,18.0,1451.0,49.2,48.8,48.6,52.7
28913058,25648,65.0,T. Fellows,England,Southampton,England 2 - Championship,Right Midfield,Midfield,22.0,2269.0,56.4,53.4,55.9,47.0
37391020,25649,221.0,T. Fornah,Sierra Leone,Northampton Town,England 3 - League One,Central Midfield,Midfield,25.0,2403.0,47.0,47.3,48.8,39.1
52767,25759,118.0,T. Fountas,Greece,OFI,Greece 1 - Super League,Left Wing,Attack,29.0,1700.0,49.6,50.0,51.3,52.0
15426471,25536,2447.0,T. Freriks,Netherlands,Viborg FF,Denmark 1 - Superliga,Centre Forward,Attack,26.0,1201.0,48.7,48.6,49.0,49.4
37543226,25584,3358.0,T. Fruk,Croatia,Rijeka,Croatia 1 - 1. HNL,Attacking Midfield,Midfield,24.0,2131.0,51.7,53.0,52.6,51.0
37561957,25745,4092.0,T. Fukui,Japan,Arouca,Portugal 1 - Liga Portugal,Central Midfield,Midfield,21.0,2530.0,52.5,52.3,52.4,52.6
37297932,26164,7818.0,T. Fumagalli,Italy,Virtus Entella,Italy 2 - Serie B,Centre Forward,Attack,25.0,927.0,52.6,52.9,51.5,51.7
27066516,25607,362.0,T. Gaal,Germany,St. Gallen,Switzerland 1 - Super League,Centre Back,Defence,24.0,2654.0,51.6,52.1,50.6,50.5
16845318,25649,16.0,T. Gale,Barbados,Bolton Wanderers,England 3 - League One,Left Wing,Attack,23.0,1892.0,49.8,49.5,49.8,43.7
37564574,25637,1435.0,T. Galvez,Finland,SC Cambuur,Netherlands 2 - Eerste Divisie,Left Back,Defence,20.0,2943.0,52.4,52.7,52.5,47.3
25217725,25648,2.0,T. Gardner-Hickman,England,Blackburn Rovers,England 2 - Championship,Defensive Midfield,Midfield,23.0,1983.0,54.0,54.1,54.4,49.6
37425257,25735,1674.0,T. Gaye,Senegal,RFC Seraing,Belgium 2 - Challenger Pro League,Right Back,Defence,25.0,990.0,50.0,52.0,53.1,44.6
37737459,25637,2475.0,T. Geypens,Netherlands,FC Emmen,Netherlands 2 - Eerste Divisie,Left Back,Defence,20.0,1210.0,46.1,48.3,49.0,45.3
37612033,25637,1073.0,T. Gijselhart,Netherlands,De Graafschap,Netherlands 2 - Eerste Divisie,Central Midfield,Midfield,20.0,3099.0,50.9,51.2,50.8,53.2
52499,25653,3300.0,T. Goiginger,Austria,Blau-Weiß Linz,Austria 1 - Admiral Bundesliga,Left Wing,Attack,32.0,1171.0,47.8,47.5,46.6,38.3
37619272,25607,3525.0,T. Golliard,Switzerland,Winterthur,Switzerland 1 - Super League,Attacking Midfield,Midfield,22.0,2146.0,49.9,47.8,49.8,46.1
37522757,25745,830.0,T. Gomes Arcanjo,Cape Verde,Vitória Guimarães,Portugal 1 - Liga Portugal,Right Wing,Attack,24.0,1242.0,56.3,55.5,54.5,60.5
37593166,25597,1016.0,T. Gooijer,Netherlands,PEC Zwolle,Netherlands 1 - Eredivisie,Right Back,Defence,20.0,1372.0,45.1,46.8,46.6,53.4
37315654,25653,3678.0,T. Gulliksen,Norway,SK Rapid,Austria 1 - Admiral Bundesliga,Attacking Midfield,Midfield,22.0,1052.0,53.0,51.5,50.8,50.0
9302865,25536,7466.0,T. Gundelund,Denmark,Vejle Boldklub,Denmark 1 - Superliga,Right Back,Defence,23.0,2417.0,51.7,50.7,49.5,43.9
37708736,25662,3229.0,T. Haimovich,Israel,Hapoel Jerusalem,Israel 1 - Ligat ha'Al,Centre Back,Defence,22.0,1569.0,50.9,50.9,50.0,54.3
3861325,25649,305.0,T. Hamer,England,Lincoln City,England 3 - League One,Centre Back,Defence,25.0,3535.0,48.5,49.9,46.0,53.0
540023,25652,2927.0,T. Handwerker,Germany,DSC Arminia Bielefeld,Germany 2 - 2. Bundesliga,Left Back,Defence,27.0,1760.0,58.0,57.0,58.5,51.4
37666937,25636,1703.0,T. Hansen,Denmark,Hobro,Denmark 2 - First Division,Central Midfield,Midfield,19.0,1314.0,43.5,42.9,42.2,47.4
23278675,25648,65.0,T. Harwood-Bellis,England,Southampton,England 2 - Championship,Centre Back,Defence,23.0,3900.0,58.9,59.9,60.6,58.8
37342926,25600,355.0,T. Hata,Japan,Sint-Truiden,Belgium 1 - Pro League,Left Back,Defence,23.0,2444.0,50.2,49.9,49.5,45.6
32185,25600,2555.0,T. Hazard,Belgium,Anderlecht,Belgium 1 - Pro League,Attacking Midfield,Midfield,32.0,2724.0,55.5,55.6,56.1,44.9
37690158,25673,6968.0,T. Helguera Merello Volante,Uruguay,Mirandés,Spain 2 - La Liga 2,Defensive Midfield,Midfield,19.0,2401.0,47.1,47.0,47.7,48.5
97592,25600,700.0,T. Henry,France,Standard Liège,Belgium 1 - Pro League,Centre Forward,Attack,30.0,1361.0,49.9,50.0,49.3,54.4
79972,25591,216.0,T. Holeš,Czech Republic,Slavia Praha,Czech Republic 1 - Chance Liga,Centre Back,Defence,32.0,2002.0,59.4,60.7,58.7,58.1
4545347,25653,3357.0,T. Horvat,Slovenia,Sturm Graz,Austria 1 - Admiral Bundesliga,Right Midfield,Midfield,26.0,1428.0,58.5,57.9,58.4,45.2
37706392,25601,5905.0,T. Hranica,Slovakia,Žilina,Slovakia 1 - Niké Liga,Right Back,Defence,20.0,1308.0,46.6,47.4,48.0,50.8
37600315,25601,2759.0,T. Hájovský,Slovakia,Trenčín,Slovakia 1 - Niké Liga,Central Midfield,Midfield,19.0,2112.0,43.4,42.5,43.0,39.2
37583524,25599,3578.0,T. Ibishev,Russia,Akhmat Grozny,Russia 1 - Premier League,Centre Back,Defence,23.0,1318.0,48.7,47.9,48.1,49.2
45657,25759,1089.0,T. Iliadis,Greece,Larissa,Greece 1 - Super League,Centre Back,Defence,28.0,1474.0,47.1,46.8,45.9,49.3
1045,25648,25.0,T. Ince,England,Watford,England 2 - Championship,Right Wing,Attack,33.0,1012.0,55.2,54.6,55.7,52.9
319375,25648,12.0,T. Iwata,Japan,Birmingham City,England 2 - Championship,Defensive Midfield,Midfield,28.0,3788.0,53.0,53.5,52.4,49.4
3509987,25682,688.0,T. Jabol Folcarelli,France,Trabzonspor,Türkiye 1 - Super Lig,Central Midfield,Midfield,25.0,2331.0,52.7,52.9,52.7,57.6
4628,25649,294.0,T. James,Wales,Leyton Orient,England 3 - League One,Right Back,Defence,29.0,2181.0,56.2,54.8,53.9,51.7
352335,25735,247549.0,T. Janssen,Belgium,KSC Lokeren,Belgium 2 - Challenger Pro League,Central Midfield,Midfield,29.0,2329.0,48.7,48.6,48.3,48.0
32157,25759,57.0,T. Jedvaj,Croatia,Panathinaikos,Greece 1 - Super League,Centre Back,Defence,29.0,1336.0,50.9,50.6,48.3,55.0
37581095,25735,234702.0,T. Jensen Lund,Denmark,Club NXT U23,Belgium 2 - Challenger Pro League,Right Wing,Attack,19.0,1895.0,48.8,49.1,47.5,51.4
27067051,25652,1092.0,T. Jerico Schmidt,Germany,Fortuna Düsseldorf,Germany 2 - 2. Bundesliga,Centre Back,Defence,23.0,1388.0,50.9,50.1,48.3,48.3
7026565,25598,180.0,T. John-Jules,England,Kilmarnock,Scotland 1 - Premiership,Centre Forward,Attack,24.0,1151.0,54.6,54.1,55.7,54.1
37578142,25759,27943.0,T. Johnson Eboh,Nigeria,Kifisia,Greece 1 - Super League,Defensive Midfield,Midfield,23.0,1626.0,44.8,44.7,44.2,46.5
37783267,25637,2379.0,T. Joosten,Netherlands,VVV-Venlo,Netherlands 2 - Eerste Divisie,Centre Back,Defence,18.0,1277.0,52.8,53.1,53.0,45.5
27066735,25584,5428.0,T. Jukić,Germany,Lokomotiva Zagreb,Croatia 1 - 1. HNL,Centre Back,Defence,23.0,2339.0,50.9,51.3,51.6,50.7
456387,25641,132584.0,T. Jyry,Finland,Petrolul 52,Romania 1 - Superliga,Central Midfield,Midfield,25.0,3116.0,46.9,46.9,46.1,38.3
37656066,25536,2447.0,T. Jørgensen,Denmark,Viborg FF,Denmark 1 - Superliga,Central Midfield,Midfield,19.0,2590.0,57.3,58.1,58.9,56.2
205583,25601,662.0,T. Kacharaba,Ukraine,Dunajská Streda,Slovakia 1 - Niké Liga,Centre Back,Defence,30.0,2176.0,56.5,58.7,61.2,47.7
24642,25653,5769.0,T. Kainz,Austria,Hartberg,Austria 1 - Admiral Bundesliga,Left Midfield,Midfield,32.0,2250.0,50.3,51.4,50.7,43.9
5283526,25601,662.0,T. Kapanadze,Georgia,Dunajská Streda,Slovakia 1 - Niké Liga,Right Back,Defence,23.0,2196.0,52.4,52.5,53.1,45.5
433785,25641,3599.0,T. Keita,France,CFR Cluj,Romania 1 - Superliga,Central Midfield,Midfield,28.0,1906.0,46.9,47.4,47.6,59.8
19979687,25652,1077.0,T. Keller,Germany,Dynamo Dresden,Germany 2 - 2. Bundesliga,Centre Back,Defence,25.0,1196.0,49.3,48.5,48.2,50.2
37344344,25598,273.0,T. Keskinen,Finland,Aberdeen,Scotland 1 - Premiership,Left Wing,Attack,22.0,1534.0,50.7,50.1,50.1,52.1
16475640,25653,5724.0,T. Koch,Austria,Grazer AK,Austria 1 - Admiral Bundesliga,Defensive Midfield,Midfield,24.0,1786.0,49.0,48.9,47.9,41.6
25879,25637,1073.0,T. Kok,Netherlands,De Graafschap,Netherlands 2 - Eerste Divisie,Centre Back,Defence,27.0,2138.0,51.9,52.1,53.4,50.6
37779790,25735,234702.0,T. Koren,Slovenia,Club NXT U23,Belgium 2 - Challenger Pro League,Attacking Midfield,Midfield,16.0,1082.0,48.4,47.0,49.8,50.8
37581916,25600,2938.0,T. Koudou,France,Mechelen,Belgium 1 - Pro League,Right Back,Defence,20.0,3075.0,53.9,54.4,54.9,43.7
13980925,25536,2905.0,T. Kristensen,Denmark,AGF,Denmark 1 - Superliga,Right Wing,Attack,23.0,2713.0,50.5,51.1,52.1,44.9
37704919,25601,6615.0,T. Král,Czech Republic,Ružomberok,Slovakia 1 - Niké Liga,Centre Back,Defence,20.0,1898.0,50.3,51.5,50.8,45.9
37525890,25601,3283.0,T. Kudlička,Slovakia,Spartak Trnava,Slovakia 1 - Niké Liga,Attacking Midfield,Midfield,21.0,1572.0,46.3,45.4,46.5,44.1
4037,25566,2940.0,T. Kádár,Hungary,MTK,Hungary 1 - NB I,Centre Back,Defence,35.0,2608.0,50.2,50.3,52.8,51.0
155134,25759,649.0,T. Kędziora,Poland,PAOK,Greece 1 - Super League,Right Back,Defence,31.0,2041.0,51.6,50.3,49.5,54.2
37332158,25566,3955.0,T. Lacoux,France,Újpest,Hungary 1 - NB I,Defensive Midfield,Midfield,23.0,1271.0,49.5,49.6,48.9,51.0
82764,25591,3545.0,T. Ladra,Czech Republic,Viktoria Plzeň,Czech Republic 1 - Chance Liga,Attacking Midfield,Midfield,28.0,2030.0,54.3,55.6,53.2,47.3
16475807,25735,7085.0,T. Lake,Netherlands,OC Charleroi,Belgium 2 - Challenger Pro League,Centre Forward,Attack,24.0,1091.0,50.5,50.1,50.9,55.0
37676562,25597,2345.0,T. Land,Netherlands,FC Groningen,Netherlands 1 - Eredivisie,Central Midfield,Midfield,19.0,1594.0,52.5,52.7,50.9,46.4
6972292,25597,919.0,T. Lauritsen,Norway,Sparta Rotterdam,Netherlands 1 - Eredivisie,Centre Forward,Attack,27.0,3043.0,49.0,49.0,48.9,59.8
37644699,25536,7466.0,T. Lauritsen,Denmark,Vejle Boldklub,Denmark 1 - Superliga,Central Midfield,Midfield,21.0,922.0,49.3,49.5,49.5,47.7
36083638,25673,238115.0,T. Le Normand,France,FC Andorra,Spain 2 - La Liga 2,Central Midfield,Midfield,25.0,1106.0,47.9,47.5,48.3,50.6
37342720,25653,3630.0,T. Lee,South Korea,Austria Wien,Austria 1 - Admiral Bundesliga,Left Back,Defence,23.0,2577.0,50.9,50.5,51.1,48.4
2349,25649,254.0,T. Lees,England,Peterborough United,England 3 - League One,Centre Back,Defence,34.0,2711.0,46.9,46.8,46.0,56.2
34097,25652,3317.0,T. Leistner,Germany,Hertha BSC,Germany 2 - 2. Bundesliga,Centre Back,Defence,34.0,1899.0,48.6,47.9,49.7,54.3
4536579,25658,1028.0,T. Leoni,Belgium,Reims,France 2 - Ligue 2,Central Midfield,Midfield,25.0,2461.0,54.1,53.4,53.3,52.1
13063,25598,180.0,T. Lowery,England,Kilmarnock,Scotland 1 - Premiership,Central Midfield,Midfield,27.0,1207.0,47.1,46.6,46.6,45.6
14773708,25641,8132.0,T. Lungu,Moldova,Unirea Slobozia,Romania 1 - Superliga,Defensive Midfield,Midfield,30.0,1336.0,53.7,55.6,56.1,53.3
6599976,25600,6722.0,T. Lutonda,Belgium,La Louvière,Belgium 1 - Pro League,Left Back,Defence,24.0,1732.0,46.3,48.5,48.7,42.4
37539206,26164,10771.0,T. Maggioni,Italy,Mantova,Italy 2 - Serie B,Right Back,Defence,24.0,1545.0,51.6,51.8,51.1,49.1
18559789,25598,314.0,T. Magnússon,Iceland,Hearts,Scotland 1 - Premiership,Central Midfield,Midfield,22.0,1264.0,47.4,47.8,47.2,57.3
37714535,26164,10771.0,T. Marras,Italy,Mantova,Italy 2 - Serie B,Right Wing,Attack,21.0,1368.0,53.2,53.5,55.2,54.2
33991811,25598,309.0,T. Maswanhise,Zimbabwe,Motherwell,Scotland 1 - Premiership,Right Wing,Attack,22.0,2872.0,48.4,48.8,50.6,41.8
24469185,25649,115.0,T. Mengi,England,Luton Town,England 3 - League One,Centre Back,Defence,23.0,1829.0,52.0,53.2,49.9,46.6
37704786,25607,2866.0,T. Meyer,Switzerland,Grasshopper,Switzerland 1 - Super League,Defensive Midfield,Midfield,21.0,1981.0,46.8,46.1,44.5,52.5
37555542,25658,430.0,T. Meynadier,France,Bastia,France 2 - Ligue 2,Right Back,Defence,25.0,1679.0,51.8,51.0,49.6,50.5
5666490,25673,2921.0,T. Miyashiro,Japan,Las Palmas,Spain 2 - La Liga 2,Right Wing,Attack,25.0,1349.0,49.4,49.4,49.8,53.2
37266284,25652,2927.0,T. Momuluh,Germany,DSC Arminia Bielefeld,Germany 2 - 2. Bundesliga,Right Wing,Attack,23.0,2110.0,48.6,49.1,48.3,52.9
95823,25658,840.0,T. Monconduit,France,Amiens SC,France 2 - Ligue 2,Defensive Midfield,Midfield,34.0,1863.0,51.5,52.5,53.8,41.3
37762874,25637,320.0,T. Muller,Netherlands,FC Eindhoven,Netherlands 2 - Eerste Divisie,Attacking Midfield,Midfield,18.0,1260.0,49.5,47.0,49.2,43.6
37418746,25599,543.0,T. Musaev,Russia,CSKA Moskva,Russia 1 - Premier League,Centre Forward,Attack,23.0,1414.0,50.1,50.6,49.2,53.4
37253489,25662,589.0,T. Muzi,Israel,Beitar Jerusalem,Israel 1 - Ligat ha'Al,Right Wing,Attack,23.0,1713.0,50.6,49.3,49.6,53.1
7346334,25601,6615.0,T. Múdry,Slovakia,Ružomberok,Slovakia 1 - Niké Liga,Central Midfield,Midfield,25.0,2407.0,42.2,41.9,42.4,40.0
46982,25652,3527.0,T. Müller,Germany,Magdeburg,Germany 2 - 2. Bundesliga,Centre Back,Defence,31.0,1885.0,51.8,52.0,54.1,45.2
432880,25600,700.0,T. NKada,France,Standard Liège,Belgium 1 - Pro League,Centre Forward,Attack,26.0,1236.0,49.4,49.4,49.8,48.4
37619977,25600,1118.0,T. Nadi,Nigeria,Zulte-Waregem,Belgium 1 - Pro League,Defensive Midfield,Midfield,22.0,1419.0,53.4,54.2,54.3,58.1
37578808,25535,135.0,T. Neugebauer,Poland,Lechia Gdańsk,Poland 1 - Ekstraklasa,Attacking Midfield,Midfield,22.0,1828.0,47.0,48.1,46.0,51.5
31226216,25745,6377.0,T. Nikitscher,Hungary,Rio Ave,Portugal 1 - Liga Portugal,Defensive Midfield,Midfield,25.0,1377.0,49.5,48.7,48.3,60.5
37452955,25597,1550.0,T. Noslin,Curaçao,Telstar,Netherlands 1 - Eredivisie,Right Midfield,Midfield,22.0,2304.0,47.2,47.2,47.5,56.9
31255328,25759,118.0,T. Nuss,Argentina,OFI,Greece 1 - Super League,Left Wing,Attack,24.0,1963.0,50.5,50.9,50.9,51.2
581046,25649,254.0,T. O'Connor,Republic of Ireland,Peterborough United,England 3 - League One,Centre Back,Defence,26.0,1304.0,53.6,54.3,52.3,55.3
418498,25652,1092.0,T. Oberdorf,Germany,Fortuna Düsseldorf,Germany 2 - 2. Bundesliga,Centre Back,Defence,28.0,2799.0,54.2,54.6,53.2,50.1
37537954,25653,3357.0,T. Oermann,Germany,Sturm Graz,Austria 1 - Admiral Bundesliga,Centre Back,Defence,21.0,1013.0,50.8,50.1,49.6,47.2
37564298,25673,11354.0,T. Ojeda,Argentina,Cultural Leonesa,Spain 2 - La Liga 2,Central Midfield,Midfield,22.0,2630.0,48.8,49.2,49.2,56.2
14302,25598,273.0,T. Olusanya,England,Aberdeen,Scotland 1 - Premiership,Centre Forward,Attack,27.0,1041.0,48.7,49.3,48.8,44.3
312701,25600,1947.0,T. Ominami,Japan,OH Leuven,Belgium 1 - Pro League,Centre Back,Defence,27.0,1705.0,49.6,48.7,50.6,44.8
14685017,25597,1016.0,T. Oosting,Netherlands,PEC Zwolle,Netherlands 1 - Eredivisie,Attacking Midfield,Midfield,25.0,2655.0,47.8,48.3,47.5,49.4
37604680,25535,302.0,T. Ouma,Kenya,Lech Poznań,Poland 1 - Ekstraklasa,Defensive Midfield,Midfield,21.0,1100.0,53.3,54.2,51.2,57.1
37286953,25597,1550.0,T. Owusu,Netherlands,Telstar,Netherlands 1 - Eredivisie,Central Midfield,Midfield,26.0,1589.0,49.1,49.8,49.7,45.0
37344304,25607,3091.0,T. Owusu,Switzerland,Luzern,Switzerland 1 - Super League,Central Midfield,Midfield,22.0,3268.0,51.3,51.0,51.1,48.6
37726587,25601,5905.0,T. Pališčák,Slovakia,Žilina,Slovakia 1 - Niké Liga,Centre Back,Defence,17.0,1494.0,50.8,51.0,49.6,57.0
37735852,25601,5581.0,T. Park,South Korea,Zemplín Michalovce,Slovakia 1 - Niké Liga,Centre Back,Defence,22.0,1193.0,42.8,42.4,43.0,43.1
23277907,25597,61.0,T. Parrott,Republic of Ireland,AZ,Netherlands 1 - Eredivisie,Centre Forward,Attack,23.0,2205.0,56.4,56.3,57.3,50.7
37605430,25735,1674.0,T. Paulo da Silva,Belgium,RFC Seraing,Belgium 2 - Challenger Pro League,Left Back,Defence,20.0,1393.0,46.5,46.1,45.8,50.8
96956,25658,1112.0,T. Pellenard,France,Laval,France 2 - Ligue 2,Centre Back,Defence,31.0,907.0,51.3,52.7,51.4,52.0
37357444,25567,2673.0,T. Pereira Santos Händel,Portugal,Crvena Zvezda,Serbia 1 - Super Liga,Defensive Midfield,Midfield,24.0,1359.0,59.0,59.2,55.3,48.6
23277943,25735,8307.0,T. Persyn,Belgium,RWDM Brussels,Belgium 2 - Challenger Pro League,Right Back,Defence,23.0,2066.0,47.9,48.7,49.1,53.5
38204727,25637,2783.0,T. Peters,Netherlands,Jong Ajax,Netherlands 2 - Eerste Divisie,Central Midfield,Midfield,19.0,2276.0,46.2,46.2,46.4,48.6
37587263,25535,3270.0,T. Pieńko,Poland,Raków Częstochowa,Poland 1 - Ekstraklasa,Attacking Midfield,Midfield,21.0,1388.0,47.6,46.8,47.9,50.7
14007,25653,3630.0,T. Plavotic,Croatia,Austria Wien,Austria 1 - Admiral Bundesliga,Centre Back,Defence,28.0,1751.0,49.9,49.0,49.5,54.5
37580360,25658,1838.0,T. Pouilly,France,Pau,France 2 - Ligue 2,Right Back,Defence,22.0,2306.0,51.9,51.9,51.3,43.4
80730,25591,1745.0,T. Poznar,Czech Republic,Zlín,Czech Republic 1 - Chance Liga,Centre Forward,Attack,36.0,1416.0,49.0,49.1,48.9,53.1
22126605,25597,919.0,T. Quintero León,Venezuela,Sparta Rotterdam,Netherlands 1 - Eredivisie,Centre Back,Defence,26.0,2469.0,52.7,52.2,51.7,52.4
37325287,25566,112.0,T. Raemaekers,Belgium,Ferencvárosi,Hungary 1 - NB I,Centre Back,Defence,24.0,2553.0,50.2,50.6,52.1,58.7
530714,25658,1447.0,T. Rambaud,France,Annecy,France 2 - Ligue 2,Centre Forward,Attack,28.0,1578.0,50.3,50.2,50.2,56.4
20692347,26164,2892.0,T. Reinhart,Argentina,Reggiana,Italy 2 - Serie B,Defensive Midfield,Midfield,25.0,2484.0,54.8,55.2,56.8,47.7
21089947,25735,2591.0,T. Reyners,Belgium,Lommel SK,Belgium 2 - Challenger Pro League,Right Wing,Attack,25.0,3066.0,51.2,50.3,49.9,44.0
37546619,25648,26.0,T. Rigo,Slovakia,Stoke City,England 2 - Championship,Central Midfield,Midfield,23.0,1683.0,52.5,52.4,52.3,52.0
4527,25649,225.0,T. Roberts,Wales,Mansfield Town,England 3 - League One,Secondary Striker,Attack,26.0,988.0,52.4,52.1,52.7,48.4
98885,25658,1281.0,T. Robinet,France,Dunkerque,France 2 - Ligue 2,Centre Forward,Attack,28.0,2431.0,52.0,51.7,51.9,46.9
155299,25535,890.0,T. Romanczuk,Poland,Jagiellonia Białystok,Poland 1 - Ekstraklasa,Defensive Midfield,Midfield,33.0,2470.0,52.4,52.7,51.7,55.2
37337109,25600,357.0,T. Rommens,Belgium,Westerlo,Belgium 1 - Pro League,Left Back,Defence,22.0,1222.0,55.7,55.9,55.0,62.9
37623466,25658,1447.0,T. Rowe,England,Annecy,France 2 - Ligue 2,Right Back,Defence,18.0,2261.0,49.1,49.2,49.0,44.5
37714987,26164,7766.0,T. Rubino,Italy,Carrarese,Italy 2 - Serie B,Attacking Midfield,Midfield,18.0,1029.0,49.2,50.2,49.9,54.5
37357850,25637,1435.0,T. Rölke,Germany,SC Cambuur,Netherlands 2 - Eerste Divisie,Attacking Midfield,Midfield,22.0,1864.0,49.4,49.4,50.2,53.8
55330,25653,4080.0,T. Sabitzer,Austria,WSG Tirol,Austria 1 - Admiral Bundesliga,Left Wing,Attack,24.0,1346.0,45.6,45.4,44.1,50.5
30979492,25648,117.0,T. Sakamoto,Japan,Coventry City,England 2 - Championship,Right Wing,Attack,28.0,2498.0,53.3,53.6,53.7,55.3
84605,25536,2394.0,T. Salquist,Denmark,Nordsjælland,Denmark 1 - Superliga,Centre Back,Defence,30.0,2439.0,52.2,52.6,50.8,48.5
202738,25682,4192.0,T. Sanuç,Türkiye,Gaziantep F.K.,Türkiye 1 - Super Lig,Centre Back,Defence,25.0,1336.0,46.0,44.7,45.4,47.9
98131,25658,581.0,T. Savanier,France,Montpellier,France 2 - Ligue 2,Attacking Midfield,Midfield,33.0,1388.0,57.9,61.7,56.9,53.4
37266076,25652,2642.0,T. Scheller,Germany,Paderborn,Germany 2 - 2. Bundesliga,Centre Back,Defence,23.0,2663.0,52.9,53.0,53.3,52.1
20335451,25653,5724.0,T. Schriebl,Austria,Grazer AK,Austria 1 - Admiral Bundesliga,Central Midfield,Midfield,26.0,1347.0,50.1,50.5,50.7,53.0
37324879,25648,26.0,T. Seko,Japan,Stoke City,England 2 - Championship,Central Midfield,Midfield,27.0,2543.0,51.6,51.8,51.8,51.6
19143,25649,150.0,T. Shade,Saint Kitts and Nevis,Burton Albion,England 3 - League One,Right Wing,Attack,25.0,2774.0,47.6,48.1,49.6,39.9
10767,25649,150.0,T. Sibbick,England,Burton Albion,England 3 - League One,Centre Back,Defence,26.0,2562.0,47.5,47.8,44.4,42.3
96571,25745,3497.0,T. Siebatcheu,France,Tondela,Portugal 1 - Liga Portugal,Centre Forward,Attack,29.0,1240.0,48.3,48.2,47.6,50.2
37556926,25566,3955.0,T. Silva Gonçalves,Portugal,Újpest,Hungary 1 - NB I,Left Back,Defence,24.0,916.0,53.9,54.5,54.4,52.2
21414082,25745,3497.0,T. Silva Manso,Portugal,Tondela,Portugal 1 - Liga Portugal,Right Back,Defence,25.0,1535.0,52.0,52.3,52.2,51.2
37737382,25637,320.0,T. Simons,Netherlands,FC Eindhoven,Netherlands 2 - Eerste Divisie,Left Wing,Attack,22.0,2999.0,47.1,47.3,46.9,56.7
37661864,25591,3552.0,T. Slončík,Czech Republic,Hradec Králové,Czech Republic 1 - Chance Liga,Attacking Midfield,Midfield,20.0,924.0,49.5,49.5,51.4,48.0
37436347,25648,99.0,T. Small,England,Preston North End,England 2 - Championship,Left Back,Defence,21.0,2496.0,47.0,48.6,51.3,44.2
37347343,25600,328.0,T. Somers,Belgium,Antwerp,Belgium 1 - Pro League,Right Midfield,Midfield,26.0,2436.0,48.2,50.3,48.2,52.5
37503567,25536,390.0,T. Sommer,Denmark,Sønderjyske Fodbold,Denmark 1 - Superliga,Defensive Midfield,Midfield,23.0,2412.0,54.6,55.6,54.1,52.8
371377,25745,4092.0,T. Sousa Esgaio,Portugal,Arouca,Portugal 1 - Liga Portugal,Right Back,Defence,30.0,2463.0,51.8,51.1,51.4,56.3
7345851,25600,2938.0,T. St. Jago,Netherlands,Mechelen,Belgium 1 - Pro League,Centre Back,Defence,25.0,2283.0,54.9,55.9,53.9,51.6
37303949,25662,571.0,T. Stewart,Jamaica,Maccabi Haifa,Israel 1 - Ligat ha'Al,Centre Forward,Attack,25.0,1431.0,52.9,52.5,53.3,46.2
37591574,25636,2650.0,T. Storm,Denmark,Lyngby Boldklub,Denmark 2 - First Division,Centre Back,Defence,21.0,2569.0,49.1,48.4,47.4,47.3
37635151,25745,830.0,T. Strata,Romania,Vitória Guimarães,Portugal 1 - Liga Portugal,Right Back,Defence,20.0,1401.0,54.5,54.5,54.8,55.0
23269810,25599,6564.0,T. Suleymanov,Russia,Rostov,Russia 1 - Premier League,Centre Forward,Attack,25.0,1860.0,46.6,46.5,46.5,50.1
37265653,25599,237672.0,T. Sundukov,Russia,Dynamo Makhachkala,Russia 1 - Premier League,Left Back,Defence,23.0,2469.0,46.3,46.8,47.4,44.2
24081802,25535,3260.0,T. Svetlin,Slovenia,Korona Kielce,Poland 1 - Ekstraklasa,Defensive Midfield,Midfield,23.0,2890.0,50.4,50.8,50.7,45.6
37600775,25566,396.0,T. Szücs,Hungary,Debrecen,Hungary 1 - NB I,Central Midfield,Midfield,20.0,2658.0,47.1,47.2,46.9,53.6
37777468,25673,6968.0,T. Tamarit Tamarit,Spain,Mirandés,Spain 2 - La Liga 2,Right Back,Defence,19.0,1750.0,51.2,53.1,55.4,51.2
28913023,25649,221.0,T. Taylor,Wales,Northampton Town,England 3 - League One,Defensive Midfield,Midfield,24.0,3339.0,47.0,47.8,45.9,43.1
101641,25658,1028.0,T. Teuma,Malta,Reims,France 2 - Ligue 2,Central Midfield,Midfield,31.0,1019.0,59.4,58.8,59.1,53.5
21072807,25658,1112.0,T. Thomas,France,Laval,France 2 - Ligue 2,Central Midfield,Midfield,23.0,1566.0,50.9,50.6,50.7,52.1
83799,25636,6953.0,T. Thomsen,Denmark,HB Køge,Denmark 2 - First Division,Centre Forward,Attack,32.0,1135.0,49.8,49.9,50.3,49.3
37361501,25759,990.0,T. Tsapras,Greece,Levadiakos,Greece 1 - Super League,Right Back,Defence,23.0,2743.0,50.3,49.6,48.9,44.3
23698012,25759,9849.0,T. Tsiggaras,Greece,Atromitos,Greece 1 - Super League,Central Midfield,Midfield,25.0,2279.0,50.7,50.6,49.7,50.4
37616342,25682,3224.0,T. Ulvan,Türkiye,Eyüpspor,Türkiye 1 - Super Lig,Right Back,Defence,24.0,1107.0,49.9,50.5,52.0,53.5
98912,25658,1174.0,T. Valls,France,Grenoble Foot 38,France 2 - Ligue 2,Central Midfield,Midfield,29.0,1532.0,51.5,51.6,51.7,42.1
61388,25735,234702.0,T. Van Acker,Belgium,Club NXT U23,Belgium 2 - Challenger Pro League,Central Midfield,Midfield,33.0,1683.0,44.1,43.2,43.6,35.9
37750901,25735,261625.0,T. Van de ven,Belgium,RSCA Futures U23,Belgium 2 - Challenger Pro League,Centre Forward,Attack,17.0,1211.0,51.4,51.6,51.4,49.2
37317398,25600,357.0,T. Van den Keybus,Belgium,Westerlo,Belgium 1 - Pro League,Central Midfield,Midfield,24.0,1117.0,51.0,50.9,51.1,53.6
22169048,25658,1112.0,T. Vargas,France,Laval,France 2 - Ligue 2,Right Back,Defence,25.0,1699.0,52.2,52.1,53.7,42.1
28572,25637,669.0,T. Verheydt,Netherlands,Willem II,Netherlands 2 - Eerste Divisie,Centre Forward,Attack,33.0,1518.0,53.8,53.5,54.2,63.4
5163,25600,1947.0,T. Verlinden,Belgium,OH Leuven,Belgium 1 - Pro League,Left Wing,Attack,26.0,1461.0,54.5,53.8,52.6,48.2
20673452,25597,73.0,T. Watanabe,Japan,Feyenoord,Netherlands 1 - Eredivisie,Centre Back,Defence,28.0,2637.0,56.9,57.2,56.1,54.4
6538,25649,54.0,T. Watson,England,Barnsley,England 3 - League One,Right Back,Defence,28.0,2410.0,48.4,48.5,47.2,54.9
37440611,25637,2360.0,T. Wildeboer,Netherlands,TOP Oss,Netherlands 2 - Eerste Divisie,Centre Forward,Attack,23.0,2258.0,46.4,46.1,46.1,53.2
27453987,25649,137.0,T. Wright,Republic of Ireland,Bradford City,England 3 - League One,Left Midfield,Midfield,23.0,2351.0,48.5,47.8,48.6,46.2
37578809,25535,135.0,T. Wójtowicz,Poland,Lechia Gdańsk,Poland 1 - Ekstraklasa,Right Back,Defence,21.0,1574.0,53.5,53.0,52.2,54.1
37552408,25598,258.0,T. Yengi,Australia,Livingston,Scotland 1 - Premiership,Centre Forward,Attack,24.0,1056.0,48.9,49.0,49.0,57.2
37614769,25598,284.0,T. Yogane,England,Dundee,Scotland 1 - Premiership,Left Wing,Attack,19.0,2131.0,48.7,48.3,46.8,47.7
70916,25566,2613.0,T. Yordanov,Bulgaria,Várda SE,Hungary 1 - NB I,Centre Forward,Attack,26.0,1031.0,49.6,49.4,49.7,42.9
1525150,25652,3588.0,T. Zimmerschied,Germany,Elversberg,Germany 2 - 2. Bundesliga,Left Wing,Attack,26.0,2769.0,54.1,53.1,52.4,47.5
222272,25682,286.0,T. da Silva,Brazil,Gençlerbirliği,Türkiye 1 - Super Lig,Centre Back,Defence,27.0,2528.0,48.5,47.2,49.2,46.0
37400390,25597,2345.0,T. de Jonge,Netherlands,FC Groningen,Netherlands 1 - Eredivisie,Central Midfield,Midfield,22.0,2142.0,48.8,49.0,49.0,47.1
37736209,25637,2755.0,T. den Boggende,Netherlands,Jong FC Utrecht,Netherlands 2 - Eerste Divisie,Centre Forward,Attack,19.0,1334.0,45.3,45.2,45.0,47.0
37663893,25597,2345.0,T. van Bergen,Netherlands,FC Groningen,Netherlands 1 - Eredivisie,Centre Forward,Attack,21.0,3009.0,49.4,49.4,49.6,52.3
37630829,25597,1403.0,T. van Gilst,Netherlands,Heracles Almelo,Netherlands 1 - Eredivisie,Attacking Midfield,Midfield,22.0,1262.0,45.2,44.0,45.6,48.4
21772891,25637,2385.0,T. van Grunsven,Netherlands,FC Den Bosch,Netherlands 2 - Eerste Divisie,Centre Back,Defence,25.0,2152.0,49.8,49.9,49.0,56.3
37529954,25637,2385.0,T. van Leeuwen,Netherlands,FC Den Bosch,Netherlands 2 - Eerste Divisie,Central Midfield,Midfield,24.0,2603.0,49.2,49.2,50.0,42.3
21412995,25597,593.0,T. van den Belt,Netherlands,FC Twente,Netherlands 1 - Eredivisie,Defensive Midfield,Midfield,24.0,2204.0,48.7,47.8,48.7,50.9
38201949,25637,814.0,T. van der Leij,Netherlands,RKC Waalwijk,Netherlands 2 - Eerste Divisie,Centre Forward,Attack,19.0,1265.0,56.3,55.7,57.3,52.4
40570,25682,3224.0,T. İlter,Azerbaijan,Eyüpspor,Türkiye 1 - Super Lig,Defensive Midfield,Midfield,31.0,1082.0,50.0,50.2,51.7,46.9
29313293,25759,57.0,Tetê,Brazil,Panathinaikos,Greece 1 - Super League,Right Wing,Attack,25.0,1128.0,52.3,52.0,52.3,44.8
37591021,25673,9656.0,U. Agote Aranburu,Spain,Real Sociedad II,Spain 2 - La Liga 2,Left Back,Defence,22.0,1385.0,52.6,53.3,53.0,63.9
539800,25607,13775.0,U. Bislimi,Switzerland,Lugano,Switzerland 1 - Super League,Central Midfield,Midfield,25.0,2877.0,52.8,52.4,51.4,45.8
101962,25682,3224.0,U. Bozok,Türkiye,Eyüpspor,Türkiye 1 - Super Lig,Centre Forward,Attack,28.0,2101.0,51.0,51.4,50.9,48.7
37664165,25607,389.0,U. Emmanuel,Nigeria,Zürich,Switzerland 1 - Super League,Left Wing,Attack,20.0,1228.0,49.9,49.8,49.1,48.3
37722751,25567,6318.0,U. Filipović,Serbia,Radnik Surdulica,Serbia 1 - Super Liga,Left Back,Defence,18.0,1590.0,48.9,48.8,47.8,51.1
9611525,25649,150.0,U. Godwin-Malife,England,Burton Albion,England 3 - League One,Centre Back,Defence,25.0,3241.0,50.5,51.0,47.4,46.1
3862465,25682,3702.0,U. Güneş,Türkiye,İstanbul Başakşehir,Türkiye 1 - Super Lig,Central Midfield,Midfield,25.0,2015.0,50.3,49.9,49.3,47.6
320795,25682,347.0,U. Hwang,South Korea,Alanyaspor,Türkiye 1 - Super Lig,Attacking Midfield,Midfield,32.0,2473.0,51.4,49.0,50.4,40.1
36062711,25567,5421.0,U. Ignjatović,Serbia,Napredak,Serbia 1 - Super Liga,Right Back,Defence,24.0,1864.0,51.5,50.8,50.1,54.1
18592028,25599,35.0,U. Iwu,Nigeria,Rubin Kazan,Russia 1 - Premier League,Defensive Midfield,Midfield,25.0,1252.0,49.4,49.2,48.4,49.1
37545689,25567,3674.0,U. Kabić,Serbia,OFK Beograd,Serbia 1 - Super Liga,Right Wing,Attack,21.0,1132.0,49.8,50.3,50.0,52.1
179049,25567,230490.0,U. Ljubomirac,Serbia,Mladost Lučani,Serbia 1 - Super Liga,Right Wing,Attack,35.0,1972.0,43.5,44.4,44.0,52.9
37634930,25567,6662.0,U. Miladinović,Serbia,Čukarički,Serbia 1 - Super Liga,Left Wing,Attack,21.0,2456.0,46.6,47.3,47.4,49.8
37788209,25682,347.0,U. Ogundu,Nigeria,Alanyaspor,Türkiye 1 - Super Lig,Centre Forward,Attack,19.0,986.0,47.7,47.7,47.3,53.0
1068598,25759,9848.0,U. Račić,Serbia,Aris,Greece 1 - Super League,Defensive Midfield,Midfield,27.0,2473.0,49.4,49.4,49.7,54.6
37632376,25567,230490.0,U. Sremčević,Serbia,Mladost Lučani,Serbia 1 - Super Liga,Centre Forward,Attack,19.0,941.0,45.7,45.8,45.5,54.8
463957,25567,3674.0,U. Stojanović,Serbia,OFK Beograd,Serbia 1 - Super Liga,Left Back,Defence,29.0,2170.0,48.5,47.6,46.2,57.1
37671350,25567,28029.0,U. Tegeltija,Serbia,Železničar Pančevo,Serbia 1 - Super Liga,Right Back,Defence,19.0,1332.0,47.6,49.2,48.2,48.3
62249,25567,3001.0,U. Vitas,Serbia,Radnički Niš,Serbia 1 - Super Liga,Centre Back,Defence,33.0,1713.0,50.8,51.7,49.7,47.9
450488,25682,2632.0,U. Yazğılı,Türkiye,Konyaspor,Türkiye 1 - Super Lig,Centre Back,Defence,26.0,2005.0,51.7,51.8,53.0,52.4
37714017,25673,6968.0,U. del Cura Urra,Spain,Mirandés,Spain 2 - La Liga 2,Centre Forward,Attack,20.0,959.0,52.3,52.6,52.4,47.4
37908101,25637,669.0,U. van Aalst,Netherlands,Willem II,Netherlands 2 - Eerste Divisie,Attacking Midfield,Midfield,18.0,2125.0,48.1,47.5,48.0,46.6
37612250,25567,3471.0,U. Čejić,Serbia,Spartak Subotica,Serbia 1 - Super Liga,Right Wing,Attack,21.0,1100.0,44.5,45.2,44.2,54.1
37548112,25599,11364.0,V. Aleksandrov,Russia,FK Nizjni Novgorod,Russia 1 - Premier League,Centre Back,Defence,23.0,1330.0,44.0,43.0,44.5,49.4
37624150,25652,67.0,V. Becker,Germany,Schalke 04,Germany 2 - 2. Bundesliga,Left Back,Defence,20.0,1551.0,50.3,50.0,51.1,50.3
37598113,25735,261624.0,V. Beniangba,Nigeria,Jong KRC Genk U23,Belgium 2 - Challenger Pro League,Centre Forward,Attack,22.0,1818.0,48.1,48.1,47.6,51.9
4536511,25637,2475.0,V. Besuijen,Netherlands,FC Emmen,Netherlands 2 - Eerste Divisie,Right Wing,Attack,24.0,1005.0,47.2,47.1,46.9,51.1
51091,25535,349.0,V. Bichakhchyan,Armenia,Legia Warszawa,Poland 1 - Ekstraklasa,Attacking Midfield,Midfield,26.0,1185.0,49.0,48.7,50.6,51.3
2510860,25591,2727.0,V. Birmančević,Serbia,Sparta Praha,Czech Republic 1 - Chance Liga,Left Wing,Attack,27.0,1254.0,48.8,49.3,49.0,49.2
37514223,25567,6318.0,V. Bogdanović,Serbia,Radnik Surdulica,Serbia 1 - Super Liga,Centre Forward,Attack,22.0,1510.0,50.2,50.4,50.1,49.1
540601,25735,1272.0,V. Boone,Belgium,SK Beveren,Belgium 2 - Challenger Pro League,Centre Back,Defence,27.0,2170.0,52.8,53.2,54.8,50.0
533182,25648,122.0,V. Borges dos Santos Neto,Brazil,Bristol City,England 2 - Championship,Left Back,Defence,28.0,2725.0,52.6,53.2,52.6,61.2
460601,25584,7920.0,V. Bubanja,Montenegro,Osijek,Croatia 1 - 1. HNL,Defensive Midfield,Midfield,26.0,1256.0,45.8,45.6,43.8,56.2
37599084,25658,1461.0,V. Burlet,Belgium,Boulogne,France 2 - Ligue 2,Left Back,Defence,19.0,1234.0,45.7,46.7,46.5,47.6
37629799,25536,939.0,V. Byskov Andreasen,Denmark,FC Midtjylland,Denmark 1 - Superliga,Central Midfield,Midfield,20.0,1096.0,56.1,55.9,55.8,52.9
222260,25745,884.0,V. Carvalho Vieira,Brazil,Sporting Braga,Portugal 1 - Liga Portugal,Defensive Midfield,Midfield,28.0,1063.0,52.4,52.1,55.5,56.4
37597229,25601,2798.0,V. Chyla,Slovakia,Podbrezová,Slovakia 1 - Niké Liga,Central Midfield,Midfield,21.0,1749.0,45.2,45.1,45.2,56.9
172250,25536,85.0,V. Claesson,Sweden,FC København,Denmark 1 - Superliga,Centre Forward,Attack,33.0,1334.0,52.7,52.7,52.5,53.3
165464,25641,8474.0,V. Costache,Romania,UTA Arad,Romania 1 - Superliga,Right Midfield,Midfield,26.0,2147.0,45.4,46.2,44.9,43.9
38723,25641,3444.0,V. Crețu,Romania,FCSB,Romania 1 - Superliga,Right Back,Defence,36.0,2055.0,50.3,49.4,50.0,49.6
37288992,25735,227972.0,V. Daguin,France,Koninklijke Lierse Sportkring,Belgium 2 - Challenger Pro League,Defensive Midfield,Midfield,25.0,2290.0,47.1,47.2,50.8,52.6
146530,25662,229320.0,V. Damaşcan,Moldova,Maccabi Bnei Raina,Israel 1 - Ligat ha'Al,Centre Forward,Attack,26.0,1204.0,47.9,48.4,47.9,44.9
79626,25591,234.0,V. Daníček,Czech Republic,Slovácko,Czech Republic 1 - Chance Liga,Defensive Midfield,Midfield,34.0,1771.0,45.0,45.0,46.2,45.5
32048,25591,3552.0,V. Darida,Czech Republic,Hradec Králové,Czech Republic 1 - Chance Liga,Central Midfield,Midfield,34.0,2775.0,52.0,51.9,51.8,55.3
181085,25759,7261.0,V. De Marco Morlacchi,Slovakia,Panserraikos,Greece 1 - Super League,Centre Back,Defence,32.0,2306.0,49.4,49.8,51.5,39.0
37648765,25735,227972.0,V. De Vos,Belgium,Koninklijke Lierse Sportkring,Belgium 2 - Challenger Pro League,Right Back,Defence,22.0,1086.0,43.7,44.7,45.6,52.1
538437,25653,3949.0,V. Demaku,Austria,Rheindorf Altach,Austria 1 - Admiral Bundesliga,Defensive Midfield,Midfield,25.0,1705.0,48.4,48.4,47.6,45.6
37265961,25641,134619.0,V. Dican,Romania,Farul Constanța,Romania 1 - Superliga,Defensive Midfield,Midfield,24.0,2211.0,44.7,44.9,45.7,52.8
37722752,25567,2736.0,V. Dragojević,Serbia,Partizan,Serbia 1 - Super Liga,Defensive Midfield,Midfield,19.0,2646.0,51.5,51.5,53.6,49.9
538647,25591,2488.0,V. Drchal,Czech Republic,Bohemians 1905,Czech Republic 1 - Chance Liga,Centre Forward,Attack,25.0,1684.0,44.0,44.1,44.1,47.3
21413492,25599,2963.0,V. Drkušić,Slovenia,Zenit,Russia 1 - Premier League,Centre Back,Defence,25.0,1629.0,54.1,54.3,54.1,54.0
37537143,25759,7261.0,V. Feltes,Brazil,Panserraikos,Greece 1 - Super League,Centre Back,Defence,25.0,2314.0,53.2,53.0,55.2,42.0
22126606,25673,3968.0,V. Fernández Estrada,Spain,Real Zaragoza,Spain 2 - La Liga 2,Right Wing,Attack,25.0,977.0,45.2,45.8,45.7,47.9
23738932,25535,3191.0,V. Fortes Lopes,Portugal,Radomiak Radom,Poland 1 - Ekstraklasa,Right Wing,Attack,25.0,1574.0,51.1,51.3,50.0,51.1
37652792,25745,652.0,V. Froholdt,Denmark,Porto,Portugal 1 - Liga Portugal,Central Midfield,Midfield,19.0,2875.0,54.5,54.3,54.9,51.2
160404,25673,11354.0,V. García Hernández,Venezuela,Cultural Leonesa,Spain 2 - La Liga 2,Right Back,Defence,31.0,2441.0,48.5,47.7,47.0,53.8
189276,25673,126.0,V. García Marín,Spain,Málaga,Spain 2 - La Liga 2,Left Back,Defence,31.0,1330.0,51.2,49.7,49.5,47.2
165872,25641,132584.0,V. Gheorghe,Romania,Petrolul 52,Romania 1 - Superliga,Left Wing,Attack,28.0,951.0,48.5,48.2,48.1,42.8
165603,25652,2554.0,V. Ghiţă,Romania,Hannover 96,Germany 2 - 2. Bundesliga,Centre Back,Defence,27.0,2232.0,57.0,58.5,54.7,55.1
24817169,25759,134582.0,V. Grosdis,Greece,Volos NFC,Greece 1 - Super League,Central Midfield,Midfield,23.0,959.0,48.3,47.9,48.1,50.4
538739,25599,11364.0,V. Grulev,Russia,FK Nizjni Novgorod,Russia 1 - Premier League,Left Wing,Attack,26.0,915.0,46.2,46.8,47.2,48.0
137081,25535,1228.0,V. Gutkovskis,Latvia,Arka Gdynia,Poland 1 - Ekstraklasa,Centre Forward,Attack,30.0,1029.0,47.8,47.6,47.8,56.8
532359,25745,884.0,V. Gómez Perea,Spain,Sporting Braga,Portugal 1 - Liga Portugal,Right Back,Defence,25.0,2479.0,56.4,55.2,54.9,48.8
1548435,25641,8132.0,V. Hamdiju,Kosovo,Unirea Slobozia,Romania 1 - Superliga,Defensive Midfield,Midfield,27.0,1483.0,45.7,45.8,48.5,45.8
85269,25636,1276.0,V. Hammershøj-Mistrati,Denmark,B 93,Denmark 2 - First Division,Central Midfield,Midfield,33.0,1850.0,47.9,48.1,47.5,46.6
24838196,25599,35.0,V. Hodža,Croatia,Rubin Kazan,Russia 1 - Premier League,Defensive Midfield,Midfield,22.0,2008.0,48.9,48.8,46.2,48.7
20355501,25567,3001.0,V. Ilić,Serbia,Radnički Niš,Serbia 1 - Super Liga,Right Wing,Attack,26.0,1312.0,47.4,47.5,47.8,48.7
1690,25600,328.0,V. Janssen,Netherlands,Antwerp,Belgium 1 - Pro League,Centre Forward,Attack,31.0,3089.0,52.5,52.9,52.3,49.5
82172,25591,3545.0,V. Jemelka,Czech Republic,Viktoria Plzeň,Czech Republic 1 - Chance Liga,Centre Back,Defence,30.0,1768.0,52.9,53.0,53.4,61.1
37325005,25536,7466.0,V. Jensen,Denmark,Vejle Boldklub,Denmark 1 - Superliga,Centre Back,Defence,22.0,1432.0,50.1,50.7,49.5,52.1
37325006,25536,939.0,V. Jensen,Denmark,FC Midtjylland,Denmark 1 - Superliga,Left Back,Defence,21.0,2333.0,51.7,51.4,51.3,49.9
9636175,25566,506.0,V. Jovanov,Macedonia,Nyíregyháza Spartacus,Hungary 1 - NB I,Right Back,Defence,26.0,968.0,50.4,49.1,51.4,45.5
97724,25567,28023.0,V. Jovanović,Serbia,IMT Novi Beograd,Serbia 1 - Super Liga,Centre Back,Defence,29.0,1350.0,48.2,48.1,48.8,49.9
82370,25591,3269.0,V. Jurečka,Czech Republic,Baník Ostrava,Czech Republic 1 - Chance Liga,Centre Forward,Attack,31.0,1280.0,48.3,48.7,48.0,43.6
16488582,25584,4504.0,V. Koski,Finland,Istra 1961,Croatia 1 - 1. HNL,Centre Back,Defence,23.0,1506.0,47.9,48.1,48.7,47.5
37745035,25567,2673.0,V. Kostov,Serbia,Crvena Zvezda,Serbia 1 - Super Liga,Attacking Midfield,Midfield,17.0,2580.0,55.2,54.5,54.7,46.5
37336968,25567,28028.0,V. Krstić,Serbia,Bačka Topola,Serbia 1 - Super Liga,Centre Back,Defence,22.0,1639.0,51.4,51.9,50.9,50.2
37634775,25641,3599.0,V. Kun,Romania,CFR Cluj,Romania 1 - Superliga,Right Back,Defence,20.0,1192.0,46.3,47.2,47.5,52.2
3861378,25591,216.0,V. Kušej,Czech Republic,Slavia Praha,Czech Republic 1 - Chance Liga,Left Wing,Attack,25.0,1603.0,50.9,50.5,50.7,48.3
25568465,25599,5585.0,V. Litvinov,Russia,Sochi,Russia 1 - Premier League,Centre Back,Defence,24.0,1298.0,47.7,47.4,48.8,46.1
433446,25658,840.0,V. Lobry,France,Amiens SC,France 2 - Ligue 2,Attacking Midfield,Midfield,30.0,1117.0,49.5,49.0,49.0,46.9
29710712,25745,2628.0,V. Lopes da Silva,Brazil,Santa Clara,Portugal 1 - Liga Portugal,Right Wing,Attack,26.0,1540.0,52.0,52.8,53.6,54.4
37518852,25567,2673.0,V. Lučić,Serbia,Crvena Zvezda,Serbia 1 - Super Liga,Left Wing,Attack,23.0,1066.0,54.7,54.8,53.7,55.9
37769627,25636,6953.0,V. Løvgren Sørensen,Denmark,HB Køge,Denmark 2 - First Division,Centre Back,Defence,19.0,1273.0,48.5,47.0,48.4,53.1
37739152,25735,3117.0,V. Mabanza,Republic of the Congo,Patro Eisden Maasmechelen,Belgium 2 - Challenger Pro League,Centre Forward,Attack,24.0,967.0,47.4,47.9,47.7,64.4
37739152,25735,247549.0,V. Mabanza,Republic of the Congo,KSC Lokeren,Belgium 2 - Challenger Pro League,Centre Forward,Attack,24.0,964.0,48.7,48.5,49.7,56.2
130154,26164,445.0,V. Mantovani,Italy,Bari 1908,Italy 2 - Serie B,Centre Back,Defence,29.0,1229.0,50.5,51.0,48.1,49.7
37668276,25607,10655.0,V. Matoshi,Switzerland,Thun,Switzerland 1 - Super League,Left Midfield,Midfield,22.0,1616.0,49.5,49.3,48.6,46.0
37613944,25658,1281.0,V. Mayela,France,Dunkerque,France 2 - Ligue 2,Centre Back,Defence,21.0,1705.0,53.3,53.6,52.2,48.6
10647672,25567,28028.0,V. Mboungou,Republic of the Congo,Bačka Topola,Serbia 1 - Super Liga,Left Wing,Attack,25.0,1000.0,44.3,44.3,44.1,52.2
37577656,25599,6564.0,V. Melekhin,Russia,Rostov,Russia 1 - Premier League,Centre Back,Defence,21.0,2380.0,55.1,56.0,56.1,55.1
32405545,25673,361.0,V. Meseguer Cavas,Spain,Real Valladolid,Spain 2 - La Liga 2,Central Midfield,Midfield,26.0,1611.0,50.9,51.2,51.3,56.9
6013442,25682,1041.0,V. Mihăilă,Romania,Rizespor,Türkiye 1 - Super Lig,Left Wing,Attack,25.0,1304.0,50.8,50.6,51.0,46.4
37326502,25567,5421.0,V. Miletić,Serbia,Napredak,Serbia 1 - Super Liga,Defensive Midfield,Midfield,22.0,1735.0,46.0,46.4,44.5,52.1
37600648,25567,5634.0,V. Mirosavic,Serbia,Novi Pazar,Serbia 1 - Super Liga,Left Back,Defence,20.0,1324.0,48.0,48.3,48.8,45.1
133170,25641,11676.0,V. Mogoș,Romania,Universitatea Craiova,Romania 1 - Superliga,Centre Back,Defence,32.0,1002.0,48.9,48.9,47.5,49.8
33992004,25636,8630.0,V. Morozov,Belarus,Kolding IF,Denmark 2 - First Division,Centre Forward,Attack,24.0,1428.0,50.5,50.4,50.9,48.1
142392,25600,355.0,V. Musliu,Macedonia,Sint-Truiden,Belgium 1 - Pro League,Centre Back,Defence,30.0,2519.0,54.0,54.8,55.7,60.9
37746870,25636,1020.0,V. Møller Damgaard,Denmark,Aalborg BK,Denmark 2 - First Division,Central Midfield,Midfield,18.0,1419.0,48.3,48.1,48.3,41.1
52813,25653,4080.0,V. Müller,Austria,WSG Tirol,Austria 1 - Admiral Bundesliga,Defensive Midfield,Midfield,26.0,2790.0,48.2,47.0,48.9,45.5
37783485,25567,28023.0,V. Novičić,Serbia,IMT Novi Beograd,Serbia 1 - Super Liga,Defensive Midfield,Midfield,17.0,2860.0,49.0,49.0,45.8,43.5
37647137,25662,5897.0,V. Ochayi,Nigeria,Ashdod,Israel 1 - Ligat ha'Al,Defensive Midfield,Midfield,23.0,932.0,46.4,46.4,46.5,47.9
455805,25682,34.0,V. Osimhen,Nigeria,Galatasaray,Türkiye 1 - Super Lig,Centre Forward,Attack,26.0,1724.0,58.8,59.0,59.1,55.7
37760730,25735,234702.0,V. Osuji,Sweden,Club NXT U23,Belgium 2 - Challenger Pro League,Centre Back,Defence,19.0,1855.0,49.1,48.8,51.6,51.4
36265,25745,605.0,V. Pavlidis,Greece,Benfica,Portugal 1 - Liga Portugal,Centre Forward,Attack,26.0,2678.0,57.6,57.3,58.3,52.0
37561821,25601,227584.0,V. Perišić,Montenegro,FK Košice,Slovakia 1 - Niké Liga,Centre Forward,Attack,20.0,1298.0,47.0,47.0,47.1,47.2
32020,25591,3552.0,V. Pilař,Czech Republic,Hradec Králové,Czech Republic 1 - Chance Liga,Left Midfield,Midfield,36.0,1250.0,50.7,50.6,49.5,47.5
37704804,25599,237672.0,V. Pinto Domingos,Angola,Dynamo Makhachkala,Russia 1 - Premier League,Centre Forward,Attack,22.0,921.0,46.6,46.5,46.9,51.8
37923324,25637,2755.0,V. Plantinga,Netherlands,Jong FC Utrecht,Netherlands 2 - Eerste Divisie,Left Back,Defence,18.0,1709.0,48.7,49.0,48.8,52.9
37308633,25641,8132.0,V. Pop,Romania,Unirea Slobozia,Romania 1 - Superliga,Central Midfield,Midfield,24.0,1863.0,46.8,46.8,47.2,50.9
13647180,25567,28023.0,V. Radočaj,Serbia,IMT Novi Beograd,Serbia 1 - Super Liga,Right Wing,Attack,26.0,1035.0,47.2,46.8,45.6,53.5
37527341,25636,1703.0,V. Rasmussen,Denmark,Hobro,Denmark 2 - First Division,Left Wing,Attack,23.0,1157.0,46.7,47.3,45.7,48.9
145531,25641,10266.0,V. Raţă,Moldova,Argeş,Romania 1 - Superliga,Central Midfield,Midfield,32.0,2527.0,45.1,45.2,45.6,44.7
37646456,25636,22608.0,V. Rosendahl Dedes,Denmark,Hillerød,Denmark 2 - First Division,Left Back,Defence,22.0,1277.0,44.8,45.1,45.5,43.1
37582788,25584,4504.0,V. Rozić,Bosnia and Herzegovina,Istra 1961,Croatia 1 - 1. HNL,Left Wing,Attack,22.0,1574.0,47.0,47.0,47.4,48.3
200671,25682,81.0,V. Sarı,Türkiye,Antalyaspor,Türkiye 1 - Super Lig,Centre Back,Defence,37.0,1926.0,49.6,50.2,48.1,49.4
2918,25658,1281.0,V. Sasso,France,Dunkerque,France 2 - Ligue 2,Centre Back,Defence,34.0,2204.0,51.6,51.2,52.0,52.7
37592714,25599,6067.0,V. Saus,Russia,Baltika Kaliningrad,Russia 1 - Premier League,Right Midfield,Midfield,21.0,1530.0,50.4,51.2,50.5,52.3
177645,25567,2945.0,V. Savićević,Montenegro,Vojvodina,Serbia 1 - Super Liga,Central Midfield,Midfield,31.0,1947.0,54.7,55.5,54.5,53.4
165553,25641,11676.0,V. Screciu,Romania,Universitatea Craiova,Romania 1 - Superliga,Centre Back,Defence,25.0,2827.0,51.7,52.0,54.5,50.8
96734,25641,12619.0,V. Selimovic,Luxembourg,Hermannstadt,Romania 1 - Superliga,Centre Back,Defence,28.0,1137.0,51.2,52.8,51.5,42.0
89038,25591,2488.0,V. Sinyavskiy,Estonia,Bohemians 1905,Czech Republic 1 - Chance Liga,Left Back,Defence,28.0,1680.0,51.5,54.1,54.9,51.0
81662,25591,2488.0,V. Smrž,Czech Republic,Bohemians 1905,Czech Republic 1 - Chance Liga,Central Midfield,Midfield,28.0,1099.0,47.8,48.3,48.8,52.7
24817174,25759,1089.0,V. Sourlis,Greece,Larissa,Greece 1 - Super League,Central Midfield,Midfield,22.0,1059.0,45.5,45.7,45.5,58.1
37500741,25591,463.0,V. Stransky,Czech Republic,Slovan Liberec,Czech Republic 1 - Chance Liga,Central Midfield,Midfield,22.0,2638.0,49.1,49.6,49.6,53.8
104767,25591,3643.0,V. Tchanturishvili,Georgia,Jablonec,Czech Republic 1 - Chance Liga,Left Midfield,Midfield,31.0,2802.0,47.0,49.0,47.4,47.7
460199,25599,2645.0,V. Tormena de Farias,Brazil,Krasnodar,Russia 1 - Premier League,Centre Back,Defence,29.0,2370.0,54.0,54.8,53.7,52.5
537721,25648,117.0,V. Torp Overgaard,Denmark,Coventry City,England 2 - Championship,Central Midfield,Midfield,26.0,2330.0,56.9,56.6,56.8,54.4
30841552,25673,3169.0,V. Valverde da Silva,Spain,Albacete,Spain 2 - La Liga 2,Right Wing,Attack,23.0,1055.0,50.2,50.7,50.8,54.8
25610,25652,1077.0,V. Vermeij,Netherlands,Dynamo Dresden,Germany 2 - 2. Bundesliga,Centre Forward,Attack,30.0,1668.0,51.2,50.9,51.1,56.8
37690872,25607,3091.0,V. Villiger,Switzerland,Luzern,Switzerland 1 - Super League,Centre Forward,Attack,22.0,1161.0,51.4,51.6,51.1,55.3
37546932,26164,345.0,V. Vlahović,Serbia,Spezia,Italy 2 - Serie B,Centre Forward,Attack,21.0,970.0,50.0,50.6,49.5,39.7
3638,25601,2417.0,V. Weiss,Slovakia,Slovan Bratislava,Slovakia 1 - Niké Liga,Left Wing,Attack,35.0,1367.0,48.1,49.0,47.9,56.7
37694115,25536,86.0,V. Westh,Denmark,Silkeborg IF,Denmark 1 - Superliga,Central Midfield,Midfield,21.0,1283.0,51.7,52.0,51.9,59.3
37675278,25649,54.0,V. Yoganathan,Sri Lanka,Barnsley,England 3 - League One,Central Midfield,Midfield,19.0,1639.0,46.0,46.6,46.8,62.4
37253373,25597,1053.0,V. Zagaritis,Greece,SC Heerenveen,Netherlands 1 - Eredivisie,Left Back,Defence,24.0,2906.0,50.7,50.9,50.1,59.4
24817496,25637,94.0,V. Zumberi,Kosovo,Vitesse,Netherlands 2 - Eerste Divisie,Centre Back,Defence,22.0,2994.0,46.6,45.9,47.8,44.1
37912266,25735,8307.0,V. de Melo Moura,Brazil,RWDM Brussels,Belgium 2 - Challenger Pro League,Defensive Midfield,Midfield,18.0,1456.0,49.0,48.6,50.0,44.5
37656051,25584,7391.0,V. Čaić,Croatia,Vukovar,Croatia 1 - 1. HNL,Defensive Midfield,Midfield,20.0,1813.0,44.9,45.1,44.6,46.8
25709,25682,554.0,V. Černý,Czech Republic,Beşiktaş,Türkiye 1 - Super Lig,Right Wing,Attack,27.0,2008.0,56.0,55.3,55.4,43.1
37549063,25601,662.0,V. Đukanović,Montenegro,Dunajská Streda,Slovakia 1 - Niké Liga,Left Wing,Attack,21.0,1258.0,49.9,50.0,52.4,41.3
37589980,25567,2736.0,V. Đurđević,Serbia,Partizan,Serbia 1 - Super Liga,Centre Back,Defence,21.0,1497.0,54.5,54.2,54.4,55.9
14358017,25598,282.0,V. Ševelj,Croatia,Dundee United,Scotland 1 - Premiership,Defensive Midfield,Midfield,24.0,2560.0,51.6,52.1,50.1,50.1
9843,25649,17.0,W. Aimson,England,Wigan Athletic,England 3 - League One,Centre Back,Defence,31.0,3842.0,48.6,49.7,47.1,52.6
32012826,25662,6961.0,W. Alli,Nigeria,Ironi Kiryat Shmona,Israel 1 - Ligat ha'Al,Left Wing,Attack,24.0,1465.0,44.9,45.0,44.5,47.1
37590627,25735,277379.0,W. Asselman,Belgium,Jong Gent,Belgium 2 - Challenger Pro League,Defensive Midfield,Midfield,20.0,1864.0,56.4,57.4,57.8,54.5
237176,25599,2963.0,W. Barrios Terán,Colombia,Zenit,Russia 1 - Premier League,Defensive Midfield,Midfield,31.0,2558.0,53.3,53.7,51.8,54.9
529397,25658,1112.0,W. Bianda,France,Laval,France 2 - Ligue 2,Centre Back,Defence,25.0,2386.0,49.2,49.7,47.9,42.0
22536024,25658,3520.0,W. Bouabdelli,France,Nancy,France 2 - Ligue 2,Attacking Midfield,Midfield,25.0,2493.0,46.4,47.9,46.2,53.9
37722934,25637,3115.0,W. Bouziane,Netherlands,Jong AZ,Netherlands 2 - Eerste Divisie,Left Wing,Attack,18.0,1307.0,52.1,51.8,51.8,48.3
37586867,25682,688.0,W. Cardoso Pina,Cape Verde,Trabzonspor,Türkiye 1 - Super Lig,Right Back,Defence,22.0,2444.0,53.9,53.4,54.7,53.0
37609216,25536,85.0,W. Clem,Denmark,FC København,Denmark 1 - Superliga,Defensive Midfield,Midfield,21.0,1234.0,56.7,57.2,55.3,59.8
37337090,25637,1731.0,W. Coomans,Belgium,MVV Maastricht,Netherlands 2 - Eerste Divisie,Centre Back,Defence,23.0,2502.0,50.8,51.4,50.4,41.8
25577,25536,2356.0,W. Dammers,Netherlands,Randers FC,Denmark 1 - Superliga,Centre Back,Defence,30.0,2836.0,56.6,58.0,60.1,49.8
37326494,25735,227972.0,W. Debuyser,Belgium,Koninklijke Lierse Sportkring,Belgium 2 - Challenger Pro League,Left Back,Defence,24.0,1553.0,41.4,42.7,44.7,47.9
13991365,25535,3260.0,W. Długosz,Poland,Korona Kielce,Poland 1 - Ekstraklasa,Right Midfield,Midfield,25.0,2068.0,51.5,49.2,52.2,46.3
210930,25649,225.0,W. Evans,Wales,Mansfield Town,England 3 - League One,Centre Forward,Attack,28.0,3283.0,45.1,44.9,44.8,48.5
1494531,25600,6722.0,W. Faye,Senegal,La Louvière,Belgium 1 - Pro League,Centre Back,Defence,31.0,2304.0,50.9,50.9,49.3,53.1
455498,25598,282.0,W. Ferry,Republic of Ireland,Dundee United,Scotland 1 - Premiership,Left Midfield,Midfield,24.0,2886.0,51.4,54.2,52.5,54.5
27422645,25649,69.0,W. Fish,England,Cardiff City,England 3 - League One,Centre Back,Defence,22.0,2629.0,56.1,57.8,55.1,53.9
14328975,25649,294.0,W. Forrester,England,Leyton Orient,England 3 - League One,Centre Back,Defence,24.0,1426.0,45.4,44.0,45.7,57.7
32819214,25600,1947.0,W. George,Belgium,OH Leuven,Belgium 1 - Pro League,Central Midfield,Midfield,23.0,1180.0,50.4,50.4,50.6,54.4
37652789,25636,22608.0,W. Glindtvad,Denmark,Hillerød,Denmark 2 - First Division,Centre Back,Defence,18.0,2049.0,48.5,48.3,48.0,56.1
37597888,25597,61.0,W. Goes,Netherlands,AZ,Netherlands 1 - Eredivisie,Centre Back,Defence,21.0,2751.0,55.9,56.8,55.0,49.4
25687,25566,2566.0,W. Golla,Poland,Puskás,Hungary 1 - NB I,Centre Back,Defence,33.0,2546.0,48.1,47.9,50.5,53.0
37729902,25745,652.0,W. Gomes Carvalho Santos,Brazil,Porto,Portugal 1 - Liga Portugal,Right Wing,Attack,19.0,1164.0,55.6,55.8,57.4,57.6
3876693,25662,6810.0,W. Habiballa,Israel,Ironi Tiberias,Israel 1 - Ligat ha'Al,Right Wing,Attack,27.0,1559.0,47.3,47.5,48.4,55.8
20506,25649,110.0,W. Harding,Jamaica,Plymouth Argyle,England 3 - League One,Centre Back,Defence,28.0,1109.0,49.1,49.5,45.6,46.8
37624330,25637,2755.0,W. Kooy,Netherlands,Jong FC Utrecht,Netherlands 2 - Eerste Divisie,Centre Back,Defence,20.0,2707.0,49.4,49.5,49.9,48.1
37688197,25637,2971.0,W. Kuhn,Netherlands,Jong PSV,Netherlands 2 - Eerste Divisie,Centre Back,Defence,18.0,1493.0,56.4,56.9,54.2,45.9
37565524,25648,297.0,W. Lankshear,England,Oxford United,England 2 - Championship,Centre Forward,Attack,20.0,2882.0,50.2,50.3,49.9,46.0
37550754,25536,2933.0,W. Madsen,Denmark,Fredericia,Denmark 1 - Superliga,Attacking Midfield,Midfield,23.0,963.0,49.6,48.8,48.5,55.4
37704328,25535,302.0,W. Mońka,Poland,Lech Poznań,Poland 1 - Ekstraklasa,Centre Back,Defence,18.0,1710.0,53.5,54.3,50.6,50.2
37531058,25636,1276.0,W. Nilsson,Sweden,B 93,Denmark 2 - First Division,Centre Back,Defence,27.0,1119.0,47.9,48.7,47.8,48.2
37632496,25535,2778.0,W. Nowak,Poland,Wisła Płock,Poland 1 - Ekstraklasa,Attacking Midfield,Midfield,20.0,2603.0,44.6,42.9,46.3,55.1
123099,25598,66.0,W. O'Hora,Republic of Ireland,Hibernian,Scotland 1 - Premiership,Centre Back,Defence,26.0,2473.0,49.4,49.8,47.7,52.9
21772850,25597,1403.0,W. Ould-Chikh,Netherlands,Heracles Almelo,Netherlands 1 - Eredivisie,Attacking Midfield,Midfield,25.0,1494.0,50.6,51.3,49.7,57.3
35671501,25600,1118.0,W. Paugain,Haiti,Zulte-Waregem,Belgium 1 - Pro League,Right Back,Defence,23.0,1282.0,50.9,51.2,50.5,58.4
37593371,25597,61.0,W. Pinto Batista,Brazil,AZ,Netherlands 1 - Eredivisie,Right Wing,Attack,21.0,1451.0,52.4,52.6,52.9,61.7
160099,25745,7035.0,W. Quembo,Mozambique,Nacional,Portugal 1 - Liga Portugal,Left Wing,Attack,28.0,937.0,50.2,49.9,49.4,51.6
37592026,25636,1371.0,W. Renecke,South Africa,Esbjerg,Denmark 2 - First Division,Centre Back,Defence,19.0,912.0,51.4,53.0,52.6,52.2
11353232,25567,5354.0,W. Sahli,Tunisia,Radnički Kragujevac,Serbia 1 - Super Liga,Attacking Midfield,Midfield,28.0,1745.0,52.3,53.0,50.5,58.2
31640130,25682,34.0,W. Singo,Ivory Coast,Galatasaray,Türkiye 1 - Super Lig,Right Back,Defence,24.0,948.0,54.6,54.4,53.3,70.1
37547554,25649,137.0,W. Swan,England,Bradford City,England 3 - League One,Centre Forward,Attack,24.0,1301.0,49.0,49.1,49.0,44.0
37288990,25652,2554.0,W. Taibi,France,Hannover 96,Germany 2 - 2. Bundesliga,Central Midfield,Midfield,23.0,1126.0,53.1,52.6,53.0,53.0
37721308,25735,234702.0,W. Verlinden,Belgium,Club NXT U23,Belgium 2 - Challenger Pro League,Centre Back,Defence,18.0,1303.0,48.8,48.8,48.8,43.1
25317,25597,629.0,W. Weghorst,Netherlands,Ajax,Netherlands 1 - Eredivisie,Centre Forward,Attack,33.0,1894.0,53.7,53.9,52.9,56.2
37530231,25658,9291.0,W. Younoussa,Cameroon,Rodez,France 2 - Ligue 2,Central Midfield,Midfield,23.0,1471.0,48.8,48.6,49.3,50.3
11298635,25745,2628.0,W. da Silva Costa,Brazil,Santa Clara,Portugal 1 - Liga Portugal,Centre Forward,Attack,25.0,916.0,47.8,48.4,46.9,45.8
37451258,25648,65.0,Welington,Brazil,Southampton,England 2 - Championship,Left Back,Defence,24.0,1005.0,56.2,55.9,54.9,60.7
8416554,25649,110.0,X. Amaechi,England,Plymouth Argyle,England 3 - League One,Right Wing,Attack,24.0,1005.0,54.2,54.8,53.8,62.0
16475844,25673,931.0,X. Egea,Spain,Córdoba,Spain 2 - La Liga 2,Centre Back,Defence,24.0,2078.0,48.7,48.6,49.7,53.7
11322430,25637,2360.0,X. Lambrix,Belgium,TOP Oss,Netherlands 2 - Eerste Divisie,Centre Back,Defence,25.0,1663.0,51.0,51.7,51.7,46.0
37666438,25601,5905.0,X. Mveng,Cameroon,Žilina,Slovakia 1 - Niké Liga,Central Midfield,Midfield,21.0,1915.0,48.3,49.9,50.0,54.0
1714,25607,468.0,X. Shaqiri,Switzerland,Basel,Switzerland 1 - Super League,Attacking Midfield,Midfield,33.0,2476.0,57.1,57.2,56.0,41.9
33186828,25649,16.0,X. Simons,England,Bolton Wanderers,England 3 - League One,Defensive Midfield,Midfield,22.0,2020.0,49.5,48.9,49.1,49.1
38202127,25600,328.0,Xander Dierckx,Belgium,Antwerp,Belgium 1 - Pro League,Central Midfield,Midfield,16.0,927.0,46.9,47.0,47.7,48.7
448326,25641,3599.0,Y. Abeid,Mauritania,CFR Cluj,Romania 1 - Superliga,Left Back,Defence,27.0,1530.0,49.3,49.0,48.0,53.0
5640825,25682,34.0,Y. Akgün,Türkiye,Galatasaray,Türkiye 1 - Super Lig,Right Wing,Attack,25.0,1835.0,57.3,56.7,56.1,51.1
96745,25682,643.0,Y. Aït Bennasser,Morocco,Kayserispor,Türkiye 1 - Super Lig,Defensive Midfield,Midfield,29.0,1476.0,50.6,50.7,52.6,47.0
37363315,25597,629.0,Y. Baas,Netherlands,Ajax,Netherlands 1 - Eredivisie,Centre Back,Defence,22.0,2945.0,55.6,55.9,55.3,52.2
30446988,25759,213.0,Y. Badji,Senegal,Panaitolikos,Greece 1 - Super League,Centre Forward,Attack,23.0,1033.0,46.6,47.1,45.6,62.2
21045799,25536,86.0,Y. Bakiz,Denmark,Silkeborg IF,Denmark 1 - Superliga,Attacking Midfield,Midfield,26.0,1418.0,50.0,49.9,48.9,47.3
11322446,25745,1198.0,Y. Begraoui,Morocco,Estoril,Portugal 1 - Liga Portugal,Centre Forward,Attack,24.0,2726.0,54.1,53.5,54.6,45.8
475579,25567,3471.0,Y. Bilingi,France,Spartak Subotica,Serbia 1 - Super Liga,Right Back,Defence,26.0,2421.0,45.1,45.2,44.8,50.4
96315,25673,12330.0,Y. Bodiger,France,Ceuta,Spain 2 - La Liga 2,Central Midfield,Midfield,30.0,1913.0,46.7,47.0,46.2,59.9
37717305,25536,1789.0,Y. Bojang,Gambia,Odense BK,Denmark 1 - Superliga,Centre Back,Defence,20.0,1216.0,51.5,52.0,52.3,58.1
460264,25652,3647.0,Y. Bouchama,Germany,Preußen Münster,Germany 2 - 2. Bundesliga,Central Midfield,Midfield,28.0,1689.0,49.9,49.6,49.7,51.9
37728208,25600,1118.0,Y. Cappelle,Belgium,Zulte-Waregem,Belgium 1 - Pro League,Left Back,Defence,21.0,2017.0,50.8,51.5,50.8,55.5
37526249,25597,750.0,Y. Cathline,France,FC Utrecht,Netherlands 1 - Eredivisie,Left Wing,Attack,23.0,2080.0,51.5,52.2,51.4,49.5
37686491,25735,8307.0,Y. Chaib,France,RWDM Brussels,Belgium 2 - Challenger Pro League,Left Back,Defence,20.0,1346.0,47.2,48.4,47.1,51.5
36074379,25607,13775.0,Y. Cimignani,France,Lugano,Switzerland 1 - Super League,Left Midfield,Midfield,23.0,2629.0,50.9,51.9,51.8,52.7
125934,25662,6900.0,Y. Cohen,Israel,Hapoel Petah Tikva,Israel 1 - Ligat ha'Al,Left Wing,Attack,29.0,1079.0,49.9,48.8,49.8,53.1
126191,25662,589.0,Y. Cohen,Israel,Beitar Jerusalem,Israel 1 - Ligat ha'Al,Left Back,Defence,28.0,2499.0,50.5,49.3,48.7,54.9
432706,25658,2919.0,Y. Demoncy,France,Guingamp,France 2 - Ligue 2,Central Midfield,Midfield,29.0,922.0,52.7,52.3,52.3,42.7
537388,25598,284.0,Y. Dhanda,England,Dundee,Scotland 1 - Premiership,Attacking Midfield,Midfield,26.0,2159.0,48.4,51.7,47.8,50.9
37296499,25658,1174.0,Y. Diaby,Guinea,Grenoble Foot 38,France 2 - Ligue 2,Centre Forward,Attack,25.0,2211.0,51.9,51.4,52.1,53.5
28044507,25673,6827.0,Y. Diarra,Mali,Cádiz,Spain 2 - La Liga 2,Central Midfield,Midfield,26.0,1579.0,47.8,47.9,48.1,46.9
20335204,25673,12330.0,Y. Didi,Morocco,Ceuta,Spain 2 - La Liga 2,Central Midfield,Midfield,26.0,2541.0,51.2,51.5,50.6,52.4
37685381,25652,3588.0,Y. Ebnoutalib,Germany,Elversberg,Germany 2 - 2. Bundesliga,Centre Forward,Attack,21.0,1262.0,54.1,53.7,54.4,45.1
186982,25682,88.0,Y. En-Nesyri,Morocco,Fenerbahçe,Türkiye 1 - Super Lig,Centre Forward,Attack,28.0,1008.0,54.2,53.5,54.3,48.7
37589700,25662,2495.0,Y. Ferber,Israel,Hapoel Haifa,Israel 1 - Ligat ha'Al,Attacking Midfield,Midfield,23.0,1390.0,50.0,49.1,49.6,51.1
37650696,25637,822.0,Y. Fereira Eduardo,Netherlands,FC Dordrecht,Netherlands 2 - Eerste Divisie,Centre Forward,Attack,19.0,1838.0,50.8,51.0,51.1,45.6
37540319,25599,2468.0,Y. Gladyshev,Russia,Dinamo Moskva,Russia 1 - Premier League,Right Wing,Attack,22.0,996.0,49.9,49.3,49.4,49.4
37643922,25735,1272.0,Y. Gomis,France,SK Beveren,Belgium 2 - Challenger Pro League,Centre Back,Defence,19.0,1132.0,54.2,54.6,54.5,48.4
37624127,25597,682.0,Y. Gąsiorowski Hernandis,Spain,PSV,Netherlands 1 - Eredivisie,Centre Back,Defence,20.0,2147.0,55.1,54.6,54.0,54.7
37551146,25673,429.0,Y. Hernández Cubas,Spain,Deportivo La Coruña,Spain 2 - La Liga 2,Left Wing,Attack,22.0,3018.0,55.1,55.2,55.4,54.0
37609137,25658,840.0,Y. Ikia Dimi,France,Amiens SC,France 2 - Ligue 2,Right Wing,Attack,20.0,1067.0,48.0,48.2,48.3,46.8
37668623,25658,581.0,Y. Issoufou,France,Montpellier,France 2 - Ligue 2,Left Wing,Attack,18.0,968.0,47.1,47.3,46.6,50.5
70214,25567,2736.0,Y. Karabelyov,Bulgaria,Partizan,Serbia 1 - Super Liga,Defensive Midfield,Midfield,29.0,1270.0,55.9,56.9,52.9,66.1
37595855,25662,3229.0,Y. Kay Laish,Israel,Hapoel Jerusalem,Israel 1 - Ligat ha'Al,Centre Back,Defence,21.0,2114.0,47.4,47.2,47.1,43.2
5666479,25535,890.0,Y. Kobayashi,Japan,Jagiellonia Białystok,Poland 1 - Ekstraklasa,Centre Back,Defence,25.0,1041.0,49.2,49.2,49.0,47.4
37582980,25599,11364.0,Y. Koledin,Russia,FK Nizjni Novgorod,Russia 1 - Premier League,Right Back,Defence,20.0,1436.0,50.8,50.9,50.7,51.4
12759174,25759,27943.0,Y. Larouci,Algeria,Kifisia,Greece 1 - Super League,Left Back,Defence,24.0,1662.0,49.1,50.0,49.3,52.3
37317432,25597,2396.0,Y. Leliendal,Netherlands,FC Volendam,Netherlands 1 - Eredivisie,Left Back,Defence,23.0,2746.0,49.2,49.7,48.7,58.4
37611872,25662,589.0,Y. Levi,Israel,Beitar Jerusalem,Israel 1 - Ligat ha'Al,Central Midfield,Midfield,20.0,1836.0,49.1,49.3,48.7,45.3
37414312,25637,822.0,Y. M'Bemba,France,FC Dordrecht,Netherlands 2 - Eerste Divisie,Centre Back,Defence,24.0,1564.0,47.7,46.5,48.5,51.6
4192249,25759,1089.0,Y. Macon,France,Larissa,Greece 1 - Super League,Right Back,Defence,26.0,1492.0,51.7,51.6,51.0,48.7
37584996,26164,1000.0,Y. Massolin,France,Modena,Italy 2 - Serie B,Attacking Midfield,Midfield,22.0,1731.0,54.7,56.3,56.0,52.3
17187255,25653,3949.0,Y. Massombo Litawumba,France,Rheindorf Altach,Austria 1 - Admiral Bundesliga,Right Wing,Attack,25.0,2499.0,46.7,47.0,46.1,44.4
97578,25600,1947.0,Y. Maziz,France,OH Leuven,Belgium 1 - Pro League,Attacking Midfield,Midfield,27.0,2097.0,53.9,54.4,53.0,49.6
37563897,25600,2709.0,Y. Medina Ortiz,Ecuador,Genk,Belgium 1 - Pro League,Left Back,Defence,20.0,1532.0,54.8,53.6,52.8,52.8
37646373,25662,6961.0,Y. Mordechai,Israel,Ironi Kiryat Shmona,Israel 1 - Ligat ha'Al,Left Wing,Attack,21.0,2253.0,50.4,50.8,50.8,43.5
37613453,25658,581.0,Y. Mouanga,France,Montpellier,France 2 - Ligue 2,Centre Back,Defence,20.0,1386.0,51.5,51.1,50.4,53.4
37266015,25536,85.0,Y. Moukoko,Germany,FC København,Denmark 1 - Superliga,Centre Forward,Attack,20.0,1252.0,57.9,57.5,58.8,51.1
37769567,25735,234702.0,Y. Musuayi,Belgium,Club NXT U23,Belgium 2 - Challenger Pro League,Centre Forward,Attack,18.0,1214.0,51.3,50.9,51.9,56.8
37607389,25658,3520.0,Y. Nahounou,France,Nancy,France 2 - Ligue 2,Centre Back,Defence,21.0,936.0,48.1,48.1,48.3,53.0
25123,25597,1016.0,Y. Namli,Denmark,PEC Zwolle,Netherlands 1 - Eredivisie,Right Wing,Attack,31.0,1057.0,55.3,55.7,54.1,47.6
10309769,25662,6963.0,Y. Nassar,Israel,Hapoel Tel Aviv,Israel 1 - Ligat ha'Al,Centre Back,Defence,28.0,916.0,50.1,48.2,48.4,42.1
21820095,25648,2.0,Y. Ohashi,Japan,Blackburn Rovers,England 2 - Championship,Centre Forward,Attack,29.0,3412.0,49.1,48.8,49.4,52.1
37530900,25600,6722.0,Y. Okou,France,La Louvière,Belgium 1 - Pro League,Centre Back,Defence,22.0,2710.0,49.6,50.1,52.2,50.7
162210,25648,2.0,Y. Oliveira Ribeiro,Portugal,Blackburn Rovers,England 2 - Championship,Left Back,Defence,28.0,1503.0,48.4,48.0,48.4,50.6
37766975,25636,211.0,Y. Ouorou,Benin,Horsens,Denmark 2 - First Division,Right Wing,Attack,19.0,1066.0,47.6,47.5,47.5,50.3
37587573,25598,62.0,Y. Ramalho Chermiti,Portugal,Rangers,Scotland 1 - Premiership,Centre Forward,Attack,21.0,1972.0,56.1,56.0,56.8,57.7
37317326,25597,629.0,Y. Regeer,Netherlands,Ajax,Netherlands 1 - Eredivisie,Defensive Midfield,Midfield,21.0,1809.0,52.6,52.1,52.3,61.2
362192,25641,132584.0,Y. Roche,Benin,Petrolul 52,Romania 1 - Superliga,Centre Back,Defence,28.0,2790.0,48.4,48.5,50.6,44.7
22168837,25662,4136.0,Y. Sadeh,Israel,Maccabi Netanya,Israel 1 - Ligat ha'Al,Defensive Midfield,Midfield,25.0,1666.0,41.1,39.7,48.3,45.5
37577454,25649,69.0,Y. Salech,Denmark,Cardiff City,England 3 - League One,Centre Forward,Attack,23.0,2362.0,51.2,51.1,51.5,55.5
99052,25658,6898.0,Y. Salmier,French Guiana,Clermont,France 2 - Ligue 2,Centre Back,Defence,32.0,2605.0,50.4,50.7,50.8,47.5
526347,25682,3702.0,Y. Sari,Türkiye,İstanbul Başakşehir,Türkiye 1 - Super Lig,Right Wing,Attack,26.0,1469.0,59.6,57.9,57.6,47.6
37915430,25637,2379.0,Y. Sbai,Netherlands,VVV-Venlo,Netherlands 2 - Eerste Divisie,Right Back,Defence,21.0,1341.0,46.1,46.6,46.4,54.0
37715435,25658,1281.0,Y. Sekongo,Guinea,Dunkerque,France 2 - Ligue 2,Central Midfield,Midfield,21.0,2532.0,51.4,51.1,52.0,46.6
64172,25607,1970.0,Y. Severin,France,Servette,Switzerland 1 - Super League,Centre Back,Defence,28.0,1054.0,48.1,46.8,48.1,47.6
126537,25662,589.0,Y. Shua,Israel,Beitar Jerusalem,Israel 1 - Ligat ha'Al,Centre Forward,Attack,26.0,2445.0,54.7,54.6,53.6,41.3
36083970,25600,2709.0,Y. Sor,Nigeria,Genk,Belgium 1 - Pro League,Left Wing,Attack,25.0,1127.0,53.9,54.0,54.5,55.4
37583535,25597,2345.0,Y. Taha El Idrissi,Morocco,FC Groningen,Netherlands 1 - Eredivisie,Right Wing,Attack,22.0,2699.0,53.3,52.4,52.0,42.8
62269,25658,1112.0,Y. Tavares,Portugal,Laval,France 2 - Ligue 2,Centre Back,Defence,37.0,1199.0,48.5,48.6,50.5,48.0
37536721,25662,6810.0,Y. Teper,Israel,Ironi Tiberias,Israel 1 - Ligat ha'Al,Defensive Midfield,Midfield,24.0,1052.0,49.1,48.7,47.4,46.9
37668617,25658,7047.0,Y. Titi,France,Troyes,France 2 - Ligue 2,Right Back,Defence,19.0,1379.0,52.9,53.1,53.4,50.4
37581338,25600,1087.0,Y. Titraoui,Algeria,Sporting Charleroi,Belgium 1 - Pro League,Central Midfield,Midfield,21.0,2904.0,53.4,53.5,53.3,51.8
37679014,25600,328.0,Y. Tsunashima,Japan,Antwerp,Belgium 1 - Pro League,Centre Back,Defence,24.0,2741.0,52.1,52.1,52.4,52.7
581043,25607,647.0,Y. Valery,Tunisia,Young Boys,Switzerland 1 - Super League,Right Back,Defence,26.0,944.0,54.8,55.0,55.6,47.4
581043,25648,56.0,Y. Valery,Tunisia,Sheffield Wednesday,England 2 - Championship,Right Back,Defence,26.0,2050.0,47.4,48.7,48.5,50.4
10322347,25735,2412.0,Y. Van Genechten,Belgium,KAS Eupen,Belgium 2 - Challenger Pro League,Right Back,Defence,24.0,2149.0,45.2,45.0,45.3,46.3
4536580,25600,2555.0,Y. Verschaeren,Belgium,Anderlecht,Belgium 1 - Pro League,Attacking Midfield,Midfield,24.0,1395.0,55.3,53.7,54.2,51.0
23697506,25653,49.0,Y. Vertessen,Belgium,Salzburg,Austria 1 - Admiral Bundesliga,Centre Forward,Attack,24.0,1532.0,52.0,52.1,52.4,55.2
37700705,25735,261624.0,Y. Yoshinaga,Japan,Jong KRC Genk U23,Belgium 2 - Challenger Pro League,Left Back,Defence,19.0,994.0,51.2,50.7,51.3,42.4
21782184,25641,11711.0,Y. Zakir,Netherlands,Metaloglobus,Romania 1 - Superliga,Left Wing,Attack,28.0,1889.0,47.4,48.4,49.2,56.3
37693924,25637,3115.0,Y. van den Ban,Netherlands,Jong AZ,Netherlands 2 - Eerste Divisie,Centre Forward,Attack,19.0,1637.0,46.4,46.3,46.7,50.3
31226971,25682,347.0,Y. Özdemir,Türkiye,Alanyaspor,Türkiye 1 - Super Lig,Left Midfield,Midfield,24.0,907.0,49.1,50.1,48.8,43.5
37296129,25662,516.0,Z. Ahmed,Israel,Hapoel Be'er Sheva,Israel 1 - Ligat ha'Al,Secondary Striker,Attack,24.0,1453.0,52.0,52.0,52.2,62.5
37696417,25567,5634.0,Z. Alilović,Serbia,Novi Pazar,Serbia 1 - Super Liga,Attacking Midfield,Midfield,19.0,1091.0,46.1,46.1,45.3,48.6
37616144,25658,430.0,Z. Ariss,France,Bastia,France 2 - Ligue 2,Left Back,Defence,21.0,2407.0,52.1,52.3,51.8,55.9
37286743,25649,28.0,Z. Ashworth,Wales,Blackpool,England 3 - League One,Left Back,Defence,22.0,1767.0,47.2,47.3,47.1,66.5
37442705,25735,2412.0,Z. Atteri,Belgium,KAS Eupen,Belgium 2 - Challenger Pro League,Centre Forward,Attack,23.0,1384.0,49.5,49.8,49.3,53.5
170271,25599,490.0,Z. Bakaev,Russia,Lokomotiv Moskva,Russia 1 - Premier League,Right Wing,Attack,29.0,1616.0,53.2,53.1,52.4,52.3
37611869,25662,589.0,Z. Ben Shimol,Israel,Beitar Jerusalem,Israel 1 - Ligat ha'Al,Attacking Midfield,Midfield,21.0,1253.0,50.0,51.0,49.4,45.9
114116,25566,10196.0,Z. Berecz,Hungary,Kazincbarcika,Hungary 1 - NB I,Central Midfield,Midfield,29.0,994.0,46.0,45.8,46.0,51.2
37440603,25597,1016.0,Z. Buurmeester,Netherlands,PEC Zwolle,Netherlands 1 - Eredivisie,Central Midfield,Midfield,23.0,1499.0,48.4,48.0,48.4,48.4
539555,25658,108.0,Z. Davitashvili,Georgia,Saint-Étienne,France 2 - Ligue 2,Left Wing,Attack,24.0,2123.0,55.3,54.6,56.7,46.2
37459060,25745,58.0,Z. Debast,Belgium,Sporting CP,Portugal 1 - Liga Portugal,Centre Back,Defence,21.0,1177.0,64.9,66.7,66.5,48.6
32404514,25673,429.0,Z. Eddahchouri,Netherlands,Deportivo La Coruña,Spain 2 - La Liga 2,Centre Forward,Attack,25.0,1513.0,56.9,57.1,57.0,58.0
37540780,25600,2709.0,Z. El Ouahdi,Morocco,Genk,Belgium 1 - Pro League,Right Back,Defence,23.0,2997.0,54.5,54.7,53.9,49.1
433658,25658,3520.0,Z. Fdaouch,France,Nancy,France 2 - Ligue 2,Left Wing,Attack,28.0,2222.0,48.5,48.5,48.7,48.4
7026724,25636,1703.0,Z. Hyltoft,Denmark,Hobro,Denmark 2 - First Division,Central Midfield,Midfield,29.0,1992.0,46.4,46.3,45.6,51.6
37452983,25648,30.0,Z. Inoussa,Sweden,Swansea City,England 2 - Championship,Left Wing,Attack,23.0,1084.0,52.8,53.5,52.2,59.9
18356,25649,138.0,Z. Jules,Scotland,Rotherham United,England 3 - League One,Centre Back,Defence,28.0,2786.0,42.0,41.0,42.1,55.5
37613821,25735,261625.0,Z. Keita,Germany,RSCA Futures U23,Belgium 2 - Challenger Pro League,Centre Back,Defence,19.0,1010.0,48.2,48.1,49.0,48.2
37457507,25566,2940.0,Z. Kerezsi,Hungary,MTK,Hungary 1 - NB I,Left Wing,Attack,22.0,1267.0,45.4,45.7,46.8,50.4
37581716,25641,3195.0,Z. Mitrov,Romania,Botoşani,Romania 1 - Superliga,Right Wing,Attack,23.0,2203.0,49.8,50.0,49.0,47.4
114032,25566,2566.0,Z. Nagy,Hungary,Puskás,Hungary 1 - NB I,Left Back,Defence,32.0,2430.0,43.5,43.2,43.8,50.2
37350709,25648,64.0,Z. Norton Sturge,England,Millwall,England 2 - Championship,Left Back,Defence,21.0,2513.0,50.9,51.2,49.8,56.6
22536139,25535,3191.0,Z. Ouattara,Ivory Coast,Radomiak Radom,Poland 1 - Ekstraklasa,Right Back,Defence,25.0,2268.0,54.8,56.0,56.4,55.5
1479641,25745,652.0,Z. Sanusi,Nigeria,Porto,Portugal 1 - Liga Portugal,Left Back,Defence,28.0,996.0,57.0,56.1,54.9,56.7
37559122,25598,282.0,Z. Sapsford,Australia,Dundee United,Scotland 1 - Premiership,Centre Forward,Attack,22.0,2653.0,45.7,45.3,45.9,48.1
7026564,25648,5.0,Z. Swanson,England,Portsmouth,England 2 - Championship,Right Back,Defence,24.0,2244.0,52.3,52.4,52.2,57.2
37561034,25600,328.0,Z. Van Den Bosch,Belgium,Antwerp,Belgium 1 - Pro League,Centre Back,Defence,22.0,3072.0,54.8,56.4,53.9,47.6
37552074,25735,2591.0,Z. Vancsa,Hungary,Lommel SK,Belgium 2 - Challenger Pro League,Left Wing,Attack,20.0,1362.0,48.8,48.5,49.6,47.7
7250,25648,122.0,Z. Vyner,England,Bristol City,England 2 - Championship,Centre Back,Defence,28.0,2323.0,54.0,54.7,52.5,47.0
201131,25682,2811.0,Z. Yavru,Türkiye,Samsunspor,Türkiye 1 - Super Lig,Right Back,Defence,33.0,2017.0,52.9,53.1,54.0,47.9
1485781,25584,906.0,Z. Šarlija,Croatia,Hajduk Split,Croatia 1 - 1. HNL,Centre Back,Defence,28.0,2211.0,48.5,47.8,48.8,53.1
14684989,25591,3531.0,Z. Šehović,Serbia,Dukla Praha,Czech Republic 1 - Chance Liga,Left Back,Defence,24.0,1626.0,46.4,46.7,46.6,56.3
26715449,25745,269225.0,Á. Algobia Esteves,Spain,AVS,Portugal 1 - Liga Portugal,Defensive Midfield,Midfield,26.0,1083.0,47.8,47.0,47.0,46.7
15434602,25535,8761.0,Á. Baena Pérez,Spain,Widzew Lodz,Poland 1 - Ekstraklasa,Right Wing,Attack,24.0,1346.0,50.3,50.4,50.5,55.3
114157,25566,892.0,Á. Kecskés,Hungary,Diósgyőr,Hungary 1 - NB I,Centre Back,Defence,29.0,997.0,42.2,40.7,44.5,45.5
114302,25566,2791.0,Á. Kinyik,Hungary,Paksi SE,Hungary 1 - NB I,Centre Back,Defence,32.0,1217.0,50.4,51.5,48.9,45.5
96929,25566,396.0,Á. Lang,Hungary,Debrecen,Hungary 1 - NB I,Centre Back,Defence,32.0,2622.0,46.8,46.8,47.9,44.2
114226,26164,345.0,Á. Nagy,Hungary,Spezia,Italy 2 - Serie B,Defensive Midfield,Midfield,30.0,1501.0,46.5,45.9,47.2,42.6
190379,25673,60.0,Á. Rodríguez Pérez,Spain,SD Eibar,Spain 2 - La Liga 2,Right Back,Defence,31.0,998.0,53.0,53.4,54.7,48.4
233648,25759,1089.0,Á. Sagal Tapia,Chile,Larissa,Greece 1 - Super League,Left Wing,Attack,32.0,1909.0,47.9,48.2,48.4,44.6
477098,25673,2921.0,Á. Suárez,Spain,Las Palmas,Spain 2 - La Liga 2,Centre Back,Defence,32.0,1353.0,51.9,52.0,50.5,49.1
37316225,25566,2791.0,Á. Szendrei,Hungary,Paksi SE,Hungary 1 - NB I,Centre Forward,Attack,22.0,1021.0,49.6,49.7,50.4,45.7
187248,25759,9848.0,Á. Tejero Sacristán,Spain,Aris,Greece 1 - Super League,Right Back,Defence,29.0,2403.0,51.3,50.1,49.1,50.7
37682805,25566,2940.0,Á.Zalán,Hungary,MTK,Hungary 1 - NB I,Left Wing,Attack,19.0,1750.0,47.1,47.3,47.9,43.2
37459033,25597,750.0,Ángel Galiot,Spain,FC Utrecht,Netherlands 1 - Eredivisie,Left Wing,Attack,21.0,994.0,54.5,54.9,54.6,47.2
24817289,25682,3990.0,Ç. Kurukalıp,Türkiye,Fatih Karagümrük,Türkiye 1 - Super Lig,Left Back,Defence,23.0,1272.0,48.9,49.1,48.9,56.3
187237,25673,344.0,É. Curbelo de la Fe,Spain,Sporting Gijón,Spain 2 - La Liga 2,Centre Back,Defence,31.0,1371.0,54.6,55.7,52.0,60.1
537125,25607,2866.0,Ó. Clemente Mues,Spain,Grasshopper,Switzerland 1 - Super League,Attacking Midfield,Midfield,26.0,1191.0,49.8,52.0,49.1,47.8
5967843,25600,1947.0,Ó. Gil Regaño,Spain,OH Leuven,Belgium 1 - Pro League,Right Back,Defence,27.0,2325.0,46.6,47.4,47.4,49.2
188282,25673,844.0,Ó. Plano Pedreño,Spain,Leganés,Spain 2 - La Liga 2,Attacking Midfield,Midfield,34.0,1302.0,50.4,51.2,49.6,55.1
201369,25682,3702.0,Ö. Şahiner,Türkiye,İstanbul Başakşehir,Türkiye 1 - Super Lig,Right Back,Defence,33.0,1866.0,50.8,50.9,50.9,44.3
177794,25567,2945.0,Đ. Crnomarković,Serbia,Vojvodina,Serbia 1 - Super Liga,Centre Back,Defence,31.0,2381.0,48.4,49.1,48.8,47.3
4842,25682,34.0,İ. Gündoğan,Germany,Galatasaray,Türkiye 1 - Super Lig,Central Midfield,Midfield,34.0,1389.0,58.3,57.7,57.0,51.8
201444,25682,1071.0,İ. Kahveci,Türkiye,Kasımpaşa,Türkiye 1 - Super Lig,Right Wing,Attack,30.0,1371.0,51.8,52.4,51.3,51.7
22528506,25682,88.0,İ. Yüksek,Türkiye,Fenerbahçe,Türkiye 1 - Super Lig,Defensive Midfield,Midfield,26.0,1764.0,56.7,57.0,56.1,64.9
133276,25759,1089.0,Ľ. Tupta,Slovakia,Larissa,Greece 1 - Super League,Centre Forward,Attack,27.0,2798.0,49.5,49.3,49.3,45.7
4385,25682,2811.0,Ľ. Šatka,Slovakia,Samsunspor,Türkiye 1 - Super Lig,Centre Back,Defence,29.0,2148.0,49.3,48.7,50.5,47.6
23242223,25652,3588.0,Ł. Poręba,Poland,Elversberg,Germany 2 - 2. Bundesliga,Defensive Midfield,Midfield,25.0,2835.0,50.2,50.4,50.2,46.3
155838,25535,2778.0,Ł. Sekulski,Poland,Wisła Płock,Poland 1 - Ekstraklasa,Centre Forward,Attack,34.0,1982.0,48.5,48.3,48.4,50.0
13590995,25600,1947.0,Ł. Łakomy,Poland,OH Leuven,Belgium 1 - Pro League,Defensive Midfield,Midfield,24.0,2119.0,53.3,53.9,53.0,47.3
8416698,25591,463.0,Š. Gabriel,Czech Republic,Slovan Liberec,Czech Republic 1 - Chance Liga,Centre Back,Defence,24.0,1080.0,50.4,49.9,50.8,51.4
25930712,25566,7926.0,Ž. Gavrić,Serbia,Győri ETO,Hungary 1 - NB I,Left Wing,Attack,24.0,1911.0,48.6,48.7,49.0,43.9
785205,25535,2778.0,Ž. Rogelj,Slovenia,Wisła Płock,Poland 1 - Ekstraklasa,Right Midfield,Midfield,25.0,2257.0,45.6,45.0,46.5,45.8
5968017,25584,8082.0,Ž. Trontelj,Slovenia,Gorica,Croatia 1 - 1. HNL,Right Back,Defence,25.0,2960.0,50.0,49.1,50.4,44.1
157780,25567,230490.0,Ž. Udovičić,Serbia,Mladost Lučani,Serbia 1 - Super Liga,Left Back,Defence,37.0,2831.0,49.0,49.2,49.0,38.5
23697933,25648,30.0,Ž. Vipotnik,Slovenia,Swansea City,England 2 - Championship,Centre Forward,Attack,23.0,2953.0,55.5,55.2,55.8,46.0
183451,25682,286.0,Ž. Žužek,Slovenia,Gençlerbirliği,Türkiye 1 - Super Lig,Centre Back,Defence,28.0,2744.0,49.1,48.7,50.9,48.0
32786777,25641,11676.0,Ș. Baiaram,Romania,Universitatea Craiova,Romania 1 - Superliga,Left Wing,Attack,22.0,2017.0,51.7,51.6,51.8,55.5
