player_id,season_name,tackles_n,dribble_attempts_n,shots_total_n,total_crosses_n
157,2025,,,,
261,2025/2026,,,,
268,2025/2026,,,,
272,2025/2026,19.0,2.0,13.0,3.0
323,2025/2026,,,,
339,2025/2026,3.0,15.0,18.0,10.0
340,2025/2026,10.0,2.0,7.0,50.0
505,2025/2026,,,,
580,2025/2026,,,,
617,2025/2026,,,,
620,2025/2026,,,,
627,2025/2026,,,,
747,2025/2026,,,,
750,2025/2026,14.0,43.0,44.0,22.0
758,2025/2026,58.0,42.0,47.0,240.0
793,2025/2026,,,,
795,2025/2026,13.0,34.0,33.0,14.0
798,2025/2026,,,,
800,2025/2026,,,,
807,2025/2026,21.0,3.0,15.0,
809,2025/2026,,,,
810,2025,,,,
814,2025,47.0,40.0,55.0,56.0
822,2025/2026,31.0,11.0,11.0,44.0
827,2025/2026,,,,
842,2025/2026,,,,
846,2025/2026,,,,
853,2025,,,,
862,2025,,,,
866,2025/2026,40.0,18.0,40.0,14.0
871,2025/2026,,,,
879,2025,,,,
881,2025/2026,,,,
888,2025/2026,46.0,32.0,11.0,116.0
902,2025/2026,47.0,18.0,48.0,100.0
911,2025/2026,,,,
914,2025/2026,,,,
929,2025,,,,
937,2025/2026,,,,
942,2025/2026,,,,
947,2025,,,,
954,2025/2026,8.0,14.0,39.0,1.0
955,2025/2026,,,,
970,2025/2026,,,,
971,2025/2026,,,,
975,2025/2026,23.0,18.0,43.0,9.0
992,2025/2026,,,,
997,2025/2026,,,,
1001,2025,,,,
1004,2025,,,,
1012,2025/2026,19.0,19.0,2.0,3.0
1016,2025/2026,,,,
1019,2025/2026,14.0,11.0,4.0,14.0
1022,2025/2026,11.0,7.0,9.0,2.0
1028,2025/2026,19.0,1.0,19.0,6.0
1029,2025/2026,,,,
1030,2025/2026,,,,
1038,2025/2026,26.0,50.0,47.0,53.0
1042,2025/2026,,,,
1045,2025/2026,13.0,12.0,36.0,34.0
1056,2025,11.0,1.0,12.0,1.0
1065,2025/2026,,,,
1077,2025/2026,,,,
1078,2025/2026,,,,
1094,2025/2026,,,,
1095,2025/2026,,,,
1108,2025,,,,
1109,2025,,,,
1109,2025/2026,11.0,110.0,85.0,14.0
1114,2025,11.0,46.0,45.0,91.0
1116,2025/2026,,,,
1128,2025/2026,,,,
1139,2025/2026,11.0,12.0,38.0,4.0
1148,2025/2026,11.0,12.0,36.0,5.0
1155,2025/2026,,,,
1166,2025/2026,12.0,3.0,9.0,2.0
1168,2025/2026,9.0,2.0,8.0,2.0
1175,2025/2026,13.0,22.0,59.0,4.0
1177,2025/2026,23.0,5.0,15.0,11.0
1182,2025/2026,,,,
1193,2025/2026,37.0,14.0,8.0,7.0
1201,2025,22.0,14.0,9.0,24.0
1228,2025/2026,,,,
1232,2025/2026,,,,
1233,2025/2026,27.0,26.0,15.0,156.0
1234,2025,,,,
1236,2025/2026,,,,
1238,2025/2026,33.0,21.0,7.0,61.0
1244,2025/2026,,,,
1246,2025/2026,46.0,19.0,30.0,76.0
1254,2025/2026,53.0,13.0,9.0,19.0
1261,2025/2026,25.0,12.0,13.0,104.0
1269,2025,17.0,53.0,111.0,28.0
1291,2025/2026,10.0,3.0,6.0,11.0
1297,2025,,,,
1300,2025/2026,,,,
1308,2025/2026,,,,
1329,2025/2026,,,,
1330,2025/2026,,,,
1335,2025/2026,,,,
1351,2025/2026,,,,
1362,2025,,,,
1365,2025/2026,,,,
1367,2025/2026,15.0,5.0,6.0,3.0
1371,2025/2026,,,,
1373,2025,,,,
1376,2025/2026,28.0,27.0,10.0,72.0
1377,2025/2026,,,,
1384,2025/2026,9.0,16.0,47.0,20.0
1387,2025/2026,58.0,11.0,46.0,178.0
1389,2025/2026,,,,
1393,2025/2026,31.0,7.0,13.0,9.0
1396,2025/2026,,,,
1452,2025,,,,
1460,2025/2026,9.0,1.0,6.0,8.0
1461,2025/2026,,,,
1463,2025/2026,,,,
1466,2025,,,,
1468,2025/2026,,,,
1471,2025/2026,,,,
1474,2025/2026,32.0,6.0,9.0,3.0
1482,2025,,,,
1517,2025/2026,61.0,22.0,26.0,8.0
1571,2025/2026,,,,
1572,2025/2026,38.0,71.0,67.0,109.0
1592,2025/2026,,,,
1596,2025/2026,52.0,38.0,32.0,240.0
1601,2025/2026,,,,
1605,2025/2026,51.0,35.0,46.0,42.0
1625,2025/2026,5.0,2.0,6.0,3.0
1628,2025/2026,21.0,7.0,14.0,84.0
1636,2025/2026,42.0,10.0,35.0,14.0
1639,2025/2026,,,,
1640,2025/2026,76.0,38.0,17.0,83.0
1646,2025/2026,31.0,5.0,16.0,2.0
1649,2025/2026,23.0,10.0,9.0,2.0
1651,2025/2026,,,,
1673,2025/2026,5.0,8.0,2.0,6.0
1685,2025/2026,12.0,2.0,5.0,3.0
1690,2025/2026,30.0,45.0,91.0,24.0
1711,2025/2026,46.0,35.0,35.0,49.0
1714,2025/2026,13.0,41.0,59.0,242.0
1716,2025/2026,36.0,12.0,10.0,14.0
1717,2025/2026,,,,
1727,2025/2026,,,,
1743,2025/2026,,,,
1744,2025/2026,,,,
1776,2025/2026,,,,
1778,2025/2026,37.0,57.0,23.0,162.0
1822,2025/2026,45.0,12.0,24.0,6.0
1827,2025/2026,,,,
1835,2025/2026,,,,
1849,2025/2026,,,,
1876,2025,,,,
1878,2025/2026,,,,
1881,2025/2026,,,,
1887,2025/2026,,,,
1891,2025/2026,,,,
1899,2025/2026,,,,
1917,2025/2026,,,,
1923,2025/2026,,,,
1953,2025/2026,,,,
1956,2025/2026,,,,
1988,2025/2026,,,,
2060,2025/2026,,,,
2144,2025/2026,,,,
2191,2025/2026,30.0,75.0,103.0,26.0
2234,2025/2026,50.0,6.0,33.0,12.0
2237,2025/2026,55.0,17.0,11.0,65.0
2306,2025/2026,20.0,29.0,22.0,81.0
2321,2025/2026,107.0,15.0,50.0,273.0
2322,2025/2026,,,,
2326,2025/2026,16.0,5.0,3.0,26.0
2332,2025/2026,,,,
2349,2025/2026,29.0,4.0,10.0,3.0
2398,2025/2026,,,,
2452,2025/2026,20.0,17.0,12.0,96.0
2454,2025,,,,
2457,2025/2026,,,,
2461,2025/2026,,,,
2481,2025,10.0,,6.0,4.0
2536,2025/2026,,,,
2562,2025,41.0,12.0,37.0,22.0
2663,2025/2026,53.0,37.0,28.0,134.0
2712,2025/2026,,,,
2743,2025/2026,,,,
2770,2025/2026,16.0,7.0,29.0,13.0
2775,2025/2026,,,,
2815,2025/2026,,,,
2838,2025/2026,,,,
2848,2025/2026,,,,
2872,2025/2026,10.0,47.0,36.0,133.0
2873,2025/2026,79.0,14.0,27.0,11.0
2875,2025,58.0,17.0,9.0,29.0
2876,2025,16.0,13.0,42.0,140.0
2884,2025/2026,,,,
2905,2025/2026,56.0,9.0,15.0,66.0
2918,2025/2026,19.0,10.0,14.0,1.0
2924,2025,,,,
2945,2025/2026,30.0,8.0,10.0,20.0
2946,2025/2026,35.0,27.0,14.0,12.0
2948,2025/2026,,,,
2949,2025/2026,60.0,23.0,19.0,42.0
2951,2025/2026,,,,
2954,2025/2026,37.0,10.0,14.0,15.0
2987,2025/2026,,,,
2992,2025/2026,26.0,18.0,29.0,72.0
2996,2025/2026,65.0,50.0,9.0,31.0
2999,2025/2026,16.0,36.0,72.0,38.0
3005,2025/2026,60.0,21.0,21.0,47.0
3011,2025/2026,,,,
3041,2025/2026,,,,
3043,2025/2026,8.0,1.0,5.0,1.0
3058,2025/2026,78.0,46.0,30.0,15.0
3063,2025/2026,24.0,42.0,58.0,20.0
3066,2025/2026,32.0,8.0,12.0,6.0
3071,2025/2026,,,,
3073,2025/2026,49.0,28.0,4.0,63.0
3087,2025,10.0,10.0,16.0,102.0
3096,2025/2026,44.0,11.0,16.0,7.0
3137,2025/2026,,,,
3139,2025/2026,,,,
3140,2025/2026,20.0,25.0,32.0,27.0
3141,2025/2026,,,,
3142,2025/2026,24.0,9.0,26.0,47.0
3143,2025/2026,,,,
3147,2025/2026,24.0,4.0,7.0,14.0
3148,2025/2026,,,,
3155,2025/2026,,,,
3157,2025/2026,15.0,3.0,8.0,3.0
3158,2025/2026,90.0,47.0,39.0,77.0
3175,2025/2026,79.0,42.0,42.0,243.0
3179,2025,,,,
3179,2025/2026,36.0,3.0,12.0,
3184,2025,,,,
3189,2025/2026,23.0,5.0,11.0,1.0
3211,2025/2026,,,,
3215,2025/2026,,,,
3229,2025/2026,62.0,22.0,29.0,136.0
3230,2025/2026,77.0,33.0,23.0,177.0
3248,2025/2026,48.0,20.0,7.0,22.0
3262,2025/2026,51.0,14.0,13.0,11.0
3267,2025/2026,28.0,44.0,44.0,14.0
3272,2025/2026,,,,
3281,2025/2026,20.0,34.0,57.0,4.0
3285,2025/2026,43.0,16.0,35.0,114.0
3300,2025/2026,21.0,10.0,4.0,16.0
3305,2025/2026,59.0,4.0,23.0,5.0
3317,2025/2026,,,,
3320,2025/2026,52.0,17.0,7.0,174.0
3339,2025/2026,49.0,17.0,38.0,14.0
3344,2025/2026,12.0,1.0,3.0,
3370,2025/2026,,,,
3385,2025/2026,24.0,4.0,14.0,4.0
3388,2025/2026,,,,
3398,2025/2026,2.0,6.0,25.0,7.0
3433,2025/2026,,,,
3449,2025/2026,44.0,49.0,40.0,33.0
3455,2025/2026,6.0,11.0,6.0,34.0
3459,2025/2026,42.0,10.0,14.0,11.0
3474,2025/2026,57.0,16.0,23.0,41.0
3480,2025,,,,
3495,2025/2026,6.0,8.0,34.0,3.0
3499,2025/2026,,,,
3519,2025/2026,,,,
3530,2025/2026,8.0,17.0,47.0,8.0
3552,2025/2026,,,,
3556,2025/2026,9.0,42.0,15.0,33.0
3563,2025/2026,,,,
3587,2025/2026,40.0,14.0,23.0,104.0
3596,2025/2026,,,,
3638,2025/2026,38.0,47.0,15.0,68.0
3665,2025/2026,9.0,21.0,10.0,11.0
3684,2025/2026,32.0,41.0,32.0,98.0
3752,2025/2026,32.0,9.0,10.0,1.0
3762,2025,28.0,3.0,12.0,14.0
3923,2025,12.0,14.0,19.0,8.0
4037,2025/2026,44.0,5.0,8.0,4.0
4095,2025/2026,38.0,21.0,40.0,292.0
4097,2025,,,,
4105,2025,,,,
4107,2025/2026,8.0,19.0,26.0,18.0
4125,2025/2026,,,,
4149,2025/2026,,,,
4159,2025/2026,,,,
4161,2025,,,,
4165,2025/2026,26.0,68.0,30.0,151.0
4178,2025/2026,11.0,33.0,25.0,9.0
4193,2025/2026,,,,
4203,2025/2026,,,,
4207,2025/2026,37.0,8.0,23.0,86.0
4219,2025/2026,12.0,15.0,16.0,19.0
4230,2025/2026,15.0,22.0,45.0,76.0
4237,2025/2026,,,,
4244,2025/2026,,,,
4265,2025/2026,,,,
4267,2025/2026,29.0,17.0,14.0,47.0
4272,2025,,,,
4277,2025/2026,40.0,94.0,47.0,59.0
4281,2025/2026,76.0,20.0,49.0,45.0
4282,2025,,,,
4289,2025/2026,24.0,11.0,10.0,60.0
4292,2025/2026,39.0,8.0,18.0,27.0
4299,2025/2026,,,,
4302,2025,,,,
4313,2025,,,,
4317,2025,,,,
4339,2025/2026,28.0,19.0,7.0,18.0
4341,2025/2026,,,,
4343,2025/2026,29.0,57.0,2.0,56.0
4344,2025/2026,,,,
4360,2025,,,,
4365,2025/2026,26.0,130.0,88.0,72.0
4381,2025/2026,14.0,3.0,12.0,2.0
4385,2025/2026,30.0,6.0,5.0,4.0
4391,2025/2026,,,,
4401,2025/2026,,,,
4405,2025/2026,58.0,21.0,67.0,118.0
4417,2025/2026,20.0,37.0,61.0,24.0
4421,2025/2026,,,,
4425,2025/2026,6.0,21.0,31.0,9.0
4431,2025/2026,,,,
4432,2025,,,,
4439,2025/2026,,,,
4441,2025/2026,82.0,21.0,32.0,285.0
4443,2025,10.0,24.0,37.0,6.0
4445,2025/2026,31.0,8.0,8.0,6.0
4449,2025,,,,
4454,2025/2026,,,,
4479,2025/2026,20.0,17.0,36.0,29.0
4491,2025/2026,19.0,22.0,19.0,16.0
4507,2025/2026,42.0,18.0,19.0,38.0
4513,2025,,,,
4523,2025/2026,,,,
4527,2025/2026,8.0,33.0,33.0,12.0
4537,2025/2026,,,,
4545,2025/2026,31.0,11.0,18.0,29.0
4546,2025/2026,37.0,40.0,40.0,27.0
4559,2025,20.0,67.0,57.0,93.0
4574,2025/2026,,,,
4577,2025/2026,,,,
4579,2025/2026,,,,
4583,2025/2026,36.0,31.0,16.0,58.0
4585,2025/2026,,,,
4591,2025/2026,62.0,31.0,19.0,53.0
4595,2025/2026,19.0,78.0,73.0,11.0
4611,2025/2026,93.0,32.0,19.0,51.0
4617,2025/2026,45.0,5.0,34.0,3.0
4628,2025/2026,41.0,9.0,22.0,82.0
4637,2025/2026,,,,
4640,2025/2026,19.0,67.0,51.0,58.0
4655,2025/2026,,,,
4659,2025/2026,,,,
4666,2025,,,,
4679,2025/2026,38.0,8.0,5.0,7.0
4701,2025/2026,28.0,52.0,69.0,7.0
4746,2025/2026,32.0,59.0,77.0,7.0
4765,2025/2026,,,,
4783,2025/2026,35.0,117.0,50.0,80.0
4795,2025/2026,14.0,1.0,7.0,1.0
4813,2025/2026,21.0,2.0,9.0,6.0
4827,2025/2026,2.0,20.0,26.0,14.0
4842,2025/2026,22.0,15.0,11.0,17.0
4927,2025/2026,33.0,7.0,6.0,8.0
4947,2025/2026,36.0,23.0,34.0,91.0
4952,2025/2026,,,,
4978,2025/2026,28.0,20.0,12.0,90.0
5007,2025/2026,26.0,23.0,28.0,49.0
5013,2025/2026,31.0,17.0,13.0,44.0
5071,2025/2026,,,,
5141,2025/2026,,,,
5163,2025/2026,24.0,49.0,20.0,113.0
5173,2025/2026,51.0,9.0,12.0,41.0
5193,2025/2026,,,,
5249,2025/2026,11.0,27.0,31.0,5.0
5252,2025/2026,,,,
5255,2025/2026,,,,
5257,2025/2026,,,,
5262,2025/2026,,,,
5273,2025/2026,,,,
5317,2025/2026,23.0,,18.0,
5319,2025/2026,57.0,19.0,30.0,6.0
5321,2025/2026,,,,
5341,2025/2026,6.0,41.0,47.0,6.0
5359,2025/2026,12.0,40.0,69.0,200.0
5371,2025/2026,,,,
5381,2025/2026,8.0,74.0,48.0,65.0
5403,2025/2026,,,,
5431,2025/2026,,,,
5489,2025/2026,20.0,6.0,32.0,2.0
5510,2025/2026,,,,
5557,2025/2026,45.0,114.0,91.0,90.0
5558,2025/2026,,,,
5598,2025/2026,,,,
5675,2025/2026,42.0,39.0,45.0,105.0
5681,2025/2026,16.0,35.0,78.0,15.0
5700,2025/2026,25.0,14.0,4.0,43.0
5705,2025/2026,26.0,7.0,4.0,12.0
5715,2025/2026,15.0,29.0,26.0,14.0
5727,2025/2026,9.0,8.0,20.0,2.0
5750,2025/2026,7.0,20.0,38.0,20.0
5811,2025/2026,43.0,5.0,7.0,14.0
5833,2025/2026,10.0,12.0,54.0,12.0
5887,2025/2026,,,,
5917,2025/2026,62.0,30.0,12.0,76.0
5922,2025/2026,44.0,3.0,24.0,5.0
5935,2025/2026,15.0,2.0,2.0,5.0
5971,2025/2026,45.0,7.0,36.0,12.0
5974,2025/2026,36.0,54.0,40.0,158.0
6003,2025/2026,,,,
6023,2025/2026,,,,
6027,2025/2026,,,,
6028,2025/2026,52.0,32.0,16.0,140.0
6039,2025/2026,30.0,95.0,78.0,54.0
6042,2025/2026,36.0,38.0,43.0,67.0
6049,2025/2026,34.0,21.0,3.0,19.0
6073,2025/2026,17.0,67.0,42.0,78.0
6077,2025/2026,,,,
6081,2025/2026,53.0,1.0,23.0,2.0
6087,2025/2026,61.0,18.0,26.0,6.0
6112,2025/2026,40.0,9.0,15.0,70.0
6115,2025/2026,,,,
6139,2025,25.0,11.0,3.0,36.0
6160,2025,,,,
6170,2025/2026,,,,
6181,2025/2026,,,,
6182,2025/2026,24.0,27.0,22.0,68.0
6199,2025/2026,58.0,16.0,16.0,3.0
6200,2025/2026,,,,
6224,2025/2026,,,,
6229,2025/2026,10.0,43.0,107.0,160.0
6230,2025/2026,1.0,5.0,19.0,
6231,2025/2026,27.0,1.0,2.0,1.0
6232,2025/2026,65.0,19.0,19.0,3.0
6249,2025/2026,35.0,19.0,28.0,48.0
6253,2025/2026,69.0,37.0,21.0,7.0
6254,2025/2026,,,,
6280,2025/2026,21.0,6.0,11.0,48.0
6286,2025/2026,,,,
6293,2025/2026,4.0,22.0,35.0,1.0
6299,2025/2026,52.0,24.0,35.0,84.0
6301,2025/2026,7.0,13.0,10.0,3.0
6307,2025/2026,5.0,52.0,45.0,1.0
6316,2025,,,,
6321,2025/2026,,,,
6331,2025/2026,,,,
6332,2025/2026,127.0,35.0,15.0,16.0
6361,2025/2026,,,,
6377,2025/2026,15.0,16.0,22.0,8.0
6389,2025/2026,,,,
6416,2025/2026,41.0,20.0,37.0,20.0
6452,2025/2026,,,,
6455,2025,53.0,21.0,28.0,34.0
6467,2025,64.0,18.0,49.0,68.0
6470,2025/2026,24.0,28.0,,23.0
6476,2025/2026,30.0,3.0,11.0,1.0
6494,2025,,,,
6495,2025/2026,31.0,40.0,3.0,70.0
6505,2025/2026,15.0,2.0,6.0,4.0
6507,2025/2026,34.0,21.0,5.0,13.0
6513,2025/2026,28.0,5.0,16.0,74.0
6515,2025/2026,19.0,19.0,34.0,24.0
6518,2025/2026,50.0,8.0,11.0,14.0
6524,2025/2026,,,,
6529,2025/2026,,,,
6535,2025/2026,65.0,71.0,61.0,113.0
6538,2025/2026,60.0,36.0,3.0,8.0
6548,2025/2026,,,,
6551,2025/2026,,,,
6559,2025/2026,50.0,12.0,32.0,49.0
6572,2025/2026,57.0,20.0,12.0,150.0
6573,2025,7.0,9.0,19.0,5.0
6580,2025/2026,30.0,29.0,2.0,26.0
6602,2025/2026,,,,
6604,2025/2026,35.0,26.0,16.0,50.0
6605,2025/2026,,,,
6610,2025/2026,,,,
6612,2025/2026,,,,
6618,2025/2026,17.0,23.0,46.0,12.0
6626,2025/2026,21.0,110.0,81.0,81.0
6634,2025/2026,39.0,9.0,3.0,4.0
6640,2025/2026,24.0,40.0,23.0,44.0
6649,2025/2026,,,,
6943,2025/2026,,,,
6970,2025,20.0,2.0,29.0,1.0
6985,2025/2026,,,,
7054,2025/2026,7.0,7.0,32.0,6.0
7055,2025/2026,7.0,30.0,13.0,26.0
7104,2025/2026,26.0,32.0,11.0,91.0
7118,2025/2026,27.0,7.0,15.0,2.0
7124,2025/2026,,,,
7159,2025/2026,57.0,37.0,39.0,129.0
7181,2025/2026,12.0,19.0,6.0,24.0
7206,2025,19.0,9.0,9.0,7.0
7250,2025/2026,6.0,3.0,4.0,
7292,2025/2026,,,,
7296,2025,,,,
7309,2025/2026,31.0,31.0,26.0,60.0
7316,2025/2026,27.0,14.0,7.0,41.0
7522,2025,,,,
7562,2025/2026,,,,
7570,2025/2026,39.0,41.0,10.0,103.0
7577,2025/2026,12.0,27.0,67.0,4.0
7593,2025/2026,,,,
7608,2025/2026,15.0,92.0,89.0,27.0
7614,2025/2026,,,,
7636,2025/2026,68.0,25.0,7.0,18.0
7640,2025/2026,64.0,40.0,55.0,290.0
7643,2025/2026,,,,
7655,2025/2026,,,,
7689,2025/2026,39.0,10.0,48.0,1.0
7835,2025/2026,17.0,66.0,59.0,45.0
7839,2025,99.0,15.0,19.0,18.0
7909,2025/2026,,,,
7915,2025/2026,,,,
7919,2025/2026,,,,
7926,2025/2026,,,,
7940,2025,9.0,1.0,1.0,1.0
7944,2025/2026,,,,
7958,2025/2026,11.0,2.0,9.0,
7965,2025/2026,34.0,28.0,45.0,106.0
7968,2025/2026,,,,
7987,2025/2026,,,,
7993,2025/2026,,,,
8018,2025/2026,70.0,95.0,42.0,244.0
8028,2025/2026,,,,
8042,2025/2026,43.0,28.0,19.0,71.0
8047,2025/2026,21.0,3.0,7.0,3.0
8050,2025/2026,,,,
8055,2025/2026,,,,
8057,2025/2026,12.0,10.0,21.0,7.0
8062,2025/2026,,,,
8069,2025/2026,43.0,28.0,24.0,10.0
8085,2025/2026,32.0,11.0,19.0,2.0
8201,2025/2026,39.0,33.0,25.0,57.0
8204,2025/2026,,,,
8270,2025/2026,68.0,68.0,71.0,21.0
8333,2025,,,,
8339,2025,33.0,30.0,27.0,83.0
8438,2025,35.0,4.0,15.0,1.0
8454,2025/2026,,,,
8470,2025/2026,47.0,23.0,17.0,59.0
8485,2025/2026,,,,
8563,2025/2026,,,,
8566,2025/2026,,,,
8585,2025/2026,55.0,33.0,50.0,7.0
8672,2025/2026,12.0,2.0,8.0,3.0
8688,2025/2026,29.0,6.0,15.0,22.0
8740,2025/2026,12.0,15.0,23.0,13.0
8741,2025/2026,85.0,21.0,22.0,27.0
8788,2025/2026,48.0,57.0,60.0,49.0
8828,2025/2026,,,,
8833,2025/2026,,,,
8842,2025/2026,60.0,10.0,18.0,82.0
8872,2025/2026,12.0,30.0,22.0,24.0
8881,2025/2026,15.0,,12.0,3.0
8900,2025/2026,,,,
8922,2025/2026,,,,
8934,2025/2026,8.0,7.0,6.0,4.0
8950,2025/2026,,,,
8956,2025/2026,22.0,21.0,58.0,6.0
9050,2025/2026,65.0,14.0,32.0,9.0
9058,2025/2026,,,,
9084,2025/2026,18.0,70.0,49.0,109.0
9138,2025/2026,13.0,1.0,5.0,5.0
9146,2025/2026,,,,
9160,2025/2026,,,,
9203,2025/2026,61.0,57.0,39.0,36.0
9207,2025/2026,43.0,12.0,16.0,4.0
9218,2025/2026,46.0,31.0,91.0,3.0
9238,2025/2026,42.0,56.0,101.0,8.0
9274,2025/2026,45.0,23.0,25.0,20.0
9280,2025/2026,,,,
9282,2025/2026,7.0,17.0,22.0,13.0
9290,2025/2026,,,,
9300,2025/2026,,,,
9306,2025/2026,9.0,,9.0,
9325,2025/2026,41.0,17.0,32.0,53.0
9330,2025/2026,,,,
9343,2025/2026,60.0,8.0,8.0,32.0
9366,2025/2026,12.0,10.0,23.0,9.0
9367,2025/2026,,,,
9374,2025/2026,,,,
9402,2025/2026,,,,
9403,2025/2026,22.0,26.0,33.0,18.0
9411,2025/2026,,,,
9456,2025/2026,,,,
9465,2025/2026,17.0,43.0,29.0,6.0
9501,2025/2026,,,,
9503,2025/2026,,,,
9504,2025/2026,53.0,15.0,16.0,41.0
9510,2025/2026,48.0,13.0,8.0,4.0
9520,2025,36.0,24.0,28.0,18.0
9521,2025/2026,,,,
9522,2025/2026,64.0,9.0,26.0,61.0
9523,2025/2026,38.0,33.0,18.0,10.0
9529,2025/2026,11.0,9.0,15.0,81.0
9536,2025/2026,,,,
9537,2025,7.0,24.0,35.0,9.0
9543,2025/2026,15.0,39.0,63.0,24.0
9555,2025/2026,,,,
9557,2025/2026,,,,
9568,2025/2026,,,,
9576,2025/2026,,,,
9577,2025/2026,,,,
9630,2025/2026,,,,
9642,2025/2026,,,,
9658,2025/2026,24.0,6.0,12.0,1.0
9660,2025/2026,,,,
9674,2025/2026,56.0,39.0,94.0,122.0
9680,2025/2026,34.0,1.0,24.0,4.0
9682,2025/2026,,,,
9686,2025/2026,80.0,17.0,39.0,141.0
9689,2025/2026,,,,
9781,2025/2026,56.0,20.0,30.0,14.0
9785,2025/2026,,,,
9788,2025/2026,,,,
9798,2025/2026,39.0,23.0,27.0,30.0
9808,2025/2026,,,,
9824,2025/2026,27.0,21.0,23.0,26.0
9834,2025/2026,12.0,7.0,30.0,6.0
9843,2025/2026,58.0,17.0,29.0,31.0
10351,2025/2026,92.0,34.0,31.0,135.0
10496,2025/2026,72.0,59.0,15.0,103.0
10601,2025/2026,,,,
10602,2025/2026,18.0,29.0,52.0,81.0
10634,2025/2026,53.0,115.0,61.0,45.0
10692,2025/2026,,,,
10767,2025/2026,55.0,23.0,9.0,29.0
10780,2025/2026,47.0,28.0,4.0,17.0
10788,2025/2026,41.0,5.0,15.0,1.0
10789,2025/2026,,,,
10849,2025/2026,50.0,12.0,11.0,20.0
10897,2025/2026,,,,
10921,2025/2026,,,,
10949,2025/2026,53.0,21.0,23.0,20.0
10993,2025/2026,70.0,9.0,22.0,18.0
11320,2025,18.0,18.0,75.0,28.0
11340,2025,26.0,2.0,22.0,3.0
11426,2025/2026,,,,
11471,2025/2026,30.0,2.0,13.0,2.0
11502,2025/2026,53.0,47.0,30.0,68.0
11541,2025/2026,38.0,63.0,55.0,64.0
11545,2025/2026,20.0,9.0,14.0,7.0
11665,2025/2026,13.0,92.0,84.0,19.0
11707,2025/2026,,,,
11752,2025/2026,62.0,35.0,33.0,52.0
11768,2025/2026,,,,
11799,2025/2026,11.0,22.0,80.0,82.0
11891,2025/2026,,,,
12070,2025/2026,,,,
12129,2025/2026,,,,
12139,2025/2026,3.0,3.0,2.0,
12145,2025/2026,,,,
12216,2025/2026,30.0,17.0,53.0,108.0
12224,2025/2026,,,,
12227,2025/2026,23.0,7.0,5.0,19.0
12233,2025/2026,38.0,42.0,72.0,19.0
12241,2025/2026,43.0,6.0,16.0,14.0
12289,2025/2026,26.0,3.0,12.0,4.0
12314,2025/2026,,,,
12321,2025/2026,24.0,17.0,10.0,62.0
12332,2025/2026,28.0,18.0,21.0,44.0
12352,2025,11.0,4.0,12.0,
12356,2025,10.0,34.0,30.0,24.0
12363,2025/2026,,,,
12404,2025,10.0,37.0,40.0,9.0
12420,2025/2026,,,,
12422,2025,8.0,19.0,23.0,9.0
12426,2025/2026,,,,
12445,2025/2026,,,,
12450,2025/2026,,,,
12474,2025/2026,19.0,42.0,26.0,46.0
12483,2025/2026,11.0,13.0,13.0,22.0
12506,2025/2026,58.0,36.0,33.0,69.0
12510,2025/2026,29.0,5.0,11.0,26.0
12514,2025/2026,,,,
12515,2025/2026,25.0,6.0,15.0,13.0
12530,2025/2026,,,,
12542,2025/2026,,,,
12543,2025/2026,49.0,14.0,27.0,17.0
12568,2025/2026,41.0,9.0,57.0,13.0
12594,2025,19.0,26.0,39.0,74.0
12597,2025/2026,,,,
12602,2025/2026,42.0,34.0,53.0,16.0
12608,2025/2026,,,,
12636,2025/2026,,,,
12672,2025/2026,,,,
13042,2025/2026,40.0,32.0,34.0,14.0
13063,2025/2026,19.0,18.0,9.0,19.0
13355,2025/2026,28.0,21.0,59.0,8.0
13420,2025/2026,,,,
13425,2025/2026,46.0,91.0,74.0,76.0
13477,2025/2026,35.0,3.0,17.0,4.0
13482,2025/2026,57.0,43.0,21.0,134.0
13488,2025/2026,,,,
13489,2025/2026,41.0,6.0,13.0,4.0
13496,2025/2026,,,,
13542,2025/2026,65.0,30.0,18.0,68.0
13839,2025/2026,,,,
13870,2025/2026,16.0,36.0,68.0,26.0
13887,2025/2026,,,,
13965,2025/2026,44.0,42.0,37.0,86.0
13999,2025/2026,32.0,38.0,35.0,133.0
14007,2025/2026,36.0,2.0,21.0,7.0
14051,2025/2026,,,,
14120,2025/2026,70.0,21.0,6.0,51.0
14125,2025/2026,34.0,5.0,11.0,1.0
14301,2025,10.0,18.0,23.0,48.0
14302,2025/2026,5.0,36.0,22.0,6.0
14305,2025/2026,,,,
14319,2025/2026,65.0,35.0,29.0,18.0
14603,2025/2026,,,,
14946,2025/2026,11.0,2.0,13.0,
15040,2025/2026,109.0,44.0,20.0,144.0
15054,2025/2026,51.0,3.0,15.0,24.0
15105,2025/2026,37.0,28.0,20.0,20.0
15128,2025/2026,43.0,15.0,25.0,11.0
15291,2025/2026,,,,
15316,2025/2026,,,,
15494,2025/2026,,,,
15546,2025/2026,,,,
15563,2025/2026,,,,
15575,2025/2026,,,,
15706,2025/2026,,,,
15729,2025/2026,60.0,14.0,19.0,20.0
15921,2025/2026,,,,
16340,2025/2026,,,,
16503,2025/2026,,,,
17069,2025/2026,,,,
17951,2025/2026,,,,
18148,2025/2026,,,,
18226,2025/2026,29.0,102.0,58.0,410.0
18356,2025/2026,36.0,18.0,19.0,
18737,2025/2026,37.0,26.0,50.0,18.0
18898,2025/2026,,,,
19079,2025/2026,,,,
19143,2025/2026,21.0,101.0,83.0,39.0
19609,2025/2026,,,,
19821,2025/2026,7.0,19.0,27.0,5.0
19825,2025/2026,17.0,3.0,5.0,4.0
20216,2025/2026,32.0,12.0,20.0,10.0
20321,2025/2026,,,,
20401,2025/2026,,,,
20406,2025,15.0,11.0,8.0,52.0
20506,2025/2026,19.0,9.0,7.0,21.0
20931,2025,33.0,5.0,9.0,21.0
21076,2025/2026,24.0,7.0,12.0,
21995,2025/2026,,,,
22201,2025/2026,2.0,1.0,4.0,
22268,2025/2026,46.0,46.0,24.0,22.0
22536,2025/2026,32.0,5.0,30.0,9.0
22660,2025/2026,,,,
22719,2025/2026,,,,
22721,2025/2026,,,,
22745,2025/2026,25.0,32.0,9.0,41.0
22843,2025,27.0,7.0,26.0,3.0
23513,2025/2026,10.0,14.0,57.0,232.0
23563,2025/2026,33.0,13.0,17.0,22.0
23657,2025/2026,27.0,16.0,70.0,24.0
23926,2025/2026,26.0,18.0,15.0,24.0
24032,2025/2026,21.0,2.0,9.0,5.0
24071,2025/2026,,,,
24150,2025/2026,24.0,1.0,7.0,2.0
24167,2025,,,,
24200,2025/2026,34.0,2.0,11.0,4.0
24205,2025/2026,41.0,28.0,33.0,75.0
24244,2025,,,,
24271,2025/2026,,,,
24281,2025,25.0,6.0,5.0,23.0
24285,2025/2026,14.0,11.0,9.0,9.0
24308,2025/2026,19.0,40.0,29.0,26.0
24314,2025/2026,26.0,25.0,24.0,46.0
24372,2025/2026,17.0,4.0,8.0,2.0
24410,2025/2026,26.0,21.0,18.0,16.0
24429,2025/2026,,,,
24430,2025/2026,29.0,7.0,7.0,7.0
24529,2025/2026,9.0,19.0,43.0,7.0
24564,2025/2026,,,,
24567,2025/2026,,,,
24594,2025/2026,50.0,18.0,29.0,6.0
24604,2025/2026,29.0,1.0,24.0,5.0
24613,2025,,,,
24613,2025/2026,16.0,1.0,10.0,1.0
24619,2025/2026,14.0,23.0,10.0,48.0
24642,2025/2026,29.0,15.0,18.0,78.0
24655,2025/2026,,,,
24705,2025/2026,17.0,18.0,48.0,178.0
24840,2025/2026,,,,
24845,2025/2026,2.0,25.0,57.0,1.0
24903,2025/2026,34.0,7.0,23.0,6.0
24931,2025,,,,
24935,2025/2026,10.0,20.0,35.0,18.0
24963,2025,36.0,10.0,12.0,1.0
24980,2025/2026,44.0,16.0,32.0,12.0
25029,2025/2026,36.0,33.0,40.0,22.0
25033,2025/2026,,,,
25063,2025/2026,36.0,6.0,23.0,115.0
25069,2025,28.0,18.0,41.0,61.0
25081,2025/2026,8.0,10.0,3.0,16.0
25088,2025/2026,,,,
25093,2025/2026,56.0,38.0,15.0,98.0
25096,2025/2026,,,,
25106,2025/2026,,,,
25108,2025,19.0,26.0,14.0,74.0
25109,2025/2026,5.0,11.0,44.0,6.0
25116,2025/2026,26.0,43.0,32.0,19.0
25120,2025/2026,,,,
25123,2025/2026,19.0,53.0,29.0,71.0
25137,2025,,,,
25143,2025/2026,35.0,3.0,7.0,15.0
25146,2025/2026,,,,
25147,2025/2026,11.0,23.0,20.0,30.0
25160,2025/2026,,,,
25161,2025/2026,62.0,36.0,14.0,13.0
25162,2025/2026,,,,
25187,2025/2026,,,,
25201,2025/2026,35.0,64.0,79.0,195.0
25234,2025/2026,15.0,21.0,15.0,81.0
25240,2025/2026,63.0,11.0,18.0,52.0
25241,2025/2026,41.0,37.0,21.0,46.0
25242,2025/2026,,,,
25278,2025/2026,,,,
25282,2025/2026,,,,
25284,2025/2026,,,,
25313,2025/2026,18.0,33.0,69.0,66.0
25317,2025/2026,11.0,16.0,54.0,5.0
25345,2025,20.0,18.0,75.0,3.0
25346,2025/2026,,,,
25354,2025/2026,,,,
25372,2025/2026,49.0,29.0,38.0,40.0
25399,2025/2026,32.0,7.0,8.0,3.0
25400,2025/2026,,,,
25407,2025/2026,79.0,33.0,27.0,171.0
25413,2025/2026,,,,
25414,2025/2026,11.0,8.0,9.0,24.0
25417,2025/2026,42.0,11.0,15.0,30.0
25455,2025,,,,
25467,2025/2026,55.0,30.0,24.0,105.0
25489,2025/2026,,,,
25490,2025/2026,26.0,10.0,7.0,10.0
25499,2025/2026,10.0,13.0,28.0,1.0
25507,2025/2026,18.0,15.0,13.0,20.0
25514,2025/2026,,,,
25515,2025/2026,17.0,18.0,18.0,31.0
25521,2025,43.0,67.0,21.0,90.0
25540,2025/2026,34.0,3.0,8.0,4.0
25564,2025/2026,34.0,79.0,50.0,64.0
25577,2025/2026,35.0,6.0,18.0,3.0
25578,2025,54.0,24.0,30.0,25.0
25582,2025/2026,20.0,10.0,25.0,119.0
25588,2025/2026,12.0,2.0,3.0,4.0
25589,2025/2026,19.0,31.0,23.0,35.0
25609,2025/2026,,,,
25610,2025/2026,22.0,20.0,36.0,2.0
25636,2025,34.0,3.0,22.0,11.0
25655,2025,25.0,7.0,5.0,4.0
25679,2025/2026,12.0,44.0,66.0,4.0
25680,2025/2026,20.0,57.0,40.0,46.0
25687,2025/2026,30.0,5.0,26.0,6.0
25709,2025/2026,16.0,54.0,64.0,82.0
25734,2025/2026,,,,
25738,2025/2026,,,,
25739,2025/2026,19.0,11.0,7.0,2.0
25769,2025/2026,,,,
25776,2025/2026,,,,
25792,2025/2026,47.0,60.0,33.0,126.0
25795,2025/2026,13.0,8.0,8.0,18.0
25796,2025/2026,,,,
25804,2025/2026,83.0,42.0,46.0,263.0
25818,2025,,,,
25826,2025/2026,15.0,86.0,62.0,186.0
25839,2025,14.0,4.0,12.0,12.0
25879,2025/2026,28.0,7.0,18.0,4.0
25897,2025,21.0,28.0,18.0,81.0
26015,2025/2026,29.0,20.0,61.0,26.0
26022,2025/2026,,,,
26027,2025/2026,,,,
26029,2025/2026,54.0,99.0,68.0,237.0
26030,2025/2026,,,,
26033,2025/2026,7.0,24.0,27.0,1.0
26035,2025/2026,48.0,12.0,18.0,11.0
26073,2025/2026,57.0,33.0,7.0,39.0
26208,2025/2026,30.0,52.0,144.0,52.0
26256,2025/2026,7.0,14.0,15.0,3.0
26294,2025/2026,47.0,17.0,15.0,5.0
26433,2025/2026,43.0,20.0,20.0,25.0
26491,2025/2026,,,,
26536,2025/2026,,,,
26579,2025/2026,16.0,26.0,55.0,4.0
26620,2025/2026,23.0,13.0,10.0,33.0
26687,2025/2026,22.0,8.0,12.0,6.0
26705,2025/2026,55.0,7.0,15.0,3.0
26719,2025/2026,30.0,3.0,15.0,5.0
26747,2025/2026,30.0,19.0,13.0,18.0
26768,2025/2026,,,,
26771,2025/2026,27.0,2.0,10.0,1.0
26786,2025/2026,45.0,24.0,19.0,4.0
26803,2025/2026,,,,
26813,2025/2026,36.0,47.0,71.0,182.0
26815,2025/2026,8.0,27.0,66.0,3.0
26823,2025/2026,,,,
26835,2025,,,,
26860,2025/2026,,,,
26867,2025/2026,16.0,60.0,71.0,106.0
26877,2025/2026,27.0,15.0,16.0,28.0
26895,2025/2026,5.0,35.0,14.0,23.0
26906,2025/2026,33.0,58.0,71.0,106.0
26913,2025/2026,,,,
26935,2025/2026,34.0,54.0,36.0,182.0
26955,2025/2026,,,,
26966,2025/2026,23.0,54.0,64.0,105.0
26969,2025/2026,24.0,11.0,23.0,97.0
26977,2025,,,,
26991,2025/2026,15.0,17.0,68.0,8.0
27133,2025/2026,,,,
27217,2025/2026,,,,
27234,2025/2026,4.0,18.0,8.0,39.0
27280,2025/2026,11.0,29.0,79.0,11.0
27592,2025/2026,40.0,22.0,5.0,21.0
27641,2025/2026,18.0,35.0,88.0,7.0
27718,2025/2026,47.0,8.0,6.0,79.0
27850,2025/2026,,,,
27854,2025/2026,50.0,26.0,18.0,60.0
27938,2025/2026,51.0,33.0,38.0,267.0
28009,2025/2026,35.0,9.0,15.0,2.0
28049,2025/2026,34.0,6.0,13.0,13.0
28212,2025/2026,9.0,4.0,10.0,49.0
28255,2025/2026,66.0,9.0,26.0,12.0
28256,2025/2026,65.0,29.0,9.0,36.0
28270,2025/2026,17.0,40.0,48.0,5.0
28287,2025/2026,,,,
28288,2025/2026,2.0,24.0,13.0,25.0
28349,2025/2026,,,,
28354,2025/2026,26.0,4.0,4.0,
28391,2025,66.0,11.0,8.0,7.0
28403,2025/2026,35.0,13.0,17.0,4.0
28418,2025/2026,23.0,13.0,34.0,16.0
28454,2025/2026,,,,
28477,2025/2026,38.0,28.0,50.0,88.0
28568,2025/2026,33.0,9.0,11.0,54.0
28570,2025/2026,,,,
28572,2025/2026,13.0,18.0,61.0,3.0
28637,2025/2026,43.0,43.0,33.0,101.0
28646,2025/2026,23.0,11.0,2.0,19.0
28650,2025/2026,46.0,20.0,29.0,51.0
28669,2025,27.0,46.0,14.0,45.0
28716,2025/2026,,,,
28731,2025/2026,42.0,16.0,35.0,14.0
28741,2025,,,,
28746,2025/2026,25.0,31.0,61.0,16.0
28763,2025/2026,39.0,36.0,57.0,102.0
28918,2025/2026,19.0,7.0,5.0,30.0
29040,2025,19.0,5.0,5.0,3.0
29106,2025/2026,43.0,6.0,10.0,1.0
29155,2025/2026,61.0,14.0,16.0,72.0
29181,2025,23.0,30.0,26.0,54.0
29184,2025/2026,,,,
29185,2025/2026,,,,
29205,2025/2026,24.0,49.0,48.0,421.0
29239,2025/2026,,,,
29265,2025/2026,18.0,31.0,73.0,9.0
29394,2025/2026,58.0,24.0,34.0,193.0
29478,2025/2026,,,,
29495,2025/2026,92.0,28.0,10.0,2.0
29748,2025,,,,
29952,2025/2026,,,,
30057,2025,,,,
30062,2025/2026,,,,
30066,2025/2026,36.0,10.0,29.0,169.0
30107,2025/2026,23.0,5.0,4.0,8.0
30178,2025/2026,,,,
30264,2025/2026,,,,
30286,2025,,,,
30291,2025/2026,12.0,41.0,78.0,9.0
30294,2025/2026,58.0,12.0,34.0,5.0
30618,2025/2026,5.0,26.0,9.0,26.0
30682,2025/2026,22.0,14.0,15.0,7.0
30696,2025/2026,34.0,21.0,12.0,24.0
30701,2025,55.0,28.0,28.0,70.0
30701,2025/2026,,,,
30782,2025/2026,67.0,19.0,17.0,3.0
30871,2025,,,,
30922,2025,,,,
30955,2025,,,,
30979,2025,,,,
31000,2025/2026,,,,
31002,2025/2026,36.0,34.0,54.0,171.0
31046,2025/2026,,,,
31051,2025/2026,15.0,1.0,5.0,
31054,2025/2026,5.0,16.0,25.0,40.0
31077,2025/2026,,,,
31124,2025/2026,29.0,7.0,14.0,84.0
31129,2025/2026,45.0,7.0,26.0,
31138,2025/2026,,,,
31173,2025/2026,,,,
31257,2025,,,,
31287,2025,,,,
31346,2025/2026,6.0,4.0,9.0,8.0
31353,2025/2026,33.0,20.0,9.0,41.0
31403,2025/2026,8.0,2.0,10.0,
31412,2025/2026,,,,
31433,2025,18.0,72.0,103.0,37.0
31439,2025/2026,6.0,23.0,16.0,53.0
31504,2025/2026,,,,
31532,2025/2026,,,,
31542,2025,36.0,39.0,67.0,47.0
31544,2025/2026,58.0,92.0,57.0,85.0
31561,2025/2026,,,,
31570,2025,32.0,18.0,7.0,28.0
31626,2025/2026,35.0,53.0,74.0,102.0
31638,2025,,,,
31639,2025/2026,,,,
31647,2025/2026,,,,
31653,2025/2026,,,,
31661,2025/2026,,,,
31684,2025/2026,,,,
31687,2025,,,,
31710,2025/2026,23.0,19.0,40.0,179.0
31712,2025/2026,,,,
31730,2025/2026,,,,
31739,2025/2026,,,,
31745,2025/2026,,,,
31757,2025/2026,4.0,9.0,55.0,15.0
31822,2025/2026,31.0,37.0,45.0,170.0
31824,2025/2026,,,,
31825,2025/2026,,,,
31836,2025/2026,,,,
31837,2025/2026,,,,
31854,2025/2026,25.0,10.0,7.0,24.0
31855,2025/2026,,,,
31864,2025/2026,,,,
31876,2025/2026,5.0,15.0,20.0,3.0
31907,2025/2026,,,,
31909,2025/2026,,,,
31913,2025/2026,,,,
31931,2025/2026,,,,
31946,2025/2026,13.0,20.0,109.0,15.0
31954,2025/2026,,,,
31982,2025/2026,,,,
31983,2025/2026,,,,
32020,2025/2026,21.0,31.0,15.0,33.0
32034,2025,,,,
32044,2025,,,,
32048,2025/2026,71.0,32.0,60.0,72.0
32058,2025/2026,,,,
32070,2025/2026,3.0,5.0,36.0,6.0
32096,2025/2026,28.0,19.0,23.0,75.0
32116,2025/2026,16.0,25.0,34.0,21.0
32122,2025/2026,31.0,65.0,77.0,25.0
32126,2025/2026,,,,
32130,2025/2026,54.0,31.0,44.0,118.0
32141,2025/2026,10.0,1.0,3.0,
32145,2025,,,,
32148,2025/2026,39.0,38.0,17.0,76.0
32155,2025/2026,,,,
32157,2025/2026,21.0,12.0,19.0,12.0
32158,2025/2026,,,,
32159,2025/2026,,,,
32169,2025/2026,,,,
32185,2025/2026,39.0,76.0,74.0,184.0
32206,2025/2026,29.0,43.0,24.0,22.0
32226,2025,,,,
32272,2025/2026,,,,
32302,2025/2026,10.0,27.0,16.0,15.0
32304,2025/2026,17.0,1.0,6.0,12.0
32314,2025/2026,24.0,16.0,16.0,109.0
32315,2025,15.0,22.0,62.0,54.0
32334,2025/2026,,,,
32340,2025,,,,
32355,2025,,,,
32361,2025/2026,,,,
32362,2025/2026,,,,
32367,2025,,,,
32372,2025/2026,,,,
32373,2025/2026,23.0,8.0,7.0,43.0
32374,2025,,,,
32378,2025/2026,21.0,10.0,8.0,7.0
32379,2025/2026,,,,
32384,2025/2026,,,,
32390,2025/2026,,,,
32391,2025,,,,
32392,2025/2026,,,,
32394,2025/2026,,,,
32395,2025/2026,23.0,11.0,11.0,30.0
32399,2025/2026,,,,
32403,2025/2026,,,,
32421,2025/2026,,,,
32438,2025/2026,,,,
32482,2025/2026,5.0,5.0,5.0,41.0
32508,2025/2026,,,,
32516,2025/2026,,,,
32518,2025/2026,24.0,20.0,22.0,183.0
32520,2025,,,,
32525,2025/2026,,,,
32535,2025/2026,14.0,38.0,21.0,25.0
32536,2025/2026,26.0,9.0,8.0,1.0
32538,2025/2026,,,,
32547,2025,,,,
32549,2025/2026,36.0,46.0,27.0,23.0
32553,2025/2026,10.0,19.0,102.0,5.0
32567,2025/2026,21.0,6.0,6.0,27.0
32568,2025/2026,,,,
32579,2025/2026,27.0,5.0,5.0,7.0
32582,2025/2026,,,,
32585,2025/2026,,,,
32586,2025,,,,
32588,2025/2026,40.0,84.0,49.0,130.0
32599,2025/2026,,,,
32613,2025/2026,22.0,2.0,10.0,2.0
32614,2025/2026,55.0,21.0,26.0,55.0
32621,2025/2026,20.0,11.0,5.0,62.0
32626,2025/2026,,,,
32636,2025/2026,34.0,78.0,48.0,70.0
32652,2025/2026,18.0,58.0,88.0,10.0
32653,2025/2026,44.0,20.0,22.0,127.0
32659,2025/2026,,,,
32663,2025/2026,31.0,8.0,15.0,14.0
32666,2025/2026,,,,
32672,2025,,,,
32672,2025/2026,21.0,3.0,6.0,1.0
32683,2025/2026,30.0,92.0,57.0,175.0
32695,2025/2026,,,,
32698,2025/2026,23.0,40.0,51.0,101.0
32710,2025/2026,,,,
32728,2025/2026,,,,
32738,2025/2026,,,,
32744,2025/2026,,,,
32747,2025/2026,40.0,13.0,19.0,22.0
32756,2025/2026,,,,
32761,2025/2026,14.0,1.0,9.0,
32769,2025/2026,,,,
32776,2025/2026,22.0,20.0,56.0,192.0
32792,2025/2026,,,,
32797,2025/2026,,,,
32802,2025,,,,
32803,2025/2026,,,,
33079,2025/2026,,,,
33121,2025/2026,19.0,91.0,97.0,206.0
33130,2025/2026,73.0,39.0,11.0,15.0
33191,2025,,,,
33301,2025/2026,32.0,4.0,8.0,5.0
33524,2025/2026,36.0,40.0,100.0,167.0
33591,2025/2026,37.0,7.0,11.0,9.0
33598,2025/2026,22.0,19.0,56.0,129.0
33612,2025/2026,,,,
33645,2025/2026,,,,
33677,2025/2026,37.0,5.0,11.0,20.0
33684,2025/2026,21.0,30.0,53.0,104.0
33685,2025/2026,,,,
33701,2025/2026,,,,
33717,2025,32.0,15.0,25.0,47.0
33747,2025/2026,,,,
33770,2025/2026,,,,
33784,2025/2026,,,,
33792,2025/2026,8.0,24.0,65.0,2.0
33793,2025/2026,,,,
33808,2025/2026,,,,
33811,2025/2026,68.0,43.0,54.0,52.0
33834,2025/2026,35.0,23.0,6.0,23.0
33850,2025,5.0,4.0,11.0,4.0
33930,2025/2026,19.0,27.0,22.0,95.0
34025,2025/2026,14.0,17.0,31.0,12.0
34039,2025/2026,21.0,32.0,31.0,34.0
34088,2025/2026,38.0,62.0,38.0,185.0
34097,2025/2026,24.0,3.0,4.0,
34098,2025/2026,,,,
34297,2025/2026,43.0,6.0,8.0,
34378,2025/2026,31.0,,22.0,
34398,2025/2026,20.0,,,
34442,2025/2026,,,,
34479,2025,,,,
34529,2025/2026,9.0,36.0,64.0,13.0
34621,2025/2026,8.0,28.0,18.0,27.0
34668,2025/2026,,,,
34687,2025,,,,
34691,2025/2026,55.0,15.0,28.0,193.0
34699,2025/2026,,,,
34700,2025/2026,,,,
34735,2025/2026,33.0,9.0,12.0,106.0
34779,2025,15.0,9.0,8.0,45.0
34838,2025,28.0,4.0,18.0,6.0
34870,2025/2026,53.0,26.0,19.0,69.0
34880,2025/2026,,,,
34928,2025,,,,
34953,2025/2026,28.0,9.0,14.0,53.0
35001,2025/2026,54.0,43.0,16.0,35.0
35036,2025,28.0,38.0,54.0,340.0
35037,2025/2026,19.0,13.0,16.0,8.0
35077,2025/2026,21.0,3.0,5.0,
35084,2025/2026,30.0,11.0,20.0,21.0
35137,2025/2026,,,,
35141,2025/2026,,,,
35154,2025/2026,29.0,50.0,31.0,68.0
35159,2025/2026,38.0,58.0,35.0,29.0
35162,2025/2026,20.0,1.0,5.0,
35180,2025/2026,8.0,4.0,36.0,2.0
35192,2025/2026,24.0,5.0,4.0,
35201,2025,36.0,9.0,25.0,4.0
35218,2025/2026,,,,
35228,2025/2026,,,,
35265,2025/2026,32.0,45.0,28.0,42.0
35270,2025/2026,16.0,4.0,22.0,4.0
35284,2025/2026,24.0,8.0,32.0,33.0
35287,2025/2026,25.0,14.0,10.0,10.0
35295,2025/2026,10.0,25.0,19.0,11.0
35305,2025/2026,7.0,3.0,5.0,3.0
35317,2025/2026,52.0,16.0,30.0,125.0
35329,2025,17.0,36.0,46.0,8.0
35349,2025/2026,,,,
35364,2025/2026,,,,
35574,2025/2026,,,,
35620,2025,,,,
35685,2025/2026,23.0,30.0,9.0,31.0
35718,2025,56.0,20.0,39.0,69.0
35815,2025/2026,,,,
35831,2025/2026,35.0,5.0,23.0,16.0
35845,2025/2026,14.0,15.0,43.0,10.0
35873,2025/2026,16.0,1.0,4.0,3.0
35971,2025/2026,40.0,11.0,27.0,1.0
36012,2025/2026,8.0,21.0,51.0,16.0
36119,2025/2026,,,,
36265,2025/2026,18.0,46.0,96.0,12.0
36404,2025/2026,11.0,30.0,33.0,17.0
36414,2025,7.0,68.0,43.0,49.0
36436,2025/2026,,,,
36455,2025,13.0,19.0,34.0,6.0
36488,2025/2026,5.0,6.0,20.0,3.0
36490,2025/2026,,,,
36547,2025/2026,,,,
36565,2025/2026,,,,
36604,2025,,,,
36609,2025/2026,26.0,30.0,18.0,14.0
36633,2025/2026,,,,
36653,2025/2026,27.0,10.0,6.0,10.0
36681,2025/2026,,,,
37659,2025,,,,
37735,2025,,,,
37742,2025/2026,39.0,11.0,3.0,9.0
37745,2025/2026,14.0,17.0,46.0,7.0
37773,2025/2026,7.0,23.0,52.0,8.0
38135,2025,15.0,2.0,5.0,7.0
38145,2025/2026,46.0,11.0,12.0,10.0
38153,2025/2026,41.0,20.0,24.0,120.0
38198,2025/2026,40.0,17.0,4.0,4.0
38208,2025/2026,32.0,24.0,7.0,18.0
38555,2025,6.0,21.0,32.0,6.0
38588,2025/2026,14.0,33.0,55.0,6.0
38673,2025/2026,12.0,50.0,45.0,102.0
38723,2025/2026,42.0,21.0,10.0,116.0
39141,2025/2026,56.0,33.0,64.0,48.0
39289,2025/2026,,,,
39468,2025,1.0,21.0,53.0,24.0
39525,2025/2026,5.0,13.0,62.0,7.0
39608,2025/2026,73.0,5.0,18.0,4.0
39977,2025/2026,,,,
40219,2025/2026,34.0,29.0,31.0,145.0
40570,2025/2026,31.0,4.0,7.0,1.0
41075,2025/2026,,,,
41077,2025/2026,,,,
41155,2025,23.0,7.0,5.0,22.0
41228,2025/2026,65.0,19.0,38.0,24.0
41288,2025/2026,43.0,36.0,18.0,6.0
41371,2025,,,,
41413,2025/2026,,,,
41547,2025,,,,
41963,2025/2026,,,,
42102,2025/2026,49.0,16.0,8.0,1.0
42507,2025,,,,
42710,2025/2026,12.0,12.0,43.0,6.0
42862,2025/2026,41.0,23.0,10.0,95.0
42980,2025/2026,,,,
43243,2025/2026,36.0,57.0,67.0,164.0
43244,2025/2026,13.0,32.0,27.0,63.0
43265,2025/2026,52.0,28.0,24.0,100.0
43380,2025,,,,
43381,2025/2026,41.0,67.0,31.0,105.0
43502,2025/2026,,,,
43504,2025/2026,6.0,10.0,43.0,11.0
43507,2025/2026,29.0,74.0,76.0,162.0
44040,2025/2026,45.0,82.0,43.0,104.0
44824,2025/2026,,,,
45565,2025/2026,7.0,31.0,31.0,31.0
45593,2025/2026,,,,
45639,2025/2026,,,,
45657,2025/2026,18.0,5.0,11.0,6.0
46031,2025/2026,63.0,33.0,22.0,57.0
46092,2025/2026,,,,
46695,2025,,,,
46982,2025/2026,32.0,7.0,4.0,1.0
47282,2025/2026,45.0,36.0,38.0,98.0
47394,2025/2026,27.0,37.0,19.0,56.0
47439,2025/2026,22.0,10.0,6.0,10.0
47454,2025/2026,13.0,6.0,1.0,1.0
47584,2025/2026,,,,
47589,2025/2026,34.0,13.0,22.0,11.0
47623,2025/2026,48.0,22.0,27.0,168.0
48434,2025/2026,38.0,3.0,12.0,1.0
48532,2025,,,,
49186,2025/2026,3.0,4.0,,2.0
49197,2025/2026,32.0,4.0,18.0,8.0
49353,2025/2026,,,,
49420,2025/2026,,,,
49707,2025,,,,
49786,2025/2026,,,,
50504,2025,,,,
50509,2025/2026,32.0,30.0,29.0,68.0
50538,2025/2026,14.0,51.0,59.0,65.0
50585,2025/2026,19.0,5.0,5.0,12.0
50828,2025/2026,,,,
50835,2025,,,,
50897,2025,,,,
50967,2025,,,,
51005,2025/2026,38.0,3.0,9.0,
51091,2025/2026,12.0,47.0,55.0,70.0
51669,2025/2026,9.0,8.0,31.0,2.0
51805,2025/2026,55.0,4.0,7.0,4.0
52170,2025/2026,14.0,10.0,16.0,3.0
52176,2025/2026,,,,
52294,2025/2026,15.0,6.0,5.0,21.0
52296,2025/2026,,,,
52356,2025/2026,4.0,40.0,37.0,21.0
52371,2025/2026,35.0,25.0,33.0,86.0
52375,2025,,,,
52387,2025/2026,42.0,31.0,19.0,88.0
52393,2025/2026,78.0,45.0,29.0,136.0
52406,2025/2026,11.0,18.0,38.0,3.0
52436,2025/2026,51.0,9.0,7.0,8.0
52439,2025/2026,24.0,13.0,12.0,2.0
52450,2025,19.0,14.0,20.0,67.0
52499,2025/2026,12.0,25.0,17.0,57.0
52536,2025/2026,11.0,16.0,33.0,16.0
52569,2025/2026,14.0,18.0,39.0,99.0
52573,2025/2026,,,,
52585,2025/2026,,,,
52598,2025/2026,54.0,82.0,28.0,103.0
52639,2025/2026,,,,
52645,2025/2026,19.0,16.0,37.0,14.0
52670,2025/2026,,,,
52671,2025/2026,,,,
52701,2025/2026,44.0,6.0,8.0,6.0
52711,2025/2026,30.0,11.0,12.0,2.0
52715,2025/2026,,,,
52731,2025/2026,9.0,3.0,10.0,3.0
52750,2025/2026,19.0,5.0,6.0,6.0
52767,2025/2026,25.0,38.0,41.0,39.0
52779,2025,31.0,37.0,52.0,75.0
52780,2025/2026,,,,
52785,2025,9.0,28.0,49.0,4.0
52792,2025/2026,,,,
52801,2025/2026,22.0,3.0,4.0,8.0
52813,2025/2026,28.0,24.0,40.0,10.0
52837,2025,,,,
52855,2025/2026,46.0,2.0,11.0,6.0
52860,2025/2026,16.0,54.0,19.0,44.0
52867,2025/2026,,,,
52868,2025/2026,,,,
52889,2025/2026,84.0,21.0,16.0,51.0
52903,2025/2026,3.0,17.0,28.0,4.0
52998,2025/2026,35.0,25.0,8.0,82.0
53317,2025/2026,60.0,11.0,13.0,10.0
53473,2025,,,,
53557,2025/2026,6.0,,7.0,2.0
53637,2025/2026,21.0,5.0,8.0,7.0
53700,2025/2026,23.0,8.0,3.0,25.0
53816,2025/2026,9.0,10.0,47.0,6.0
53882,2025/2026,77.0,11.0,13.0,13.0
53961,2025/2026,20.0,3.0,10.0,40.0
54013,2025/2026,65.0,36.0,29.0,43.0
54042,2025/2026,30.0,6.0,22.0,8.0
54061,2025/2026,47.0,22.0,29.0,158.0
54065,2025/2026,,,,
54086,2025/2026,49.0,27.0,38.0,44.0
54102,2025/2026,25.0,1.0,11.0,1.0
54128,2025/2026,68.0,24.0,20.0,104.0
54129,2025/2026,69.0,46.0,12.0,53.0
54131,2025,,,,
54164,2025/2026,26.0,33.0,32.0,9.0
54177,2025/2026,,,,
54206,2025/2026,33.0,4.0,25.0,3.0
54302,2025/2026,,,,
54303,2025/2026,,,,
54380,2025/2026,31.0,53.0,20.0,51.0
54392,2025/2026,74.0,24.0,40.0,5.0
54989,2025/2026,23.0,29.0,19.0,31.0
55330,2025/2026,13.0,17.0,15.0,6.0
55342,2025/2026,7.0,16.0,19.0,7.0
55444,2025/2026,26.0,2.0,15.0,11.0
55485,2025/2026,17.0,16.0,55.0,9.0
55954,2025/2026,42.0,2.0,22.0,
56081,2025/2026,10.0,5.0,12.0,
56385,2025/2026,,,,
56643,2025/2026,16.0,5.0,14.0,37.0
57493,2025/2026,41.0,18.0,28.0,1.0
57996,2025/2026,20.0,7.0,5.0,1.0
58363,2025/2026,19.0,28.0,58.0,38.0
58482,2025/2026,59.0,27.0,17.0,73.0
60270,2025/2026,,,,
61020,2025/2026,68.0,20.0,45.0,212.0
61072,2025/2026,24.0,8.0,30.0,70.0
61074,2025/2026,46.0,41.0,83.0,29.0
61080,2025/2026,16.0,3.0,11.0,1.0
61139,2025/2026,83.0,53.0,20.0,44.0
61187,2025/2026,73.0,14.0,28.0,15.0
61217,2025/2026,11.0,25.0,28.0,13.0
61289,2025/2026,49.0,33.0,48.0,69.0
61341,2025/2026,51.0,24.0,2.0,35.0
61365,2025/2026,34.0,2.0,18.0,1.0
61388,2025/2026,14.0,7.0,29.0,20.0
61503,2025/2026,31.0,5.0,16.0,11.0
61517,2025/2026,,,,
61532,2025,,,,
61654,2025/2026,64.0,20.0,16.0,58.0
61707,2025,,,,
61734,2025/2026,30.0,12.0,7.0,2.0
61736,2025,,,,
61780,2025/2026,,,,
61784,2025/2026,37.0,8.0,4.0,5.0
61806,2025/2026,,,,
61848,2025/2026,77.0,6.0,34.0,5.0
61870,2025/2026,63.0,21.0,29.0,106.0
61942,2025,,,,
61962,2025/2026,25.0,4.0,24.0,2.0
62024,2025/2026,1.0,17.0,45.0,31.0
62070,2025,,,,
62128,2025,,,,
62178,2025/2026,,,,
62181,2025/2026,,,,
62203,2025/2026,23.0,22.0,52.0,20.0
62212,2025/2026,,,,
62249,2025/2026,18.0,3.0,10.0,3.0
62258,2025/2026,,,,
62269,2025/2026,11.0,1.0,1.0,1.0
62289,2025/2026,38.0,,16.0,1.0
62303,2025,24.0,5.0,26.0,9.0
62316,2025/2026,36.0,85.0,84.0,84.0
62318,2025/2026,43.0,36.0,58.0,35.0
62320,2025,,,,
62328,2025/2026,41.0,18.0,41.0,48.0
62337,2025/2026,,,,
62342,2025/2026,,,,
62355,2025,,,,
62368,2025/2026,15.0,46.0,34.0,69.0
62372,2025/2026,32.0,36.0,50.0,117.0
62374,2025/2026,,,,
62395,2025/2026,18.0,3.0,6.0,1.0
62400,2025/2026,,,,
62403,2025/2026,22.0,34.0,32.0,56.0
62423,2025/2026,,,,
62427,2025/2026,,,,
62468,2025,,,,
62477,2025/2026,60.0,23.0,22.0,19.0
62495,2025/2026,,,,
62502,2025/2026,,,,
62507,2025/2026,,,,
62511,2025/2026,,,,
62513,2025/2026,49.0,11.0,22.0,63.0
62517,2025,,,,
62522,2025/2026,15.0,6.0,16.0,8.0
62536,2025/2026,37.0,8.0,21.0,92.0
62597,2025/2026,49.0,9.0,4.0,50.0
62599,2025/2026,22.0,53.0,42.0,78.0
62600,2025/2026,,,,
62611,2025/2026,25.0,9.0,11.0,5.0
62617,2025/2026,100.0,42.0,48.0,24.0
62619,2025/2026,,,,
62649,2025/2026,,,,
62659,2025/2026,35.0,9.0,11.0,70.0
62670,2025/2026,37.0,16.0,14.0,90.0
62683,2025/2026,51.0,8.0,21.0,23.0
62691,2025/2026,26.0,26.0,8.0,85.0
62701,2025/2026,3.0,1.0,1.0,
62714,2025,,,,
62717,2025/2026,37.0,1.0,15.0,
62718,2025/2026,55.0,21.0,16.0,105.0
62729,2025/2026,32.0,2.0,11.0,8.0
62734,2025/2026,,,,
62737,2025/2026,14.0,5.0,8.0,
62767,2025/2026,53.0,50.0,68.0,41.0
62770,2025/2026,,,,
62782,2025/2026,35.0,18.0,9.0,7.0
62855,2025/2026,28.0,10.0,11.0,10.0
62865,2025,,,,
62871,2025/2026,7.0,42.0,34.0,75.0
62872,2025/2026,,,,
62879,2025/2026,,,,
62885,2025/2026,,,,
62890,2025/2026,29.0,31.0,13.0,
62894,2025/2026,84.0,80.0,29.0,64.0
62896,2025,,,,
62898,2025/2026,33.0,5.0,3.0,9.0
62907,2025/2026,15.0,35.0,62.0,5.0
62908,2025/2026,,,,
62932,2025/2026,46.0,26.0,7.0,1.0
62943,2025,,,,
62946,2025/2026,30.0,9.0,5.0,5.0
62955,2025,,,,
62959,2025,8.0,52.0,16.0,21.0
62963,2025/2026,,,,
62989,2025/2026,,,,
63017,2025/2026,48.0,10.0,25.0,2.0
63020,2025/2026,,,,
63032,2025/2026,10.0,4.0,7.0,
63048,2025/2026,,,,
63049,2025/2026,40.0,5.0,6.0,19.0
63060,2025/2026,51.0,19.0,61.0,19.0
63074,2025/2026,42.0,13.0,14.0,56.0
63077,2025/2026,41.0,33.0,20.0,5.0
63106,2025/2026,49.0,29.0,24.0,87.0
63142,2025/2026,,,,
63150,2025/2026,19.0,7.0,27.0,3.0
63166,2025/2026,9.0,12.0,21.0,34.0
63168,2025/2026,22.0,23.0,32.0,58.0
63179,2025,,,,
63184,2025/2026,40.0,2.0,23.0,1.0
63194,2025/2026,25.0,17.0,13.0,25.0
63198,2025/2026,33.0,6.0,7.0,4.0
63213,2025/2026,30.0,3.0,5.0,2.0
63412,2025/2026,99.0,38.0,48.0,51.0
63570,2025/2026,40.0,12.0,3.0,4.0
63576,2025/2026,23.0,8.0,8.0,12.0
63907,2025/2026,76.0,11.0,22.0,113.0
63954,2025/2026,30.0,3.0,19.0,5.0
64020,2025/2026,,,,
64023,2025/2026,61.0,42.0,29.0,6.0
64042,2025/2026,,,,
64172,2025/2026,14.0,3.0,3.0,2.0
64188,2025/2026,16.0,24.0,30.0,4.0
64193,2025/2026,,,,
64202,2025/2026,48.0,46.0,33.0,154.0
64280,2025/2026,28.0,16.0,15.0,7.0
64296,2025/2026,23.0,11.0,12.0,3.0
64411,2025/2026,39.0,54.0,35.0,35.0
64767,2025/2026,47.0,19.0,,50.0
64996,2025/2026,38.0,15.0,10.0,123.0
65183,2025/2026,29.0,27.0,41.0,127.0
65386,2025/2026,62.0,63.0,11.0,43.0
65411,2025/2026,,,,
65516,2025/2026,19.0,22.0,32.0,66.0
65528,2025/2026,,,,
65548,2025/2026,22.0,28.0,24.0,61.0
65612,2025/2026,19.0,20.0,17.0,49.0
65639,2025/2026,13.0,3.0,10.0,9.0
65651,2025/2026,,,,
65689,2025/2026,41.0,48.0,19.0,53.0
66560,2025/2026,54.0,47.0,72.0,126.0
66790,2025/2026,11.0,21.0,23.0,18.0
66795,2025/2026,15.0,18.0,19.0,6.0
66845,2025/2026,21.0,8.0,13.0,
66946,2025/2026,29.0,108.0,63.0,39.0
67766,2025/2026,25.0,14.0,8.0,17.0
67827,2025/2026,27.0,28.0,30.0,61.0
67948,2025/2026,53.0,14.0,12.0,58.0
68034,2025,,,,
68081,2025/2026,52.0,13.0,11.0,65.0
68104,2025/2026,98.0,20.0,9.0,70.0
68262,2025/2026,24.0,5.0,15.0,2.0
68459,2025/2026,16.0,21.0,20.0,30.0
69502,2025,52.0,21.0,20.0,30.0
69513,2025/2026,11.0,9.0,35.0,5.0
69879,2025/2026,19.0,17.0,19.0,73.0
70025,2025,,,,
70043,2025/2026,14.0,1.0,13.0,1.0
70186,2025/2026,24.0,,18.0,1.0
70214,2025/2026,32.0,10.0,14.0,1.0
70428,2025/2026,8.0,5.0,10.0,63.0
70501,2025/2026,,,,
70688,2025/2026,,,,
70894,2025/2026,24.0,3.0,11.0,
70916,2025/2026,4.0,15.0,29.0,25.0
70917,2025,,,,
70927,2025/2026,22.0,8.0,6.0,16.0
70964,2025/2026,64.0,20.0,13.0,12.0
71024,2025/2026,49.0,4.0,6.0,3.0
71042,2025/2026,93.0,48.0,13.0,77.0
71124,2025,18.0,3.0,8.0,4.0
72780,2025/2026,,,,
72857,2025/2026,7.0,9.0,27.0,4.0
73004,2025/2026,,,,
73090,2025/2026,47.0,9.0,12.0,18.0
73145,2025/2026,,,,
73159,2025/2026,13.0,22.0,36.0,12.0
73237,2025,,,,
73278,2025/2026,35.0,55.0,24.0,253.0
73297,2025,,,,
73297,2025/2026,4.0,1.0,1.0,
73444,2025/2026,52.0,11.0,4.0,17.0
73448,2025/2026,12.0,51.0,25.0,31.0
73481,2025/2026,20.0,32.0,76.0,24.0
73519,2025/2026,67.0,24.0,29.0,39.0
73585,2025/2026,56.0,7.0,16.0,7.0
73602,2025/2026,,,,
73603,2025/2026,,,,
73622,2025/2026,63.0,28.0,10.0,61.0
73638,2025/2026,5.0,11.0,44.0,3.0
73659,2025/2026,35.0,12.0,7.0,72.0
73663,2025/2026,,,,
73676,2025/2026,,,,
73733,2025/2026,26.0,31.0,28.0,19.0
73737,2025,,,,
73793,2025/2026,44.0,12.0,17.0,4.0
73838,2025/2026,36.0,5.0,7.0,2.0
73844,2025/2026,13.0,17.0,33.0,4.0
73867,2025/2026,61.0,12.0,11.0,8.0
73871,2025/2026,31.0,19.0,51.0,57.0
73873,2025,22.0,2.0,7.0,
73906,2025/2026,,,,
73913,2025/2026,11.0,14.0,66.0,4.0
73932,2025/2026,21.0,8.0,7.0,37.0
73936,2025/2026,26.0,52.0,32.0,87.0
73972,2025/2026,32.0,8.0,22.0,13.0
73990,2025/2026,45.0,31.0,7.0,60.0
74008,2025,18.0,8.0,26.0,10.0
74016,2025/2026,10.0,22.0,11.0,32.0
74023,2025/2026,21.0,4.0,8.0,42.0
74028,2025/2026,,,,
74038,2025/2026,36.0,43.0,15.0,104.0
74060,2025/2026,,,,
74062,2025/2026,,,,
74082,2025/2026,33.0,6.0,15.0,1.0
74095,2025/2026,,,,
74099,2025/2026,61.0,5.0,16.0,1.0
74109,2025/2026,41.0,5.0,28.0,7.0
74116,2025/2026,,,,
74121,2025/2026,,,,
74193,2025/2026,7.0,7.0,54.0,13.0
74223,2025/2026,,,,
74250,2025,,,,
74274,2025/2026,60.0,7.0,12.0,4.0
74305,2025/2026,36.0,3.0,11.0,14.0
74322,2025/2026,51.0,33.0,4.0,87.0
74345,2025/2026,24.0,40.0,58.0,88.0
74803,2025/2026,,,,
74848,2025/2026,,,,
74887,2025/2026,105.0,22.0,26.0,17.0
74919,2025/2026,27.0,15.0,8.0,29.0
74957,2025/2026,,,,
74984,2025/2026,30.0,7.0,25.0,
75000,2025/2026,39.0,28.0,14.0,39.0
75070,2025/2026,74.0,43.0,43.0,7.0
75072,2025/2026,57.0,41.0,22.0,148.0
75098,2025/2026,32.0,51.0,31.0,20.0
75113,2025,,,,
75226,2025/2026,24.0,2.0,3.0,
75251,2025/2026,48.0,28.0,9.0,40.0
75498,2025/2026,16.0,2.0,15.0,11.0
75863,2025/2026,11.0,11.0,34.0,7.0
76025,2025/2026,22.0,2.0,2.0,1.0
77657,2025/2026,,,,
77794,2025/2026,25.0,49.0,32.0,25.0
77816,2025/2026,26.0,15.0,12.0,54.0
78039,2025/2026,41.0,55.0,29.0,31.0
78228,2025/2026,27.0,20.0,9.0,25.0
78282,2025/2026,,,,
78320,2025/2026,,,,
78369,2025/2026,14.0,1.0,8.0,4.0
78462,2025/2026,43.0,42.0,58.0,134.0
78966,2025/2026,8.0,7.0,16.0,116.0
79111,2025/2026,36.0,6.0,12.0,4.0
79179,2025/2026,14.0,18.0,51.0,33.0
79335,2025/2026,12.0,4.0,13.0,19.0
79491,2025/2026,42.0,14.0,13.0,91.0
79540,2025/2026,21.0,14.0,9.0,24.0
79574,2025/2026,23.0,12.0,18.0,17.0
79597,2025/2026,7.0,5.0,24.0,9.0
79626,2025/2026,26.0,8.0,20.0,6.0
79627,2025,26.0,21.0,27.0,201.0
79655,2025/2026,29.0,4.0,22.0,7.0
79839,2025/2026,26.0,9.0,13.0,26.0
79899,2025/2026,23.0,9.0,12.0,1.0
79920,2025/2026,21.0,9.0,3.0,25.0
79921,2025/2026,46.0,34.0,33.0,105.0
79972,2025/2026,34.0,11.0,15.0,23.0
79977,2025/2026,28.0,18.0,9.0,42.0
80080,2025/2026,24.0,22.0,18.0,89.0
80128,2025/2026,20.0,6.0,12.0,11.0
80151,2025/2026,19.0,75.0,68.0,169.0
80224,2025/2026,32.0,6.0,6.0,9.0
80228,2025/2026,21.0,31.0,24.0,72.0
80238,2025/2026,26.0,7.0,1.0,30.0
80261,2025/2026,19.0,14.0,10.0,30.0
80280,2025/2026,26.0,16.0,48.0,112.0
80304,2025/2026,,,,
80317,2025/2026,19.0,7.0,2.0,17.0
80318,2025/2026,19.0,19.0,7.0,11.0
80320,2025/2026,42.0,32.0,37.0,148.0
80331,2025/2026,14.0,11.0,16.0,14.0
80428,2025/2026,26.0,6.0,21.0,9.0
80505,2025/2026,32.0,8.0,27.0,13.0
80590,2025/2026,7.0,14.0,8.0,3.0
80601,2025/2026,40.0,6.0,17.0,28.0
80603,2025/2026,20.0,23.0,18.0,89.0
80619,2025/2026,29.0,14.0,14.0,38.0
80638,2025/2026,5.0,17.0,27.0,8.0
80655,2025/2026,,,,
80675,2025/2026,,,,
80677,2025/2026,12.0,24.0,20.0,14.0
80691,2025/2026,5.0,12.0,17.0,6.0
80699,2025/2026,27.0,16.0,20.0,11.0
80704,2025/2026,19.0,3.0,4.0,5.0
80707,2025/2026,6.0,15.0,83.0,13.0
80730,2025/2026,8.0,12.0,34.0,5.0
80737,2025/2026,19.0,22.0,18.0,79.0
80750,2025/2026,24.0,9.0,2.0,7.0
80780,2025/2026,13.0,41.0,49.0,41.0
80813,2025/2026,20.0,3.0,15.0,12.0
80838,2025/2026,4.0,5.0,9.0,1.0
80854,2025/2026,26.0,5.0,10.0,2.0
80880,2025/2026,3.0,14.0,34.0,1.0
80881,2025/2026,26.0,3.0,7.0,3.0
80890,2025/2026,20.0,7.0,14.0,25.0
80894,2025/2026,41.0,44.0,41.0,107.0
80902,2025/2026,,,,
80924,2025,26.0,13.0,21.0,39.0
80925,2025/2026,33.0,6.0,7.0,2.0
80926,2025/2026,3.0,15.0,53.0,3.0
80944,2025/2026,10.0,16.0,27.0,9.0
80949,2025/2026,23.0,25.0,12.0,46.0
80952,2025/2026,25.0,23.0,21.0,98.0
80955,2025/2026,37.0,41.0,25.0,33.0
81524,2025/2026,22.0,6.0,16.0,5.0
81552,2025/2026,39.0,38.0,17.0,9.0
81573,2025/2026,35.0,56.0,37.0,89.0
81598,2025/2026,7.0,11.0,18.0,9.0
81627,2025/2026,19.0,7.0,4.0,1.0
81662,2025/2026,19.0,12.0,16.0,18.0
81817,2025/2026,19.0,11.0,24.0,3.0
81827,2025/2026,47.0,17.0,32.0,215.0
81983,2025/2026,19.0,5.0,9.0,13.0
82028,2025/2026,16.0,14.0,4.0,6.0
82080,2025/2026,14.0,2.0,8.0,1.0
82172,2025/2026,41.0,8.0,10.0,11.0
82370,2025/2026,9.0,24.0,23.0,5.0
82371,2025/2026,27.0,4.0,11.0,1.0
82419,2025/2026,26.0,1.0,6.0,7.0
82492,2025/2026,27.0,,20.0,3.0
82717,2025/2026,48.0,20.0,33.0,19.0
82764,2025/2026,24.0,40.0,75.0,126.0
82841,2025/2026,28.0,12.0,24.0,64.0
83003,2025/2026,27.0,61.0,74.0,143.0
83014,2025,13.0,42.0,39.0,19.0
83069,2025/2026,44.0,14.0,16.0,16.0
83323,2025/2026,49.0,49.0,25.0,103.0
83417,2025/2026,34.0,19.0,50.0,95.0
83459,2025,,,,
83478,2025,22.0,6.0,20.0,18.0
83478,2025/2026,24.0,9.0,6.0,13.0
83488,2025,,,,
83566,2025/2026,21.0,9.0,10.0,17.0
83592,2025,45.0,51.0,51.0,68.0
83607,2025/2026,36.0,11.0,38.0,148.0
83638,2025/2026,40.0,17.0,15.0,26.0
83665,2025/2026,12.0,13.0,56.0,3.0
83716,2025/2026,46.0,9.0,22.0,2.0
83717,2025/2026,28.0,14.0,27.0,118.0
83721,2025/2026,69.0,30.0,16.0,10.0
83740,2025/2026,54.0,17.0,17.0,60.0
83799,2025,7.0,16.0,64.0,10.0
83799,2025/2026,9.0,14.0,26.0,5.0
83829,2025/2026,25.0,5.0,2.0,34.0
83865,2025/2026,41.0,13.0,6.0,35.0
83946,2025,29.0,2.0,8.0,26.0
83971,2025/2026,42.0,23.0,32.0,97.0
84031,2025/2026,76.0,12.0,16.0,7.0
84039,2025/2026,29.0,3.0,11.0,8.0
84059,2025/2026,50.0,31.0,32.0,89.0
84065,2025,12.0,10.0,45.0,2.0
84110,2025,24.0,8.0,13.0,10.0
84136,2025,,,,
84143,2025/2026,6.0,47.0,89.0,1.0
84168,2025,,,,
84168,2025/2026,,,,
84192,2025/2026,40.0,25.0,20.0,110.0
84217,2025,,,,
84221,2025/2026,15.0,13.0,3.0,40.0
84225,2025/2026,8.0,,1.0,12.0
84235,2025/2026,28.0,13.0,9.0,30.0
84260,2025/2026,20.0,20.0,41.0,49.0
84281,2025/2026,,,,
84286,2025/2026,50.0,51.0,34.0,137.0
84292,2025,,,,
84306,2025,17.0,48.0,27.0,29.0
84370,2025/2026,,,,
84398,2025,42.0,8.0,6.0,36.0
84399,2025,28.0,6.0,12.0,32.0
84406,2025/2026,24.0,21.0,19.0,71.0
84410,2025,16.0,5.0,4.0,3.0
84426,2025/2026,,,,
84440,2025/2026,18.0,1.0,13.0,2.0
84448,2025/2026,26.0,29.0,20.0,26.0
84453,2025/2026,33.0,5.0,21.0,12.0
84462,2025/2026,44.0,9.0,21.0,82.0
84466,2025/2026,64.0,18.0,24.0,13.0
84470,2025/2026,31.0,42.0,47.0,8.0
84474,2025,63.0,12.0,8.0,89.0
84482,2025/2026,29.0,12.0,19.0,49.0
84486,2025/2026,33.0,18.0,47.0,5.0
84491,2025/2026,,,,
84494,2025/2026,,,,
84495,2025/2026,,,,
84497,2025,27.0,51.0,45.0,82.0
84512,2025/2026,,,,
84528,2025/2026,,,,
84535,2025/2026,,,,
84538,2025,,,,
84554,2025/2026,42.0,44.0,47.0,153.0
84557,2025,23.0,22.0,31.0,69.0
84557,2025/2026,42.0,21.0,29.0,59.0
84568,2025/2026,46.0,9.0,19.0,148.0
84570,2025,18.0,25.0,30.0,68.0
84574,2025/2026,19.0,9.0,4.0,2.0
84589,2025/2026,21.0,7.0,9.0,
84594,2025/2026,42.0,1.0,9.0,15.0
84602,2025/2026,54.0,25.0,24.0,7.0
84603,2025,,,,
84604,2025/2026,,,,
84605,2025/2026,45.0,7.0,11.0,
84619,2025/2026,33.0,35.0,40.0,63.0
84620,2025,,,,
84621,2025/2026,27.0,10.0,5.0,34.0
84624,2025/2026,24.0,32.0,13.0,34.0
84625,2025/2026,,,,
84644,2025/2026,8.0,50.0,37.0,56.0
84648,2025,18.0,22.0,45.0,11.0
84658,2025/2026,,,,
84680,2025,26.0,8.0,13.0,3.0
84723,2025,35.0,11.0,10.0,6.0
84846,2025/2026,12.0,109.0,66.0,86.0
84908,2025/2026,8.0,17.0,30.0,13.0
84945,2025/2026,,,,
84950,2025/2026,37.0,17.0,1.0,2.0
84981,2025,58.0,26.0,20.0,70.0
85131,2025/2026,64.0,19.0,9.0,35.0
85269,2025/2026,37.0,24.0,27.0,60.0
85277,2025/2026,21.0,5.0,11.0,1.0
85298,2025,6.0,24.0,51.0,4.0
85349,2025/2026,18.0,12.0,25.0,68.0
85390,2025/2026,35.0,12.0,17.0,1.0
85511,2025/2026,25.0,3.0,5.0,1.0
85539,2025/2026,22.0,10.0,10.0,3.0
85605,2025/2026,20.0,6.0,7.0,
85607,2025/2026,33.0,9.0,11.0,48.0
85609,2025/2026,15.0,17.0,16.0,8.0
85619,2025/2026,21.0,35.0,56.0,30.0
85623,2025/2026,56.0,15.0,16.0,3.0
85654,2025,38.0,14.0,9.0,58.0
85659,2025,12.0,21.0,29.0,10.0
85680,2025/2026,45.0,16.0,21.0,19.0
85719,2025,,,,
85727,2025/2026,14.0,20.0,19.0,3.0
85731,2025/2026,14.0,2.0,11.0,3.0
85764,2025/2026,31.0,5.0,18.0,5.0
85768,2025/2026,23.0,9.0,7.0,10.0
85775,2025/2026,28.0,2.0,4.0,22.0
85866,2025/2026,37.0,17.0,12.0,57.0
85936,2025,,,,
85941,2025/2026,28.0,65.0,34.0,109.0
85943,2025/2026,22.0,33.0,33.0,34.0
85950,2025/2026,12.0,26.0,6.0,4.0
85953,2025,,,,
85997,2025/2026,,,,
86001,2025/2026,18.0,7.0,7.0,15.0
86033,2025/2026,29.0,18.0,21.0,7.0
86034,2025/2026,30.0,8.0,8.0,11.0
86855,2025/2026,50.0,8.0,13.0,3.0
87051,2025,14.0,4.0,15.0,7.0
87122,2025/2026,10.0,4.0,18.0,11.0
88119,2025/2026,,,,
89038,2025/2026,3.0,21.0,5.0,24.0
89089,2025,12.0,3.0,8.0,3.0
89721,2025/2026,22.0,8.0,11.0,71.0
90053,2025/2026,60.0,8.0,19.0,10.0
90686,2025,55.0,8.0,11.0,12.0
90696,2025,17.0,14.0,13.0,3.0
90728,2025,23.0,1.0,16.0,
90775,2025,19.0,27.0,52.0,72.0
90837,2025,23.0,6.0,16.0,13.0
91335,2025,47.0,12.0,16.0,21.0
91372,2025,24.0,25.0,55.0,40.0
91456,2025/2026,8.0,4.0,9.0,40.0
91461,2025,,,,
91570,2025,14.0,11.0,13.0,33.0
91599,2025,10.0,14.0,9.0,17.0
91601,2025,17.0,5.0,6.0,
91618,2025,21.0,4.0,7.0,26.0
91669,2025,22.0,,20.0,5.0
91682,2025,29.0,7.0,18.0,2.0
91728,2025,31.0,18.0,12.0,6.0
91818,2025,34.0,6.0,26.0,77.0
91826,2025,18.0,28.0,31.0,15.0
91872,2025,41.0,32.0,25.0,49.0
91879,2025,28.0,24.0,54.0,76.0
91887,2025,39.0,35.0,36.0,20.0
91889,2025,27.0,8.0,14.0,6.0
91921,2025,24.0,4.0,9.0,3.0
91924,2025/2026,102.0,41.0,25.0,180.0
92018,2025,34.0,14.0,12.0,35.0
92087,2025,28.0,26.0,31.0,25.0
92183,2025,12.0,11.0,28.0,30.0
92188,2025,13.0,2.0,12.0,10.0
92192,2025,33.0,17.0,18.0,14.0
92193,2025,14.0,10.0,46.0,6.0
92193,2025/2026,5.0,8.0,25.0,2.0
92276,2025,,,,
92348,2025/2026,7.0,19.0,61.0,5.0
92361,2025,46.0,186.0,83.0,77.0
92361,2025/2026,,,,
92718,2025,37.0,6.0,18.0,14.0
92767,2025/2026,12.0,5.0,23.0,3.0
93512,2025,,,,
93837,2025,32.0,16.0,6.0,9.0
93918,2025,33.0,6.0,12.0,35.0
93932,2025,13.0,39.0,48.0,50.0
93948,2025/2026,,,,
94073,2025/2026,,,,
94390,2025,34.0,31.0,30.0,53.0
95134,2025/2026,,,,
95150,2025/2026,23.0,5.0,7.0,2.0
95168,2025/2026,,,,
95172,2025/2026,,,,
95186,2025/2026,,,,
95202,2025/2026,,,,
95248,2025/2026,,,,
95334,2025/2026,,,,
95368,2025/2026,,,,
95395,2025/2026,,,,
95474,2025/2026,,,,
95597,2025/2026,,,,
95604,2025/2026,,,,
95635,2025/2026,,,,
95654,2025/2026,,,,
95672,2025/2026,71.0,26.0,28.0,38.0
95680,2025/2026,,,,
95694,2025/2026,,,,
95699,2025/2026,,,,
95754,2025/2026,21.0,9.0,2.0,7.0
95792,2025,,,,
95802,2025/2026,,,,
95823,2025/2026,27.0,14.0,20.0,5.0
95854,2025/2026,,,,
95896,2025/2026,27.0,8.0,9.0,3.0
95916,2025/2026,31.0,34.0,11.0,72.0
95932,2025/2026,,,,
95978,2025/2026,16.0,10.0,10.0,20.0
96002,2025/2026,,,,
96017,2025/2026,34.0,7.0,22.0,6.0
96032,2025/2026,94.0,33.0,33.0,9.0
96041,2025/2026,24.0,3.0,11.0,
96056,2025,19.0,10.0,9.0,21.0
96060,2025/2026,,,,
96070,2025/2026,,,,
96082,2025/2026,,,,
96083,2025/2026,,,,
96088,2025,,,,
96090,2025/2026,,,,
96091,2025/2026,,,,
96092,2025/2026,,,,
96099,2025/2026,,,,
96100,2025/2026,,,,
96102,2025/2026,50.0,15.0,23.0,13.0
96113,2025/2026,14.0,9.0,22.0,30.0
96122,2025/2026,,,,
96125,2025/2026,,,,
96146,2025,,,,
96157,2025/2026,29.0,50.0,43.0,15.0
96208,2025/2026,,,,
96222,2025/2026,,,,
96247,2025/2026,,,,
96250,2025/2026,,,,
96276,2025/2026,20.0,11.0,6.0,42.0
96285,2025/2026,,,,
96290,2025/2026,,,,
96294,2025/2026,,,,
96307,2025/2026,,,,
96310,2025,50.0,30.0,21.0,102.0
96315,2025/2026,53.0,32.0,23.0,10.0
96322,2025,,,,
96332,2025/2026,,,,
96348,2025/2026,,,,
96351,2025/2026,18.0,32.0,40.0,130.0
96353,2025/2026,,,,
96364,2025/2026,,,,
96394,2025/2026,,,,
96404,2025/2026,,,,
96417,2025/2026,14.0,17.0,27.0,1.0
96422,2025/2026,,,,
96426,2025/2026,,,,
96432,2025/2026,20.0,1.0,22.0,
96445,2025/2026,50.0,21.0,15.0,15.0
96463,2025/2026,,,,
96515,2025,,,,
96528,2025/2026,11.0,25.0,79.0,10.0
96536,2025/2026,20.0,12.0,23.0,28.0
96537,2025/2026,,,,
96540,2025/2026,,,,
96571,2025/2026,6.0,10.0,28.0,3.0
96596,2025/2026,,,,
96602,2025/2026,30.0,42.0,49.0,16.0
96606,2025,,,,
96608,2025/2026,,,,
96609,2025/2026,21.0,14.0,6.0,25.0
96610,2025/2026,,,,
96611,2025/2026,,,,
96612,2025/2026,44.0,8.0,3.0,15.0
96626,2025/2026,24.0,29.0,21.0,61.0
96629,2025/2026,39.0,74.0,46.0,176.0
96633,2025/2026,,,,
96635,2025/2026,,,,
96636,2025/2026,,,,
96640,2025,45.0,14.0,14.0,64.0
96656,2025/2026,,,,
96657,2025/2026,14.0,29.0,45.0,
96661,2025/2026,,,,
96663,2025/2026,,,,
96688,2025/2026,,,,
96689,2025/2026,,,,
96691,2025/2026,18.0,79.0,27.0,33.0
96695,2025/2026,32.0,13.0,13.0,6.0
96698,2025/2026,17.0,93.0,27.0,106.0
96702,2025/2026,,,,
96706,2025/2026,23.0,32.0,17.0,52.0
96714,2025/2026,9.0,17.0,15.0,43.0
96715,2025/2026,,,,
96722,2025/2026,,,,
96723,2025/2026,,,,
96733,2025/2026,,,,
96734,2025/2026,16.0,2.0,9.0,3.0
96740,2025/2026,,,,
96741,2025/2026,,,,
96744,2025/2026,25.0,21.0,5.0,125.0
96745,2025/2026,24.0,5.0,7.0,7.0
96756,2025,,,,
96765,2025/2026,,,,
96790,2025/2026,30.0,26.0,29.0,83.0
96792,2025/2026,,,,
96801,2025/2026,,,,
96804,2025/2026,,,,
96812,2025/2026,,,,
96818,2025/2026,61.0,47.0,6.0,27.0
96826,2025/2026,,,,
96829,2025/2026,15.0,5.0,10.0,3.0
96830,2025/2026,,,,
96838,2025/2026,112.0,32.0,15.0,18.0
96850,2025,,,,
96874,2025/2026,,,,
96884,2025/2026,,,,
96893,2025,,,,
96906,2025/2026,50.0,24.0,13.0,52.0
96914,2025,,,,
96915,2025/2026,,,,
96924,2025/2026,,,,
96929,2025/2026,11.0,10.0,11.0,
96943,2025/2026,,,,
96950,2025/2026,,,,
96956,2025/2026,30.0,4.0,6.0,2.0
96959,2025/2026,,,,
96962,2025/2026,,,,
96964,2025/2026,10.0,1.0,2.0,
96987,2025/2026,11.0,7.0,14.0,60.0
96988,2025/2026,24.0,11.0,22.0,34.0
97087,2025/2026,16.0,17.0,12.0,22.0
97149,2025/2026,,,,
97255,2025,,,,
97319,2025/2026,30.0,24.0,13.0,67.0
97350,2025,26.0,63.0,105.0,69.0
97387,2025/2026,58.0,62.0,52.0,124.0
97394,2025/2026,23.0,26.0,32.0,22.0
97434,2025/2026,40.0,66.0,34.0,95.0
97439,2025/2026,,,,
97454,2025/2026,,,,
97494,2025/2026,,,,
97544,2025/2026,,,,
97578,2025/2026,26.0,41.0,49.0,160.0
97592,2025/2026,8.0,17.0,16.0,1.0
97600,2025/2026,24.0,32.0,15.0,58.0
97608,2025/2026,,,,
97621,2025/2026,,,,
97626,2025/2026,,,,
97628,2025/2026,,,,
97636,2025/2026,20.0,7.0,11.0,25.0
97651,2025,,,,
97654,2025/2026,21.0,47.0,20.0,25.0
97664,2025/2026,,,,
97669,2025/2026,,,,
97692,2025/2026,,,,
97707,2025,,,,
97723,2025/2026,28.0,43.0,44.0,69.0
97724,2025/2026,21.0,2.0,2.0,1.0
97750,2025/2026,16.0,22.0,30.0,30.0
97771,2025,,,,
97811,2025/2026,,,,
97961,2025/2026,31.0,10.0,1.0,25.0
97989,2025/2026,66.0,28.0,9.0,75.0
98020,2025/2026,,,,
98079,2025/2026,,,,
98131,2025/2026,22.0,45.0,36.0,119.0
98350,2025/2026,34.0,18.0,19.0,69.0
98400,2025/2026,20.0,26.0,9.0,80.0
98420,2025/2026,58.0,14.0,21.0,7.0
98429,2025/2026,61.0,15.0,13.0,25.0
98457,2025/2026,,,,
98484,2025/2026,,,,
98519,2025/2026,13.0,2.0,7.0,4.0
98711,2025/2026,,,,
98739,2025/2026,,,,
98742,2025/2026,58.0,29.0,30.0,114.0
98744,2025/2026,31.0,11.0,11.0,9.0
98821,2025/2026,15.0,11.0,3.0,2.0
98833,2025/2026,20.0,11.0,6.0,5.0
98841,2025/2026,20.0,,12.0,3.0
98863,2025/2026,15.0,20.0,66.0,7.0
98868,2025/2026,,,,
98874,2025/2026,,,,
98885,2025/2026,15.0,17.0,55.0,4.0
98898,2025/2026,58.0,14.0,27.0,9.0
98912,2025/2026,18.0,22.0,24.0,32.0
98919,2025/2026,8.0,25.0,26.0,97.0
98956,2025/2026,63.0,23.0,22.0,96.0
98971,2025/2026,37.0,3.0,20.0,8.0
99000,2025/2026,,,,
99018,2025/2026,15.0,3.0,2.0,1.0
99019,2025/2026,10.0,31.0,36.0,28.0
99036,2025/2026,24.0,10.0,27.0,19.0
99039,2025/2026,16.0,31.0,28.0,10.0
99052,2025/2026,26.0,13.0,16.0,
99060,2025/2026,,,,
99064,2025/2026,19.0,1.0,6.0,1.0
99067,2025,,,,
99076,2025/2026,,,,
99097,2025/2026,,,,
99117,2025/2026,,,,
99138,2025/2026,,,,
99173,2025/2026,25.0,8.0,4.0,27.0
99181,2025/2026,25.0,6.0,19.0,2.0
99187,2025/2026,91.0,71.0,30.0,11.0
99228,2025/2026,22.0,6.0,25.0,
99534,2025/2026,,,,
99543,2025/2026,,,,
100143,2025/2026,54.0,44.0,34.0,6.0
100190,2025/2026,27.0,37.0,8.0,52.0
100362,2025/2026,28.0,9.0,18.0,
100370,2025/2026,33.0,10.0,11.0,4.0
100379,2025/2026,,,,
100385,2025/2026,,,,
100420,2025/2026,,,,
100535,2025,,,,
100556,2025/2026,,,,
100560,2025/2026,35.0,11.0,14.0,70.0
100580,2025/2026,,,,
100590,2025/2026,13.0,19.0,15.0,25.0
100618,2025/2026,19.0,12.0,15.0,7.0
101045,2025/2026,10.0,7.0,11.0,3.0
101153,2025/2026,9.0,22.0,26.0,5.0
101340,2025/2026,59.0,31.0,9.0,9.0
101427,2025,,,,
101641,2025/2026,14.0,8.0,6.0,43.0
101738,2025/2026,25.0,5.0,10.0,2.0
101745,2025/2026,34.0,13.0,13.0,2.0
101849,2025/2026,29.0,12.0,4.0,33.0
101962,2025/2026,9.0,37.0,39.0,6.0
101971,2025/2026,43.0,33.0,11.0,81.0
101987,2025/2026,14.0,41.0,26.0,79.0
102002,2025/2026,,,,
102012,2025/2026,10.0,19.0,90.0,12.0
102089,2025/2026,34.0,40.0,24.0,75.0
102094,2025/2026,36.0,42.0,17.0,11.0
102122,2025,,,,
102633,2025/2026,17.0,82.0,74.0,23.0
103140,2025/2026,7.0,24.0,65.0,7.0
103660,2025,,,,
103824,2025/2026,,,,
104100,2025/2026,78.0,25.0,26.0,6.0
104767,2025/2026,40.0,32.0,31.0,83.0
104916,2025/2026,32.0,13.0,12.0,16.0
105073,2025/2026,12.0,28.0,27.0,38.0
105926,2025/2026,26.0,9.0,10.0,9.0
106494,2025/2026,,,,
106505,2025/2026,40.0,68.0,74.0,36.0
106654,2025/2026,23.0,15.0,7.0,
106821,2025/2026,21.0,39.0,21.0,65.0
107871,2025/2026,20.0,4.0,11.0,1.0
107904,2025/2026,22.0,34.0,23.0,87.0
107908,2025/2026,20.0,3.0,12.0,2.0
107911,2025/2026,,,,
107938,2025/2026,36.0,26.0,42.0,88.0
107960,2025/2026,,,,
108160,2025/2026,,,,
108180,2025/2026,,,,
108296,2025/2026,36.0,25.0,32.0,130.0
108323,2025/2026,91.0,52.0,23.0,63.0
108470,2025/2026,26.0,77.0,147.0,56.0
108471,2025/2026,10.0,20.0,46.0,8.0
108568,2025/2026,21.0,6.0,8.0,9.0
108589,2025/2026,30.0,19.0,16.0,25.0
108604,2025/2026,10.0,10.0,28.0,6.0
108642,2025/2026,27.0,10.0,25.0,72.0
108646,2025,,,,
108656,2025/2026,20.0,6.0,4.0,4.0
108704,2025/2026,26.0,13.0,1.0,2.0
108734,2025/2026,32.0,20.0,15.0,76.0
108818,2025/2026,31.0,25.0,12.0,50.0
108904,2025/2026,8.0,,5.0,
108970,2025/2026,14.0,2.0,1.0,1.0
108988,2025/2026,19.0,19.0,8.0,39.0
109075,2025/2026,,,,
109096,2025/2026,36.0,35.0,17.0,77.0
109127,2025,,,,
109186,2025/2026,14.0,11.0,4.0,6.0
109193,2025/2026,36.0,12.0,13.0,3.0
109197,2025/2026,43.0,7.0,6.0,22.0
109204,2025/2026,38.0,41.0,25.0,79.0
109205,2025,,,,
109292,2025,,,,
109324,2025/2026,48.0,31.0,11.0,12.0
109348,2025/2026,,,,
109354,2025/2026,33.0,13.0,20.0,1.0
109355,2025/2026,23.0,8.0,2.0,19.0
109366,2025/2026,30.0,9.0,17.0,8.0
109375,2025/2026,25.0,14.0,20.0,4.0
109390,2025,,,,
109417,2025/2026,,,,
109586,2025/2026,18.0,32.0,35.0,8.0
109692,2025/2026,20.0,74.0,57.0,65.0
109916,2025,,,,
110003,2025,33.0,4.0,5.0,1.0
110097,2025/2026,24.0,5.0,4.0,3.0
110166,2025/2026,26.0,4.0,8.0,1.0
110265,2025/2026,,,,
110296,2025/2026,50.0,16.0,22.0,3.0
111645,2025/2026,11.0,23.0,88.0,14.0
111694,2025/2026,32.0,27.0,23.0,25.0
111772,2025,,,,
112028,2025/2026,10.0,55.0,45.0,21.0
112063,2025/2026,44.0,15.0,15.0,32.0
112328,2025/2026,34.0,19.0,9.0,13.0
112627,2025,,,,
112702,2025/2026,20.0,6.0,17.0,81.0
112755,2025/2026,47.0,14.0,15.0,49.0
112784,2025/2026,14.0,16.0,38.0,70.0
112856,2025/2026,32.0,16.0,17.0,7.0
112970,2025/2026,24.0,41.0,29.0,68.0
112979,2025/2026,9.0,8.0,7.0,58.0
112982,2025/2026,13.0,2.0,9.0,2.0
113228,2025,,,,
113681,2025/2026,31.0,11.0,22.0,3.0
113846,2025/2026,26.0,11.0,3.0,1.0
113887,2025/2026,36.0,8.0,6.0,5.0
113930,2025,,,,
113965,2025/2026,13.0,1.0,6.0,4.0
113979,2025/2026,22.0,11.0,5.0,13.0
113987,2025/2026,32.0,7.0,48.0,9.0
114021,2025/2026,47.0,24.0,39.0,88.0
114032,2025/2026,47.0,37.0,83.0,74.0
114034,2025/2026,15.0,53.0,42.0,20.0
114115,2025/2026,22.0,14.0,7.0,56.0
114116,2025/2026,21.0,11.0,13.0,5.0
114124,2025/2026,18.0,26.0,13.0,70.0
114149,2025/2026,24.0,13.0,12.0,24.0
114157,2025/2026,15.0,,1.0,
114160,2025/2026,31.0,39.0,54.0,104.0
114163,2025/2026,18.0,15.0,29.0,2.0
114179,2025,,,,
114185,2025,,,,
114187,2025/2026,40.0,25.0,13.0,45.0
114203,2025/2026,77.0,28.0,28.0,8.0
114204,2025/2026,8.0,4.0,3.0,10.0
114221,2025/2026,28.0,13.0,6.0,23.0
114226,2025/2026,23.0,12.0,5.0,18.0
114233,2025/2026,39.0,3.0,10.0,4.0
114288,2025/2026,35.0,6.0,3.0,3.0
114302,2025/2026,25.0,1.0,1.0,1.0
114377,2025/2026,20.0,10.0,29.0,3.0
114394,2025/2026,17.0,7.0,6.0,13.0
114481,2025/2026,28.0,48.0,59.0,134.0
114620,2025/2026,57.0,59.0,39.0,17.0
114937,2025/2026,17.0,15.0,12.0,71.0
115277,2025/2026,47.0,49.0,7.0,23.0
115309,2025/2026,62.0,38.0,14.0,12.0
115485,2025/2026,,,,
116733,2025/2026,53.0,37.0,23.0,151.0
116760,2025/2026,12.0,13.0,25.0,13.0
116764,2025/2026,18.0,6.0,9.0,58.0
116819,2025/2026,30.0,69.0,23.0,53.0
116888,2025/2026,29.0,5.0,15.0,9.0
116908,2025/2026,19.0,4.0,7.0,
116938,2025/2026,11.0,14.0,19.0,108.0
117051,2025/2026,32.0,5.0,21.0,19.0
117249,2025,16.0,39.0,35.0,44.0
117617,2025,27.0,27.0,15.0,30.0
117992,2025,21.0,22.0,10.0,9.0
118047,2025,14.0,20.0,50.0,41.0
118098,2025,21.0,7.0,6.0,45.0
118283,2025,19.0,15.0,69.0,8.0
118315,2025,25.0,30.0,58.0,70.0
118372,2025,33.0,20.0,39.0,29.0
118373,2025/2026,67.0,19.0,19.0,55.0
118421,2025,16.0,21.0,7.0,22.0
118453,2025,14.0,1.0,13.0,5.0
118490,2025,,,,
118581,2025,37.0,18.0,20.0,53.0
118608,2025,28.0,6.0,6.0,9.0
118633,2025,34.0,25.0,13.0,28.0
118648,2025/2026,7.0,10.0,5.0,44.0
118695,2025,20.0,162.0,111.0,106.0
118718,2025,31.0,22.0,16.0,106.0
118726,2025,8.0,63.0,35.0,30.0
118728,2025,31.0,3.0,17.0,7.0
118739,2025,5.0,40.0,50.0,5.0
118816,2025,27.0,2.0,7.0,6.0
118846,2025,29.0,20.0,9.0,46.0
118882,2025,8.0,17.0,29.0,8.0
118886,2025,12.0,26.0,19.0,42.0
118933,2025,7.0,40.0,51.0,70.0
118934,2025,40.0,28.0,17.0,32.0
118977,2025,11.0,45.0,15.0,37.0
118995,2025,15.0,24.0,21.0,29.0
118998,2025,15.0,17.0,13.0,11.0
119000,2025,15.0,6.0,6.0,1.0
119027,2025/2026,32.0,4.0,2.0,16.0
119035,2025,16.0,77.0,43.0,60.0
119097,2025,21.0,101.0,99.0,88.0
119478,2025,35.0,14.0,15.0,20.0
119557,2025,26.0,7.0,23.0,5.0
119634,2025/2026,39.0,42.0,18.0,87.0
119637,2025/2026,21.0,6.0,16.0,6.0
119699,2025,11.0,16.0,42.0,43.0
119778,2025,17.0,17.0,11.0,41.0
120062,2025,25.0,1.0,2.0,4.0
120081,2025,33.0,5.0,20.0,18.0
120090,2025,28.0,6.0,15.0,24.0
120156,2025,46.0,6.0,2.0,51.0
120207,2025,,,,
120251,2025,25.0,11.0,2.0,22.0
120272,2025,21.0,16.0,53.0,4.0
120283,2025,24.0,23.0,31.0,95.0
120293,2025,18.0,6.0,10.0,29.0
120605,2025,40.0,9.0,14.0,28.0
120759,2025,8.0,12.0,18.0,11.0
120779,2025,14.0,16.0,51.0,13.0
120887,2025,60.0,2.0,24.0,1.0
120957,2025,37.0,7.0,8.0,33.0
121111,2025,27.0,6.0,11.0,13.0
121275,2025,54.0,15.0,25.0,18.0
121297,2025,24.0,3.0,11.0,27.0
121309,2025,15.0,4.0,9.0,2.0
121411,2025,31.0,8.0,13.0,6.0
121440,2025,41.0,76.0,95.0,237.0
121543,2025,15.0,,11.0,3.0
121710,2025/2026,43.0,4.0,18.0,4.0
121748,2025,15.0,,10.0,6.0
121786,2025,23.0,3.0,15.0,4.0
121791,2025/2026,36.0,36.0,44.0,218.0
121792,2025/2026,43.0,80.0,45.0,106.0
121794,2025,73.0,49.0,27.0,62.0
122075,2025,10.0,15.0,23.0,20.0
122086,2025,26.0,7.0,19.0,6.0
122154,2025/2026,38.0,17.0,15.0,11.0
122501,2025,11.0,6.0,6.0,4.0
122612,2025,12.0,11.0,36.0,6.0
122905,2025/2026,24.0,3.0,3.0,15.0
123099,2025/2026,33.0,6.0,13.0,6.0
123117,2025,40.0,9.0,6.0,5.0
123121,2025,41.0,8.0,12.0,11.0
123426,2025,33.0,17.0,32.0,119.0
123528,2025,30.0,21.0,32.0,70.0
123567,2025,38.0,8.0,55.0,1.0
123659,2025/2026,32.0,12.0,13.0,13.0
123690,2025/2026,31.0,19.0,7.0,34.0
123947,2025/2026,21.0,18.0,12.0,28.0
124001,2025/2026,33.0,13.0,4.0,2.0
124015,2025/2026,6.0,11.0,34.0,3.0
124159,2025/2026,50.0,33.0,21.0,60.0
124165,2025/2026,33.0,10.0,4.0,44.0
124167,2025/2026,22.0,44.0,20.0,133.0
124248,2025/2026,18.0,21.0,21.0,40.0
124327,2025/2026,,,,
124910,2025/2026,33.0,13.0,3.0,56.0
124915,2025/2026,49.0,47.0,106.0,136.0
124917,2025/2026,26.0,35.0,31.0,21.0
125072,2025/2026,47.0,31.0,10.0,7.0
125134,2025/2026,24.0,11.0,16.0,1.0
125145,2025/2026,14.0,17.0,43.0,36.0
125149,2025/2026,16.0,37.0,56.0,54.0
125166,2025,,,,
125196,2025/2026,13.0,4.0,4.0,
125264,2025/2026,6.0,14.0,55.0,4.0
125381,2025/2026,23.0,19.0,78.0,5.0
125390,2025/2026,15.0,59.0,101.0,115.0
125393,2025/2026,31.0,48.0,37.0,72.0
125400,2025/2026,25.0,37.0,37.0,70.0
125412,2025/2026,46.0,22.0,5.0,2.0
125482,2025/2026,,,,
125561,2025/2026,24.0,25.0,33.0,35.0
125574,2025/2026,15.0,35.0,28.0,100.0
125609,2025,,,,
125646,2025/2026,23.0,4.0,14.0,29.0
125669,2025/2026,8.0,5.0,34.0,4.0
125677,2025/2026,3.0,2.0,1.0,
125732,2025/2026,23.0,40.0,66.0,56.0
125794,2025/2026,21.0,31.0,42.0,64.0
125919,2025/2026,17.0,3.0,4.0,2.0
125934,2025/2026,27.0,6.0,27.0,55.0
126103,2025/2026,40.0,37.0,17.0,199.0
126191,2025/2026,80.0,29.0,23.0,52.0
126314,2025/2026,19.0,17.0,12.0,2.0
126387,2025/2026,24.0,71.0,51.0,103.0
126398,2025/2026,39.0,30.0,50.0,74.0
126474,2025/2026,,,,
126504,2025/2026,34.0,21.0,55.0,74.0
126537,2025/2026,12.0,57.0,64.0,184.0
126554,2025/2026,8.0,8.0,6.0,11.0
126596,2025/2026,20.0,,5.0,2.0
126706,2025,,,,
126725,2025,,,,
126892,2025/2026,36.0,5.0,11.0,8.0
127023,2025/2026,80.0,42.0,15.0,11.0
127063,2025/2026,46.0,7.0,10.0,29.0
127219,2025/2026,20.0,10.0,3.0,17.0
127378,2025/2026,26.0,14.0,5.0,28.0
127454,2025/2026,47.0,30.0,35.0,81.0
127926,2025,30.0,42.0,41.0,72.0
128366,2025/2026,10.0,1.0,2.0,3.0
128508,2025/2026,12.0,5.0,7.0,11.0
128545,2025/2026,16.0,20.0,36.0,69.0
128819,2025,,,,
128839,2025,,,,
128853,2025,,,,
128854,2025,,,,
128873,2025/2026,,,,
128909,2025,,,,
128975,2025/2026,6.0,47.0,31.0,36.0
128993,2025/2026,,,,
129010,2025/2026,24.0,13.0,22.0,21.0
129013,2025/2026,7.0,38.0,60.0,20.0
129064,2025/2026,,,,
129072,2025/2026,,,,
129095,2025/2026,1.0,8.0,58.0,9.0
129112,2025/2026,36.0,9.0,29.0,15.0
129148,2025/2026,12.0,19.0,9.0,124.0
129167,2025,,,,
129167,2025/2026,29.0,24.0,13.0,21.0
129175,2025/2026,,,,
129187,2025,,,,
129202,2025/2026,,,,
129245,2025,,,,
129261,2025/2026,,,,
129384,2025/2026,26.0,4.0,12.0,2.0
129396,2025/2026,,,,
129405,2025,,,,
129412,2025/2026,,,,
129419,2025,,,,
129429,2025,,,,
129429,2025/2026,,,,
129433,2025/2026,,,,
129440,2025/2026,,,,
129446,2025/2026,25.0,18.0,13.0,38.0
129447,2025/2026,,,,
129453,2025/2026,7.0,16.0,24.0,51.0
129454,2025,,,,
129467,2025/2026,,,,
129476,2025/2026,,,,
129481,2025/2026,11.0,38.0,63.0,21.0
129494,2025/2026,58.0,26.0,40.0,31.0
129507,2025,,,,
129511,2025,,,,
129512,2025/2026,,,,
129515,2025/2026,13.0,4.0,4.0,2.0
129523,2025/2026,,,,
129553,2025/2026,,,,
129571,2025/2026,25.0,3.0,4.0,6.0
129596,2025,,,,
129600,2025/2026,,,,
129602,2025/2026,,,,
129609,2025/2026,,,,
129632,2025,,,,
129637,2025,,,,
129658,2025/2026,,,,
129660,2025/2026,,,,
129662,2025/2026,43.0,10.0,9.0,5.0
129664,2025/2026,,,,
129672,2025/2026,44.0,66.0,20.0,198.0
129677,2025/2026,,,,
129679,2025/2026,54.0,32.0,31.0,66.0
129686,2025/2026,,,,
129687,2025/2026,8.0,10.0,66.0,2.0
129694,2025,,,,
129696,2025/2026,71.0,27.0,21.0,11.0
129725,2025,,,,
129736,2025/2026,17.0,8.0,17.0,55.0
129749,2025/2026,41.0,19.0,24.0,7.0
129757,2025/2026,18.0,3.0,9.0,1.0
129759,2025,,,,
129769,2025/2026,60.0,42.0,19.0,66.0
129790,2025/2026,,,,
129794,2025/2026,,,,
129798,2025,,,,
129812,2025/2026,,,,
129818,2025/2026,,,,
129842,2025/2026,,,,
129857,2025/2026,20.0,32.0,37.0,97.0
129858,2025/2026,11.0,24.0,43.0,11.0
129862,2025/2026,,,,
129884,2025/2026,50.0,48.0,21.0,147.0
129885,2025/2026,10.0,16.0,48.0,5.0
129888,2025,,,,
129890,2025/2026,,,,
129900,2025/2026,23.0,22.0,7.0,103.0
129906,2025/2026,,,,
129907,2025/2026,54.0,32.0,14.0,56.0
129910,2025/2026,5.0,31.0,30.0,1.0
129926,2025/2026,,,,
129938,2025,,,,
129941,2025/2026,,,,
129944,2025/2026,,,,
129945,2025/2026,15.0,1.0,,11.0
129946,2025/2026,,,,
129949,2025/2026,14.0,7.0,6.0,
129968,2025/2026,,,,
129993,2025,,,,
130006,2025/2026,29.0,25.0,13.0,35.0
130007,2025/2026,,,,
130011,2025/2026,31.0,15.0,22.0,51.0
130022,2025/2026,53.0,11.0,22.0,6.0
130024,2025,,,,
130029,2025/2026,11.0,5.0,11.0,
130032,2025/2026,,,,
130042,2025/2026,,,,
130050,2025,22.0,5.0,12.0,7.0
130061,2025/2026,,,,
130066,2025/2026,44.0,49.0,26.0,156.0
130083,2025,,,,
130092,2025/2026,11.0,24.0,24.0,30.0
130103,2025/2026,3.0,10.0,22.0,5.0
130117,2025/2026,,,,
130120,2025/2026,,,,
130125,2025/2026,60.0,35.0,36.0,6.0
130127,2025/2026,36.0,49.0,39.0,210.0
130137,2025/2026,,,,
130140,2025,,,,
130142,2025/2026,41.0,6.0,17.0,2.0
130145,2025/2026,,,,
130154,2025/2026,13.0,7.0,4.0,14.0
130164,2025,,,,
130166,2025/2026,16.0,38.0,83.0,9.0
130174,2025,,,,
130177,2025,,,,
130184,2025/2026,9.0,11.0,31.0,7.0
130198,2025/2026,21.0,25.0,17.0,23.0
130216,2025/2026,10.0,5.0,2.0,3.0
130219,2025/2026,13.0,58.0,38.0,110.0
130248,2025/2026,,,,
130266,2025,,,,
130274,2025,,,,
130278,2025,,,,
130532,2025/2026,30.0,2.0,9.0,18.0
130652,2025/2026,41.0,5.0,16.0,13.0
130821,2025/2026,15.0,1.0,9.0,1.0
131074,2025/2026,52.0,10.0,7.0,
131271,2025/2026,,,,
131574,2025/2026,50.0,46.0,38.0,88.0
131637,2025/2026,,,,
131780,2025/2026,47.0,36.0,4.0,87.0
131815,2025/2026,26.0,17.0,14.0,45.0
131834,2025/2026,,,,
131838,2025/2026,12.0,29.0,25.0,4.0
131845,2025/2026,51.0,16.0,44.0,27.0
131848,2025/2026,25.0,20.0,32.0,63.0
131849,2025/2026,31.0,21.0,32.0,8.0
131862,2025/2026,32.0,13.0,21.0,23.0
131865,2025/2026,32.0,15.0,7.0,95.0
131876,2025/2026,72.0,17.0,8.0,5.0
131886,2025/2026,40.0,37.0,42.0,18.0
131895,2025/2026,,,,
131904,2025/2026,,,,
131915,2025/2026,24.0,3.0,,29.0
131943,2025/2026,2.0,5.0,5.0,17.0
131963,2025/2026,48.0,18.0,22.0,68.0
131974,2025/2026,4.0,17.0,40.0,15.0
131982,2025/2026,16.0,9.0,4.0,32.0
131999,2025/2026,,,,
132004,2025/2026,5.0,32.0,28.0,4.0
132027,2025/2026,5.0,,1.0,
132079,2025/2026,11.0,39.0,42.0,14.0
132120,2025/2026,28.0,35.0,7.0,22.0
132126,2025/2026,,,,
132132,2025/2026,51.0,4.0,33.0,5.0
132133,2025/2026,60.0,24.0,39.0,56.0
132165,2025/2026,46.0,39.0,22.0,66.0
132218,2025/2026,30.0,71.0,44.0,38.0
132231,2025/2026,8.0,17.0,19.0,49.0
132235,2025/2026,60.0,42.0,20.0,87.0
132239,2025/2026,22.0,29.0,36.0,53.0
132240,2025/2026,23.0,6.0,12.0,28.0
132241,2025/2026,30.0,23.0,20.0,24.0
132244,2025/2026,10.0,38.0,54.0,2.0
132249,2025/2026,,,,
132259,2025/2026,,,,
132266,2025/2026,40.0,12.0,15.0,48.0
132272,2025/2026,44.0,43.0,46.0,181.0
132282,2025/2026,2.0,28.0,51.0,5.0
132303,2025/2026,25.0,23.0,13.0,118.0
132342,2025/2026,9.0,11.0,21.0,72.0
132406,2025/2026,,,,
132539,2025/2026,12.0,21.0,18.0,107.0
132580,2025/2026,8.0,25.0,57.0,15.0
132599,2025/2026,36.0,27.0,48.0,175.0
132604,2025/2026,,,,
132610,2025/2026,26.0,31.0,21.0,22.0
132669,2025,,,,
132671,2025/2026,,,,
132680,2025/2026,8.0,4.0,2.0,2.0
132721,2025/2026,,,,
132862,2025/2026,43.0,33.0,33.0,112.0
132873,2025/2026,43.0,30.0,40.0,248.0
132929,2025/2026,11.0,33.0,42.0,7.0
132942,2025/2026,76.0,97.0,56.0,117.0
133025,2025/2026,35.0,3.0,11.0,19.0
133031,2025/2026,23.0,13.0,14.0,69.0
133035,2025/2026,33.0,14.0,6.0,7.0
133057,2025/2026,34.0,44.0,22.0,80.0
133127,2025/2026,,,,
133144,2025/2026,67.0,17.0,15.0,70.0
133150,2025/2026,5.0,34.0,17.0,14.0
133170,2025/2026,16.0,5.0,4.0,3.0
133204,2025,,,,
133206,2025/2026,14.0,1.0,2.0,4.0
133276,2025/2026,19.0,84.0,71.0,53.0
133297,2025/2026,13.0,42.0,55.0,10.0
133342,2025/2026,19.0,10.0,5.0,1.0
133364,2025/2026,,,,
133370,2025/2026,11.0,31.0,93.0,11.0
133523,2025/2026,13.0,31.0,52.0,18.0
133546,2025,,,,
133562,2025,,,,
133593,2025,,,,
133599,2025/2026,,,,
133621,2025/2026,32.0,9.0,38.0,3.0
133633,2025/2026,20.0,84.0,79.0,110.0
133671,2025/2026,,,,
133686,2025/2026,7.0,1.0,4.0,1.0
133702,2025/2026,14.0,11.0,15.0,7.0
133708,2025/2026,4.0,5.0,3.0,1.0
133710,2025,,,,
133712,2025/2026,21.0,1.0,11.0,
133740,2025/2026,3.0,17.0,13.0,1.0
133769,2025/2026,,,,
133797,2025/2026,,,,
133798,2025/2026,63.0,17.0,16.0,15.0
133805,2025/2026,10.0,22.0,44.0,28.0
133817,2025,,,,
133835,2025/2026,,,,
133847,2025/2026,,,,
133848,2025/2026,43.0,7.0,19.0,1.0
133891,2025/2026,58.0,5.0,14.0,7.0
133892,2025/2026,9.0,13.0,41.0,15.0
133934,2025/2026,2.0,10.0,52.0,4.0
133939,2025/2026,52.0,24.0,59.0,62.0
133948,2025/2026,51.0,4.0,19.0,1.0
133951,2025/2026,,,,
133955,2025/2026,25.0,19.0,63.0,299.0
133972,2025/2026,22.0,8.0,3.0,15.0
133975,2025/2026,23.0,11.0,7.0,11.0
133990,2025,,,,
134026,2025/2026,30.0,35.0,27.0,117.0
134034,2025/2026,,,,
134040,2025/2026,43.0,10.0,33.0,5.0
134041,2025/2026,24.0,34.0,36.0,94.0
134056,2025/2026,,,,
135843,2025/2026,,,,
136294,2025,25.0,33.0,19.0,115.0
136304,2025,17.0,10.0,8.0,28.0
136588,2025,9.0,,3.0,1.0
136807,2025,31.0,16.0,15.0,11.0
136847,2025,20.0,13.0,29.0,7.0
137081,2025/2026,5.0,17.0,29.0,1.0
137167,2025,6.0,9.0,18.0,2.0
137348,2025,26.0,82.0,31.0,164.0
137350,2025,13.0,75.0,74.0,52.0
137509,2025,72.0,55.0,23.0,106.0
137599,2025/2026,18.0,3.0,3.0,1.0
137607,2025/2026,41.0,16.0,5.0,25.0
137694,2025,12.0,45.0,24.0,47.0
137797,2025,38.0,2.0,14.0,22.0
137833,2025,11.0,3.0,60.0,3.0
138069,2025/2026,9.0,20.0,40.0,8.0
138504,2025/2026,,,,
138536,2025,4.0,1.0,4.0,1.0
138684,2025,23.0,30.0,27.0,44.0
139181,2025/2026,36.0,36.0,10.0,35.0
139186,2025/2026,21.0,19.0,10.0,13.0
139187,2025/2026,54.0,30.0,43.0,86.0
140869,2025/2026,16.0,16.0,25.0,18.0
141099,2025/2026,,,,
142162,2025,,,,
142218,2025/2026,,,,
142392,2025/2026,43.0,9.0,17.0,3.0
142445,2025/2026,,,,
142463,2025/2026,7.0,6.0,2.0,11.0
142516,2025/2026,12.0,20.0,32.0,6.0
142542,2025/2026,20.0,17.0,36.0,17.0
142613,2025/2026,,,,
142750,2025/2026,54.0,55.0,15.0,116.0
145531,2025/2026,56.0,26.0,11.0,83.0
145700,2025/2026,57.0,17.0,13.0,8.0
146530,2025/2026,7.0,19.0,25.0,4.0
146891,2025/2026,64.0,35.0,12.0,148.0
147512,2025/2026,20.0,9.0,19.0,2.0
147556,2025/2026,19.0,31.0,2.0,71.0
147783,2025/2026,33.0,18.0,35.0,25.0
147828,2025/2026,21.0,16.0,21.0,2.0
148853,2025/2026,17.0,18.0,25.0,91.0
149150,2025/2026,,,,
149231,2025/2026,39.0,33.0,21.0,57.0
149266,2025,19.0,37.0,30.0,51.0
149461,2025/2026,36.0,23.0,23.0,22.0
149574,2025/2026,28.0,49.0,45.0,73.0
149597,2025,52.0,9.0,48.0,125.0
150225,2025,29.0,23.0,6.0,28.0
150373,2025,38.0,14.0,18.0,90.0
150494,2025,28.0,29.0,9.0,59.0
150662,2025,,,,
150702,2025/2026,,,,
150726,2025,22.0,11.0,20.0,166.0
150759,2025/2026,48.0,54.0,77.0,98.0
150832,2025,19.0,52.0,72.0,22.0
150893,2025/2026,,,,
150923,2025,19.0,2.0,13.0,2.0
150936,2025,,,,
150936,2025/2026,,,,
151014,2025/2026,,,,
151058,2025,8.0,3.0,5.0,3.0
151073,2025,30.0,13.0,10.0,59.0
151107,2025,,,,
151123,2025,32.0,31.0,30.0,41.0
151127,2025,17.0,2.0,9.0,7.0
151158,2025,36.0,37.0,32.0,75.0
151192,2025,24.0,30.0,40.0,13.0
151210,2025,10.0,13.0,37.0,14.0
151223,2025,,,,
151243,2025,71.0,24.0,65.0,228.0
151252,2025,31.0,28.0,27.0,31.0
151288,2025,28.0,9.0,1.0,17.0
151306,2025,50.0,17.0,11.0,1.0
151319,2025,34.0,8.0,7.0,22.0
151336,2025,7.0,17.0,26.0,30.0
151338,2025,19.0,12.0,21.0,180.0
151356,2025,,,,
151410,2025,22.0,3.0,7.0,3.0
151418,2025/2026,,,,
151442,2025,22.0,3.0,24.0,6.0
151446,2025/2026,48.0,13.0,16.0,17.0
151452,2025,,,,
151470,2025/2026,41.0,10.0,36.0,97.0
151494,2025/2026,,,,
151511,2025,50.0,26.0,14.0,108.0
151532,2025,35.0,20.0,22.0,7.0
151533,2025,9.0,36.0,22.0,19.0
151551,2025/2026,52.0,26.0,28.0,100.0
151568,2025,50.0,73.0,18.0,60.0
151590,2025,,,,
151624,2025,15.0,23.0,21.0,68.0
151628,2025/2026,,,,
151646,2025,18.0,8.0,3.0,21.0
151690,2025,,,,
151713,2025/2026,43.0,19.0,28.0,2.0
151715,2025,34.0,111.0,55.0,68.0
151719,2025,45.0,98.0,91.0,221.0
151749,2025,26.0,15.0,41.0,27.0
151760,2025,20.0,4.0,18.0,12.0
152332,2025,4.0,15.0,30.0,5.0
152414,2025,15.0,4.0,6.0,6.0
152474,2025,26.0,2.0,7.0,12.0
152778,2025,44.0,25.0,4.0,19.0
152879,2025,23.0,5.0,10.0,25.0
152914,2025,31.0,24.0,7.0,61.0
153021,2025,20.0,35.0,21.0,51.0
153104,2025,24.0,2.0,14.0,2.0
153126,2025,15.0,4.0,22.0,4.0
153236,2025,18.0,4.0,6.0,1.0
153244,2025/2026,22.0,8.0,28.0,6.0
153412,2025,5.0,1.0,,15.0
153451,2025,35.0,4.0,22.0,2.0
154374,2025/2026,,,,
154421,2025/2026,,,,
154491,2025/2026,17.0,20.0,80.0,3.0
154729,2025/2026,39.0,3.0,18.0,5.0
154855,2025/2026,45.0,9.0,10.0,108.0
154892,2025,20.0,38.0,38.0,7.0
154981,2025/2026,28.0,14.0,17.0,2.0
155134,2025/2026,23.0,1.0,5.0,7.0
155136,2025/2026,4.0,12.0,21.0,3.0
155138,2025/2026,17.0,1.0,13.0,1.0
155152,2025/2026,,,,
155177,2025/2026,51.0,8.0,10.0,29.0
155180,2025/2026,,,,
155194,2025/2026,40.0,31.0,30.0,16.0
155232,2025/2026,26.0,24.0,25.0,46.0
155234,2025/2026,47.0,6.0,32.0,6.0
155252,2025/2026,13.0,10.0,27.0,6.0
155268,2025,45.0,14.0,20.0,102.0
155299,2025/2026,43.0,7.0,42.0,5.0
155309,2025/2026,32.0,20.0,24.0,8.0
155310,2025/2026,5.0,19.0,40.0,5.0
155331,2025/2026,,,,
155450,2025/2026,17.0,20.0,39.0,16.0
155460,2025/2026,,,,
155470,2025/2026,,,,
155503,2025/2026,20.0,13.0,32.0,46.0
155518,2025/2026,28.0,1.0,15.0,4.0
155550,2025/2026,38.0,16.0,13.0,58.0
155643,2025/2026,11.0,14.0,17.0,19.0
155682,2025/2026,56.0,23.0,60.0,56.0
155817,2025/2026,17.0,2.0,7.0,8.0
155838,2025/2026,21.0,17.0,44.0,13.0
155888,2025/2026,9.0,5.0,9.0,2.0
155889,2025/2026,,,,
155908,2025/2026,40.0,8.0,15.0,16.0
155940,2025/2026,29.0,20.0,15.0,18.0
155965,2025/2026,24.0,6.0,17.0,10.0
156003,2025/2026,16.0,15.0,17.0,6.0
156018,2025/2026,25.0,69.0,81.0,236.0
156180,2025/2026,,,,
156582,2025/2026,27.0,6.0,16.0,12.0
156828,2025/2026,60.0,27.0,31.0,100.0
156888,2025/2026,,,,
157030,2025/2026,7.0,23.0,21.0,40.0
157056,2025/2026,76.0,33.0,17.0,13.0
157081,2025,,,,
157170,2025/2026,34.0,34.0,38.0,68.0
157438,2025/2026,20.0,4.0,3.0,47.0
157511,2025/2026,25.0,26.0,6.0,45.0
157627,2025/2026,33.0,8.0,29.0,28.0
157780,2025/2026,25.0,32.0,16.0,125.0
157831,2025/2026,5.0,4.0,11.0,3.0
157836,2025/2026,20.0,14.0,38.0,4.0
157863,2025/2026,29.0,6.0,30.0,3.0
157939,2025/2026,37.0,41.0,28.0,94.0
157957,2025/2026,26.0,2.0,8.0,
157980,2025/2026,31.0,62.0,48.0,155.0
158051,2025/2026,27.0,19.0,8.0,37.0
158291,2025/2026,40.0,17.0,6.0,19.0
158387,2025/2026,61.0,42.0,6.0,105.0
158464,2025,,,,
158739,2025/2026,45.0,35.0,35.0,76.0
158756,2025/2026,11.0,,16.0,2.0
158769,2025/2026,33.0,27.0,17.0,6.0
158907,2025/2026,,,,
158927,2025,,,,
159096,2025,,,,
159120,2025,,,,
159143,2025/2026,11.0,,7.0,
159145,2025,,,,
159208,2025,,,,
159241,2025/2026,37.0,18.0,22.0,32.0
159361,2025/2026,29.0,43.0,26.0,39.0
159389,2025,,,,
159396,2025/2026,24.0,2.0,13.0,1.0
159402,2025/2026,14.0,24.0,25.0,4.0
159435,2025/2026,,,,
159455,2025/2026,,,,
159508,2025/2026,31.0,23.0,61.0,126.0
159510,2025/2026,64.0,14.0,3.0,34.0
159553,2025,,,,
159582,2025/2026,,,,
159589,2025/2026,,,,
159597,2025/2026,,,,
159599,2025/2026,37.0,2.0,10.0,2.0
159659,2025,,,,
159683,2025/2026,,,,
159699,2025/2026,,,,
159700,2025/2026,,,,
159702,2025/2026,,,,
159725,2025/2026,13.0,8.0,44.0,97.0
159728,2025/2026,,,,
159756,2025/2026,2.0,1.0,15.0,1.0
159759,2025,,,,
159809,2025/2026,9.0,27.0,115.0,12.0
159815,2025,,,,
159854,2025/2026,,,,
159868,2025,,,,
159875,2025,,,,
159893,2025,,,,
159895,2025,,,,
159901,2025/2026,,,,
159934,2025,,,,
159937,2025/2026,23.0,12.0,1.0,12.0
159945,2025/2026,39.0,11.0,11.0,84.0
159981,2025/2026,50.0,8.0,11.0,27.0
159986,2025,,,,
159987,2025/2026,29.0,106.0,49.0,88.0
160017,2025/2026,22.0,1.0,3.0,4.0
160046,2025/2026,,,,
160068,2025/2026,6.0,12.0,53.0,2.0
160072,2025/2026,,,,
160091,2025/2026,45.0,92.0,45.0,63.0
160094,2025,,,,
160097,2025/2026,9.0,16.0,41.0,3.0
160099,2025/2026,13.0,25.0,18.0,33.0
160110,2025/2026,51.0,56.0,14.0,42.0
160114,2025/2026,74.0,47.0,20.0,94.0
160117,2025/2026,,,,
160120,2025/2026,,,,
160165,2025/2026,,,,
160168,2025/2026,,,,
160173,2025/2026,50.0,32.0,13.0,47.0
160193,2025,,,,
160194,2025,,,,
160196,2025/2026,38.0,44.0,73.0,266.0
160206,2025/2026,,,,
160208,2025/2026,,,,
160217,2025/2026,,,,
160219,2025,,,,
160227,2025/2026,45.0,28.0,46.0,109.0
160247,2025/2026,,,,
160249,2025/2026,,,,
160256,2025,,,,
160258,2025/2026,,,,
160298,2025/2026,17.0,2.0,3.0,1.0
160316,2025/2026,,,,
160336,2025/2026,22.0,45.0,27.0,19.0
160341,2025/2026,7.0,20.0,31.0,49.0
160404,2025/2026,69.0,31.0,4.0,50.0
160435,2025,,,,
160452,2025/2026,24.0,8.0,5.0,85.0
160834,2025/2026,14.0,50.0,43.0,90.0
160850,2025/2026,13.0,5.0,4.0,
160928,2025/2026,32.0,43.0,35.0,159.0
160950,2025,,,,
160956,2025/2026,,,,
160960,2025,,,,
161117,2025,,,,
161131,2025,20.0,18.0,17.0,2.0
161197,2025/2026,39.0,109.0,17.0,69.0
161203,2025,,,,
161232,2025,,,,
161284,2025/2026,8.0,33.0,78.0,4.0
161308,2025/2026,46.0,95.0,50.0,65.0
161314,2025/2026,,,,
161320,2025,,,,
161320,2025/2026,,,,
161689,2025,,,,
161810,2025/2026,37.0,9.0,8.0,1.0
161811,2025,,,,
161849,2025,,,,
161996,2025/2026,23.0,36.0,37.0,42.0
162031,2025/2026,,,,
162041,2025/2026,36.0,70.0,43.0,61.0
162101,2025/2026,,,,
162177,2025,,,,
162179,2025/2026,14.0,12.0,20.0,36.0
162210,2025/2026,25.0,11.0,5.0,55.0
162216,2025/2026,14.0,1.0,4.0,1.0
162313,2025,,,,
162330,2025,,,,
162380,2025/2026,,,,
162382,2025/2026,,,,
162499,2025/2026,,,,
162500,2025/2026,40.0,46.0,20.0,94.0
162525,2025/2026,,,,
162526,2025,,,,
162536,2025/2026,,,,
162588,2025/2026,50.0,34.0,19.0,236.0
162643,2025/2026,21.0,12.0,5.0,3.0
162762,2025/2026,,,,
162769,2025/2026,,,,
162781,2025,,,,
162782,2025/2026,,,,
162790,2025/2026,6.0,37.0,39.0,48.0
162841,2025/2026,13.0,24.0,25.0,18.0
162852,2025/2026,,,,
162866,2025,,,,
162868,2025/2026,43.0,67.0,48.0,98.0
162869,2025/2026,38.0,8.0,7.0,1.0
162872,2025,,,,
162872,2025/2026,,,,
162880,2025/2026,23.0,18.0,14.0,52.0
162881,2025/2026,14.0,3.0,6.0,3.0
162932,2025/2026,,,,
162980,2025/2026,32.0,34.0,28.0,15.0
163019,2025/2026,38.0,4.0,10.0,
163029,2025,,,,
163034,2025/2026,35.0,51.0,55.0,27.0
163046,2025/2026,17.0,36.0,16.0,8.0
163108,2025/2026,,,,
163109,2025/2026,22.0,4.0,7.0,
163152,2025/2026,,,,
163157,2025,,,,
163181,2025/2026,,,,
163190,2025/2026,37.0,111.0,74.0,129.0
163202,2025/2026,,,,
163210,2025/2026,,,,
163420,2025/2026,65.0,27.0,24.0,13.0
163479,2025,,,,
163505,2025/2026,26.0,17.0,7.0,80.0
163588,2025/2026,,,,
163764,2025/2026,,,,
163886,2025/2026,19.0,15.0,17.0,92.0
163907,2025/2026,20.0,3.0,5.0,
163973,2025/2026,34.0,13.0,10.0,1.0
164061,2025/2026,,,,
164069,2025/2026,,,,
164132,2025/2026,37.0,64.0,29.0,22.0
164135,2025/2026,7.0,17.0,28.0,4.0
164276,2025,,,,
164430,2025/2026,44.0,8.0,13.0,41.0
164499,2025/2026,53.0,1.0,18.0,6.0
164918,2025/2026,13.0,8.0,23.0,83.0
164932,2025/2026,30.0,45.0,22.0,42.0
165093,2025/2026,55.0,69.0,24.0,103.0
165128,2025/2026,32.0,4.0,17.0,11.0
165159,2025/2026,67.0,74.0,69.0,94.0
165164,2025/2026,25.0,2.0,13.0,
165174,2025/2026,60.0,85.0,64.0,122.0
165187,2025/2026,49.0,4.0,7.0,3.0
165203,2025/2026,31.0,5.0,25.0,6.0
165208,2025,,,,
165211,2025/2026,15.0,41.0,39.0,18.0
165277,2025/2026,40.0,27.0,42.0,19.0
165309,2025/2026,10.0,37.0,25.0,17.0
165351,2025,,,,
165362,2025/2026,13.0,,10.0,5.0
165397,2025/2026,17.0,35.0,31.0,106.0
165456,2025/2026,61.0,60.0,30.0,112.0
165458,2025/2026,27.0,25.0,46.0,113.0
165464,2025/2026,30.0,60.0,67.0,65.0
165480,2025/2026,26.0,30.0,41.0,120.0
165524,2025/2026,41.0,28.0,15.0,140.0
165549,2025/2026,29.0,45.0,40.0,40.0
165553,2025/2026,48.0,21.0,19.0,1.0
165556,2025/2026,26.0,18.0,7.0,56.0
165579,2025/2026,27.0,4.0,11.0,2.0
165595,2025/2026,29.0,18.0,11.0,79.0
165603,2025/2026,50.0,7.0,18.0,2.0
165622,2025/2026,12.0,85.0,42.0,19.0
165632,2025/2026,36.0,26.0,53.0,6.0
165633,2025/2026,,,,
165644,2025/2026,24.0,88.0,34.0,91.0
165648,2025/2026,6.0,36.0,9.0,2.0
165652,2025/2026,26.0,10.0,11.0,63.0
165700,2025/2026,25.0,81.0,79.0,38.0
165701,2025/2026,23.0,19.0,38.0,64.0
165702,2025/2026,13.0,67.0,22.0,76.0
165719,2025/2026,18.0,13.0,24.0,6.0
165760,2025/2026,97.0,43.0,17.0,54.0
165860,2025/2026,29.0,6.0,12.0,4.0
165863,2025/2026,29.0,73.0,118.0,256.0
165872,2025/2026,13.0,27.0,19.0,44.0
165910,2025/2026,42.0,53.0,105.0,155.0
166010,2025/2026,16.0,22.0,24.0,83.0
166811,2025/2026,22.0,49.0,47.0,39.0
167149,2025/2026,35.0,10.0,8.0,30.0
167604,2025/2026,30.0,2.0,13.0,2.0
167608,2025/2026,15.0,49.0,47.0,5.0
167739,2025/2026,25.0,20.0,16.0,36.0
167754,2025/2026,34.0,3.0,11.0,
167842,2025/2026,22.0,16.0,5.0,74.0
167862,2025/2026,29.0,90.0,74.0,192.0
167914,2025/2026,28.0,29.0,26.0,67.0
169276,2025/2026,40.0,10.0,36.0,12.0
169407,2025/2026,11.0,9.0,7.0,31.0
169510,2025/2026,8.0,11.0,39.0,8.0
169759,2025/2026,21.0,24.0,9.0,23.0
169764,2025,,,,
169800,2025/2026,,,,
169846,2025,53.0,5.0,28.0,24.0
169875,2025/2026,19.0,3.0,4.0,9.0
169972,2025/2026,8.0,4.0,8.0,15.0
169982,2025/2026,16.0,5.0,6.0,3.0
170023,2025/2026,15.0,13.0,9.0,7.0
170070,2025/2026,30.0,20.0,35.0,65.0
170085,2025/2026,45.0,14.0,15.0,20.0
170138,2025/2026,8.0,1.0,7.0,4.0
170187,2025/2026,29.0,28.0,10.0,65.0
170199,2025/2026,,,,
170211,2025/2026,17.0,6.0,13.0,3.0
170271,2025/2026,31.0,61.0,31.0,70.0
170272,2025/2026,25.0,21.0,6.0,41.0
170323,2025,,,,
170377,2025,,,,
170461,2025/2026,39.0,2.0,16.0,16.0
170468,2025/2026,,,,
170523,2025/2026,20.0,72.0,52.0,11.0
170529,2025,18.0,5.0,12.0,10.0
170648,2025/2026,54.0,46.0,53.0,152.0
170649,2025/2026,28.0,7.0,14.0,4.0
170707,2025/2026,9.0,43.0,62.0,11.0
170708,2025,,,,
170713,2025/2026,37.0,12.0,43.0,14.0
171937,2025/2026,11.0,13.0,53.0,3.0
171964,2025/2026,26.0,2.0,4.0,3.0
171966,2025/2026,7.0,17.0,16.0,6.0
172078,2025/2026,33.0,6.0,7.0,9.0
172130,2025/2026,11.0,17.0,56.0,2.0
172232,2025/2026,23.0,29.0,35.0,87.0
172247,2025/2026,41.0,17.0,14.0,47.0
172250,2025/2026,20.0,11.0,37.0,10.0
172270,2025/2026,43.0,25.0,22.0,15.0
172357,2025/2026,33.0,50.0,32.0,89.0
172385,2025/2026,73.0,39.0,34.0,174.0
172394,2025/2026,,,,
172462,2025/2026,,,,
172575,2025/2026,79.0,18.0,12.0,28.0
172581,2025/2026,25.0,2.0,13.0,5.0
172600,2025/2026,24.0,15.0,20.0,63.0
172604,2025/2026,,,,
172611,2025/2026,,,,
172633,2025/2026,41.0,23.0,12.0,56.0
172752,2025/2026,,,,
172757,2025/2026,,,,
172795,2025/2026,15.0,51.0,54.0,32.0
172828,2025/2026,14.0,14.0,8.0,40.0
172920,2025/2026,79.0,19.0,33.0,16.0
172938,2025/2026,23.0,38.0,86.0,22.0
172953,2025/2026,33.0,50.0,35.0,154.0
172956,2025,27.0,54.0,41.0,36.0
172957,2025/2026,20.0,15.0,21.0,61.0
172960,2025/2026,59.0,25.0,29.0,168.0
172986,2025/2026,74.0,48.0,22.0,159.0
173003,2025/2026,44.0,62.0,53.0,306.0
173032,2025/2026,23.0,2.0,15.0,
173046,2025/2026,6.0,,7.0,2.0
173047,2025/2026,28.0,5.0,27.0,
173059,2025/2026,12.0,24.0,62.0,4.0
173061,2025,28.0,3.0,9.0,8.0
173068,2025/2026,27.0,10.0,9.0,88.0
173080,2025/2026,7.0,7.0,2.0,13.0
173081,2025/2026,27.0,9.0,28.0,9.0
173089,2025/2026,22.0,22.0,40.0,8.0
173106,2025/2026,,,,
173129,2025/2026,30.0,8.0,7.0,32.0
173154,2025/2026,45.0,11.0,14.0,
173158,2025/2026,40.0,58.0,37.0,33.0
173160,2025/2026,36.0,9.0,44.0,54.0
173208,2025/2026,84.0,15.0,18.0,25.0
173220,2025/2026,19.0,1.0,10.0,
173221,2025/2026,,,,
173230,2025/2026,36.0,100.0,79.0,235.0
173733,2025/2026,45.0,13.0,20.0,8.0
173737,2025/2026,,,,
173802,2025,19.0,8.0,2.0,37.0
173870,2025,10.0,13.0,37.0,10.0
173874,2025/2026,59.0,15.0,22.0,115.0
173891,2025/2026,35.0,18.0,10.0,29.0
173948,2025/2026,10.0,12.0,41.0,4.0
174044,2025/2026,54.0,54.0,39.0,48.0
174158,2025/2026,16.0,6.0,10.0,23.0
174199,2025/2026,18.0,17.0,7.0,19.0
174211,2025/2026,31.0,15.0,19.0,13.0
174296,2025/2026,13.0,17.0,31.0,6.0
174353,2025/2026,38.0,10.0,12.0,5.0
174388,2025/2026,32.0,6.0,19.0,1.0
174995,2025/2026,68.0,55.0,43.0,73.0
175126,2025/2026,112.0,74.0,49.0,420.0
175335,2025/2026,18.0,38.0,30.0,216.0
175530,2025/2026,13.0,12.0,32.0,3.0
175572,2025,,,,
176079,2025/2026,32.0,42.0,25.0,98.0
176702,2025,,,,
177330,2025/2026,42.0,15.0,19.0,83.0
177345,2025/2026,61.0,15.0,7.0,14.0
177364,2025/2026,9.0,,,8.0
177383,2025/2026,11.0,,4.0,1.0
177415,2025,11.0,11.0,93.0,5.0
177598,2025/2026,28.0,15.0,22.0,115.0
177599,2025/2026,26.0,32.0,22.0,7.0
177606,2025/2026,17.0,2.0,2.0,44.0
177627,2025/2026,33.0,28.0,24.0,236.0
177631,2025,,,,
177643,2025/2026,,,,
177645,2025/2026,48.0,42.0,37.0,51.0
177654,2025/2026,,7.0,6.0,1.0
177663,2025/2026,31.0,25.0,3.0,95.0
177670,2025/2026,27.0,2.0,14.0,6.0
177705,2025/2026,22.0,41.0,27.0,182.0
177741,2025,,,,
177744,2025/2026,6.0,19.0,7.0,76.0
177750,2025/2026,,,,
177771,2025/2026,68.0,28.0,34.0,22.0
177772,2025/2026,14.0,25.0,51.0,84.0
177775,2025/2026,42.0,25.0,15.0,8.0
177791,2025/2026,21.0,17.0,15.0,61.0
177794,2025/2026,43.0,5.0,11.0,2.0
177821,2025/2026,13.0,26.0,20.0,28.0
177835,2025/2026,40.0,17.0,29.0,41.0
177897,2025/2026,23.0,48.0,32.0,76.0
177917,2025,68.0,11.0,43.0,12.0
177949,2025/2026,14.0,4.0,4.0,7.0
177988,2025/2026,,,,
177992,2025/2026,20.0,46.0,54.0,17.0
178032,2025/2026,,,,
178034,2025/2026,17.0,3.0,15.0,2.0
178049,2025/2026,17.0,16.0,77.0,4.0
178069,2025/2026,28.0,12.0,10.0,4.0
178084,2025/2026,12.0,19.0,11.0,61.0
178552,2025/2026,19.0,3.0,3.0,7.0
178946,2025/2026,34.0,36.0,35.0,112.0
179049,2025/2026,15.0,28.0,23.0,21.0
179081,2025/2026,6.0,33.0,46.0,12.0
179255,2025/2026,71.0,47.0,8.0,43.0
179709,2025/2026,52.0,9.0,14.0,4.0
179720,2025/2026,37.0,25.0,16.0,74.0
179740,2025/2026,25.0,10.0,3.0,47.0
179771,2025/2026,25.0,21.0,20.0,33.0
179803,2025/2026,49.0,31.0,19.0,89.0
179805,2025/2026,38.0,41.0,64.0,31.0
180086,2025/2026,17.0,4.0,7.0,
180105,2025,,,,
180563,2025/2026,20.0,13.0,8.0,60.0
180616,2025/2026,23.0,19.0,23.0,7.0
180630,2025/2026,25.0,32.0,62.0,93.0
180776,2025/2026,45.0,22.0,20.0,12.0
180791,2025/2026,18.0,27.0,26.0,50.0
180800,2025/2026,42.0,28.0,2.0,9.0
180806,2025/2026,26.0,13.0,34.0,8.0
180866,2025/2026,39.0,12.0,25.0,238.0
180871,2025/2026,54.0,29.0,29.0,55.0
180894,2025/2026,,,,
180916,2025/2026,44.0,21.0,15.0,66.0
180960,2025/2026,29.0,7.0,12.0,1.0
180971,2025,,,,
181000,2025/2026,20.0,4.0,6.0,18.0
181037,2025/2026,49.0,9.0,15.0,86.0
181049,2025/2026,3.0,,1.0,3.0
181063,2025/2026,20.0,30.0,46.0,8.0
181085,2025/2026,27.0,4.0,15.0,1.0
181087,2025/2026,13.0,61.0,55.0,41.0
181096,2025/2026,10.0,6.0,7.0,
181115,2025/2026,3.0,24.0,29.0,25.0
181118,2025/2026,3.0,16.0,55.0,3.0
181131,2025/2026,33.0,5.0,18.0,8.0
181171,2025/2026,42.0,23.0,8.0,62.0
181218,2025/2026,18.0,13.0,7.0,27.0
181229,2025/2026,16.0,4.0,3.0,10.0
181258,2025/2026,37.0,19.0,18.0,8.0
181276,2025/2026,31.0,13.0,9.0,3.0
181287,2025/2026,23.0,5.0,8.0,1.0
181308,2025/2026,31.0,13.0,8.0,3.0
181323,2025/2026,31.0,9.0,12.0,26.0
181449,2025/2026,,,,
181486,2025/2026,48.0,16.0,7.0,43.0
181490,2025/2026,12.0,12.0,9.0,34.0
181497,2025/2026,45.0,32.0,15.0,18.0
181528,2025/2026,42.0,11.0,8.0,9.0
181588,2025/2026,34.0,17.0,2.0,59.0
181933,2025/2026,20.0,8.0,7.0,5.0
182055,2025/2026,29.0,3.0,14.0,1.0
182146,2025/2026,42.0,48.0,41.0,46.0
182203,2025/2026,6.0,14.0,19.0,1.0
182501,2025/2026,52.0,21.0,19.0,41.0
182558,2025/2026,59.0,11.0,4.0,6.0
182628,2025,,,,
182781,2025/2026,,,,
182905,2025/2026,3.0,16.0,34.0,5.0
183013,2025/2026,19.0,5.0,11.0,30.0
183305,2025/2026,48.0,7.0,6.0,4.0
183344,2025/2026,,,,
183410,2025/2026,24.0,40.0,15.0,16.0
183440,2025/2026,4.0,15.0,38.0,5.0
183451,2025/2026,41.0,5.0,23.0,7.0
183503,2025/2026,5.0,9.0,16.0,4.0
183535,2025/2026,16.0,7.0,8.0,6.0
184259,2025,48.0,30.0,26.0,10.0
184723,2025/2026,39.0,20.0,31.0,11.0
184759,2025/2026,,,,
184798,2025,,,,
184941,2025/2026,,,,
185047,2025/2026,41.0,17.0,32.0,167.0
185400,2025/2026,,,,
185480,2025,,,,
185571,2025/2026,,,,
185573,2025/2026,,,,
185579,2025/2026,,,,
185658,2025/2026,,,,
185698,2025/2026,18.0,10.0,33.0,8.0
185741,2025/2026,43.0,61.0,28.0,62.0
185847,2025/2026,109.0,22.0,6.0,7.0
185848,2025/2026,,,,
185923,2025/2026,,,,
185961,2025/2026,,,,
185992,2025,,,,
186025,2025/2026,,,,
186055,2025,,,,
186063,2025/2026,,,,
186134,2025/2026,30.0,23.0,2.0,29.0
186147,2025/2026,32.0,3.0,8.0,23.0
186155,2025/2026,20.0,6.0,7.0,7.0
186159,2025/2026,,,,
186173,2025/2026,,,,
186287,2025/2026,39.0,15.0,15.0,38.0
186292,2025/2026,35.0,22.0,21.0,7.0
186299,2025/2026,,,,
186320,2025,,,,
186322,2025/2026,,,,
186329,2025/2026,,,,
186337,2025/2026,,,,
186353,2025/2026,,,,
186354,2025/2026,42.0,1.0,13.0,1.0
186358,2025/2026,,,,
186370,2025/2026,,,,
186371,2025/2026,47.0,21.0,30.0,41.0
186389,2025/2026,29.0,16.0,14.0,41.0
186390,2025/2026,38.0,39.0,81.0,33.0
186394,2025/2026,30.0,3.0,8.0,8.0
186411,2025,,,,
186412,2025,,,,
186415,2025,,,,
186426,2025/2026,,,,
186427,2025/2026,39.0,48.0,14.0,70.0
186431,2025,,,,
186437,2025/2026,,,,
186450,2025/2026,28.0,,3.0,
186470,2025/2026,,,,
186475,2025/2026,,,,
186488,2025,,,,
186510,2025/2026,43.0,14.0,5.0,45.0
186513,2025/2026,71.0,141.0,115.0,200.0
186514,2025/2026,,,,
186524,2025/2026,24.0,43.0,33.0,95.0
186539,2025/2026,,,,
186551,2025,,,,
186552,2025/2026,,,,
186585,2025/2026,,,,
186595,2025/2026,,,,
186635,2025/2026,,,,
186646,2025/2026,,,,
186660,2025/2026,,,,
186662,2025/2026,,,,
186668,2025/2026,14.0,29.0,68.0,124.0
186675,2025/2026,,,,
186680,2025,,,,
186690,2025/2026,46.0,25.0,15.0,70.0
186694,2025/2026,,,,
186710,2025/2026,,,,
186733,2025,,,,
186735,2025/2026,,,,
186741,2025/2026,11.0,19.0,10.0,31.0
186742,2025/2026,,,,
186743,2025/2026,14.0,11.0,6.0,11.0
186766,2025/2026,,,,
186795,2025/2026,,,,
186797,2025/2026,,,,
186800,2025,,,,
186801,2025/2026,,,,
186815,2025/2026,,,,
186848,2025/2026,,,,
186864,2025/2026,,,,
186869,2025/2026,7.0,13.0,49.0,1.0
186877,2025/2026,,,,
186895,2025/2026,35.0,9.0,8.0,17.0
186899,2025,,,,
186907,2025/2026,23.0,21.0,47.0,14.0
186909,2025,,,,
186910,2025/2026,,,,
186911,2025,,,,
186921,2025/2026,32.0,13.0,8.0,5.0
186922,2025/2026,,,,
186932,2025/2026,,,,
186942,2025,,,,
186945,2025/2026,14.0,38.0,21.0,16.0
186954,2025/2026,,,,
186965,2025/2026,,,,
186968,2025/2026,,,,
186982,2025/2026,,,,
186983,2025/2026,,,,
186994,2025,,,,
186995,2025/2026,,,,
187010,2025/2026,,,,
187013,2025/2026,,,,
187020,2025,,,,
187032,2025/2026,,,,
187050,2025/2026,26.0,51.0,76.0,13.0
187052,2025,,,,
187056,2025/2026,33.0,1.0,17.0,4.0
187060,2025/2026,21.0,22.0,44.0,89.0
187063,2025/2026,,,,
187074,2025/2026,19.0,18.0,12.0,10.0
187079,2025/2026,,,,
187098,2025/2026,,,,
187102,2025/2026,50.0,28.0,33.0,101.0
187128,2025/2026,29.0,42.0,46.0,34.0
187136,2025,,,,
187142,2025/2026,22.0,6.0,8.0,4.0
187160,2025/2026,3.0,13.0,41.0,2.0
187162,2025/2026,39.0,1.0,13.0,
187166,2025/2026,34.0,46.0,46.0,58.0
187167,2025/2026,,,,
187170,2025/2026,,,,
187172,2025/2026,4.0,19.0,79.0,32.0
187220,2025/2026,36.0,27.0,9.0,16.0
187225,2025/2026,47.0,7.0,28.0,141.0
187237,2025/2026,51.0,8.0,8.0,6.0
187242,2025/2026,33.0,34.0,11.0,58.0
187248,2025/2026,34.0,24.0,27.0,110.0
187260,2025/2026,,,,
187270,2025/2026,26.0,5.0,23.0,65.0
187275,2025/2026,35.0,41.0,42.0,64.0
187557,2025/2026,,,,
187680,2025/2026,36.0,38.0,22.0,15.0
187878,2025/2026,,,,
187959,2025,,,,
187969,2025/2026,,,,
187977,2025/2026,43.0,28.0,34.0,106.0
188031,2025/2026,,,,
188044,2025/2026,51.0,33.0,30.0,67.0
188057,2025/2026,,,,
188060,2025,,,,
188060,2025/2026,15.0,1.0,10.0,
188081,2025,,,,
188282,2025/2026,28.0,20.0,21.0,10.0
188444,2025/2026,,,,
188453,2025/2026,59.0,24.0,28.0,50.0
188626,2025/2026,,,,
188727,2025/2026,53.0,28.0,21.0,17.0
188749,2025/2026,34.0,7.0,11.0,1.0
188754,2025/2026,52.0,9.0,26.0,1.0
188760,2025/2026,45.0,33.0,22.0,83.0
188769,2025/2026,39.0,14.0,22.0,25.0
188778,2025/2026,30.0,27.0,108.0,17.0
188849,2025/2026,32.0,32.0,42.0,94.0
188896,2025/2026,,,,
188910,2025/2026,17.0,,4.0,1.0
188930,2025/2026,77.0,43.0,19.0,12.0
189061,2025/2026,60.0,15.0,24.0,19.0
189120,2025/2026,74.0,27.0,28.0,55.0
189124,2025/2026,,,,
189174,2025/2026,32.0,13.0,26.0,4.0
189179,2025/2026,,,,
189198,2025/2026,48.0,10.0,10.0,4.0
189207,2025/2026,22.0,36.0,32.0,50.0
189211,2025/2026,98.0,121.0,35.0,88.0
189234,2025/2026,17.0,25.0,34.0,44.0
189238,2025/2026,82.0,45.0,8.0,77.0
189254,2025/2026,46.0,13.0,9.0,2.0
189276,2025/2026,33.0,9.0,7.0,94.0
189286,2025/2026,,,,
189289,2025/2026,65.0,87.0,122.0,123.0
189290,2025/2026,98.0,93.0,15.0,214.0
189297,2025/2026,10.0,1.0,6.0,1.0
189302,2025/2026,,,,
189349,2025/2026,38.0,38.0,26.0,95.0
189385,2025/2026,25.0,46.0,63.0,128.0
189401,2025,,,,
189536,2025/2026,47.0,8.0,17.0,13.0
189547,2025,33.0,4.0,13.0,7.0
189585,2025/2026,,,,
189707,2025/2026,40.0,11.0,6.0,56.0
189729,2025/2026,12.0,24.0,29.0,41.0
189801,2025,,,,
189825,2025,,,,
189896,2025,,,,
189906,2025/2026,,,,
189937,2025/2026,41.0,12.0,10.0,5.0
189943,2025/2026,28.0,91.0,104.0,126.0
189945,2025,,,,
189956,2025/2026,39.0,17.0,5.0,17.0
189986,2025/2026,,,,
190040,2025/2026,49.0,9.0,31.0,2.0
190049,2025/2026,,,,
190168,2025/2026,,,,
190183,2025,,,,
190239,2025,,,,
190262,2025,,,,
190379,2025/2026,18.0,26.0,8.0,62.0
190407,2025,40.0,4.0,7.0,2.0
190438,2025/2026,11.0,25.0,41.0,4.0
190611,2025,,,,
190622,2025,17.0,6.0,12.0,2.0
190707,2025,,,,
190775,2025/2026,43.0,24.0,28.0,43.0
190811,2025,13.0,12.0,6.0,9.0
190827,2025,30.0,2.0,2.0,
190871,2025/2026,18.0,4.0,23.0,33.0
190901,2025/2026,54.0,17.0,17.0,31.0
190914,2025/2026,7.0,2.0,10.0,1.0
190919,2025/2026,,,,
190959,2025,26.0,52.0,9.0,97.0
190972,2025/2026,,,,
190989,2025,78.0,37.0,8.0,59.0
190998,2025/2026,9.0,20.0,25.0,
191011,2025/2026,,,,
191018,2025/2026,7.0,,3.0,
191035,2025,65.0,59.0,34.0,79.0
191067,2025,22.0,38.0,106.0,125.0
191086,2025/2026,32.0,17.0,29.0,27.0
191093,2025,75.0,36.0,33.0,25.0
191107,2025,29.0,47.0,32.0,44.0
191137,2025,33.0,8.0,11.0,10.0
191144,2025,30.0,19.0,9.0,50.0
191167,2025,53.0,15.0,3.0,5.0
191197,2025,88.0,12.0,15.0,44.0
191210,2025/2026,67.0,42.0,29.0,129.0
191222,2025,52.0,56.0,21.0,42.0
191249,2025,29.0,11.0,7.0,95.0
191250,2025,11.0,,4.0,
191264,2025/2026,11.0,17.0,22.0,36.0
191272,2025,,,,
191274,2025/2026,,,,
191286,2025/2026,,,,
191329,2025/2026,14.0,30.0,72.0,22.0
191335,2025,,,,
191352,2025,34.0,8.0,12.0,26.0
191674,2025,33.0,36.0,30.0,17.0
191813,2025/2026,12.0,47.0,21.0,52.0
192020,2025,,,,
192045,2025,14.0,24.0,14.0,94.0
192056,2025,,,,
192069,2025,43.0,16.0,15.0,81.0
192110,2025,40.0,4.0,16.0,8.0
192241,2025,36.0,5.0,8.0,1.0
192278,2025,32.0,53.0,17.0,27.0
192402,2025/2026,30.0,5.0,13.0,9.0
192452,2025,66.0,50.0,15.0,66.0
192858,2025,,,,
192860,2025/2026,45.0,20.0,27.0,183.0
192998,2025,15.0,44.0,54.0,104.0
193048,2025,47.0,15.0,37.0,102.0
193095,2025,24.0,70.0,28.0,45.0
193196,2025/2026,,,,
193908,2025/2026,16.0,27.0,32.0,48.0
193941,2025,35.0,11.0,15.0,5.0
194167,2025/2026,,,,
194190,2025,19.0,6.0,15.0,8.0
194768,2025/2026,24.0,41.0,17.0,10.0
194922,2025,42.0,28.0,12.0,87.0
196244,2025,73.0,18.0,20.0,81.0
196426,2025,34.0,20.0,13.0,34.0
196567,2025,49.0,9.0,15.0,110.0
196785,2025,25.0,15.0,7.0,24.0
197017,2025/2026,46.0,23.0,21.0,64.0
197278,2025,24.0,26.0,9.0,12.0
197278,2025/2026,13.0,4.0,2.0,6.0
197639,2025/2026,46.0,13.0,15.0,1.0
197715,2025/2026,30.0,17.0,7.0,58.0
197729,2025/2026,102.0,32.0,15.0,131.0
197807,2025/2026,26.0,37.0,32.0,74.0
197818,2025/2026,13.0,17.0,41.0,104.0
197836,2025/2026,,,,
197868,2025/2026,33.0,11.0,16.0,26.0
197908,2025/2026,43.0,26.0,73.0,51.0
197922,2025,,,,
197928,2025/2026,47.0,24.0,37.0,170.0
197980,2025/2026,40.0,1.0,12.0,1.0
197982,2025/2026,33.0,,17.0,7.0
198010,2025/2026,8.0,2.0,13.0,3.0
198045,2025/2026,,,,
198051,2025/2026,,,,
198062,2025/2026,,,,
198066,2025/2026,19.0,47.0,93.0,28.0
198116,2025/2026,17.0,11.0,4.0,10.0
198122,2025/2026,51.0,9.0,16.0,3.0
198137,2025/2026,55.0,9.0,13.0,
198138,2025/2026,40.0,5.0,12.0,4.0
198139,2025/2026,55.0,34.0,75.0,27.0
198156,2025/2026,,,,
198174,2025/2026,56.0,17.0,18.0,63.0
198182,2025,,,,
198191,2025/2026,74.0,37.0,7.0,59.0
198220,2025/2026,,,,
198230,2025/2026,,,,
198424,2025/2026,,,,
198562,2025/2026,,,,
198564,2025/2026,24.0,14.0,19.0,72.0
198582,2025/2026,38.0,4.0,10.0,1.0
198662,2025/2026,39.0,2.0,5.0,7.0
198743,2025,,,,
199147,2025/2026,,,,
199482,2025/2026,30.0,4.0,8.0,
199634,2025,,,,
199661,2025/2026,31.0,43.0,12.0,22.0
199705,2025/2026,15.0,12.0,33.0,8.0
199726,2025/2026,64.0,27.0,23.0,26.0
200135,2025/2026,,,,
200657,2025/2026,32.0,16.0,8.0,24.0
200671,2025/2026,38.0,3.0,9.0,1.0
200705,2025,,,,
200771,2025/2026,30.0,28.0,13.0,43.0
200834,2025/2026,,,,
200842,2025/2026,,,,
200872,2025/2026,,,,
200880,2025/2026,,,,
201053,2025/2026,,,,
201103,2025/2026,35.0,43.0,44.0,22.0
201131,2025/2026,38.0,13.0,11.0,152.0
201141,2025/2026,,,,
201148,2025/2026,23.0,4.0,,7.0
201159,2025/2026,,,,
201172,2025/2026,30.0,13.0,12.0,20.0
201232,2025/2026,,,,
201245,2025/2026,,,,
201264,2025/2026,,,,
201362,2025/2026,,,,
201365,2025/2026,,,,
201369,2025/2026,23.0,9.0,11.0,34.0
201370,2025/2026,41.0,13.0,24.0,29.0
201405,2025/2026,,,,
201444,2025/2026,26.0,33.0,21.0,77.0
201467,2025/2026,,,,
201480,2025,,,,
201503,2025/2026,,,,
201516,2025/2026,24.0,12.0,12.0,9.0
201517,2025/2026,63.0,17.0,10.0,118.0
201626,2025/2026,,,,
201676,2025/2026,25.0,5.0,7.0,4.0
201697,2025/2026,33.0,18.0,26.0,34.0
201712,2025/2026,2.0,2.0,9.0,2.0
201765,2025/2026,63.0,19.0,25.0,23.0
201778,2025/2026,,,,
201814,2025,,,,
201863,2025/2026,,,,
201925,2025,,,,
201997,2025/2026,,,,
202002,2025/2026,15.0,22.0,42.0,75.0
202097,2025/2026,,,,
202192,2025/2026,29.0,6.0,8.0,6.0
202488,2025/2026,37.0,27.0,12.0,38.0
202503,2025/2026,,,,
202531,2025/2026,31.0,16.0,16.0,32.0
202611,2025/2026,,,,
202620,2025/2026,52.0,12.0,4.0,2.0
202738,2025/2026,21.0,5.0,7.0,1.0
202907,2025/2026,,,,
202925,2025/2026,12.0,2.0,9.0,
202944,2025/2026,,,,
203305,2025/2026,28.0,22.0,22.0,45.0
203359,2025/2026,,,,
203385,2025/2026,,,,
203404,2025/2026,,,,
203405,2025/2026,,,,
203456,2025/2026,,,,
203462,2025/2026,36.0,21.0,8.0,42.0
203698,2025/2026,36.0,15.0,11.0,38.0
203938,2025/2026,,,,
203954,2025/2026,25.0,8.0,10.0,8.0
203965,2025/2026,,,,
203976,2025/2026,,,,
203978,2025/2026,,,,
204134,2025/2026,,,,
204216,2025/2026,33.0,18.0,26.0,14.0
204217,2025/2026,,,,
204223,2025/2026,,,,
204233,2025/2026,,,,
204936,2025/2026,14.0,22.0,16.0,3.0
205048,2025/2026,,,,
205067,2025/2026,18.0,9.0,28.0,19.0
205242,2025/2026,22.0,45.0,33.0,43.0
205343,2025,,,,
205411,2025/2026,44.0,28.0,46.0,34.0
205487,2025,,,,
205534,2025/2026,29.0,11.0,7.0,67.0
205583,2025/2026,32.0,5.0,8.0,12.0
205595,2025,,,,
205635,2025/2026,,,,
205651,2025,,,,
205736,2025/2026,26.0,11.0,14.0,3.0
205795,2025/2026,40.0,23.0,12.0,12.0
205946,2025/2026,32.0,67.0,72.0,174.0
205977,2025,,,,
206006,2025/2026,48.0,1.0,,5.0
206126,2025/2026,91.0,21.0,14.0,2.0
206144,2025,43.0,10.0,20.0,19.0
206682,2025/2026,42.0,35.0,25.0,42.0
207029,2025,,,,
207900,2025/2026,10.0,8.0,30.0,4.0
208840,2025/2026,109.0,29.0,25.0,110.0
210930,2025/2026,50.0,63.0,76.0,40.0
211195,2025,,,,
211295,2025,,,,
211383,2025,,,,
211597,2025,,,,
211940,2025,,,,
212274,2025,,,,
212289,2025,,,,
212355,2025,,,,
212529,2025,,,,
212636,2025,,,,
212794,2025,,,,
212849,2025,,,,
212900,2025,,,,
212928,2025,,,,
212956,2025,,,,
212976,2025,,,,
213048,2025,,,,
213058,2025,,,,
213078,2025,,,,
213144,2025,,,,
213155,2025,,,,
213204,2025,,,,
213208,2025,,,,
213304,2025,,,,
213324,2025,,,,
213434,2025,,,,
213472,2025,,,,
213683,2025,,,,
213695,2025,,,,
213720,2025,,,,
213765,2025,,,,
213821,2025,,,,
213865,2025,,,,
213870,2025,,,,
213949,2025,,,,
213977,2025,,,,
214025,2025,,,,
214079,2025,,,,
214453,2025,,,,
214459,2025/2026,,,,
214476,2025,,,,
214533,2025,,,,
214553,2025,,,,
214556,2025/2026,39.0,63.0,47.0,79.0
214560,2025,,,,
214570,2025,,,,
214593,2025,,,,
214595,2025,,,,
214636,2025,,,,
214647,2025/2026,,,,
214659,2025,,,,
214693,2025/2026,34.0,22.0,37.0,10.0
214702,2025,,,,
214722,2025,,,,
214743,2025,,,,
214751,2025,,,,
214753,2025,,,,
214769,2025,,,,
214806,2025,,,,
214861,2025,,,,
214883,2025,,,,
214908,2025,,,,
214977,2025,,,,
214985,2025/2026,33.0,11.0,11.0,7.0
214996,2025,,,,
215025,2025,,,,
215030,2025,,,,
215082,2025,,,,
215124,2025/2026,,,,
215256,2025,,,,
215345,2025,,,,
215360,2025,,,,
215430,2025,,,,
215456,2025,,,,
215463,2025,,,,
215481,2025,,,,
215484,2025,,,,
215514,2025,,,,
215518,2025,,,,
215532,2025/2026,,,,
215543,2025/2026,,,,
215544,2025,,,,
215546,2025,,,,
215550,2025,,,,
215596,2025,,,,
215598,2025,,,,
215616,2025,,,,
215642,2025,,,,
215657,2025,,,,
215752,2025,,,,
215775,2025,,,,
215836,2025,,,,
215842,2025,,,,
215849,2025/2026,113.0,17.0,22.0,12.0
215851,2025,,,,
215910,2025,,,,
215915,2025,,,,
216124,2025,,,,
216175,2025,,,,
216257,2025,,,,
216338,2025,,,,
216612,2025/2026,,,,
216678,2025,,,,
216686,2025,,,,
216701,2025,,,,
216705,2025,,,,
217005,2025,,,,
217111,2025/2026,,,,
217390,2025,,,,
217486,2025/2026,,,,
217615,2025,,,,
217618,2025,,,,
217695,2025,,,,
217719,2025,,,,
217750,2025,,,,
217885,2025/2026,42.0,49.0,18.0,185.0
217900,2025,,,,
218062,2025,,,,
218138,2025,,,,
218160,2025,,,,
218201,2025,,,,
218310,2025,,,,
218346,2025,,,,
218372,2025,,,,
218446,2025,,,,
218449,2025,,,,
218489,2025,,,,
218505,2025/2026,22.0,14.0,29.0,5.0
218506,2025/2026,25.0,9.0,10.0,2.0
218579,2025,,,,
218585,2025,,,,
218597,2025,,,,
218606,2025,,,,
218779,2025,,,,
218803,2025,,,,
218816,2025,,,,
218837,2025,,,,
218858,2025/2026,43.0,19.0,22.0,111.0
218871,2025,,,,
218892,2025,,,,
218912,2025,,,,
218988,2025,,,,
218992,2025/2026,,,,
218999,2025,,,,
219030,2025,,,,
219059,2025/2026,,,,
219091,2025/2026,30.0,7.0,18.0,8.0
219109,2025,,,,
219122,2025/2026,,,,
219126,2025,,,,
219145,2025,,,,
219172,2025,,,,
219202,2025,,,,
219210,2025,,,,
219211,2025/2026,,,,
219252,2025/2026,52.0,28.0,32.0,118.0
219277,2025,,,,
219279,2025,,,,
219293,2025/2026,24.0,5.0,1.0,
219298,2025,,,,
219309,2025,,,,
219324,2025/2026,,,,
219363,2025,,,,
219365,2025,,,,
219386,2025/2026,32.0,75.0,74.0,172.0
219398,2025,,,,
219417,2025,,,,
219418,2025,,,,
219422,2025,,,,
219426,2025/2026,37.0,13.0,10.0,5.0
219436,2025/2026,,,,
219438,2025,,,,
219442,2025,,,,
219451,2025/2026,,,,
219479,2025,,,,
219485,2025,,,,
219486,2025/2026,,,,
219494,2025,,,,
219497,2025,,,,
219502,2025,,,,
219508,2025,,,,
219534,2025,,,,
219549,2025,,,,
219551,2025,,,,
219586,2025/2026,,,,
219598,2025,,,,
219604,2025,,,,
219611,2025,,,,
219633,2025/2026,,,,
219665,2025,,,,
219666,2025/2026,,,,
219668,2025/2026,,,,
219672,2025/2026,,,,
219710,2025,,,,
219722,2025/2026,,,,
219730,2025/2026,,,,
219737,2025,,,,
219748,2025,,,,
219754,2025,,,,
219764,2025,,,,
219768,2025,,,,
219782,2025/2026,,,,
219784,2025/2026,49.0,15.0,37.0,11.0
219785,2025,,,,
219793,2025,,,,
219820,2025,,,,
219852,2025/2026,25.0,17.0,24.0,9.0
219859,2025,,,,
219888,2025,,,,
219920,2025,,,,
219925,2025,,,,
219947,2025,,,,
219972,2025,,,,
219976,2025,,,,
220009,2025,,,,
220018,2025,,,,
220040,2025/2026,,,,
220052,2025/2026,,,,
220078,2025,,,,
220084,2025,,,,
220108,2025,,,,
220122,2025,,,,
220331,2025,,,,
220332,2025,,,,
221262,2025/2026,,,,
221411,2025,,,,
221458,2025,,,,
221615,2025,,,,
221787,2025,,,,
221841,2025/2026,71.0,13.0,6.0,65.0
221963,2025/2026,,,,
222032,2025/2026,21.0,3.0,7.0,4.0
222162,2025,,,,
222214,2025,,,,
222260,2025/2026,11.0,1.0,11.0,
222272,2025/2026,46.0,7.0,11.0,6.0
222347,2025,,,,
223059,2025,,,,
223135,2025/2026,40.0,4.0,7.0,1.0
223162,2025,,,,
223172,2025,,,,
223257,2025/2026,22.0,50.0,14.0,56.0
223542,2025,,,,
223604,2025,,,,
223656,2025,,,,
223664,2025,,,,
223705,2025,,,,
223779,2025,,,,
223795,2025,,,,
223832,2025,,,,
223853,2025,,,,
223943,2025,,,,
224290,2025,,,,
225000,2025/2026,,,,
225048,2025/2026,22.0,3.0,11.0,
225238,2025/2026,12.0,4.0,2.0,1.0
225398,2025,,,,
226556,2025,,,,
226721,2025/2026,20.0,,13.0,1.0
226731,2025,,,,
226812,2025/2026,,,,
226913,2025,,,,
227043,2025,,,,
227227,2025/2026,14.0,48.0,96.0,47.0
227789,2025,,,,
230293,2025,,,,
230876,2025,,,,
231658,2025,,,,
231712,2025,,,,
231753,2025/2026,,,,
231850,2025/2026,,,,
232089,2025/2026,33.0,4.0,24.0,3.0
232338,2025,,,,
232800,2025,,,,
232830,2025,,,,
232860,2025,,,,
232899,2025,,,,
232910,2025,,,,
232939,2025,,,,
232959,2025,,,,
233137,2025,,,,
233539,2025,,,,
233633,2025,,,,
233648,2025/2026,7.0,71.0,44.0,60.0
233665,2025,,,,
233679,2025,,,,
233723,2025,,,,
233742,2025,,,,
233770,2025,,,,
233816,2025,,,,
233835,2025,,,,
233868,2025,,,,
233878,2025/2026,,,,
233949,2025,,,,
234034,2025,,,,
234046,2025,,,,
234281,2025,,,,
234298,2025,,,,
234330,2025,,,,
234386,2025/2026,,,,
234450,2025,,,,
234563,2025,,,,
234692,2025/2026,,,,
234725,2025,,,,
234743,2025,,,,
234850,2025,,,,
234873,2025,,,,
234946,2025,,,,
235032,2025,,,,
235060,2025,,,,
235095,2025,,,,
235213,2025,,,,
235273,2025,,,,
235454,2025,,,,
235659,2025,,,,
235724,2025,,,,
235811,2025,,,,
235820,2025,,,,
235829,2025,,,,
235870,2025,,,,
236001,2025,,,,
236179,2025,,,,
236217,2025,,,,
236230,2025,,,,
236240,2025,,,,
236307,2025,,,,
236325,2025,,,,
236349,2025,,,,
236366,2025,,,,
236379,2025,,,,
236448,2025,,,,
236462,2025/2026,38.0,3.0,8.0,13.0
236463,2025/2026,,,,
236518,2025,,,,
236527,2025,,,,
236531,2025,,,,
236554,2025,,,,
236598,2025,,,,
236641,2025,,,,
236768,2025,,,,
236775,2025,,,,
236793,2025,,,,
236806,2025,,,,
236863,2025/2026,,,,
236902,2025/2026,,,,
236907,2025,,,,
236914,2025,,,,
236937,2025,,,,
236942,2025,,,,
236962,2025,,,,
236994,2025,,,,
237004,2025,,,,
237005,2025,,,,
237014,2025,,,,
237019,2025,,,,
237036,2025,,,,
237075,2025,,,,
237083,2025,,,,
237102,2025/2026,,,,
237119,2025,,,,
237145,2025,,,,
237176,2025/2026,60.0,18.0,4.0,6.0
237184,2025,,,,
237188,2025,,,,
237204,2025,,,,
237213,2025/2026,,,,
237229,2025,,,,
237232,2025,,,,
237249,2025,,,,
237252,2025,,,,
237263,2025,,,,
237272,2025,,,,
237282,2025/2026,,,,
237301,2025,,,,
237314,2025,,,,
237316,2025/2026,,,,
237317,2025,,,,
237318,2025,,,,
237366,2025,,,,
237377,2025/2026,28.0,82.0,101.0,36.0
237473,2025,,,,
237546,2025,,,,
237606,2025,,,,
237633,2025,,,,
237642,2025,,,,
237680,2025,,,,
237684,2025,,,,
237695,2025/2026,,,,
237726,2025,,,,
237735,2025,,,,
237747,2025,,,,
237751,2025,,,,
237772,2025,,,,
237788,2025,,,,
237789,2025,,,,
237790,2025/2026,,,,
237803,2025,,,,
237819,2025,,,,
237848,2025,,,,
237853,2025,,,,
237880,2025/2026,3.0,3.0,,5.0
237888,2025,,,,
237898,2025,,,,
237921,2025/2026,,,,
237936,2025,,,,
237938,2025,,,,
237947,2025,,,,
237948,2025,,,,
237951,2025,,,,
237956,2025,,,,
237979,2025,,,,
237980,2025/2026,,,,
237982,2025,,,,
238008,2025,,,,
238035,2025,,,,
238049,2025,,,,
238062,2025,,,,
238085,2025,,,,
238104,2025,,,,
238115,2025,,,,
238121,2025,,,,
238142,2025,,,,
238144,2025,,,,
238145,2025,,,,
238159,2025,,,,
238195,2025/2026,24.0,49.0,12.0,58.0
238227,2025,,,,
238227,2025/2026,,,,
238290,2025,,,,
238290,2025/2026,,,,
238310,2025,,,,
238323,2025,,,,
238389,2025,,,,
238433,2025,,,,
238447,2025,,,,
238447,2025/2026,,,,
238449,2025,,,,
238574,2025,,,,
238605,2025,,,,
238611,2025,,,,
238657,2025,,,,
238825,2025,,,,
238981,2025,,,,
239090,2025,,,,
239350,2025,,,,
239423,2025,,,,
239509,2025,,,,
239558,2025,,,,
239579,2025,,,,
239699,2025,,,,
239700,2025,,,,
239730,2025,,,,
239842,2025,,,,
239985,2025,,,,
240045,2025,,,,
240062,2025,,,,
240075,2025/2026,,,,
240086,2025,,,,
240191,2025,,,,
240195,2025/2026,,,,
240211,2025,,,,
240236,2025,,,,
240244,2025/2026,15.0,73.0,136.0,5.0
240268,2025,,,,
240322,2025,,,,
240336,2025,,,,
240351,2025,,,,
240354,2025,,,,
240360,2025,,,,
240373,2025,,,,
240386,2025,,,,
240405,2025,,,,
240415,2025,,,,
240416,2025,,,,
240435,2025,,,,
240459,2025,,,,
241036,2025/2026,,,,
241037,2025,,,,
241172,2025,,,,
241397,2025,,,,
241425,2025,,,,
241519,2025,,,,
241542,2025,,,,
242328,2025/2026,,,,
242484,2025,,,,
242484,2025/2026,,,,
242606,2025/2026,11.0,29.0,20.0,31.0
242714,2025,32.0,48.0,63.0,25.0
242798,2025,,,,
242978,2025,,,,
243346,2025,,,,
243362,2025,,,,
243745,2025,,,,
244051,2025,,,,
244242,2025,,,,
244429,2025/2026,,,,
244481,2025,,,,
244929,2025,,,,
244938,2025,,,,
245098,2025/2026,,,,
245129,2025,,,,
245155,2025,,,,
245257,2025,,,,
245396,2025,,,,
245530,2025,,,,
245771,2025,,,,
246281,2025,,,,
249993,2025,,,,
249993,2025/2026,,,,
250621,2025,,,,
251477,2025/2026,,,,
251652,2025/2026,4.0,1.0,11.0,1.0
252509,2025/2026,,,,
253086,2025/2026,,,,
253204,2025/2026,,,,
253322,2025/2026,,,,
253361,2025/2026,,,,
253463,2025,,,,
253470,2025/2026,,,,
253476,2025/2026,,,,
253514,2025/2026,,,,
253548,2025/2026,,,,
253658,2025,,,,
253683,2025/2026,67.0,69.0,36.0,19.0
253695,2025/2026,,,,
253701,2025/2026,35.0,4.0,27.0,3.0
253723,2025,,,,
253737,2025/2026,,,,
253754,2025/2026,18.0,8.0,1.0,11.0
253810,2025/2026,,,,
253860,2025/2026,,,,
253902,2025/2026,,,,
253914,2025/2026,,,,
254021,2025/2026,,,,
254057,2025/2026,,,,
254071,2025,,,,
254080,2025/2026,,,,
254081,2025/2026,,,,
254094,2025/2026,,,,
254095,2025/2026,,,,
254102,2025/2026,,,,
254106,2025/2026,,,,
254117,2025/2026,,,,
254155,2025,,,,
254163,2025/2026,,,,
254181,2025/2026,,,,
254209,2025/2026,,,,
254222,2025/2026,,,,
254247,2025/2026,,,,
254339,2025/2026,,,,
254363,2025,,,,
254419,2025/2026,,,,
254456,2025/2026,,,,
254491,2025/2026,,,,
254950,2025/2026,,,,
255002,2025/2026,,,,
255010,2025/2026,,,,
255102,2025/2026,,,,
255141,2025/2026,,,,
255156,2025/2026,,,,
255683,2025/2026,,,,
256334,2025/2026,,,,
256358,2025,,,,
256442,2025,,,,
257278,2025,,,,
257447,2025,,,,
257455,2025,,,,
257663,2025,,,,
257671,2025,,,,
257703,2025,,,,
257877,2025/2026,,,,
257927,2025,,,,
257929,2025,,,,
257945,2025/2026,,,,
258037,2025,,,,
258070,2025,,,,
258079,2025,,,,
258089,2025,,,,
258129,2025,,,,
258135,2025,,,,
258137,2025/2026,,,,
258143,2025,,,,
258164,2025,,,,
258336,2025,,,,
258354,2025,,,,
258496,2025,,,,
258514,2025,,,,
258523,2025,,,,
258589,2025,,,,
258605,2025,,,,
258619,2025,,,,
258672,2025,,,,
258689,2025,,,,
258724,2025,,,,
258728,2025,,,,
258757,2025,,,,
258759,2025,,,,
258784,2025,,,,
258806,2025,,,,
258829,2025,,,,
258831,2025,,,,
258843,2025,,,,
258874,2025,,,,
258880,2025,,,,
258882,2025,,,,
258883,2025,,,,
258889,2025/2026,,,,
259169,2025,,,,
259218,2025,,,,
259239,2025,,,,
259241,2025,,,,
259245,2025,,,,
259247,2025,,,,
259252,2025,,,,
259256,2025,,,,
259266,2025,,,,
259278,2025,,,,
259279,2025,,,,
259279,2025/2026,15.0,59.0,81.0,2.0
259324,2025,,,,
259329,2025,,,,
259338,2025,,,,
259339,2025,,,,
259344,2025,,,,
259364,2025,,,,
259374,2025,,,,
259375,2025,,,,
259392,2025,,,,
259395,2025,,,,
259405,2025,,,,
259424,2025,,,,
259446,2025,,,,
259449,2025,,,,
259451,2025,,,,
259454,2025/2026,36.0,25.0,26.0,113.0
259456,2025,,,,
259462,2025,,,,
259471,2025,,,,
259472,2025,,,,
259474,2025,,,,
259478,2025,,,,
259491,2025,,,,
259558,2025,,,,
259646,2025,,,,
259664,2025,,,,
259688,2025,,,,
259690,2025,,,,
259944,2025,,,,
259960,2025,,,,
260024,2025,,,,
260028,2025,,,,
260064,2025,,,,
260072,2025,,,,
260082,2025,,,,
260118,2025,,,,
260382,2025,,,,
260433,2025,,,,
260497,2025,,,,
260629,2025/2026,,,,
260638,2025,,,,
260729,2025,,,,
260742,2025/2026,,,,
260747,2025,,,,
260749,2025/2026,,,,
260752,2025,,,,
260789,2025,,,,
260830,2025/2026,35.0,5.0,15.0,40.0
260833,2025/2026,,,,
260839,2025,,,,
260854,2025,,,,
260858,2025,,,,
260859,2025,,,,
260860,2025/2026,,,,
260862,2025/2026,,,,
260878,2025,,,,
260879,2025,,,,
260880,2025,,,,
260887,2025,,,,
260893,2025,,,,
260899,2025,,,,
260902,2025,,,,
260903,2025,,,,
260904,2025/2026,,,,
260910,2025,,,,
260926,2025,,,,
260932,2025/2026,27.0,18.0,8.0,54.0
261027,2025,,,,
261057,2025,,,,
261213,2025,,,,
261216,2025,,,,
261737,2025,,,,
261740,2025,,,,
261811,2025,,,,
261907,2025,,,,
261991,2025,,,,
262066,2025,,,,
262075,2025,,,,
262076,2025,,,,
262077,2025,,,,
262130,2025,,,,
262138,2025,,,,
262179,2025,,,,
262184,2025,,,,
262187,2025,,,,
262207,2025,,,,
262216,2025/2026,6.0,14.0,27.0,5.0
262232,2025,,,,
262262,2025/2026,40.0,10.0,25.0,23.0
262263,2025,,,,
262271,2025,,,,
262274,2025/2026,,,,
262279,2025,,,,
262280,2025/2026,23.0,6.0,13.0,1.0
262281,2025,,,,
262283,2025,,,,
262290,2025,,,,
262324,2025/2026,,,,
262339,2025,,,,
262471,2025,,,,
262495,2025/2026,33.0,41.0,23.0,90.0
262521,2025,,,,
262544,2025,,,,
262587,2025,,,,
263186,2025/2026,12.0,51.0,98.0,11.0
272353,2025,,,,
275565,2025,,,,
275831,2025,,,,
276042,2025,,,,
276507,2025,,,,
276754,2025,,,,
276754,2025/2026,,,,
277535,2025/2026,27.0,4.0,10.0,5.0
278542,2025,,,,
281527,2025/2026,,,,
283177,2025,,,,
284475,2025,,,,
285774,2025,,,,
286072,2025,,,,
286181,2025,,,,
286341,2025,,,,
286732,2025/2026,34.0,14.0,12.0,8.0
286742,2025,,,,
286894,2025/2026,15.0,45.0,108.0,7.0
288014,2025/2026,,,,
288017,2025/2026,,,,
288341,2025/2026,,,,
288384,2025/2026,,,,
288680,2025/2026,,,,
288803,2025/2026,,,,
288846,2025/2026,,,,
288936,2025/2026,,,,
288954,2025/2026,,,,
288995,2025/2026,,,,
289031,2025/2026,,,,
289041,2025/2026,,,,
289096,2025/2026,,,,
289116,2025/2026,,,,
289136,2025/2026,,,,
289174,2025/2026,,,,
289206,2025/2026,,,,
289229,2025/2026,,,,
289303,2025/2026,,,,
289308,2025/2026,,,,
289313,2025/2026,,,,
289327,2025/2026,,,,
289341,2025/2026,,,,
289398,2025/2026,,,,
289409,2025/2026,,,,
289469,2025/2026,,,,
289481,2025/2026,,,,
289516,2025/2026,,,,
289539,2025/2026,,,,
289542,2025/2026,,,,
289581,2025/2026,25.0,7.0,7.0,1.0
289610,2025/2026,,,,
289629,2025/2026,,,,
289659,2025/2026,82.0,93.0,59.0,200.0
289683,2025/2026,,,,
289686,2025/2026,,,,
289933,2025/2026,,,,
291461,2025/2026,,,,
291886,2025/2026,,,,
292034,2025/2026,,,,
292248,2025/2026,,,,
292266,2025/2026,,,,
292730,2025/2026,,,,
292782,2025/2026,,,,
292843,2025/2026,,,,
292990,2025/2026,,,,
293015,2025/2026,,,,
293331,2025/2026,,,,
293372,2025/2026,,,,
293409,2025/2026,,,,
293435,2025/2026,,,,
293442,2025/2026,,,,
293455,2025/2026,,,,
293502,2025/2026,,,,
293588,2025/2026,,,,
293610,2025/2026,,,,
293621,2025/2026,,,,
293624,2025/2026,,,,
293625,2025/2026,,,,
293640,2025/2026,,,,
293643,2025/2026,,,,
293666,2025/2026,,,,
293692,2025/2026,,,,
293706,2025/2026,,,,
293709,2025/2026,,,,
293746,2025/2026,,,,
293752,2025/2026,,,,
293811,2025/2026,,,,
293892,2025/2026,,,,
293894,2025/2026,,,,
293948,2025/2026,,,,
293951,2025/2026,,,,
293961,2025/2026,,,,
293978,2025/2026,,,,
293985,2025/2026,,,,
294001,2025/2026,,,,
294029,2025/2026,12.0,24.0,13.0,16.0
294352,2025/2026,31.0,2.0,6.0,2.0
294648,2025/2026,,,,
295910,2025/2026,,,,
296679,2025/2026,,,,
297354,2025/2026,15.0,23.0,58.0,6.0
297394,2025/2026,,,,
297651,2025,,,,
297691,2025/2026,9.0,46.0,35.0,56.0
299188,2025/2026,,,,
300213,2025/2026,,,,
301237,2025/2026,,,,
301352,2025/2026,,,,
301422,2025/2026,,,,
301507,2025/2026,,,,
301666,2025/2026,,,,
301888,2025/2026,,,,
301923,2025,,,,
301946,2025/2026,,,,
301997,2025/2026,,,,
302225,2025/2026,,,,
302317,2025/2026,,,,
302695,2025/2026,,,,
302766,2025/2026,,,,
303067,2025/2026,,,,
303124,2025/2026,,,,
303126,2025/2026,,,,
303276,2025/2026,,,,
303410,2025/2026,,,,
303647,2025/2026,,,,
303651,2025/2026,,,,
303699,2025/2026,,,,
303869,2025/2026,,,,
303888,2025/2026,,,,
303956,2025/2026,,,,
304000,2025/2026,,,,
304022,2025/2026,,,,
304099,2025/2026,,,,
304101,2025/2026,,,,
304106,2025/2026,,,,
304116,2025/2026,,,,
304117,2025/2026,,,,
304146,2025/2026,,,,
304255,2025/2026,,,,
304321,2025/2026,,,,
304800,2025/2026,,,,
305358,2025/2026,,,,
305374,2025/2026,,,,
305663,2025/2026,,,,
305729,2025/2026,,,,
305733,2025/2026,,,,
305950,2025/2026,19.0,38.0,24.0,69.0
306101,2025/2026,,,,
306242,2025/2026,,,,
306861,2025/2026,,,,
307116,2025/2026,,,,
307128,2025/2026,,,,
307397,2025/2026,,,,
307497,2025/2026,,,,
307637,2025/2026,,,,
307792,2025/2026,,,,
307809,2025/2026,,,,
307896,2025/2026,,,,
307925,2025/2026,,,,
308037,2025/2026,,,,
308054,2025/2026,,,,
308089,2025/2026,,,,
308512,2025,,,,
308729,2025/2026,,,,
308808,2025/2026,,,,
309013,2025,,,,
309129,2025,,,,
309167,2025,,,,
309252,2025,,,,
309278,2025/2026,,,,
309360,2025,,,,
309368,2025,,,,
309418,2025,,,,
309506,2025,,,,
309572,2025,,,,
309581,2025,,,,
309593,2025,,,,
309614,2025,,,,
309622,2025,,,,
309623,2025,,,,
309626,2025,,,,
309633,2025,,,,
309639,2025,,,,
309642,2025,,,,
309645,2025,,,,
309647,2025,,,,
309667,2025,,,,
309686,2025/2026,,,,
309689,2025,,,,
309703,2025,,,,
309779,2025,,,,
309830,2025,,,,
309844,2025/2026,43.0,4.0,14.0,8.0
309867,2025,,,,
309890,2025,,,,
309912,2025,,,,
309972,2025,,,,
309988,2025,,,,
309991,2025,,,,
310003,2025,,,,
310104,2025,,,,
310108,2025,,,,
310114,2025,,,,
310120,2025,,,,
310127,2025,,,,
310131,2025/2026,,,,
310132,2025/2026,18.0,9.0,7.0,4.0
310134,2025/2026,18.0,26.0,32.0,27.0
310151,2025,,,,
310155,2025,,,,
310188,2025,,,,
310194,2025,,,,
310199,2025,,,,
310203,2025,,,,
310210,2025,,,,
310217,2025/2026,38.0,50.0,36.0,146.0
310218,2025,,,,
310245,2025/2026,,,,
310256,2025,,,,
310258,2025,,,,
310260,2025,,,,
310266,2025,,,,
310270,2025,,,,
310272,2025,,,,
310282,2025,,,,
310284,2025,,,,
310306,2025/2026,24.0,41.0,73.0,160.0
310486,2025/2026,,,,
310994,2025,,,,
311129,2025/2026,14.0,34.0,51.0,12.0
311644,2025,,,,
311714,2025,,,,
311782,2025,,,,
311945,2025,,,,
311986,2025,,,,
312118,2025/2026,12.0,12.0,43.0,1.0
312154,2025,,,,
312373,2025,,,,
312418,2025,,,,
312451,2025,,,,
312496,2025,,,,
312497,2025,,,,
312554,2025,,,,
312629,2025,,,,
312651,2025,,,,
312701,2025/2026,33.0,6.0,9.0,4.0
312703,2025,,,,
312709,2025,,,,
312735,2025,,,,
312741,2025,,,,
312811,2025,,,,
312841,2025,,,,
312842,2025,,,,
312845,2025,,,,
312898,2025,,,,
312906,2025,,,,
312908,2025,,,,
312914,2025,,,,
312921,2025,,,,
312953,2025,,,,
312955,2025,,,,
312957,2025,,,,
312958,2025,,,,
312992,2025,,,,
313018,2025,,,,
313061,2025,,,,
313070,2025,,,,
313077,2025,,,,
313105,2025,,,,
313120,2025,,,,
313153,2025,,,,
313175,2025,,,,
313490,2025,,,,
313797,2025,,,,
313839,2025,,,,
313847,2025,,,,
313856,2025,,,,
313860,2025,,,,
314129,2025,,,,
314146,2025,,,,
314417,2025,,,,
318361,2025,,,,
318533,2025,,,,
318749,2025,,,,
318786,2025,,,,
318787,2025,,,,
318850,2025,,,,
318948,2025,,,,
318979,2025,,,,
318994,2025,,,,
319112,2025,,,,
319157,2025,,,,
319184,2025,,,,
319222,2025,,,,
319229,2025,,,,
319231,2025,,,,
319242,2025,,,,
319253,2025,,,,
319258,2025,,,,
319282,2025/2026,37.0,46.0,71.0,57.0
319303,2025,,,,
319359,2025,,,,
319375,2025/2026,71.0,24.0,52.0,114.0
319428,2025,,,,
319597,2025,,,,
319873,2025/2026,44.0,23.0,9.0,33.0
320702,2025,,,,
320795,2025/2026,12.0,40.0,44.0,22.0
320838,2025/2026,,,,
321093,2025/2026,19.0,16.0,16.0,40.0
322964,2025/2026,,,,
323734,2025,,,,
323990,2025/2026,,,,
324282,2025/2026,,,,
324327,2025/2026,,,,
324436,2025,9.0,40.0,53.0,9.0
324493,2025/2026,,,,
324518,2025,65.0,33.0,36.0,55.0
324539,2025/2026,,,,
324565,2025/2026,,,,
325011,2025/2026,,,,
327589,2025/2026,,,,
328413,2025,,,,
328419,2025,,,,
328434,2025,,,,
328747,2025,,,,
329563,2025/2026,,,,
329690,2025/2026,,,,
329804,2025/2026,,,,
330135,2025/2026,,,,
330521,2025/2026,,,,
330546,2025,,,,
330582,2025/2026,26.0,63.0,89.0,19.0
330583,2025/2026,,,,
330656,2025/2026,,,,
330674,2025/2026,,,,
330702,2025/2026,,,,
330823,2025/2026,,,,
330873,2025/2026,,,,
331088,2025,,,,
331100,2025,,,,
331382,2025/2026,46.0,41.0,31.0,233.0
331385,2025/2026,,,,
332047,2025/2026,,,,
332126,2025/2026,4.0,10.0,41.0,5.0
332147,2025,,,,
332157,2025/2026,,,,
332283,2025/2026,57.0,14.0,18.0,63.0
333391,2025,,,,
333407,2025,,,,
333414,2025,,,,
333481,2025/2026,,,,
333483,2025,,,,
333487,2025,,,,
333498,2025,,,,
333525,2025/2026,34.0,5.0,9.0,1.0
333532,2025/2026,,,,
333536,2025,,,,
333542,2025,,,,
333543,2025,,,,
333549,2025,,,,
333551,2025,,,,
333559,2025,,,,
333594,2025/2026,,,,
333598,2025/2026,,,,
333609,2025,,,,
333651,2025,,,,
333665,2025/2026,,,,
333667,2025,,,,
333671,2025,,,,
333673,2025,,,,
333687,2025,,,,
333689,2025,,,,
333696,2025,,,,
333698,2025,,,,
333702,2025,,,,
333730,2025,,,,
333731,2025/2026,,,,
333733,2025/2026,17.0,57.0,52.0,163.0
333745,2025,,,,
333753,2025,,,,
333771,2025,,,,
333773,2025,,,,
333777,2025,,,,
333779,2025/2026,,,,
333781,2025,,,,
333797,2025/2026,,,,
333798,2025,,,,
333800,2025,,,,
333805,2025,,,,
333825,2025,,,,
333830,2025,,,,
333840,2025,,,,
333842,2025,,,,
333846,2025,,,,
333848,2025,,,,
333860,2025,,,,
333861,2025,,,,
333873,2025,,,,
333888,2025,,,,
333895,2025,,,,
333903,2025/2026,,,,
333907,2025,,,,
333913,2025,,,,
333914,2025,,,,
333928,2025/2026,,,,
333938,2025,,,,
333943,2025,,,,
333946,2025,,,,
333957,2025/2026,,,,
333958,2025,,,,
333984,2025,,,,
333989,2025/2026,,,,
334023,2025,,,,
334044,2025,,,,
334067,2025,,,,
334068,2025,,,,
334074,2025,,,,
334106,2025,,,,
334115,2025,,,,
334151,2025,,,,
334200,2025,,,,
334237,2025,,,,
334280,2025,,,,
334576,2025,,,,
335054,2025,,,,
335131,2025/2026,,,,
335143,2025/2026,,,,
335244,2025,,,,
335521,2025/2026,,,,
335563,2025,,,,
335588,2025,,,,
335629,2025,,,,
335653,2025/2026,,,,
335673,2025/2026,,,,
335688,2025,,,,
335693,2025,,,,
335705,2025/2026,,,,
335725,2025,,,,
335733,2025,,,,
335740,2025,,,,
335742,2025,,,,
335749,2025,,,,
335749,2025/2026,,,,
335752,2025,,,,
336007,2025/2026,,,,
336133,2025/2026,,,,
337122,2025,37.0,8.0,15.0,32.0
337394,2025/2026,,,,
337432,2025/2026,,,,
337457,2025/2026,22.0,28.0,30.0,21.0
337588,2025/2026,,,,
338158,2025,8.0,13.0,38.0,2.0
338180,2025/2026,,,,
338208,2025/2026,24.0,20.0,16.0,12.0
338593,2025/2026,27.0,74.0,36.0,84.0
338887,2025/2026,42.0,10.0,28.0,28.0
338938,2025/2026,34.0,91.0,53.0,133.0
338951,2025/2026,39.0,8.0,8.0,5.0
339011,2025/2026,15.0,42.0,31.0,168.0
339083,2025/2026,28.0,5.0,5.0,1.0
339112,2025/2026,,,,
339122,2025/2026,35.0,7.0,24.0,4.0
339635,2025/2026,20.0,10.0,11.0,12.0
339702,2025/2026,,,,
340204,2025/2026,42.0,31.0,18.0,13.0
340342,2025/2026,,,,
340344,2025/2026,,,,
341125,2025/2026,17.0,62.0,68.0,32.0
347260,2025/2026,70.0,17.0,15.0,33.0
348090,2025/2026,41.0,10.0,16.0,3.0
348539,2025/2026,32.0,26.0,28.0,108.0
348754,2025/2026,51.0,88.0,49.0,83.0
349017,2025/2026,17.0,14.0,41.0,4.0
349061,2025/2026,,,,
349363,2025/2026,48.0,52.0,23.0,78.0
349840,2025/2026,36.0,21.0,14.0,3.0
349970,2025/2026,55.0,20.0,12.0,26.0
350113,2025,29.0,3.0,18.0,1.0
352236,2025,15.0,58.0,55.0,15.0
352335,2025/2026,50.0,40.0,33.0,64.0
353347,2025/2026,21.0,51.0,48.0,20.0
354107,2025/2026,45.0,10.0,27.0,7.0
354673,2025/2026,50.0,9.0,17.0,121.0
354691,2025,13.0,5.0,6.0,2.0
357366,2025/2026,13.0,13.0,44.0,29.0
360621,2025/2026,79.0,32.0,16.0,7.0
360913,2025/2026,39.0,13.0,10.0,128.0
361090,2025/2026,12.0,6.0,6.0,5.0
361280,2025/2026,17.0,29.0,31.0,53.0
361530,2025/2026,23.0,57.0,30.0,20.0
361858,2025/2026,54.0,10.0,12.0,
361906,2025/2026,56.0,58.0,35.0,121.0
361972,2025/2026,46.0,25.0,25.0,73.0
362026,2025/2026,18.0,173.0,27.0,27.0
362192,2025/2026,45.0,13.0,15.0,5.0
362272,2025/2026,15.0,33.0,21.0,70.0
362339,2025/2026,,,,
362547,2025/2026,72.0,93.0,31.0,94.0
362741,2025/2026,,,,
362772,2025/2026,24.0,6.0,5.0,37.0
363259,2025/2026,83.0,70.0,44.0,63.0
363659,2025/2026,36.0,7.0,20.0,
363904,2025,11.0,55.0,33.0,31.0
364342,2025,13.0,31.0,16.0,28.0
366492,2025/2026,22.0,75.0,60.0,208.0
366753,2025/2026,38.0,71.0,25.0,220.0
366843,2025/2026,43.0,1.0,22.0,12.0
366847,2025/2026,33.0,18.0,15.0,50.0
366889,2025/2026,18.0,13.0,13.0,5.0
367822,2025/2026,55.0,24.0,37.0,18.0
368455,2025/2026,,,,
368540,2025/2026,33.0,3.0,10.0,4.0
368546,2025/2026,29.0,12.0,21.0,22.0
368786,2025/2026,20.0,9.0,7.0,49.0
368953,2025/2026,4.0,20.0,39.0,19.0
369090,2025,28.0,9.0,24.0,29.0
369221,2025/2026,18.0,29.0,23.0,39.0
369836,2025/2026,9.0,16.0,36.0,4.0
369950,2025,23.0,31.0,18.0,5.0
370458,2025/2026,23.0,9.0,3.0,38.0
370709,2025/2026,35.0,9.0,7.0,38.0
371258,2025/2026,,,,
371377,2025/2026,32.0,6.0,16.0,50.0
371463,2025/2026,45.0,36.0,26.0,49.0
371504,2025/2026,,,,
371593,2025/2026,,,,
372728,2025/2026,35.0,22.0,9.0,88.0
373024,2025/2026,23.0,12.0,9.0,36.0
373211,2025/2026,15.0,13.0,6.0,42.0
373921,2025/2026,,,,
374531,2025/2026,25.0,2.0,1.0,
374549,2025/2026,22.0,39.0,49.0,35.0
374811,2025/2026,22.0,6.0,14.0,10.0
375272,2025/2026,16.0,,2.0,1.0
375361,2025/2026,60.0,35.0,23.0,62.0
375830,2025/2026,36.0,8.0,9.0,35.0
375836,2025/2026,21.0,12.0,5.0,77.0
376766,2025/2026,9.0,9.0,1.0,33.0
376767,2025/2026,27.0,62.0,63.0,108.0
376791,2025/2026,17.0,74.0,33.0,119.0
377250,2025/2026,26.0,2.0,8.0,1.0
377964,2025/2026,65.0,54.0,33.0,178.0
378381,2025/2026,,,,
378540,2025/2026,23.0,26.0,30.0,74.0
378560,2025/2026,22.0,110.0,65.0,206.0
378629,2025/2026,15.0,16.0,9.0,27.0
378647,2025/2026,23.0,3.0,4.0,1.0
378693,2025/2026,44.0,65.0,46.0,79.0
378753,2025/2026,32.0,80.0,42.0,70.0
378812,2025/2026,,5.0,3.0,1.0
378875,2025/2026,,,,
378921,2025/2026,71.0,16.0,15.0,9.0
379218,2025/2026,13.0,28.0,17.0,26.0
379302,2025/2026,50.0,15.0,16.0,49.0
380232,2025/2026,35.0,26.0,19.0,71.0
380631,2025/2026,7.0,7.0,8.0,3.0
380828,2025/2026,20.0,12.0,13.0,69.0
380958,2025/2026,26.0,6.0,7.0,29.0
380967,2025/2026,,,,
380970,2025/2026,,,,
381785,2025/2026,56.0,27.0,12.0,43.0
381832,2025/2026,25.0,41.0,41.0,16.0
381886,2025/2026,40.0,5.0,11.0,7.0
382178,2025/2026,24.0,2.0,12.0,2.0
382624,2025/2026,,,,
382668,2025/2026,53.0,22.0,27.0,36.0
382812,2025/2026,78.0,34.0,11.0,148.0
383202,2025/2026,26.0,13.0,10.0,10.0
383223,2025/2026,,,,
383366,2025/2026,52.0,57.0,48.0,80.0
383387,2025/2026,48.0,109.0,68.0,190.0
383569,2025/2026,,,,
383570,2025/2026,27.0,21.0,13.0,24.0
384321,2025/2026,,,,
386032,2025/2026,,,,
386556,2025/2026,,,,
387732,2025/2026,,,,
387882,2025/2026,,,,
389110,2025/2026,,,,
389161,2025/2026,,,,
390543,2025/2026,52.0,15.0,17.0,1.0
390606,2025/2026,,,,
390805,2025/2026,,,,
390806,2025/2026,,,,
391908,2025/2026,,,,
392134,2025/2026,,,,
392162,2025/2026,,,,
392341,2025/2026,,,,
392420,2025/2026,,,,
392497,2025/2026,,,,
392578,2025/2026,,,,
392853,2025/2026,,,,
393047,2025,,,,
393328,2025/2026,,,,
393336,2025/2026,22.0,73.0,49.0,147.0
393625,2025/2026,,,,
393776,2025,,,,
393986,2025/2026,22.0,3.0,5.0,3.0
394147,2025,,,,
394293,2025,,,,
394319,2025/2026,,,,
394568,2025,,,,
394768,2025,,,,
394823,2025,,,,
394880,2025,,,,
395241,2025,,,,
395241,2025/2026,,,,
395325,2025,,,,
395594,2025,,,,
395719,2025,,,,
396037,2025,,,,
396373,2025,,,,
396441,2025,,,,
396913,2025/2026,49.0,18.0,23.0,9.0
397584,2025,,,,
397682,2025,,,,
397691,2025,,,,
398119,2025,,,,
398178,2025,,,,
401779,2025,,,,
401831,2025,,,,
402010,2025,,,,
402061,2025,,,,
402077,2025,,,,
402078,2025,,,,
402106,2025,,,,
402187,2025,,,,
402319,2025,,,,
402331,2025,,,,
402333,2025,,,,
402375,2025,,,,
402489,2025,,,,
402595,2025,,,,
402733,2025,,,,
402784,2025,,,,
402877,2025,,,,
402937,2025,,,,
403020,2025,,,,
403681,2025,,,,
403793,2025,,,,
404497,2025,,,,
404697,2025/2026,34.0,41.0,4.0,1.0
406877,2025/2026,,,,
407760,2025,,,,
407780,2025,,,,
407790,2025,,,,
407827,2025,,,,
407904,2025,,,,
408981,2025,,,,
409137,2025,,,,
411151,2025/2026,,,,
411890,2025/2026,,,,
411966,2025,,,,
411967,2025,,,,
411969,2025,,,,
412260,2025/2026,27.0,30.0,27.0,56.0
412433,2025/2026,13.0,39.0,23.0,22.0
416927,2025,,,,
416929,2025,,,,
418101,2025/2026,,,,
418124,2025/2026,42.0,5.0,12.0,15.0
418197,2025/2026,,,,
418203,2025/2026,51.0,38.0,25.0,154.0
418253,2025/2026,24.0,3.0,5.0,22.0
418355,2025/2026,76.0,34.0,17.0,12.0
418377,2025/2026,27.0,58.0,19.0,25.0
418394,2025/2026,22.0,1.0,7.0,13.0
418401,2025/2026,19.0,23.0,32.0,19.0
418410,2025,,,,
418410,2025/2026,32.0,7.0,5.0,120.0
418424,2025/2026,44.0,25.0,20.0,63.0
418498,2025/2026,59.0,28.0,15.0,38.0
418591,2025/2026,34.0,23.0,5.0,39.0
418694,2025/2026,24.0,7.0,12.0,103.0
418704,2025/2026,,,,
418772,2025,51.0,57.0,50.0,45.0
419347,2025,,,,
419370,2025,,,,
419495,2025,,,,
419625,2025,,,,
419823,2025,,,,
419899,2025,,,,
419973,2025,,,,
420006,2025,,,,
429908,2025,,,,
429912,2025,,,,
429918,2025,,,,
429922,2025,,,,
429923,2025/2026,54.0,75.0,23.0,70.0
429996,2025,,,,
430004,2025,,,,
430015,2025,,,,
430019,2025,,,,
430034,2025,,,,
430099,2025/2026,19.0,6.0,10.0,7.0
430118,2025/2026,23.0,7.0,3.0,10.0
430142,2025,,,,
430143,2025,,,,
430157,2025,,,,
430158,2025,,,,
430167,2025,,,,
430229,2025,,,,
430249,2025/2026,,,,
430272,2025,,,,
430273,2025,,,,
430275,2025,,,,
430279,2025,,,,
430306,2025/2026,74.0,19.0,3.0,51.0
430313,2025/2026,24.0,56.0,54.0,35.0
430355,2025/2026,,,,
430365,2025,,,,
430377,2025/2026,8.0,17.0,32.0,10.0
430382,2025,,,,
430387,2025,,,,
430403,2025/2026,,,,
430405,2025,84.0,32.0,18.0,115.0
430505,2025/2026,10.0,19.0,21.0,12.0
430838,2025/2026,,,,
431298,2025/2026,,,,
431304,2025/2026,,,,
431357,2025/2026,,,,
431584,2025/2026,10.0,,6.0,
431767,2025,39.0,43.0,5.0,45.0
432151,2025,15.0,30.0,28.0,39.0
432256,2025,44.0,14.0,28.0,53.0
432653,2025/2026,40.0,36.0,62.0,96.0
432706,2025/2026,15.0,7.0,7.0,48.0
432720,2025/2026,12.0,2.0,4.0,1.0
432729,2025/2026,19.0,2.0,5.0,
432762,2025/2026,51.0,11.0,8.0,17.0
432769,2025/2026,,,,
432776,2025/2026,68.0,44.0,31.0,126.0
432782,2025/2026,41.0,21.0,20.0,13.0
432798,2025/2026,34.0,13.0,3.0,19.0
432800,2025/2026,,,,
432805,2025/2026,26.0,6.0,6.0,28.0
432832,2025/2026,6.0,10.0,38.0,
432840,2025/2026,,,,
432858,2025/2026,48.0,1.0,2.0,8.0
432868,2025/2026,46.0,9.0,6.0,2.0
432872,2025/2026,,,,
432880,2025/2026,8.0,25.0,25.0,9.0
432894,2025/2026,15.0,7.0,3.0,12.0
432896,2025/2026,30.0,2.0,11.0,
432898,2025/2026,25.0,14.0,7.0,39.0
432912,2025/2026,,,,
432913,2025/2026,,,,
433042,2025/2026,67.0,23.0,14.0,39.0
433075,2025/2026,,,,
433112,2025,,,,
433129,2025,,,,
433134,2025/2026,38.0,18.0,8.0,48.0
433146,2025/2026,34.0,41.0,20.0,35.0
433160,2025/2026,,,,
433165,2025/2026,55.0,15.0,21.0,59.0
433169,2025/2026,,,,
433180,2025/2026,11.0,9.0,27.0,15.0
433193,2025/2026,37.0,2.0,5.0,1.0
433255,2025/2026,21.0,27.0,2.0,65.0
433363,2025/2026,6.0,9.0,11.0,2.0
433446,2025/2026,17.0,22.0,20.0,22.0
433458,2025/2026,,,,
433483,2025/2026,,,,
433500,2025/2026,,,,
433658,2025/2026,27.0,55.0,48.0,76.0
433714,2025,,,,
433721,2025/2026,22.0,51.0,49.0,15.0
433723,2025/2026,38.0,7.0,10.0,2.0
433749,2025/2026,48.0,19.0,26.0,46.0
433751,2025/2026,21.0,4.0,8.0,
433778,2025/2026,,,,
433785,2025/2026,58.0,33.0,15.0,5.0
433807,2025/2026,2.0,10.0,26.0,
433811,2025/2026,21.0,68.0,50.0,66.0
434090,2025/2026,34.0,107.0,74.0,29.0
434157,2025/2026,40.0,31.0,17.0,5.0
434241,2025/2026,11.0,2.0,5.0,
434409,2025/2026,22.0,6.0,15.0,8.0
434718,2025/2026,40.0,25.0,27.0,38.0
434921,2025/2026,,,,
435573,2025/2026,78.0,20.0,9.0,102.0
435657,2025/2026,27.0,61.0,17.0,100.0
435763,2025/2026,62.0,36.0,38.0,23.0
435783,2025/2026,34.0,36.0,16.0,17.0
435901,2025/2026,43.0,21.0,37.0,30.0
435908,2025/2026,12.0,1.0,3.0,2.0
435929,2025/2026,34.0,1.0,12.0,3.0
435931,2025/2026,34.0,22.0,12.0,63.0
435939,2025/2026,,,,
436090,2025/2026,10.0,1.0,8.0,2.0
436104,2025/2026,40.0,7.0,6.0,40.0
436159,2025/2026,,,,
436170,2025/2026,51.0,15.0,5.0,8.0
436883,2025/2026,41.0,12.0,17.0,8.0
436921,2025/2026,,,,
437096,2025,,,,
437190,2025/2026,,,,
437332,2025/2026,25.0,27.0,24.0,41.0
438149,2025,,,,
438698,2025,,,,
439266,2025,,,,
439494,2025,,,,
439683,2025/2026,36.0,67.0,27.0,98.0
439764,2025,,,,
441264,2025,,,,
441306,2025,,,,
443517,2025/2026,,,,
443528,2025/2026,,,,
443582,2025,,,,
443592,2025,,,,
443612,2025/2026,,,,
443632,2025,,,,
443676,2025,,,,
443792,2025/2026,,,,
444157,2025,,,,
444184,2025,,,,
444184,2025/2026,,,,
444230,2025/2026,,,,
444666,2025,,,,
444737,2025,,,,
445054,2025,,,,
445425,2025/2026,,,,
445827,2025/2026,,,,
445829,2025/2026,,,,
445831,2025/2026,,,,
446236,2025/2026,39.0,18.0,17.0,37.0
446296,2025/2026,43.0,36.0,95.0,128.0
446364,2025/2026,16.0,48.0,46.0,15.0
446377,2025/2026,,,,
446951,2025/2026,31.0,50.0,16.0,58.0
446955,2025/2026,7.0,8.0,22.0,7.0
446992,2025/2026,16.0,30.0,36.0,89.0
446998,2025/2026,,,,
446999,2025/2026,10.0,5.0,4.0,10.0
447092,2025/2026,,,,
447094,2025/2026,,,,
447102,2025,,,,
447134,2025/2026,15.0,,6.0,2.0
447151,2025/2026,34.0,37.0,8.0,40.0
447181,2025/2026,,,,
447182,2025/2026,,,,
447240,2025/2026,,,,
447249,2025/2026,31.0,4.0,16.0,9.0
447278,2025/2026,,,,
447283,2025/2026,30.0,12.0,7.0,9.0
447344,2025,,,,
447514,2025/2026,93.0,20.0,18.0,3.0
447543,2025/2026,26.0,4.0,5.0,2.0
447554,2025/2026,15.0,37.0,40.0,5.0
447694,2025/2026,50.0,9.0,24.0,30.0
447951,2025/2026,76.0,155.0,47.0,252.0
448107,2025/2026,,,,
448116,2025/2026,9.0,20.0,19.0,1.0
448139,2025/2026,32.0,36.0,10.0,65.0
448255,2025/2026,,,,
448320,2025,,,,
448326,2025/2026,26.0,15.0,8.0,33.0
448328,2025/2026,50.0,50.0,12.0,49.0
448342,2025/2026,,,,
448372,2025/2026,,,,
448379,2025/2026,35.0,24.0,11.0,4.0
448389,2025/2026,,,,
448422,2025/2026,59.0,36.0,40.0,57.0
448448,2025/2026,,,,
448482,2025/2026,35.0,7.0,25.0,6.0
449083,2025,37.0,29.0,41.0,44.0
449182,2025/2026,13.0,31.0,49.0,19.0
449596,2025/2026,19.0,55.0,58.0,15.0
449818,2025/2026,28.0,4.0,8.0,27.0
450031,2025/2026,,,,
450413,2025/2026,13.0,3.0,7.0,4.0
450488,2025/2026,44.0,5.0,16.0,9.0
450555,2025/2026,,,,
450610,2025/2026,30.0,3.0,10.0,9.0
452692,2025,,,,
452711,2025/2026,,,,
452758,2025/2026,44.0,79.0,63.0,80.0
452786,2025/2026,7.0,6.0,6.0,
452819,2025,,,,
452898,2025,,,,
452919,2025,,,,
452926,2025/2026,,,,
452932,2025/2026,,,,
452982,2025/2026,,,,
453035,2025,,,,
453043,2025,,,,
455354,2025/2026,10.0,29.0,32.0,17.0
455369,2025,,,,
455376,2025/2026,,,,
455410,2025/2026,72.0,52.0,29.0,69.0
455451,2025/2026,26.0,16.0,5.0,70.0
455483,2025/2026,,,,
455488,2025/2026,18.0,2.0,11.0,
455498,2025/2026,62.0,40.0,21.0,280.0
455706,2025/2026,38.0,17.0,21.0,50.0
455738,2025,,,,
455774,2025,,2.0,1.0,
455776,2025/2026,27.0,22.0,36.0,15.0
455796,2025/2026,,,,
455797,2025,36.0,67.0,30.0,22.0
455799,2025/2026,,,,
455805,2025/2026,14.0,31.0,97.0,15.0
455810,2025/2026,,,,
455835,2025,,,,
455838,2025/2026,,,,
455862,2025,,,,
455900,2025/2026,,,,
455954,2025/2026,,,,
456198,2025,19.0,6.0,11.0,3.0
456274,2025,,,,
456279,2025,,,,
456348,2025,,,,
456387,2025/2026,52.0,42.0,40.0,147.0
456399,2025,,,,
456593,2025,,,,
456676,2025/2026,25.0,49.0,30.0,11.0
456883,2025/2026,,,,
457596,2025/2026,11.0,17.0,22.0,12.0
457604,2025,23.0,19.0,12.0,47.0
457608,2025,25.0,26.0,5.0,70.0
457773,2025,19.0,42.0,66.0,41.0
457912,2025,,,,
458461,2025,,,,
458461,2025/2026,40.0,17.0,22.0,10.0
458516,2025,,,,
458532,2025,,,,
458556,2025,,,,
458581,2025,,,,
458682,2025/2026,,,,
458724,2025,,,,
458744,2025,47.0,23.0,21.0,61.0
458747,2025,23.0,37.0,50.0,43.0
458758,2025,,,,
458760,2025,,,,
458768,2025,,,,
458800,2025/2026,14.0,7.0,6.0,4.0
458870,2025,,,,
458905,2025/2026,32.0,25.0,20.0,5.0
458907,2025/2026,24.0,34.0,17.0,10.0
458971,2025,,,,
459011,2025/2026,25.0,25.0,28.0,16.0
459089,2025,40.0,21.0,18.0,73.0
459145,2025/2026,,,,
459242,2025/2026,40.0,25.0,9.0,61.0
459252,2025,,,,
459254,2025,,,,
459255,2025,,,,
459307,2025/2026,64.0,21.0,15.0,19.0
459408,2025/2026,40.0,26.0,31.0,11.0
459410,2025/2026,29.0,33.0,7.0,18.0
459480,2025/2026,,,,
459653,2025/2026,,,,
459660,2025/2026,,,,
459680,2025,,,,
459703,2025,,,,
459704,2025/2026,80.0,38.0,45.0,7.0
459775,2025/2026,34.0,44.0,27.0,66.0
459824,2025,,,,
459833,2025,,,,
459861,2025,,,,
460070,2025/2026,17.0,6.0,11.0,2.0
460080,2025/2026,1.0,22.0,21.0,5.0
460091,2025,,,,
460160,2025/2026,,,,
460199,2025/2026,32.0,3.0,21.0,6.0
460203,2025,50.0,27.0,46.0,18.0
460264,2025/2026,47.0,38.0,29.0,21.0
460270,2025,,,,
460493,2025,,,,
460540,2025,,,,
460556,2025/2026,86.0,28.0,16.0,98.0
460601,2025/2026,39.0,17.0,17.0,14.0
460810,2025/2026,9.0,13.0,32.0,7.0
460893,2025,,,,
461027,2025/2026,,,,
461028,2025,,,,
461510,2025,39.0,69.0,41.0,61.0
461515,2025/2026,,,,
461516,2025/2026,,,,
461564,2025,31.0,5.0,9.0,17.0
461664,2025/2026,,,,
461818,2025/2026,6.0,4.0,2.0,4.0
461993,2025/2026,21.0,5.0,4.0,3.0
462000,2025/2026,26.0,20.0,16.0,12.0
462068,2025/2026,,,,
462072,2025/2026,42.0,70.0,41.0,29.0
462173,2025/2026,8.0,5.0,10.0,2.0
462291,2025/2026,27.0,3.0,14.0,1.0
462329,2025,30.0,1.0,19.0,3.0
462329,2025/2026,10.0,1.0,7.0,1.0
462338,2025/2026,47.0,20.0,17.0,20.0
462583,2025,,,,
462584,2025,,,,
463065,2025,,,,
463153,2025,,,,
463850,2025,,,,
463957,2025/2026,69.0,27.0,8.0,26.0
463976,2025/2026,,,,
464014,2025,11.0,11.0,10.0,68.0
464015,2025/2026,,,,
464190,2025/2026,20.0,34.0,58.0,1.0
464286,2025,,,,
464677,2025,,,,
464742,2025,,,,
464833,2025,32.0,90.0,31.0,74.0
464962,2025/2026,,,,
464983,2025,,,,
464990,2025/2026,,,,
465020,2025,24.0,5.0,10.0,8.0
465116,2025,7.0,5.0,7.0,38.0
465144,2025,,,,
465304,2025/2026,17.0,49.0,46.0,48.0
465580,2025/2026,,,,
465613,2025,,,,
465724,2025/2026,11.0,4.0,13.0,7.0
465803,2025/2026,,,,
465810,2025,,,,
465886,2025,,,,
466063,2025,,,,
466068,2025/2026,4.0,18.0,10.0,10.0
466425,2025/2026,,,,
466431,2025,,,,
466578,2025,,,,
466914,2025/2026,,,,
466995,2025/2026,,,,
467029,2025,46.0,4.0,24.0,5.0
467231,2025,,,,
467450,2025,,,,
467467,2025,,,,
467539,2025,,,,
467567,2025/2026,,,,
467924,2025/2026,,,,
467987,2025,,,,
468113,2025/2026,55.0,36.0,22.0,75.0
468144,2025,,,,
468202,2025,,,,
468224,2025/2026,24.0,54.0,63.0,10.0
468326,2025,,,,
468327,2025,,,,
468329,2025,,,,
468332,2025,,,,
468339,2025,,,,
468356,2025,,,,
468388,2025,,,,
468392,2025,,,,
468451,2025/2026,,,,
468627,2025,,,,
468629,2025,,,,
468633,2025,,,,
468635,2025,,,,
468637,2025,,,,
468639,2025,,,,
468724,2025,,,,
468726,2025/2026,3.0,11.0,21.0,6.0
468759,2025,,,,
469603,2025/2026,,,,
469717,2025/2026,,,,
470083,2025,,,,
470503,2025,,,,
470519,2025,,,,
470775,2025,,,,
470863,2025,,,,
470926,2025,,,,
470958,2025,,,,
470966,2025,,,,
471304,2025,,,,
471416,2025,,,,
471488,2025,,,,
471557,2025,,,,
471567,2025,,,,
471727,2025,,,,
471762,2025,,,,
471911,2025,,,,
471927,2025,,,,
472598,2025,,,,
472599,2025,,,,
472789,2025,,,,
472850,2025,,,,
472908,2025,,,,
473947,2025,,,,
474333,2025,,,,
474354,2025/2026,,,,
474525,2025/2026,,,,
475006,2025/2026,,,,
475039,2025/2026,35.0,9.0,2.0,6.0
475522,2025,,,,
475579,2025/2026,52.0,12.0,13.0,9.0
477002,2025,25.0,48.0,59.0,15.0
477009,2025/2026,4.0,21.0,31.0,26.0
477098,2025/2026,22.0,5.0,4.0,4.0
487988,2025,,,,
488056,2025/2026,32.0,15.0,21.0,88.0
488070,2025/2026,,,,
496655,2025/2026,,,,
496663,2025/2026,55.0,8.0,25.0,32.0
496680,2025/2026,20.0,14.0,63.0,7.0
496767,2025,,,,
496775,2025/2026,,,,
498161,2025/2026,,,,
500835,2025/2026,65.0,4.0,18.0,6.0
503594,2025/2026,80.0,10.0,18.0,11.0
504866,2025/2026,13.0,16.0,43.0,6.0
505040,2025/2026,21.0,19.0,8.0,26.0
505047,2025/2026,22.0,24.0,11.0,39.0
506092,2025,,,,
506092,2025/2026,33.0,15.0,13.0,11.0
508813,2025/2026,,,,
508889,2025/2026,22.0,25.0,13.0,14.0
509402,2025/2026,26.0,33.0,8.0,40.0
509713,2025/2026,18.0,39.0,25.0,56.0
509715,2025/2026,36.0,28.0,6.0,24.0
511606,2025,,,,
512134,2025,,,,
512385,2025,,,,
512560,2025/2026,12.0,17.0,13.0,32.0
512743,2025/2026,,,,
512882,2025,,,,
512926,2025/2026,,,,
512975,2025/2026,43.0,73.0,17.0,61.0
513103,2025/2026,58.0,28.0,25.0,52.0
516291,2025/2026,,,,
517121,2025,,,,
517206,2025,,,,
517208,2025,,,,
517240,2025,,,,
517241,2025,,,,
517259,2025,,,,
517264,2025,,,,
517267,2025,,,,
518346,2025,,,,
518391,2025,,,,
518526,2025,,,,
518625,2025/2026,25.0,21.0,31.0,88.0
518639,2025,,,,
518641,2025,,,,
518650,2025,,,,
518749,2025/2026,57.0,14.0,13.0,8.0
518750,2025/2026,34.0,68.0,36.0,35.0
518764,2025/2026,16.0,41.0,36.0,22.0
518768,2025,42.0,43.0,20.0,2.0
518776,2025,45.0,12.0,13.0,15.0
518827,2025,,,,
518830,2025,,,,
518833,2025/2026,,,,
518864,2025/2026,,,,
518898,2025,27.0,14.0,18.0,39.0
518906,2025,41.0,21.0,34.0,41.0
522612,2025/2026,68.0,25.0,41.0,143.0
522621,2025,,,,
522622,2025,,,,
522646,2025/2026,,,,
523933,2025/2026,24.0,31.0,16.0,33.0
523945,2025,,,,
523957,2025/2026,,,,
523964,2025/2026,61.0,32.0,57.0,30.0
524045,2025/2026,,,,
524055,2025/2026,,,,
524102,2025/2026,64.0,32.0,39.0,60.0
524288,2025,,,,
524308,2025,13.0,35.0,16.0,61.0
524308,2025/2026,18.0,29.0,26.0,35.0
524309,2025/2026,,,,
524432,2025,,,,
524549,2025/2026,51.0,73.0,64.0,123.0
524645,2025/2026,53.0,98.0,39.0,104.0
524781,2025/2026,19.0,46.0,29.0,61.0
524782,2025/2026,35.0,8.0,8.0,7.0
524784,2025/2026,36.0,12.0,32.0,92.0
524847,2025/2026,,,,
524849,2025/2026,,,,
524852,2025/2026,22.0,6.0,4.0,4.0
525082,2025/2026,25.0,1.0,17.0,1.0
525687,2025/2026,22.0,47.0,26.0,17.0
525790,2025/2026,,,,
526042,2025/2026,25.0,8.0,16.0,11.0
526255,2025,,,,
526347,2025/2026,10.0,45.0,39.0,133.0
526418,2025/2026,,,,
526803,2025/2026,38.0,9.0,8.0,57.0
526975,2025/2026,35.0,23.0,17.0,42.0
527269,2025,,,,
527270,2025,,,,
527273,2025,,,,
527274,2025,,,,
527351,2025/2026,,,,
527400,2025/2026,30.0,13.0,24.0,13.0
527416,2025/2026,31.0,56.0,66.0,97.0
527451,2025,12.0,1.0,8.0,8.0
527474,2025/2026,25.0,6.0,9.0,10.0
527512,2025,,,,
527534,2025/2026,,,,
527722,2025/2026,13.0,11.0,28.0,55.0
527765,2025/2026,,,,
527766,2025,,,,
527767,2025/2026,30.0,74.0,49.0,155.0
528041,2025,24.0,55.0,78.0,28.0
528043,2025,27.0,11.0,13.0,2.0
528889,2025,18.0,20.0,11.0,63.0
529067,2025,9.0,29.0,70.0,26.0
529080,2025,19.0,25.0,9.0,33.0
529235,2025,,,,
529397,2025/2026,35.0,16.0,7.0,7.0
529405,2025/2026,36.0,9.0,6.0,
529419,2025/2026,15.0,5.0,3.0,2.0
529483,2025/2026,59.0,34.0,20.0,29.0
529502,2025/2026,,,,
529553,2025/2026,19.0,22.0,1.0,19.0
529555,2025/2026,,,,
529559,2025/2026,34.0,44.0,42.0,73.0
529563,2025/2026,36.0,27.0,25.0,6.0
529581,2025/2026,,,,
529627,2025/2026,19.0,8.0,11.0,21.0
529664,2025/2026,32.0,147.0,90.0,73.0
529684,2025/2026,36.0,6.0,9.0,6.0
529689,2025/2026,,,,
529703,2025/2026,66.0,42.0,37.0,124.0
529756,2025/2026,33.0,78.0,47.0,44.0
529840,2025/2026,34.0,7.0,15.0,1.0
529856,2025/2026,,,,
529888,2025/2026,38.0,52.0,19.0,145.0
529896,2025/2026,,,,
529960,2025/2026,,,,
530188,2025/2026,57.0,28.0,15.0,24.0
530193,2025/2026,1.0,,2.0,1.0
530195,2025/2026,59.0,35.0,30.0,78.0
530317,2025/2026,,,,
530338,2025/2026,28.0,33.0,4.0,107.0
530526,2025/2026,,,,
530693,2025/2026,21.0,4.0,12.0,2.0
530714,2025/2026,12.0,16.0,37.0,6.0
530758,2025/2026,64.0,128.0,56.0,126.0
530762,2025/2026,,,,
530921,2025/2026,36.0,6.0,5.0,1.0
531496,2025,,,,
531576,2025/2026,39.0,23.0,15.0,8.0
531942,2025,13.0,4.0,16.0,9.0
532249,2025/2026,45.0,18.0,21.0,5.0
532283,2025/2026,9.0,14.0,13.0,13.0
532358,2025/2026,,,,
532359,2025/2026,41.0,12.0,16.0,79.0
532364,2025/2026,,,,
532816,2025,,,,
532822,2025,,,,
533172,2025,,,,
533182,2025/2026,66.0,28.0,23.0,95.0
533587,2025/2026,22.0,48.0,42.0,4.0
533761,2025,,,,
533800,2025/2026,22.0,,9.0,
533882,2025/2026,60.0,94.0,53.0,179.0
533992,2025,,,,
534134,2025/2026,,,,
534376,2025/2026,43.0,65.0,36.0,34.0
534383,2025/2026,24.0,53.0,44.0,123.0
534682,2025,,,,
535346,2025,,,,
535445,2025,,,,
535499,2025/2026,,,,
535792,2025/2026,36.0,53.0,27.0,98.0
535958,2025/2026,50.0,41.0,18.0,38.0
537027,2025/2026,21.0,14.0,25.0,29.0
537056,2025/2026,20.0,58.0,41.0,64.0
537068,2025,,,,
537090,2025/2026,48.0,25.0,18.0,65.0
537094,2025/2026,84.0,41.0,37.0,168.0
537107,2025/2026,72.0,33.0,42.0,27.0
537108,2025/2026,25.0,12.0,12.0,11.0
537117,2025/2026,,,,
537121,2025/2026,,,,
537125,2025/2026,19.0,30.0,12.0,33.0
537186,2025/2026,19.0,6.0,8.0,29.0
537201,2025/2026,20.0,2.0,9.0,
537207,2025/2026,,,,
537210,2025/2026,17.0,76.0,47.0,7.0
537215,2025/2026,,,,
537217,2025/2026,,,,
537218,2025/2026,,,,
537231,2025/2026,19.0,2.0,17.0,1.0
537257,2025/2026,,,,
537271,2025/2026,,,,
537274,2025/2026,50.0,10.0,8.0,4.0
537292,2025/2026,47.0,18.0,17.0,8.0
537305,2025/2026,25.0,24.0,28.0,23.0
537313,2025/2026,50.0,25.0,30.0,115.0
537316,2025/2026,,,,
537319,2025/2026,46.0,68.0,41.0,52.0
537320,2025,,,,
537327,2025/2026,21.0,3.0,12.0,1.0
537332,2025/2026,,,,
537347,2025/2026,,,,
537362,2025/2026,28.0,30.0,58.0,87.0
537367,2025/2026,94.0,13.0,12.0,16.0
537388,2025/2026,38.0,32.0,39.0,126.0
537399,2025/2026,49.0,4.0,23.0,2.0
537422,2025/2026,,,,
537423,2025/2026,42.0,25.0,19.0,35.0
537429,2025/2026,19.0,10.0,14.0,40.0
537451,2025,16.0,46.0,30.0,16.0
537465,2025/2026,,,,
537487,2025/2026,38.0,30.0,16.0,85.0
537493,2025/2026,,,,
537513,2025/2026,33.0,53.0,20.0,18.0
537514,2025/2026,12.0,29.0,12.0,88.0
537558,2025/2026,,,,
537562,2025/2026,8.0,33.0,81.0,16.0
537569,2025/2026,11.0,19.0,7.0,37.0
537577,2025/2026,19.0,10.0,8.0,55.0
537591,2025/2026,,,,
537595,2025/2026,,,,
537597,2025/2026,11.0,45.0,22.0,10.0
537599,2025/2026,,,,
537625,2025/2026,,,,
537629,2025/2026,,,,
537631,2025/2026,26.0,13.0,14.0,40.0
537660,2025/2026,,,,
537665,2025/2026,15.0,11.0,4.0,35.0
537666,2025/2026,,,,
537691,2025/2026,63.0,26.0,20.0,39.0
537706,2025,33.0,10.0,6.0,35.0
537721,2025/2026,41.0,34.0,76.0,95.0
537758,2025/2026,,,,
537763,2025,27.0,5.0,12.0,12.0
537767,2025/2026,57.0,10.0,40.0,127.0
537810,2025/2026,14.0,40.0,19.0,50.0
537818,2025/2026,23.0,14.0,3.0,43.0
537837,2025/2026,,,,
537843,2025/2026,,,,
537857,2025/2026,48.0,37.0,26.0,11.0
537935,2025/2026,24.0,2.0,10.0,14.0
537943,2025/2026,12.0,3.0,2.0,1.0
537994,2025/2026,,,,
538019,2025/2026,,,,
538022,2025,38.0,24.0,20.0,2.0
538031,2025,,,,
538042,2025/2026,11.0,1.0,6.0,3.0
538080,2025/2026,23.0,2.0,9.0,1.0
538122,2025/2026,58.0,33.0,11.0,79.0
538140,2025/2026,21.0,43.0,9.0,14.0
538178,2025/2026,59.0,34.0,22.0,80.0
538256,2025,,,,
538259,2025/2026,35.0,11.0,46.0,25.0
538437,2025/2026,52.0,10.0,19.0,2.0
538449,2025/2026,,,,
538457,2025/2026,42.0,21.0,27.0,38.0
538481,2025/2026,29.0,37.0,38.0,67.0
538510,2025/2026,35.0,8.0,25.0,2.0
538511,2025,25.0,8.0,29.0,2.0
538516,2025/2026,58.0,24.0,15.0,17.0
538536,2025/2026,48.0,28.0,10.0,104.0
538553,2025/2026,,,,
538609,2025/2026,26.0,14.0,22.0,20.0
538615,2025/2026,12.0,1.0,7.0,2.0
538637,2025/2026,56.0,33.0,13.0,144.0
538647,2025/2026,26.0,51.0,41.0,11.0
538672,2025/2026,65.0,18.0,20.0,25.0
538681,2025/2026,26.0,9.0,7.0,58.0
538721,2025/2026,53.0,73.0,44.0,49.0
538739,2025/2026,5.0,12.0,30.0,9.0
538861,2025/2026,,,,
538907,2025/2026,,,,
538978,2025/2026,63.0,23.0,28.0,29.0
539121,2025/2026,24.0,18.0,6.0,72.0
539304,2025/2026,34.0,47.0,43.0,33.0
539361,2025/2026,35.0,27.0,26.0,36.0
539382,2025/2026,23.0,1.0,11.0,7.0
539472,2025,9.0,27.0,32.0,17.0
539554,2025/2026,10.0,3.0,11.0,13.0
539555,2025/2026,28.0,66.0,63.0,60.0
539611,2025,18.0,41.0,10.0,42.0
539613,2025/2026,,,,
539619,2025/2026,20.0,21.0,17.0,11.0
539622,2025/2026,49.0,18.0,28.0,21.0
539624,2025/2026,,,,
539656,2025/2026,23.0,51.0,42.0,75.0
539711,2025,,,,
539800,2025/2026,51.0,41.0,46.0,32.0
539889,2025/2026,13.0,9.0,13.0,1.0
539967,2025/2026,92.0,77.0,31.0,47.0
539990,2025/2026,,,,
539991,2025/2026,59.0,58.0,22.0,30.0
540004,2025/2026,35.0,36.0,64.0,117.0
540008,2025/2026,52.0,5.0,14.0,8.0
540010,2025/2026,9.0,2.0,6.0,
540017,2025/2026,15.0,1.0,5.0,1.0
540023,2025/2026,51.0,14.0,24.0,175.0
540027,2025/2026,,,,
540103,2025/2026,19.0,6.0,3.0,14.0
540115,2025/2026,,,,
540120,2025/2026,29.0,11.0,8.0,11.0
540122,2025,27.0,,13.0,16.0
540189,2025/2026,58.0,12.0,29.0,3.0
540200,2025/2026,32.0,56.0,49.0,102.0
540203,2025/2026,,,,
540219,2025/2026,41.0,27.0,27.0,144.0
540243,2025/2026,45.0,12.0,42.0,80.0
540248,2025/2026,15.0,2.0,5.0,6.0
540251,2025/2026,,,,
540252,2025,,,,
540260,2025/2026,26.0,32.0,3.0,54.0
540261,2025/2026,,,,
540290,2025/2026,51.0,17.0,23.0,16.0
540319,2025/2026,24.0,8.0,10.0,
540342,2025/2026,43.0,20.0,18.0,28.0
540383,2025/2026,,,,
540394,2025,12.0,1.0,8.0,1.0
540413,2025,64.0,18.0,57.0,58.0
540482,2025/2026,77.0,34.0,56.0,11.0
540508,2025/2026,37.0,79.0,77.0,89.0
540518,2025/2026,41.0,13.0,14.0,6.0
540571,2025/2026,,,,
540579,2025/2026,55.0,13.0,8.0,4.0
540586,2025,,,,
540588,2025/2026,28.0,9.0,11.0,26.0
540600,2025/2026,13.0,15.0,20.0,17.0
540601,2025/2026,29.0,2.0,24.0,3.0
540613,2025/2026,,,,
540647,2025/2026,37.0,23.0,8.0,62.0
540657,2025/2026,,,,
540660,2025/2026,30.0,22.0,22.0,72.0
540670,2025/2026,79.0,79.0,15.0,13.0
540672,2025/2026,25.0,5.0,5.0,1.0
540673,2025/2026,43.0,4.0,16.0,9.0
540675,2025/2026,68.0,12.0,9.0,1.0
540694,2025/2026,30.0,21.0,13.0,5.0
540711,2025/2026,13.0,21.0,3.0,2.0
544802,2025,,,,
544959,2025,,,,
544959,2025/2026,,,,
545244,2025/2026,,,,
546553,2025/2026,35.0,8.0,16.0,20.0
546751,2025,,,,
546780,2025/2026,33.0,43.0,19.0,49.0
546782,2025,76.0,17.0,21.0,3.0
546805,2025/2026,51.0,24.0,23.0,12.0
580962,2025/2026,38.0,16.0,25.0,81.0
580971,2025/2026,,,,
580998,2025,17.0,11.0,36.0,11.0
581003,2025/2026,36.0,35.0,31.0,31.0
581009,2025/2026,40.0,138.0,89.0,215.0
581012,2025/2026,26.0,4.0,19.0,5.0
581038,2025/2026,,,,
581043,2025/2026,14.0,22.0,4.0,49.0
581045,2025/2026,35.0,3.0,7.0,4.0
581046,2025/2026,28.0,10.0,5.0,15.0
581047,2025/2026,37.0,85.0,72.0,97.0
581048,2025/2026,,,,
581060,2025/2026,6.0,4.0,5.0,1.0
581062,2025/2026,18.0,75.0,49.0,16.0
581067,2025/2026,,,,
581071,2025/2026,55.0,11.0,6.0,2.0
581086,2025/2026,45.0,59.0,46.0,147.0
581094,2025/2026,25.0,8.0,43.0,13.0
581096,2025,14.0,37.0,27.0,115.0
581122,2025/2026,10.0,46.0,46.0,14.0
581125,2025/2026,39.0,88.0,36.0,197.0
581128,2025/2026,35.0,49.0,54.0,64.0
581142,2025/2026,27.0,6.0,8.0,1.0
581154,2025/2026,,,,
581156,2025/2026,22.0,40.0,71.0,33.0
581158,2025/2026,,,,
581197,2025/2026,66.0,16.0,11.0,79.0
581216,2025/2026,,,,
581220,2025/2026,,,,
581235,2025/2026,,,,
581241,2025/2026,15.0,36.0,44.0,16.0
581242,2025/2026,,,,
600674,2025,82.0,116.0,38.0,38.0
600687,2025/2026,,,,
608115,2025/2026,84.0,39.0,36.0,19.0
608118,2025/2026,,,,
608126,2025/2026,33.0,46.0,56.0,141.0
608189,2025/2026,,,,
608194,2025,7.0,32.0,49.0,5.0
608242,2025,,,,
608247,2025,,,,
608263,2025/2026,45.0,17.0,9.0,3.0
608285,2025/2026,,,,
608299,2025/2026,17.0,6.0,8.0,31.0
608329,2025/2026,20.0,17.0,22.0,20.0
608345,2025,,,,
667317,2025/2026,,,,
675820,2025,,,,
675845,2025/2026,,,,
688986,2025/2026,16.0,69.0,36.0,17.0
689021,2025/2026,,,,
689025,2025/2026,43.0,28.0,34.0,48.0
689048,2025,,,,
741528,2025/2026,10.0,22.0,25.0,23.0
741531,2025/2026,36.0,102.0,42.0,209.0
741584,2025,,,,
741592,2025/2026,14.0,64.0,49.0,23.0
741623,2025/2026,82.0,28.0,20.0,169.0
741664,2025,,,,
749396,2025/2026,,,,
749406,2025/2026,,,,
749501,2025/2026,,,,
749527,2025/2026,27.0,41.0,49.0,28.0
749643,2025/2026,25.0,25.0,9.0,26.0
749934,2025/2026,,,,
749968,2025/2026,22.0,14.0,22.0,39.0
749991,2025/2026,,,,
750014,2025,,,,
751169,2025,,,,
751434,2025/2026,,,,
751437,2025/2026,24.0,33.0,39.0,13.0
751463,2025/2026,38.0,7.0,10.0,13.0
751551,2025/2026,15.0,3.0,18.0,1.0
751608,2025/2026,24.0,16.0,12.0,3.0
752564,2025/2026,61.0,72.0,27.0,109.0
752648,2025/2026,32.0,13.0,16.0,46.0
765706,2025,42.0,7.0,14.0,9.0
765721,2025/2026,,,,
765725,2025/2026,28.0,12.0,12.0,2.0
766259,2025/2026,16.0,21.0,53.0,20.0
766260,2025/2026,10.0,12.0,11.0,47.0
766591,2025/2026,33.0,83.0,37.0,45.0
766612,2025,,,,
766627,2025/2026,,,,
766659,2025/2026,,,,
766681,2025,,,,
766687,2025/2026,,,,
766688,2025,,,,
784369,2025/2026,15.0,11.0,18.0,51.0
784373,2025/2026,,,,
784403,2025/2026,32.0,27.0,14.0,8.0
784441,2025/2026,94.0,22.0,64.0,9.0
784456,2025/2026,28.0,26.0,51.0,114.0
784457,2025/2026,24.0,103.0,46.0,19.0
784557,2025/2026,,,,
784744,2025,,,,
784790,2025,,,,
784792,2025/2026,17.0,19.0,7.0,32.0
784809,2025,3.0,3.0,5.0,3.0
785001,2025/2026,16.0,99.0,40.0,36.0
785012,2025/2026,30.0,45.0,36.0,12.0
785058,2025/2026,11.0,48.0,67.0,11.0
785060,2025/2026,59.0,36.0,27.0,10.0
785205,2025/2026,44.0,39.0,28.0,104.0
785373,2025,,,,
785373,2025/2026,,,,
785595,2025,,,,
785869,2025/2026,23.0,9.0,5.0,23.0
785923,2025,28.0,26.0,17.0,100.0
785924,2025/2026,4.0,20.0,44.0,8.0
785931,2025,,,,
785953,2025,20.0,23.0,25.0,7.0
785955,2025/2026,20.0,20.0,27.0,14.0
785967,2025,,,,
785988,2025,20.0,61.0,13.0,179.0
785996,2025/2026,15.0,41.0,19.0,38.0
785997,2025/2026,30.0,40.0,58.0,108.0
785998,2025/2026,,,,
786171,2025,24.0,5.0,15.0,2.0
786220,2025,57.0,31.0,14.0,110.0
786222,2025,6.0,20.0,52.0,5.0
786223,2025,22.0,52.0,35.0,67.0
786226,2025,50.0,66.0,73.0,307.0
786229,2025,24.0,2.0,9.0,1.0
786279,2025,36.0,14.0,26.0,7.0
786281,2025,34.0,4.0,9.0,18.0
786289,2025,12.0,3.0,8.0,1.0
786371,2025,59.0,18.0,17.0,20.0
786595,2025,46.0,28.0,24.0,42.0
786702,2025,,,,
786711,2025,,,,
786727,2025,,,,
786730,2025,,,,
786785,2025/2026,,,,
786791,2025,,,,
786811,2025/2026,,,,
786813,2025/2026,,,,
786823,2025,,,,
786858,2025,,,,
786884,2025,,,,
787331,2025,,,,
787350,2025,,,,
787410,2025,,,,
787441,2025,,,,
788070,2025/2026,,,,
788558,2025/2026,,,,
788850,2025/2026,,,,
788851,2025,,,,
796933,2025/2026,60.0,32.0,36.0,138.0
796950,2025,38.0,53.0,18.0,24.0
841454,2025/2026,51.0,10.0,19.0,12.0
841464,2025/2026,40.0,53.0,48.0,42.0
882972,2025/2026,,,,
883009,2025/2026,11.0,28.0,25.0,20.0
883058,2025/2026,15.0,50.0,82.0,8.0
883071,2025,,,,
883086,2025,14.0,33.0,31.0,7.0
883145,2025,,,,
893685,2025,27.0,7.0,16.0,14.0
893695,2025,,,,
893767,2025/2026,,,,
896095,2025/2026,,,,
896182,2025/2026,51.0,22.0,4.0,35.0
896233,2025/2026,28.0,17.0,4.0,12.0
896234,2025/2026,,,,
896242,2025/2026,44.0,116.0,102.0,76.0
896368,2025/2026,,,,
932286,2025/2026,,,,
932310,2025,,,,
978897,2025/2026,11.0,38.0,5.0,38.0
978912,2025/2026,13.0,58.0,48.0,66.0
1021776,2025,41.0,18.0,4.0,102.0
1068598,2025/2026,42.0,29.0,44.0,19.0
1076941,2025/2026,,,,
1122865,2025/2026,,,,
1122923,2025/2026,25.0,48.0,43.0,90.0
1167415,2025/2026,,,,
1314153,2025,24.0,142.0,24.0,89.0
1356266,2025/2026,8.0,6.0,1.0,2.0
1444086,2025/2026,,,,
1452150,2025/2026,,,,
1452162,2025/2026,23.0,4.0,13.0,
1452163,2025,,,,
1452164,2025/2026,21.0,7.0,26.0,38.0
1452165,2025/2026,92.0,23.0,15.0,74.0
1452177,2025/2026,15.0,68.0,60.0,34.0
1452236,2025/2026,41.0,38.0,20.0,28.0
1452319,2025,33.0,7.0,2.0,1.0
1452334,2025/2026,42.0,12.0,8.0,12.0
1452339,2025/2026,10.0,6.0,8.0,18.0
1452363,2025/2026,60.0,44.0,22.0,31.0
1452374,2025,55.0,29.0,30.0,147.0
1452457,2025/2026,19.0,22.0,27.0,15.0
1452586,2025/2026,18.0,14.0,12.0,32.0
1452672,2025/2026,17.0,22.0,8.0,8.0
1452869,2025/2026,34.0,33.0,42.0,54.0
1452870,2025/2026,,,,
1453021,2025,,,,
1465241,2025,,,,
1465262,2025,,,,
1467993,2025/2026,17.0,1.0,8.0,1.0
1468030,2025/2026,46.0,39.0,33.0,25.0
1477373,2025/2026,41.0,26.0,28.0,1.0
1477376,2025,10.0,28.0,35.0,19.0
1477387,2025/2026,45.0,24.0,37.0,12.0
1477520,2025/2026,,,,
1477578,2025,28.0,25.0,22.0,11.0
1477625,2025/2026,15.0,92.0,74.0,9.0
1477637,2025/2026,28.0,17.0,58.0,2.0
1477653,2025/2026,17.0,13.0,29.0,39.0
1477764,2025/2026,43.0,6.0,30.0,5.0
1478149,2025/2026,32.0,16.0,16.0,1.0
1478312,2025/2026,14.0,23.0,19.0,62.0
1478478,2025/2026,64.0,34.0,40.0,63.0
1478727,2025/2026,31.0,9.0,6.0,47.0
1478730,2025/2026,29.0,25.0,31.0,48.0
1478864,2025/2026,,,,
1479090,2025/2026,3.0,6.0,17.0,6.0
1479107,2025/2026,44.0,53.0,28.0,75.0
1479337,2025/2026,,,,
1479356,2025,16.0,19.0,21.0,45.0
1479641,2025/2026,17.0,19.0,6.0,26.0
1479701,2025/2026,11.0,4.0,8.0,6.0
1480407,2025/2026,,,,
1481206,2025,,,,
1481206,2025/2026,5.0,2.0,6.0,
1481335,2025/2026,56.0,21.0,14.0,126.0
1481489,2025/2026,,,,
1481492,2025/2026,63.0,73.0,61.0,46.0
1481604,2025/2026,29.0,4.0,5.0,
1481605,2025/2026,63.0,35.0,48.0,59.0
1481621,2025/2026,,,,
1481638,2025,,,,
1481638,2025/2026,,,,
1481800,2025/2026,11.0,27.0,102.0,7.0
1481815,2025/2026,58.0,44.0,19.0,40.0
1482427,2025/2026,44.0,23.0,18.0,26.0
1483803,2025/2026,,,,
1483864,2025,46.0,10.0,8.0,7.0
1483866,2025/2026,,,,
1484883,2025/2026,11.0,15.0,15.0,30.0
1484940,2025/2026,34.0,18.0,7.0,18.0
1485257,2025/2026,,,,
1485418,2025/2026,,,,
1485606,2025/2026,30.0,12.0,11.0,14.0
1485781,2025/2026,40.0,8.0,13.0,
1485951,2025/2026,,,,
1486200,2025/2026,19.0,95.0,54.0,50.0
1486436,2025,,,,
1487531,2025/2026,35.0,6.0,11.0,5.0
1487955,2025/2026,30.0,8.0,43.0,
1488486,2025/2026,12.0,43.0,29.0,59.0
1488819,2025/2026,,,,
1489214,2025,,,,
1489787,2025/2026,18.0,58.0,54.0,4.0
1490020,2025/2026,10.0,17.0,28.0,11.0
1490065,2025/2026,,,,
1490540,2025/2026,14.0,18.0,33.0,11.0
1490638,2025/2026,60.0,51.0,75.0,42.0
1490667,2025/2026,,,,
1490687,2025/2026,,,,
1490707,2025,,,,
1491376,2025/2026,15.0,20.0,14.0,68.0
1491407,2025/2026,51.0,17.0,18.0,1.0
1491606,2025,,,,
1492046,2025,,,,
1493359,2025,24.0,12.0,12.0,55.0
1493747,2025/2026,43.0,6.0,8.0,
1494171,2025,,,,
1494201,2025/2026,39.0,61.0,24.0,103.0
1494210,2025,11.0,1.0,7.0,2.0
1494214,2025/2026,,,,
1494237,2025/2026,73.0,11.0,5.0,15.0
1494239,2025/2026,47.0,162.0,89.0,96.0
1494244,2025/2026,5.0,1.0,1.0,5.0
1494245,2025/2026,,,,
1494247,2025/2026,,,,
1494341,2025/2026,36.0,6.0,7.0,4.0
1494342,2025/2026,73.0,33.0,31.0,66.0
1494345,2025/2026,13.0,24.0,21.0,9.0
1494368,2025/2026,75.0,23.0,6.0,44.0
1494374,2025/2026,22.0,6.0,9.0,94.0
1494380,2025/2026,,,,
1494381,2025/2026,16.0,63.0,77.0,81.0
1494388,2025/2026,62.0,86.0,94.0,51.0
1494395,2025/2026,47.0,15.0,28.0,43.0
1494396,2025/2026,57.0,6.0,35.0,4.0
1494403,2025/2026,,,,
1494443,2025/2026,17.0,38.0,19.0,116.0
1494444,2025/2026,,,,
1494446,2025/2026,,,,
1494447,2025/2026,,,,
1494531,2025/2026,63.0,8.0,16.0,34.0
1494547,2025/2026,,,,
1494566,2025,38.0,4.0,7.0,40.0
1494566,2025/2026,34.0,9.0,10.0,9.0
1494633,2025/2026,,,,
1494679,2025/2026,52.0,88.0,73.0,151.0
1494698,2025/2026,18.0,15.0,9.0,42.0
1494701,2025/2026,,,,
1494704,2025/2026,22.0,13.0,16.0,6.0
1494712,2025/2026,,,,
1495690,2025,,,,
1495691,2025,,,,
1496514,2025/2026,48.0,53.0,45.0,112.0
1497104,2025,53.0,20.0,9.0,11.0
1497502,2025,31.0,6.0,23.0,2.0
1497505,2025,23.0,6.0,5.0,9.0
1498092,2025/2026,38.0,30.0,29.0,18.0
1498488,2025/2026,31.0,7.0,10.0,4.0
1498784,2025,,,,
1499086,2025/2026,28.0,4.0,4.0,10.0
1499092,2025/2026,23.0,48.0,22.0,78.0
1499803,2025/2026,22.0,57.0,72.0,125.0
1499980,2025/2026,,,,
1500789,2025/2026,59.0,25.0,32.0,51.0
1500844,2025/2026,17.0,46.0,35.0,17.0
1501202,2025/2026,,,,
1503030,2025,,,,
1503619,2025,,,,
1503717,2025/2026,,,,
1504438,2025/2026,,,,
1504475,2025/2026,,,,
1504508,2025/2026,,,,
1504516,2025/2026,,,,
1507160,2025/2026,,,,
1507165,2025,,,,
1507167,2025/2026,44.0,11.0,19.0,4.0
1507189,2025/2026,,,,
1511203,2025,48.0,40.0,17.0,103.0
1511345,2025,,,,
1511348,2025,,,,
1524950,2025/2026,26.0,10.0,7.0,13.0
1524954,2025/2026,24.0,46.0,17.0,14.0
1525033,2025,21.0,20.0,12.0,60.0
1525043,2025/2026,31.0,67.0,31.0,47.0
1525150,2025/2026,18.0,68.0,60.0,167.0
1525202,2025/2026,31.0,3.0,5.0,7.0
1525233,2025/2026,,,,
1525246,2025/2026,50.0,22.0,18.0,114.0
1525359,2025/2026,3.0,25.0,32.0,33.0
1525361,2025/2026,,,,
1525399,2025/2026,,,,
1525415,2025/2026,,,,
1533061,2025,,,,
1548028,2025/2026,19.0,38.0,48.0,9.0
1548164,2025,,,,
1548366,2025/2026,19.0,36.0,39.0,65.0
1548370,2025,16.0,3.0,4.0,1.0
1548370,2025/2026,28.0,4.0,9.0,
1548371,2025/2026,41.0,16.0,21.0,42.0
1548377,2025,,,,
1548395,2025/2026,,,,
1548396,2025/2026,19.0,46.0,33.0,16.0
1548410,2025/2026,33.0,16.0,3.0,24.0
1548435,2025/2026,24.0,11.0,13.0,2.0
1548470,2025/2026,,,,
1548527,2025/2026,,,,
1548625,2025/2026,27.0,,5.0,3.0
1548632,2025/2026,,,,
1548650,2025/2026,43.0,7.0,30.0,9.0
1672791,2025/2026,,,,
1718569,2025/2026,,,,
1846733,2025/2026,,,,
1846739,2025/2026,,,,
1846846,2025/2026,38.0,20.0,10.0,12.0
1846902,2025/2026,,,,
1846903,2025/2026,,,,
1846925,2025/2026,,,,
1872550,2025/2026,,,,
1872573,2025/2026,7.0,28.0,37.0,1.0
1872574,2025/2026,,,,
1872650,2025/2026,,,,
1872668,2025/2026,,,,
1872678,2025/2026,,,,
1872745,2025/2026,26.0,13.0,16.0,57.0
1872746,2025/2026,14.0,11.0,12.0,10.0
1872747,2025,,,,
1872749,2025/2026,25.0,15.0,93.0,9.0
1872764,2025/2026,12.0,11.0,18.0,24.0
1872891,2025,,,,
1873168,2025/2026,35.0,7.0,29.0,
2158188,2025/2026,,,,
2158212,2025/2026,84.0,49.0,50.0,37.0
2158422,2025/2026,18.0,95.0,49.0,53.0
2158445,2025/2026,,,,
2158475,2025/2026,14.0,21.0,26.0,7.0
2158512,2025/2026,,,,
2158634,2025/2026,,,,
2158652,2025/2026,72.0,30.0,15.0,68.0
2158653,2025/2026,69.0,14.0,12.0,72.0
2158711,2025/2026,23.0,4.0,9.0,2.0
2170239,2025/2026,20.0,28.0,16.0,57.0
2170250,2025/2026,42.0,29.0,40.0,110.0
2170259,2025/2026,,,,
2170269,2025/2026,64.0,25.0,25.0,
2170272,2025/2026,20.0,20.0,10.0,71.0
2170274,2025,,,,
2170278,2025/2026,14.0,,5.0,
2178546,2025/2026,,,,
2178570,2025/2026,12.0,25.0,11.0,8.0
2178600,2025/2026,10.0,3.0,6.0,
2178650,2025/2026,17.0,5.0,3.0,6.0
2178735,2025/2026,,,,
2178924,2025/2026,,,,
2178933,2025/2026,,,,
2178943,2025/2026,,,,
2178946,2025/2026,39.0,5.0,19.0,6.0
2206562,2025/2026,31.0,2.0,12.0,3.0
2206568,2025/2026,13.0,11.0,19.0,34.0
2206572,2025,,,,
2206574,2025,,,,
2206665,2025/2026,,,,
2206671,2025/2026,59.0,16.0,27.0,83.0
2206688,2025/2026,,,,
2206701,2025/2026,28.0,45.0,53.0,158.0
2206702,2025/2026,14.0,25.0,78.0,86.0
2206745,2025/2026,15.0,6.0,7.0,10.0
2206747,2025/2026,30.0,6.0,12.0,6.0
2206827,2025/2026,89.0,49.0,22.0,116.0
2206980,2025/2026,,,,
2206983,2025/2026,,,,
2206989,2025/2026,,,,
2207171,2025,,,,
2238638,2025/2026,,,,
2483192,2025/2026,35.0,8.0,13.0,1.0
2483202,2025/2026,53.0,19.0,3.0,55.0
2483209,2025/2026,60.0,24.0,6.0,17.0
2483278,2025/2026,20.0,43.0,14.0,100.0
2483333,2025/2026,,,,
2483371,2025/2026,20.0,8.0,6.0,21.0
2483426,2025/2026,25.0,9.0,18.0,35.0
2483609,2025/2026,2.0,11.0,44.0,5.0
2483655,2025/2026,31.0,29.0,16.0,137.0
2483914,2025,,,,
2483954,2025/2026,21.0,4.0,4.0,1.0
2503699,2025/2026,,,,
2510218,2025/2026,38.0,12.0,10.0,14.0
2510233,2025/2026,15.0,7.0,12.0,6.0
2510254,2025/2026,,,,
2510255,2025/2026,22.0,14.0,24.0,13.0
2510268,2025,52.0,37.0,14.0,56.0
2510332,2025/2026,17.0,13.0,32.0,10.0
2510362,2025,,,,
2510388,2025/2026,40.0,24.0,12.0,34.0
2510414,2025/2026,27.0,7.0,8.0,4.0
2510439,2025/2026,30.0,10.0,11.0,39.0
2510665,2025/2026,,,,
2510814,2025/2026,16.0,29.0,31.0,16.0
2510817,2025/2026,,,,
2510835,2025/2026,7.0,7.0,24.0,6.0
2510840,2025/2026,76.0,8.0,7.0,2.0
2510860,2025/2026,,,,
2510886,2025,,,,
2510947,2025/2026,,,,
2510963,2025/2026,29.0,26.0,19.0,83.0
2511048,2025,,,,
2511074,2025/2026,,,,
2511075,2025/2026,13.0,3.0,7.0,6.0
2511076,2025/2026,14.0,8.0,6.0,12.0
2511090,2025/2026,50.0,30.0,20.0,103.0
2511096,2025/2026,,,,
2511155,2025/2026,59.0,40.0,20.0,49.0
2511220,2025,73.0,23.0,20.0,6.0
2511221,2025/2026,13.0,1.0,11.0,1.0
2511226,2025/2026,55.0,28.0,28.0,169.0
2511239,2025/2026,,,,
2538511,2025/2026,38.0,14.0,14.0,14.0
2538512,2025/2026,47.0,36.0,41.0,18.0
2538518,2025/2026,,,,
2538544,2025/2026,40.0,59.0,56.0,184.0
2815999,2025/2026,13.0,38.0,11.0,35.0
2816015,2025/2026,25.0,1.0,22.0,22.0
2816023,2025/2026,,,,
2816035,2025/2026,,,,
2816059,2025,21.0,18.0,31.0,17.0
2816063,2025/2026,13.0,1.0,7.0,2.0
2816157,2025/2026,32.0,23.0,23.0,16.0
2816173,2025,,,,
2816254,2025/2026,41.0,25.0,15.0,17.0
2816255,2025/2026,37.0,15.0,21.0,11.0
2823098,2025,,,,
2823100,2025/2026,17.0,2.0,8.0,7.0
2823149,2025/2026,,,,
2823175,2025/2026,26.0,11.0,19.0,54.0
2823228,2025/2026,,,,
2823329,2025/2026,,,,
2823334,2025/2026,,,,
2823394,2025/2026,,,,
2823410,2025/2026,28.0,7.0,11.0,7.0
2823414,2025/2026,,,,
2823438,2025/2026,76.0,43.0,25.0,18.0
2823500,2025,28.0,15.0,10.0,53.0
2823507,2025/2026,94.0,37.0,83.0,164.0
2823509,2025/2026,41.0,26.0,17.0,1.0
2823511,2025/2026,,,,
2823522,2025/2026,6.0,15.0,7.0,1.0
2823537,2025/2026,,,,
2823546,2025/2026,,,,
2846597,2025,,,,
2846627,2025/2026,,,,
2846630,2025/2026,,,,
2846690,2025/2026,9.0,20.0,42.0,2.0
2846746,2025,,,,
2846749,2025/2026,38.0,34.0,5.0,57.0
2846750,2025/2026,15.0,1.0,4.0,
2846821,2025/2026,,,,
2846848,2025/2026,7.0,23.0,21.0,89.0
2846856,2025/2026,,,,
2846880,2025/2026,14.0,33.0,32.0,88.0
2846905,2025/2026,54.0,18.0,16.0,97.0
2846907,2025/2026,57.0,3.0,32.0,6.0
2875804,2025/2026,,,,
2875857,2025/2026,60.0,44.0,18.0,165.0
2875858,2025/2026,,,,
2875870,2025/2026,,,,
2875883,2025/2026,81.0,36.0,39.0,10.0
2875981,2025,,,,
2875994,2025,,,,
3156869,2025/2026,15.0,44.0,43.0,18.0
3156870,2025/2026,92.0,36.0,35.0,8.0
3156873,2025/2026,,,,
3157054,2025/2026,,,,
3157067,2025/2026,,,,
3157085,2025/2026,,,,
3169754,2025/2026,,,,
3169774,2025/2026,25.0,68.0,44.0,132.0
3169778,2025/2026,15.0,56.0,81.0,90.0
3169795,2025/2026,,,,
3169811,2025,,,,
3169820,2025/2026,38.0,14.0,14.0,56.0
3169824,2025,29.0,4.0,10.0,1.0
3169839,2025/2026,53.0,29.0,3.0,104.0
3169869,2025/2026,17.0,25.0,14.0,24.0
3169977,2025/2026,,,,
3179620,2025/2026,21.0,73.0,54.0,67.0
3179622,2025/2026,,,,
3181365,2025/2026,40.0,21.0,5.0,10.0
3181368,2025/2026,,,,
3181370,2025/2026,,,,
3181384,2025/2026,36.0,75.0,66.0,146.0
3181434,2025/2026,71.0,47.0,6.0,60.0
3181437,2025/2026,,,,
3187720,2025/2026,55.0,15.0,14.0,47.0
3187861,2025/2026,,,,
3187864,2025/2026,50.0,13.0,16.0,20.0
3187873,2025/2026,34.0,9.0,18.0,13.0
3187890,2025/2026,50.0,22.0,17.0,63.0
3187964,2025/2026,14.0,34.0,12.0,20.0
3187968,2025/2026,,,,
3188026,2025/2026,,,,
3188047,2025,7.0,1.0,8.0,5.0
3188054,2025/2026,,,,
3188067,2025/2026,29.0,5.0,14.0,
3188081,2025,45.0,27.0,30.0,13.0
3188134,2025/2026,87.0,22.0,31.0,72.0
3219346,2025/2026,31.0,8.0,17.0,3.0
3219391,2025,,,,
3219682,2025/2026,18.0,16.0,16.0,33.0
3219702,2025/2026,54.0,34.0,76.0,126.0
3219722,2025/2026,31.0,11.0,8.0,39.0
3219725,2025/2026,35.0,54.0,56.0,163.0
3219728,2025/2026,29.0,110.0,122.0,177.0
3502642,2025/2026,45.0,18.0,21.0,10.0
3502645,2025/2026,43.0,38.0,21.0,121.0
3502650,2025/2026,36.0,10.0,8.0,4.0
3502665,2025/2026,,,,
3502669,2025/2026,,,,
3502673,2025/2026,,,,
3502685,2025,,,,
3509896,2025/2026,29.0,11.0,8.0,40.0
3509963,2025,17.0,45.0,17.0,59.0
3509964,2025/2026,,,,
3509987,2025/2026,63.0,50.0,13.0,2.0
3510025,2025/2026,33.0,34.0,15.0,27.0
3510039,2025,,,,
3510051,2025/2026,,,,
3510182,2025/2026,,,,
3510186,2025/2026,20.0,12.0,11.0,52.0
3510215,2025/2026,30.0,2.0,13.0,3.0
3510227,2025/2026,33.0,10.0,15.0,7.0
3510260,2025/2026,,,,
3510267,2025/2026,37.0,3.0,14.0,76.0
3510273,2025/2026,58.0,6.0,17.0,68.0
3510281,2025/2026,,,,
3510288,2025/2026,,,,
3510292,2025/2026,67.0,23.0,13.0,37.0
3510293,2025/2026,35.0,43.0,22.0,120.0
3526190,2025,,,,
3526191,2025,,,,
3526193,2025/2026,,,,
3526251,2025/2026,42.0,23.0,16.0,75.0
3526264,2025/2026,42.0,5.0,10.0,1.0
3526277,2025/2026,24.0,168.0,63.0,120.0
3533075,2025/2026,14.0,43.0,46.0,28.0
3533107,2025/2026,16.0,50.0,57.0,78.0
3533119,2025/2026,4.0,55.0,54.0,35.0
3533245,2025/2026,20.0,15.0,12.0,25.0
3533249,2025,,,,
3533316,2025,41.0,7.0,15.0,6.0
3533334,2025/2026,28.0,10.0,18.0,2.0
3533357,2025/2026,,,,
3533672,2025/2026,,,,
3533724,2025/2026,17.0,25.0,11.0,40.0
3533735,2025,,,,
3533809,2025/2026,39.0,22.0,5.0,41.0
3533825,2025/2026,74.0,41.0,16.0,116.0
3533830,2025/2026,4.0,10.0,22.0,6.0
3533845,2025,33.0,28.0,23.0,5.0
3533873,2025/2026,27.0,11.0,12.0,9.0
3533990,2025/2026,,,,
3534017,2025/2026,,,,
3534018,2025/2026,,,,
3568403,2025/2026,63.0,34.0,29.0,153.0
3568416,2025/2026,,,,
3568417,2025/2026,64.0,27.0,27.0,17.0
3568423,2025/2026,9.0,29.0,61.0,98.0
3568478,2025,,,,
3568482,2025/2026,46.0,18.0,13.0,77.0
3568504,2025/2026,67.0,46.0,36.0,16.0
3568625,2025/2026,,,,
3568756,2025/2026,,,,
3568778,2025/2026,25.0,26.0,25.0,15.0
3568834,2025,,,,
3857281,2025/2026,32.0,53.0,27.0,9.0
3857295,2025/2026,13.0,34.0,82.0,11.0
3857303,2025/2026,17.0,17.0,7.0,11.0
3857327,2025/2026,34.0,21.0,38.0,12.0
3857328,2025/2026,24.0,13.0,41.0,9.0
3861304,2025/2026,27.0,17.0,7.0,51.0
3861325,2025/2026,47.0,10.0,26.0,41.0
3861333,2025/2026,68.0,37.0,71.0,18.0
3861378,2025/2026,20.0,48.0,40.0,87.0
3861539,2025/2026,34.0,10.0,21.0,6.0
3861542,2025/2026,,,,
3861546,2025/2026,8.0,15.0,8.0,9.0
3861563,2025/2026,25.0,17.0,19.0,56.0
3861574,2025/2026,47.0,19.0,16.0,7.0
3861598,2025/2026,,,,
3861601,2025,12.0,16.0,12.0,25.0
3861637,2025/2026,,,,
3861642,2025/2026,29.0,58.0,32.0,63.0
3861720,2025/2026,44.0,3.0,29.0,15.0
3861723,2025/2026,32.0,35.0,16.0,72.0
3861724,2025/2026,20.0,156.0,116.0,34.0
3861741,2025/2026,,,,
3861786,2025,39.0,21.0,50.0,95.0
3861790,2025/2026,,,,
3861827,2025/2026,55.0,39.0,38.0,185.0
3861834,2025/2026,61.0,14.0,32.0,23.0
3861835,2025/2026,,,,
3861840,2025,,,,
3861893,2025/2026,42.0,45.0,45.0,41.0
3862031,2025/2026,24.0,25.0,27.0,52.0
3862048,2025,,,,
3862090,2025/2026,48.0,14.0,6.0,2.0
3862091,2025/2026,,,,
3862097,2025/2026,,,,
3862128,2025/2026,2.0,26.0,29.0,8.0
3862139,2025/2026,26.0,21.0,12.0,45.0
3862352,2025/2026,,,,
3862355,2025/2026,,,,
3862358,2025/2026,68.0,30.0,33.0,142.0
3862381,2025/2026,31.0,7.0,13.0,
3862426,2025/2026,,,,
3862450,2025/2026,29.0,29.0,31.0,23.0
3862465,2025/2026,30.0,10.0,10.0,13.0
3862477,2025/2026,60.0,5.0,14.0,2.0
3862494,2025/2026,9.0,33.0,57.0,17.0
3862554,2025/2026,51.0,154.0,81.0,90.0
3862572,2025/2026,26.0,4.0,18.0,4.0
3862589,2025/2026,34.0,12.0,11.0,26.0
3862667,2025/2026,33.0,18.0,22.0,5.0
3862672,2025/2026,34.0,21.0,34.0,4.0
3862681,2025,,,,
3862683,2025/2026,,,,
3862700,2025/2026,,,,
3862727,2025/2026,42.0,10.0,32.0,44.0
3862769,2025/2026,41.0,60.0,79.0,35.0
3872627,2025,,,,
3872664,2025,,,,
3872729,2025/2026,,,,
3876526,2025/2026,13.0,20.0,23.0,77.0
3876535,2025/2026,59.0,57.0,85.0,200.0
3876547,2025/2026,52.0,16.0,41.0,12.0
3876654,2025/2026,,,,
3876667,2025/2026,16.0,4.0,7.0,31.0
3876679,2025,67.0,59.0,34.0,28.0
3876693,2025/2026,27.0,67.0,29.0,32.0
3876758,2025/2026,61.0,37.0,13.0,33.0
3876766,2025/2026,48.0,5.0,19.0,4.0
3876776,2025/2026,,,,
3876778,2025/2026,,,,
3876800,2025,,,,
3876808,2025/2026,58.0,8.0,12.0,64.0
3876919,2025/2026,,,,
3876966,2025/2026,,,,
3876968,2025/2026,,,,
3876972,2025/2026,,,,
3877049,2025/2026,40.0,42.0,25.0,83.0
4187882,2025/2026,46.0,53.0,20.0,73.0
4187912,2025/2026,13.0,3.0,3.0,
4192249,2025/2026,34.0,41.0,13.0,46.0
4192268,2025/2026,27.0,7.0,12.0,31.0
4192280,2025/2026,65.0,42.0,64.0,47.0
4192331,2025/2026,29.0,48.0,8.0,61.0
4192333,2025/2026,8.0,19.0,55.0,3.0
4192358,2025/2026,42.0,2.0,20.0,1.0
4192501,2025/2026,,,,
4196132,2025/2026,,,,
4237019,2025/2026,,,,
4237036,2025/2026,24.0,57.0,57.0,181.0
4237048,2025/2026,20.0,4.0,8.0,4.0
4237056,2025/2026,,,,
4237060,2025,,,,
4237074,2025/2026,25.0,1.0,13.0,1.0
4237085,2025/2026,14.0,57.0,79.0,108.0
4243070,2025/2026,,,,
4243098,2025,9.0,22.0,19.0,18.0
4243131,2025/2026,24.0,91.0,55.0,133.0
4243178,2025/2026,5.0,10.0,22.0,
4243223,2025/2026,,,,
4536462,2025/2026,,,,
4536487,2025/2026,15.0,12.0,39.0,123.0
4536488,2025/2026,23.0,14.0,4.0,58.0
4536496,2025/2026,14.0,22.0,34.0,1.0
4536500,2025/2026,,,,
4536511,2025/2026,19.0,27.0,19.0,47.0
4536512,2025/2026,68.0,28.0,43.0,
4536524,2025/2026,,,,
4536525,2025/2026,15.0,39.0,27.0,29.0
4536529,2025/2026,,,,
4536537,2025/2026,,,,
4536538,2025/2026,,,,
4536539,2025/2026,31.0,12.0,8.0,30.0
4536540,2025/2026,,,,
4536544,2025/2026,20.0,2.0,2.0,
4536547,2025/2026,83.0,98.0,62.0,27.0
4536548,2025/2026,46.0,8.0,15.0,3.0
4536567,2025/2026,,,,
4536572,2025/2026,,,,
4536579,2025/2026,67.0,25.0,24.0,56.0
4536580,2025/2026,21.0,25.0,24.0,62.0
4536582,2025/2026,17.0,17.0,6.0,6.0
4536583,2025/2026,12.0,2.0,5.0,1.0
4536588,2025/2026,6.0,27.0,20.0,11.0
4536591,2025/2026,54.0,53.0,26.0,42.0
4545321,2025,19.0,56.0,18.0,84.0
4545327,2025/2026,,,,
4545347,2025/2026,10.0,27.0,24.0,53.0
4545348,2025/2026,15.0,48.0,66.0,25.0
4545353,2025/2026,25.0,49.0,26.0,17.0
4545371,2025/2026,59.0,20.0,19.0,58.0
4545376,2025/2026,35.0,35.0,89.0,150.0
4545389,2025/2026,,,,
4545390,2025/2026,26.0,88.0,22.0,130.0
4545404,2025/2026,,,,
4545417,2025/2026,44.0,27.0,10.0,73.0
4545427,2025/2026,27.0,27.0,25.0,28.0
4545430,2025/2026,,,,
4545434,2025/2026,,,,
4545453,2025/2026,,,,
4545454,2025/2026,,,,
4545461,2025/2026,,,,
4545463,2025/2026,53.0,81.0,52.0,113.0
4545486,2025/2026,30.0,28.0,9.0,100.0
4545504,2025,18.0,16.0,14.0,9.0
4545513,2025/2026,,,,
4545514,2025,,,,
4545516,2025/2026,44.0,76.0,51.0,75.0
4545529,2025/2026,,,,
4545545,2025,,,,
4552689,2025/2026,,,,
4591900,2025/2026,,,,
4591964,2025,,,,
4591965,2025,,,,
4592092,2025/2026,,,,
4592179,2025,3.0,3.0,7.0,4.0
4592184,2025/2026,,,,
4592196,2025/2026,27.0,29.0,21.0,36.0
4592198,2025/2026,,,,
4592204,2025/2026,16.0,21.0,40.0,5.0
4592240,2025/2026,48.0,94.0,61.0,92.0
4598710,2025/2026,,,,
4598716,2025/2026,,,,
4598725,2025/2026,21.0,42.0,12.0,103.0
4598726,2025/2026,,,,
4598752,2025/2026,,,,
4598769,2025/2026,,,,
4598809,2025/2026,,,,
4598978,2025/2026,,,,
4599088,2025/2026,,,,
4599256,2025/2026,38.0,12.0,9.0,28.0
4893655,2025/2026,47.0,17.0,26.0,40.0
4916164,2025,,,,
4916179,2025,,,,
4916243,2025,72.0,49.0,14.0,17.0
4916377,2025/2026,30.0,13.0,3.0,15.0
4925836,2025/2026,13.0,37.0,42.0,18.0
4926025,2025/2026,17.0,13.0,25.0,80.0
4969627,2025/2026,46.0,22.0,33.0,32.0
4969690,2025/2026,39.0,90.0,44.0,122.0
4969702,2025/2026,,,,
4969703,2025/2026,22.0,27.0,22.0,60.0
4969704,2025,45.0,41.0,32.0,16.0
4969726,2025/2026,,,,
4969736,2025/2026,49.0,23.0,40.0,23.0
4969805,2025/2026,,,,
4977640,2025/2026,38.0,39.0,83.0,15.0
4977645,2025,19.0,11.0,8.0,30.0
4977647,2025,8.0,2.0,4.0,9.0
4977653,2025/2026,76.0,27.0,19.0,19.0
4977664,2025/2026,,,,
4977687,2025/2026,17.0,24.0,19.0,67.0
4997513,2025/2026,152.0,30.0,28.0,7.0
4997515,2025,34.0,8.0,6.0,10.0
5270348,2025/2026,16.0,1.0,1.0,
5270371,2025/2026,,,,
5270374,2025,16.0,110.0,18.0,64.0
5270451,2025/2026,,,,
5270462,2025/2026,,,,
5270466,2025/2026,,,,
5270467,2025/2026,36.0,14.0,2.0,6.0
5270468,2025/2026,,,,
5270474,2025/2026,,,,
5270483,2025/2026,,,,
5270496,2025,25.0,6.0,3.0,11.0
5270497,2025/2026,,,,
5283381,2025/2026,28.0,14.0,7.0,16.0
5283385,2025/2026,56.0,35.0,12.0,7.0
5283409,2025/2026,,,,
5283493,2025/2026,28.0,14.0,29.0,15.0
5283526,2025/2026,51.0,38.0,30.0,89.0
5283531,2025/2026,8.0,18.0,32.0,2.0
5283589,2025/2026,10.0,2.0,11.0,
5283592,2025/2026,32.0,10.0,10.0,7.0
5283619,2025/2026,54.0,32.0,13.0,7.0
5283627,2025/2026,28.0,9.0,7.0,
5283644,2025/2026,46.0,29.0,37.0,85.0
5283698,2025,19.0,8.0,24.0,5.0
5283704,2025/2026,10.0,22.0,30.0,4.0
5283710,2025/2026,23.0,7.0,16.0,1.0
5283733,2025/2026,32.0,32.0,23.0,105.0
5283744,2025,45.0,55.0,14.0,62.0
5283769,2025/2026,16.0,9.0,44.0,2.0
5283771,2025/2026,17.0,43.0,24.0,64.0
5283785,2025/2026,42.0,53.0,11.0,25.0
5283791,2025/2026,27.0,31.0,23.0,93.0
5283802,2025,68.0,46.0,42.0,85.0
5283846,2025/2026,55.0,58.0,57.0,63.0
5283870,2025/2026,,,,
5283880,2025/2026,26.0,6.0,6.0,3.0
5283883,2025/2026,35.0,15.0,4.0,4.0
5332092,2025/2026,28.0,30.0,40.0,79.0
5332150,2025/2026,,,,
5332153,2025,,,,
5332181,2025/2026,16.0,4.0,6.0,2.0
5332191,2025,,,,
5332195,2025,,,,
5336796,2025/2026,20.0,10.0,21.0,44.0
5336859,2025/2026,29.0,9.0,8.0,37.0
5336907,2025/2026,29.0,6.0,17.0,2.0
5339937,2025/2026,,,,
5629267,2025/2026,21.0,3.0,5.0,
5629269,2025/2026,14.0,74.0,57.0,58.0
5629286,2025/2026,,,,
5629290,2025/2026,103.0,76.0,35.0,127.0
5640817,2025/2026,,,,
5640822,2025/2026,,,,
5640825,2025/2026,21.0,53.0,41.0,40.0
5640843,2025,38.0,53.0,23.0,74.0
5640845,2025/2026,22.0,15.0,14.0,22.0
5640849,2025/2026,,,,
5640862,2025,,,,
5640868,2025,,,,
5640878,2025/2026,52.0,87.0,14.0,55.0
5640879,2025,,,,
5640883,2025,,,,
5640884,2025/2026,9.0,42.0,58.0,7.0
5640904,2025/2026,58.0,100.0,76.0,56.0
5640920,2025/2026,22.0,3.0,18.0,2.0
5640927,2025/2026,,,,
5640945,2025,,,,
5641028,2025/2026,34.0,6.0,11.0,42.0
5641037,2025,,,,
5641041,2025,,,,
5641043,2025,,,,
5641044,2025/2026,27.0,41.0,41.0,147.0
5641048,2025/2026,12.0,30.0,19.0,1.0
5641049,2025,,,,
5641079,2025/2026,36.0,79.0,48.0,73.0
5641100,2025/2026,43.0,30.0,21.0,10.0
5666457,2025/2026,,,,
5666458,2025/2026,,,,
5666460,2025/2026,,,,
5666464,2025,,,,
5666468,2025,,,,
5666469,2025,,,,
5666479,2025/2026,7.0,,5.0,1.0
5666480,2025/2026,,,,
5666484,2025,,,,
5666485,2025,,,,
5666486,2025,,,,
5666488,2025,,,,
5666490,2025,,,,
5666490,2025/2026,32.0,36.0,28.0,4.0
5666491,2025/2026,32.0,60.0,88.0,96.0
5666520,2025/2026,,,,
5666523,2025/2026,,,,
5666540,2025/2026,18.0,86.0,46.0,59.0
5666544,2025/2026,116.0,57.0,25.0,105.0
5666699,2025,,,,
5956430,2025/2026,35.0,21.0,30.0,2.0
5956434,2025/2026,47.0,30.0,20.0,16.0
5956444,2025/2026,,,,
5967748,2025/2026,31.0,37.0,21.0,34.0
5967839,2025/2026,51.0,70.0,80.0,59.0
5967843,2025/2026,67.0,52.0,22.0,36.0
5968017,2025/2026,67.0,42.0,12.0,183.0
6006071,2025/2026,,,,
6006074,2025/2026,56.0,88.0,20.0,51.0
6006245,2025/2026,31.0,69.0,63.0,6.0
6013424,2025/2026,,,,
6013442,2025/2026,10.0,48.0,39.0,22.0
6306066,2025/2026,19.0,61.0,16.0,45.0
6306068,2025/2026,,,,
6306087,2025,9.0,17.0,52.0,1.0
6306101,2025/2026,,,,
6306111,2025,1.0,8.0,14.0,1.0
6306127,2025/2026,,,,
6306131,2025/2026,13.0,6.0,12.0,21.0
6306138,2025/2026,23.0,39.0,41.0,15.0
6306139,2025/2026,16.0,26.0,20.0,94.0
6599923,2025/2026,22.0,4.0,4.0,2.0
6599964,2025/2026,71.0,29.0,20.0,69.0
6599975,2025,35.0,29.0,18.0,16.0
6599976,2025/2026,35.0,76.0,20.0,37.0
6599977,2025/2026,28.0,34.0,63.0,52.0
6599978,2025/2026,23.0,22.0,11.0,12.0
6599979,2025/2026,29.0,64.0,53.0,141.0
6599983,2025/2026,,,,
6608215,2025/2026,35.0,26.0,16.0,62.0
6608242,2025/2026,34.0,16.0,7.0,26.0
6642415,2025/2026,,,,
6642441,2025/2026,21.0,3.0,20.0,4.0
6642474,2025/2026,,,,
6642475,2025/2026,,,,
6642507,2025/2026,34.0,4.0,11.0,3.0
6642510,2025/2026,27.0,52.0,24.0,34.0
6642577,2025/2026,,,,
6642599,2025,,,,
6648042,2025/2026,,,,
6648080,2025/2026,,,,
6655155,2025/2026,34.0,7.0,12.0,9.0
6970659,2025/2026,,,,
6971964,2025,20.0,177.0,60.0,80.0
6972189,2025/2026,56.0,28.0,37.0,89.0
6972292,2025/2026,20.0,21.0,73.0,4.0
6974793,2025,64.0,33.0,21.0,132.0
6974922,2025/2026,45.0,31.0,30.0,58.0
6983809,2025/2026,,,,
6984712,2025/2026,,,,
6984743,2025,13.0,16.0,12.0,17.0
6984747,2025,,,,
7025626,2025/2026,26.0,32.0,30.0,48.0
7025658,2025/2026,45.0,44.0,21.0,11.0
7026561,2025/2026,18.0,31.0,72.0,13.0
7026563,2025/2026,22.0,17.0,13.0,44.0
7026564,2025/2026,63.0,23.0,28.0,60.0
7026565,2025/2026,12.0,33.0,47.0,17.0
7026573,2025/2026,,,,
7026612,2025,,,,
7026699,2025/2026,,,,
7026724,2025/2026,27.0,13.0,18.0,24.0
7026744,2025/2026,,,,
7026768,2025/2026,46.0,17.0,27.0,50.0
7034510,2025/2026,22.0,7.0,5.0,36.0
7034592,2025/2026,21.0,27.0,36.0,47.0
7034905,2025/2026,,,,
7330506,2025/2026,43.0,85.0,46.0,44.0
7330507,2025/2026,,,,
7330510,2025/2026,7.0,3.0,9.0,3.0
7330512,2025/2026,40.0,147.0,45.0,108.0
7330549,2025/2026,,,,
7340309,2025,,,,
7345851,2025/2026,62.0,10.0,6.0,9.0
7346244,2025/2026,14.0,7.0,6.0,3.0
7346257,2025/2026,10.0,45.0,56.0,7.0
7346268,2025/2026,8.0,9.0,36.0,2.0
7346311,2025/2026,23.0,50.0,23.0,42.0
7346334,2025/2026,39.0,16.0,17.0,14.0
7346335,2025/2026,29.0,20.0,9.0,27.0
7346393,2025/2026,39.0,70.0,63.0,97.0
7346622,2025/2026,51.0,24.0,18.0,49.0
7346725,2025/2026,34.0,63.0,7.0,61.0
7347115,2025,39.0,78.0,30.0,62.0
7386868,2025/2026,33.0,24.0,15.0,57.0
7392787,2025/2026,,,,
7392788,2025/2026,64.0,16.0,25.0,26.0
7392797,2025/2026,,,,
7687676,2025/2026,74.0,3.0,23.0,4.0
7687965,2025,18.0,35.0,46.0,29.0
7688076,2025,46.0,13.0,46.0,144.0
7688261,2025/2026,59.0,18.0,28.0,13.0
7688269,2025,41.0,73.0,29.0,246.0
7688499,2025/2026,9.0,9.0,38.0,8.0
7689031,2025/2026,15.0,62.0,50.0,5.0
7689437,2025,,,,
7689700,2025,,,,
7689745,2025,,,,
7690113,2025/2026,,,,
7690288,2025/2026,,,,
7691269,2025/2026,,,,
7693413,2025/2026,,,,
7693534,2025/2026,37.0,8.0,23.0,21.0
7694076,2025/2026,36.0,36.0,18.0,93.0
7694298,2025,31.0,30.0,62.0,33.0
7697209,2025/2026,42.0,57.0,66.0,80.0
7698423,2025/2026,,,,
7698427,2025/2026,,,,
7698433,2025/2026,24.0,49.0,28.0,78.0
7698436,2025/2026,,,,
7698438,2025/2026,58.0,42.0,42.0,21.0
7698447,2025/2026,,,,
7698454,2025/2026,25.0,10.0,7.0,6.0
7708265,2025,,,,
7708974,2025,24.0,7.0,19.0,8.0
7709204,2025/2026,52.0,92.0,74.0,167.0
7714337,2025/2026,38.0,6.0,11.0,10.0
7714340,2025/2026,73.0,42.0,12.0,100.0
7714347,2025/2026,,,,
7714813,2025/2026,,,,
7741794,2025/2026,,,,
7742181,2025/2026,18.0,2.0,6.0,20.0
7742251,2025,,,,
7742257,2025/2026,41.0,143.0,71.0,124.0
8056287,2025/2026,21.0,5.0,11.0,3.0
8056315,2025/2026,,,,
8056316,2025/2026,51.0,49.0,28.0,12.0
8092941,2025/2026,,,,
8093403,2025/2026,10.0,28.0,14.0,5.0
8101004,2025/2026,17.0,35.0,45.0,21.0
8101008,2025/2026,7.0,21.0,33.0,13.0
8403182,2025/2026,,,,
8403220,2025/2026,63.0,32.0,12.0,116.0
8403613,2025/2026,49.0,7.0,16.0,3.0
8403615,2025/2026,7.0,37.0,26.0,5.0
8409959,2025/2026,6.0,18.0,18.0,3.0
8409974,2025,,,,
8409974,2025/2026,27.0,,5.0,2.0
8416554,2025/2026,27.0,54.0,28.0,85.0
8416698,2025/2026,12.0,2.0,10.0,3.0
8416700,2025/2026,31.0,51.0,30.0,24.0
8416702,2025/2026,15.0,30.0,25.0,84.0
8417178,2025,10.0,2.0,5.0,1.0
8417194,2025,30.0,42.0,32.0,61.0
8417249,2025/2026,45.0,6.0,12.0,7.0
8417251,2025/2026,21.0,6.0,10.0,30.0
8417254,2025/2026,5.0,32.0,72.0,7.0
8417285,2025/2026,,,,
8417287,2025/2026,30.0,21.0,18.0,88.0
8417298,2025,,,,
8417341,2025/2026,36.0,4.0,7.0,5.0
8417828,2025/2026,,,,
8417831,2025/2026,17.0,20.0,53.0,19.0
8417849,2025/2026,68.0,30.0,26.0,124.0
8417850,2025,,,,
8417851,2025/2026,31.0,40.0,35.0,130.0
8449373,2025/2026,,,,
8449761,2025/2026,,,,
8456257,2025/2026,,,,
8456327,2025/2026,39.0,40.0,15.0,63.0
8456341,2025/2026,28.0,23.0,2.0,71.0
8497895,2025/2026,6.0,2.0,6.0,6.0
8932826,2025/2026,,,,
9274006,2025/2026,22.0,2.0,6.0,5.0
9274009,2025/2026,,,,
9279559,2025/2026,2.0,14.0,10.0,5.0
9302266,2025/2026,,,,
9302267,2025,,,,
9302725,2025/2026,21.0,7.0,9.0,9.0
9302735,2025/2026,,,,
9302755,2025/2026,22.0,44.0,37.0,42.0
9302763,2025,,,,
9302767,2025,,,,
9302865,2025/2026,50.0,19.0,10.0,31.0
9302885,2025/2026,6.0,84.0,40.0,6.0
9302909,2025/2026,52.0,5.0,8.0,1.0
9307576,2025/2026,21.0,8.0,18.0,14.0
9307980,2025/2026,1.0,2.0,3.0,
9308042,2025/2026,,,,
9308049,2025/2026,,,,
9308116,2025/2026,31.0,30.0,29.0,40.0
9308118,2025/2026,,,,
9308193,2025/2026,,,,
9308198,2025/2026,,,,
9308228,2025,,,,
9605691,2025,53.0,150.0,47.0,100.0
9605714,2025/2026,36.0,13.0,25.0,117.0
9606076,2025/2026,,,,
9611525,2025/2026,38.0,25.0,12.0,51.0
9611541,2025/2026,,,,
9611543,2025/2026,,,,
9616249,2025/2026,23.0,14.0,4.0,2.0
9616674,2025/2026,27.0,4.0,5.0,7.0
9616692,2025/2026,28.0,19.0,5.0,5.0
9617115,2025/2026,,,,
9636175,2025/2026,21.0,11.0,3.0,54.0
9636187,2025/2026,46.0,53.0,71.0,192.0
9636698,2025,,,,
9641361,2025/2026,19.0,25.0,26.0,10.0
9938916,2025/2026,28.0,5.0,11.0,14.0
9938953,2025,28.0,35.0,25.0,47.0
9938960,2025,45.0,56.0,22.0,136.0
9938961,2025,24.0,1.0,9.0,2.0
9938962,2025,32.0,35.0,19.0,46.0
9938963,2025/2026,4.0,16.0,29.0,3.0
9938964,2025,32.0,11.0,26.0,27.0
9938966,2025,24.0,21.0,18.0,38.0
9939008,2025/2026,11.0,25.0,39.0,7.0
9939024,2025/2026,11.0,37.0,53.0,9.0
9939028,2025/2026,45.0,19.0,24.0,43.0
9939030,2025/2026,16.0,11.0,18.0,4.0
9939034,2025/2026,27.0,39.0,117.0,7.0
9939054,2025/2026,33.0,5.0,25.0,15.0
9939068,2025/2026,41.0,64.0,44.0,36.0
9939106,2025/2026,43.0,72.0,28.0,56.0
9939133,2025/2026,34.0,17.0,2.0,14.0
9939141,2025/2026,60.0,79.0,46.0,44.0
9939165,2025/2026,28.0,12.0,47.0,61.0
9939167,2025/2026,24.0,19.0,16.0,37.0
9939171,2025,,,,
9939173,2025/2026,15.0,75.0,44.0,101.0
9939187,2025/2026,15.0,7.0,7.0,1.0
9939190,2025/2026,7.0,17.0,76.0,12.0
9939196,2025/2026,,,,
9939197,2025/2026,41.0,14.0,6.0,21.0
9939199,2025/2026,34.0,16.0,8.0,12.0
9939202,2025/2026,62.0,12.0,18.0,5.0
9939203,2025/2026,,,,
9939204,2025/2026,4.0,5.0,5.0,6.0
9939206,2025/2026,22.0,28.0,33.0,58.0
9939394,2025/2026,,,,
9939395,2025/2026,59.0,5.0,17.0,9.0
9949372,2025/2026,64.0,24.0,32.0,33.0
9949810,2025,,,,
9950237,2025/2026,115.0,61.0,24.0,65.0
9950256,2025/2026,,,,
9964054,2025/2026,,,,
9964067,2025/2026,29.0,48.0,56.0,36.0
9967153,2025/2026,,,,
10269843,2025/2026,,,,
10274517,2025/2026,,,,
10274950,2025/2026,,,,
10274958,2025/2026,44.0,25.0,48.0,35.0
10275407,2025,,,,
10275412,2025/2026,9.0,28.0,21.0,3.0
10275445,2025/2026,,,,
10275466,2025/2026,,,,
10275578,2025/2026,34.0,21.0,30.0,164.0
10275906,2025/2026,18.0,25.0,31.0,14.0
10278669,2025/2026,,,,
10278701,2025/2026,,,,
10279739,2025/2026,,,,
10290365,2025,,,,
10302686,2025,,,,
10305163,2025,,,,
10307080,2025/2026,,,,
10309700,2025/2026,77.0,14.0,26.0,109.0
10309703,2025/2026,,,,
10309769,2025/2026,20.0,16.0,8.0,38.0
10310312,2025/2026,65.0,45.0,27.0,84.0
10310734,2025,,,,
10310735,2025,,,,
10310744,2025/2026,,,,
10310763,2025/2026,41.0,14.0,46.0,15.0
10310764,2025,,,,
10310765,2025/2026,46.0,108.0,58.0,83.0
10310791,2025,,,,
10310802,2025,,,,
10319459,2025,13.0,25.0,24.0,3.0
10319479,2025,,,,
10319489,2025/2026,61.0,27.0,24.0,16.0
10322347,2025/2026,55.0,25.0,19.0,37.0
10621656,2025/2026,,,,
10621691,2025/2026,,,,
10626586,2025,23.0,5.0,30.0,14.0
10626608,2025/2026,,,,
10630607,2025,,,,
10630614,2025,,,,
10630620,2025,22.0,2.0,16.0,2.0
10630626,2025,,,,
10630627,2025,,,,
10631143,2025/2026,,,,
10631175,2025/2026,,,,
10631219,2025/2026,3.0,19.0,90.0,7.0
10631660,2025,,,,
10631746,2025/2026,43.0,20.0,8.0,19.0
10644637,2025,,,,
10644643,2025,,,,
10644651,2025/2026,,,,
10647565,2025,,,,
10647672,2025/2026,9.0,29.0,19.0,11.0
10713733,2025,,,,
10947888,2025/2026,,,,
10948259,2025/2026,,,,
10948271,2025/2026,28.0,11.0,6.0,12.0
10948356,2025/2026,,,,
10948398,2025/2026,64.0,79.0,39.0,169.0
10948475,2025,,,,
10959305,2025,,,,
10959317,2025/2026,,,,
10959333,2025,,,,
10959356,2025/2026,,,,
10959413,2025/2026,,,,
10959426,2025,,,,
10966261,2025/2026,21.0,20.0,31.0,25.0
10966288,2025/2026,79.0,22.0,32.0,65.0
10966292,2025,,,,
10966296,2025,,,,
10966299,2025/2026,17.0,48.0,76.0,110.0
10966792,2025,,,,
10966839,2025,,,,
10967315,2025,16.0,11.0,11.0,2.0
10967318,2025/2026,12.0,25.0,11.0,29.0
10967324,2025/2026,38.0,9.0,11.0,2.0
10967328,2025,,,,
10967362,2025,,,,
10967415,2025/2026,,,,
10967436,2025/2026,22.0,8.0,10.0,1.0
10967477,2025,,,,
10967679,2025,,,,
10967679,2025/2026,,,,
10990572,2025/2026,,,,
10990678,2025/2026,,,,
10990692,2025,,,,
10990739,2025/2026,,,,
10990804,2025,,,,
10994928,2025,,,,
10995304,2025,,,,
10995429,2025/2026,,,,
10995439,2025/2026,10.0,50.0,47.0,35.0
11004721,2025,,,,
11022894,2025/2026,49.0,22.0,14.0,10.0
11022900,2025,,,,
11298616,2025/2026,,,,
11298617,2025/2026,,,,
11298633,2025,,,,
11298635,2025/2026,3.0,9.0,12.0,2.0
11298638,2025,,,,
11311795,2025/2026,,,,
11311801,2025/2026,,,,
11311804,2025/2026,38.0,15.0,31.0,4.0
11311807,2025/2026,,,,
11311857,2025/2026,,,,
11312061,2025,,,,
11321907,2025,,,,
11321908,2025,,,,
11321919,2025/2026,,,,
11321939,2025/2026,,,,
11322430,2025/2026,12.0,3.0,8.0,4.0
11322444,2025,,,,
11322446,2025/2026,12.0,57.0,79.0,30.0
11322447,2025,,,,
11322489,2025/2026,67.0,22.0,28.0,346.0
11322490,2025/2026,,,,
11322525,2025,,,,
11322958,2025,,,,
11322974,2025,,,,
11323002,2025/2026,52.0,47.0,28.0,7.0
11323020,2025,,,,
11346625,2025,,,,
11346988,2025,52.0,18.0,9.0,4.0
11347016,2025/2026,,,,
11347071,2025/2026,51.0,42.0,10.0,122.0
11347072,2025,,,,
11347095,2025,,,,
11353187,2025,,,,
11353231,2025/2026,,,,
11353232,2025/2026,49.0,26.0,58.0,129.0
11353237,2025/2026,12.0,1.0,8.0,3.0
11658023,2025/2026,,,,
11658054,2025/2026,,,,
11658171,2025/2026,,,,
11669678,2025/2026,24.0,12.0,11.0,36.0
11675248,2025,34.0,43.0,55.0,36.0
11675679,2025,,,,
11675726,2025/2026,12.0,25.0,26.0,10.0
11675760,2025/2026,14.0,17.0,32.0,3.0
11676212,2025/2026,27.0,3.0,8.0,10.0
11676253,2025,,,,
11676258,2025,,,,
11676686,2025/2026,78.0,57.0,17.0,188.0
11704884,2025/2026,33.0,17.0,5.0,49.0
11704894,2025/2026,15.0,8.0,15.0,1.0
11705287,2025/2026,,,,
11705300,2025/2026,,,,
11705302,2025/2026,61.0,44.0,36.0,56.0
11705315,2025/2026,20.0,66.0,26.0,44.0
11705342,2025/2026,,,,
11705403,2025/2026,,,,
11705406,2025/2026,,,,
11705416,2025/2026,,,,
11705425,2025,,,,
11705427,2025,,,,
11705450,2025,,,,
11705476,2025,,,,
11705485,2025,,,,
11711879,2025/2026,,,,
11711892,2025,,,,
11711974,2025/2026,13.0,24.0,32.0,1.0
11720838,2025/2026,,,,
11776851,2025/2026,23.0,4.0,2.0,2.0
11781676,2025/2026,24.0,29.0,23.0,48.0
12016841,2025/2026,,,,
12016844,2025/2026,,,,
12016859,2025/2026,30.0,3.0,8.0,2.0
12016891,2025/2026,,,,
12016892,2025,,,,
12016943,2025/2026,21.0,23.0,13.0,70.0
12016945,2025/2026,,,,
12017037,2025/2026,,,,
12036734,2025,,,,
12036864,2025/2026,18.0,11.0,4.0,9.0
12036865,2025/2026,,,,
12058666,2025,,,,
12058669,2025,34.0,9.0,38.0,38.0
12058670,2025/2026,32.0,24.0,10.0,65.0
12058810,2025,,,,
12058828,2025,,,,
12058840,2025,,,,
12058848,2025,,,,
12066303,2025/2026,,,,
12066348,2025/2026,,,,
12066400,2025,,,,
12066426,2025/2026,25.0,11.0,22.0,3.0
12109880,2025,,,,
12148408,2025/2026,4.0,20.0,23.0,54.0
12371875,2025/2026,60.0,37.0,81.0,101.0
12371879,2025,,,,
12371922,2025/2026,35.0,44.0,19.0,92.0
12371926,2025,,,,
12371942,2025,,,,
12371975,2025,,,,
12384519,2025,,,,
12384553,2025/2026,,,,
12393223,2025/2026,24.0,7.0,2.0,3.0
12393289,2025/2026,46.0,6.0,26.0,1.0
12393293,2025/2026,,,,
12393304,2025,,,,
12393311,2025,,,,
12393313,2025,,,,
12393325,2025,,,,
12393340,2025,,,,
12393393,2025/2026,18.0,37.0,12.0,31.0
12393396,2025,,,,
12393419,2025/2026,,,,
12393434,2025/2026,,,,
12393436,2025/2026,20.0,73.0,31.0,45.0
12393438,2025,,,,
12393443,2025,,,,
12393450,2025,,,,
12393451,2025,,,,
12393452,2025,,,,
12393463,2025,,,,
12393469,2025/2026,39.0,41.0,47.0,70.0
12394109,2025/2026,12.0,31.0,35.0,2.0
12394118,2025/2026,,,,
12394157,2025/2026,,,,
12394527,2025,40.0,41.0,34.0,28.0
12394601,2025,,,,
12394619,2025/2026,,,,
12426453,2025/2026,,,,
12433117,2025/2026,27.0,6.0,10.0,1.0
12433119,2025/2026,42.0,16.0,9.0,135.0
12433124,2025/2026,15.0,64.0,43.0,44.0
12433161,2025/2026,32.0,39.0,16.0,26.0
12433168,2025/2026,49.0,87.0,113.0,116.0
12433171,2025/2026,,,,
12433172,2025/2026,,,,
12433196,2025,14.0,38.0,13.0,23.0
12433234,2025/2026,,,,
12433236,2025,,,,
12433344,2025/2026,50.0,129.0,50.0,120.0
12447521,2025,,,,
12447522,2025,,,,
12450413,2025,,,,
12450416,2025/2026,26.0,31.0,10.0,45.0
12759130,2025/2026,,,,
12759174,2025/2026,21.0,40.0,16.0,48.0
12788920,2025,,,,
12789336,2025/2026,26.0,48.0,28.0,17.0
12789480,2025/2026,35.0,76.0,68.0,25.0
12790042,2025/2026,9.0,,13.0,4.0
12790114,2025/2026,63.0,32.0,17.0,13.0
12790131,2025,,,,
12790660,2025/2026,38.0,73.0,40.0,71.0
12790692,2025/2026,33.0,9.0,8.0,1.0
12830709,2025/2026,37.0,3.0,11.0,15.0
12844039,2025/2026,3.0,12.0,13.0,9.0
12844053,2025,,,,
12844216,2025/2026,45.0,25.0,13.0,4.0
12844226,2025,15.0,9.0,7.0,60.0
12844228,2025,,,,
12844269,2025,,,,
12844293,2025,65.0,13.0,26.0,13.0
12847585,2025,,,,
12867773,2025/2026,,,,
12902777,2025/2026,,,,
13155983,2025/2026,19.0,42.0,37.0,120.0
13155985,2025/2026,,,,
13156008,2025/2026,34.0,79.0,69.0,209.0
13156009,2025/2026,21.0,45.0,36.0,45.0
13171199,2025/2026,,,,
13171217,2025/2026,29.0,1.0,9.0,1.0
13171219,2025/2026,9.0,26.0,37.0,53.0
13171220,2025/2026,14.0,22.0,16.0,16.0
13171226,2025/2026,20.0,68.0,62.0,17.0
13171232,2025/2026,29.0,24.0,12.0,26.0
13185472,2025,,,,
13185476,2025,,,,
13185521,2025,,,,
13185539,2025,,,,
13185606,2025,,,,
13186098,2025/2026,12.0,24.0,33.0,1.0
13186102,2025/2026,,,,
13186483,2025/2026,11.0,6.0,32.0,11.0
13186573,2025/2026,59.0,31.0,16.0,58.0
13187047,2025/2026,,,,
13224982,2025/2026,55.0,11.0,17.0,13.0
13225178,2025/2026,,,,
13225261,2025,,,,
13225296,2025,,,,
13238472,2025,,,,
13238937,2025/2026,,,,
13239047,2025/2026,25.0,2.0,9.0,1.0
13239062,2025/2026,21.0,19.0,9.0,60.0
13285377,2025/2026,23.0,3.0,9.0,1.0
13573690,2025,34.0,23.0,18.0,3.0
13590328,2025,,,,
13590361,2025,,,,
13590453,2025,,,,
13590962,2025/2026,,,,
13590995,2025/2026,44.0,25.0,32.0,82.0
13591031,2025/2026,,,,
13591493,2025/2026,2.0,7.0,20.0,1.0
13591496,2025/2026,,,,
13633340,2025/2026,36.0,22.0,23.0,53.0
13633389,2025/2026,62.0,26.0,17.0,9.0
13646843,2025,43.0,54.0,11.0,133.0
13646911,2025,,,,
13646965,2025,,,,
13646970,2025/2026,28.0,3.0,16.0,2.0
13647012,2025,,,,
13647021,2025,,,,
13647180,2025/2026,32.0,26.0,14.0,64.0
13649139,2025/2026,55.0,50.0,39.0,88.0
13651674,2025/2026,,,,
13653174,2025/2026,,,,
13670998,2025,,,,
13963085,2025/2026,31.0,6.0,14.0,26.0
13963088,2025/2026,,,,
13980919,2025/2026,,,,
13980925,2025/2026,32.0,54.0,95.0,43.0
13981024,2025/2026,,,,
13981039,2025/2026,33.0,19.0,14.0,64.0
13991365,2025/2026,29.0,62.0,43.0,88.0
13991929,2025,,,,
13991932,2025,,,,
13992050,2025/2026,27.0,6.0,12.0,3.0
14003957,2025,,,,
14003958,2025,,,,
14004462,2025,16.0,49.0,33.0,66.0
14004468,2025/2026,20.0,46.0,51.0,63.0
14004542,2025/2026,,,,
14004586,2025,,,,
14011722,2025,65.0,99.0,40.0,32.0
14011789,2025,37.0,45.0,30.0,15.0
14011798,2025/2026,,,,
14011800,2025/2026,7.0,46.0,52.0,6.0
14012034,2025/2026,,,,
14320397,2025,32.0,28.0,7.0,78.0
14328501,2025/2026,49.0,54.0,61.0,178.0
14328975,2025/2026,18.0,2.0,10.0,1.0
14328977,2025/2026,24.0,6.0,2.0,4.0
14337101,2025/2026,,,,
14337998,2025/2026,,,,
14338021,2025/2026,,5.0,10.0,
14338025,2025/2026,24.0,59.0,33.0,109.0
14338068,2025/2026,19.0,14.0,6.0,10.0
14338473,2025/2026,32.0,32.0,12.0,215.0
14338581,2025,,,,
14358017,2025/2026,51.0,25.0,40.0,26.0
14358061,2025,57.0,24.0,27.0,36.0
14359087,2025,29.0,41.0,27.0,61.0
14399851,2025/2026,24.0,12.0,9.0,57.0
14399853,2025/2026,34.0,57.0,67.0,179.0
14677228,2025/2026,21.0,57.0,49.0,40.0
14684989,2025/2026,37.0,32.0,15.0,38.0
14685017,2025/2026,45.0,27.0,52.0,54.0
14685018,2025/2026,10.0,3.0,11.0,8.0
14685026,2025/2026,,,,
14685080,2025/2026,63.0,62.0,49.0,80.0
14685089,2025,31.0,14.0,12.0,92.0
14685655,2025,,,,
14709213,2025/2026,45.0,20.0,37.0,81.0
14726291,2025/2026,4.0,8.0,15.0,12.0
14726292,2025/2026,,,,
14726357,2025/2026,,,,
14773708,2025/2026,39.0,10.0,23.0,38.0
15040126,2025/2026,,,,
15040135,2025,14.0,12.0,7.0,7.0
15053041,2025/2026,26.0,87.0,38.0,59.0
15061513,2025,15.0,20.0,82.0,2.0
15061587,2025/2026,17.0,3.0,8.0,3.0
15061999,2025/2026,16.0,35.0,18.0,18.0
15062014,2025/2026,,,,
15074708,2025/2026,,,,
15074746,2025/2026,10.0,5.0,1.0,4.0
15076348,2025,,,,
15076357,2025/2026,7.0,12.0,76.0,8.0
15076363,2025,,,,
15076397,2025,49.0,24.0,22.0,61.0
15076428,2025,,,,
15083970,2025/2026,29.0,53.0,30.0,27.0
15160817,2025,17.0,54.0,35.0,8.0
15169841,2025,15.0,42.0,27.0,13.0
15169863,2025,19.0,87.0,42.0,31.0
15169863,2025/2026,22.0,99.0,34.0,52.0
15170249,2025,45.0,13.0,7.0,24.0
15170262,2025,34.0,63.0,35.0,50.0
15170264,2025,1.0,3.0,5.0,5.0
15170474,2025,27.0,17.0,30.0,62.0
15404544,2025/2026,,,,
15404546,2025/2026,,,,
15412894,2025,35.0,29.0,11.0,66.0
15412894,2025/2026,,,,
15413326,2025/2026,47.0,67.0,30.0,144.0
15413328,2025/2026,35.0,25.0,15.0,55.0
15426464,2025,,,,
15426471,2025/2026,10.0,24.0,25.0,1.0
15427139,2025,,,,
15434405,2025,,,,
15434411,2025/2026,49.0,17.0,21.0,16.0
15434435,2025/2026,15.0,19.0,28.0,35.0
15434602,2025/2026,18.0,82.0,15.0,51.0
15434627,2025/2026,,,,
15434635,2025,19.0,27.0,55.0,123.0
15452392,2025,,,,
15524626,2025,39.0,61.0,33.0,27.0
15524632,2025/2026,24.0,3.0,6.0,4.0
15524638,2025,32.0,18.0,29.0,22.0
15630279,2025,64.0,23.0,12.0,69.0
15745936,2025/2026,,,,
15756093,2025/2026,51.0,48.0,23.0,131.0
15756107,2025/2026,37.0,6.0,4.0,1.0
15756141,2025,,,,
15756157,2025/2026,18.0,4.0,8.0,10.0
15763370,2025,17.0,14.0,7.0,9.0
15763847,2025/2026,80.0,35.0,78.0,35.0
15764248,2025/2026,8.0,,15.0,
15779395,2025/2026,,,,
15779865,2025,,,,
15788778,2025,56.0,150.0,60.0,133.0
15789914,2025/2026,8.0,17.0,9.0,28.0
15790047,2025,49.0,11.0,21.0,81.0
15832927,2025/2026,,,,
15835122,2025/2026,,,,
16103105,2025/2026,,,,
16112008,2025,,,,
16119552,2025/2026,47.0,11.0,9.0,6.0
16120447,2025/2026,,,,
16120864,2025/2026,,,,
16120893,2025/2026,56.0,45.0,66.0,44.0
16120895,2025/2026,23.0,49.0,52.0,117.0
16135805,2025/2026,14.0,8.0,9.0,4.0
16135815,2025,,,,
16136260,2025,,,,
16136389,2025,7.0,14.0,17.0,6.0
16136428,2025,,,,
16136432,2025/2026,,,,
16136560,2025,,,,
16144495,2025,37.0,31.0,22.0,65.0
16144508,2025,19.0,38.0,16.0,85.0
16144536,2025,6.0,7.0,9.0,2.0
16144550,2025,18.0,48.0,22.0,66.0
16144551,2025/2026,,,,
16144601,2025,24.0,4.0,20.0,6.0
16144614,2025,16.0,,11.0,11.0
16144770,2025/2026,25.0,19.0,23.0,78.0
16146424,2025,11.0,18.0,35.0,13.0
16474783,2025/2026,,,,
16475640,2025/2026,27.0,14.0,15.0,74.0
16475800,2025/2026,15.0,3.0,7.0,2.0
16475801,2025/2026,32.0,31.0,13.0,14.0
16475806,2025/2026,15.0,60.0,69.0,125.0
16475807,2025/2026,19.0,32.0,38.0,48.0
16475808,2025/2026,21.0,20.0,31.0,35.0
16475844,2025/2026,45.0,6.0,18.0,
16475855,2025/2026,,,,
16476267,2025/2026,64.0,44.0,70.0,138.0
16476323,2025/2026,,,,
16488031,2025/2026,,,,
16488062,2025/2026,16.0,44.0,20.0,23.0
16488492,2025/2026,10.0,4.0,13.0,21.0
16488582,2025/2026,,,,
16496036,2025,12.0,96.0,36.0,29.0
16496085,2025,,,,
16496642,2025/2026,71.0,13.0,20.0,4.0
16496668,2025/2026,16.0,47.0,47.0,61.0
16496779,2025/2026,43.0,27.0,12.0,164.0
16496788,2025,,,,
16546879,2025/2026,,,,
16658022,2025/2026,,,,
16817566,2025/2026,,,,
16817975,2025/2026,22.0,35.0,25.0,24.0
16826690,2025,,,,
16827155,2025/2026,,,,
16827159,2025/2026,10.0,18.0,5.0,29.0
16827175,2025/2026,,,,
16837815,2025/2026,,,,
16837816,2025/2026,,,,
16838270,2025/2026,24.0,15.0,11.0,20.0
16838297,2025,,,,
16845318,2025/2026,15.0,85.0,66.0,91.0
16845790,2025/2026,23.0,12.0,13.0,79.0
16845901,2025,23.0,28.0,32.0,30.0
16847452,2025/2026,,,,
16855445,2025,11.0,36.0,39.0,6.0
17158410,2025/2026,24.0,47.0,47.0,66.0
17158438,2025/2026,,,,
17158444,2025,,,,
17159028,2025,,,,
17168515,2025,20.0,53.0,33.0,29.0
17168800,2025,,,,
17168898,2025/2026,,,,
17168903,2025/2026,17.0,7.0,67.0,13.0
17176170,2025,13.0,25.0,40.0,5.0
17176170,2025/2026,30.0,46.0,72.0,4.0
17177173,2025/2026,95.0,60.0,23.0,111.0
17177180,2025,55.0,8.0,13.0,44.0
17177580,2025/2026,45.0,79.0,63.0,131.0
17177587,2025/2026,18.0,3.0,5.0,14.0
17177615,2025,,,,
17177615,2025/2026,63.0,40.0,26.0,47.0
17178006,2025,,,,
17187231,2025,,,,
17187238,2025/2026,46.0,7.0,10.0,13.0
17187255,2025/2026,42.0,62.0,34.0,52.0
17187710,2025/2026,18.0,18.0,26.0,20.0
17187713,2025/2026,63.0,33.0,40.0,9.0
17187717,2025,18.0,4.0,7.0,7.0
17187752,2025,,,,
17195440,2025,33.0,19.0,28.0,37.0
17195474,2025/2026,33.0,18.0,5.0,34.0
17281527,2025,28.0,23.0,8.0,15.0
17525250,2025/2026,39.0,6.0,2.0,1.0
17526122,2025/2026,28.0,48.0,40.0,23.0
17536862,2025/2026,,,,
17537470,2025,,,,
17537471,2025,,,,
17544737,2025/2026,,,,
17544752,2025/2026,9.0,16.0,18.0,5.0
17733652,2025/2026,6.0,16.0,37.0,8.0
17859252,2025/2026,41.0,15.0,20.0,5.0
17867668,2025/2026,40.0,9.0,19.0,21.0
17867671,2025/2026,24.0,12.0,7.0,59.0
17876106,2025,54.0,21.0,28.0,74.0
17885690,2025/2026,43.0,20.0,26.0,191.0
17885696,2025/2026,6.0,20.0,21.0,2.0
17894388,2025/2026,17.0,34.0,38.0,8.0
18209129,2025/2026,,,,
18218609,2025/2026,,,,
18219320,2025/2026,8.0,22.0,26.0,38.0
18226586,2025,,,,
18228050,2025,,,,
18236368,2025,49.0,4.0,17.0,5.0
18243649,2025,20.0,27.0,26.0,13.0
18243650,2025/2026,30.0,25.0,48.0,54.0
18559789,2025/2026,28.0,11.0,24.0,4.0
18567638,2025/2026,55.0,16.0,19.0,14.0
18574331,2025/2026,40.0,69.0,54.0,55.0
18575190,2025/2026,46.0,59.0,27.0,224.0
18575702,2025,4.0,37.0,40.0,4.0
18575713,2025,,,,
18584306,2025/2026,,,,
18584324,2025,,,,
18592013,2025/2026,,,,
18592028,2025/2026,13.0,22.0,12.0,1.0
18932188,2025/2026,44.0,1.0,11.0,13.0
18932206,2025,,,,
19256159,2025/2026,37.0,31.0,11.0,34.0
19272375,2025,40.0,41.0,42.0,54.0
19274270,2025/2026,,,,
19290003,2025/2026,6.0,8.0,29.0,4.0
19606968,2025/2026,40.0,37.0,14.0,109.0
19616116,2025/2026,33.0,55.0,39.0,42.0
19624015,2025,11.0,20.0,17.0,74.0
19625217,2025,15.0,97.0,50.0,91.0
19625648,2025,34.0,24.0,17.0,86.0
19625676,2025/2026,49.0,79.0,40.0,131.0
19634263,2025,26.0,6.0,22.0,1.0
19634267,2025,23.0,29.0,9.0,63.0
19642679,2025/2026,16.0,17.0,12.0,32.0
19960396,2025/2026,,,,
19960397,2025/2026,37.0,52.0,64.0,98.0
19960425,2025/2026,77.0,41.0,32.0,14.0
19970141,2025/2026,24.0,26.0,54.0,30.0
19970146,2025/2026,36.0,48.0,44.0,67.0
19970147,2025,,,,
19978396,2025/2026,46.0,27.0,47.0,2.0
19978414,2025/2026,16.0,48.0,32.0,15.0
19978623,2025/2026,,,,
19979243,2025,29.0,48.0,38.0,48.0
19979243,2025/2026,27.0,46.0,47.0,15.0
19979663,2025/2026,13.0,31.0,13.0,40.0
19979687,2025/2026,18.0,,14.0,1.0
19979707,2025/2026,11.0,73.0,87.0,12.0
19979719,2025/2026,26.0,14.0,30.0,17.0
19979750,2025,,,,
19979751,2025,,,,
19979845,2025/2026,44.0,49.0,31.0,133.0
19979885,2025/2026,35.0,55.0,92.0,90.0
19980273,2025/2026,58.0,64.0,35.0,136.0
19980276,2025/2026,7.0,9.0,1.0,9.0
19980285,2025/2026,1.0,3.0,8.0,3.0
19988696,2025,,,,
19988724,2025,,,,
19988729,2025/2026,6.0,28.0,22.0,58.0
19988737,2025/2026,,,,
19996744,2025,,,,
19996745,2025,,,,
19996754,2025/2026,8.0,10.0,10.0,34.0
19996814,2025/2026,,,,
19996819,2025/2026,49.0,4.0,6.0,2.0
19996845,2025/2026,,,,
19996852,2025/2026,,,,
20315934,2025/2026,7.0,2.0,13.0,3.0
20316497,2025/2026,,,,
20333642,2025,,,,
20333643,2025/2026,,,,
20333649,2025/2026,,,,
20333667,2025,,,,
20333707,2025/2026,11.0,,5.0,1.0
20333755,2025/2026,,,,
20334581,2025/2026,45.0,25.0,13.0,19.0
20335120,2025/2026,10.0,,6.0,2.0
20335148,2025,,,,
20335158,2025/2026,15.0,12.0,27.0,12.0
20335204,2025/2026,51.0,13.0,25.0,24.0
20335282,2025,,,,
20335304,2025/2026,5.0,12.0,19.0,2.0
20335311,2025/2026,,,,
20335314,2025/2026,,,,
20335332,2025/2026,,,,
20335333,2025/2026,,,,
20335343,2025/2026,,,,
20335397,2025,,,,
20335451,2025/2026,58.0,14.0,6.0,34.0
20335630,2025,,,,
20336069,2025,,,,
20336073,2025/2026,,4.0,4.0,1.0
20336077,2025/2026,,,,
20336084,2025,,,,
20347120,2025/2026,,,,
20347176,2025/2026,,,,
20347181,2025/2026,29.0,73.0,23.0,130.0
20347944,2025/2026,,,,
20355477,2025,,,,
20355501,2025/2026,24.0,32.0,30.0,42.0
20355602,2025,,,,
20357597,2025/2026,108.0,35.0,36.0,75.0
20357599,2025/2026,27.0,25.0,26.0,18.0
20673397,2025,,,,
20673445,2025/2026,,,,
20673452,2025/2026,34.0,12.0,24.0,5.0
20683407,2025/2026,,,,
20683843,2025/2026,,,,
20683852,2025,,,,
20683910,2025/2026,20.0,108.0,39.0,33.0
20684100,2025,36.0,34.0,16.0,45.0
20691901,2025/2026,23.0,10.0,13.0,2.0
20691933,2025/2026,19.0,2.0,5.0,
20691938,2025/2026,24.0,34.0,14.0,100.0
20691939,2025/2026,,,,
20691946,2025/2026,20.0,27.0,10.0,33.0
20691986,2025/2026,45.0,12.0,12.0,
20692335,2025/2026,53.0,21.0,27.0,10.0
20692347,2025/2026,48.0,34.0,29.0,115.0
20692353,2025/2026,7.0,17.0,36.0,7.0
20692459,2025/2026,43.0,12.0,13.0,
20693576,2025/2026,39.0,27.0,46.0,134.0
20693579,2025/2026,32.0,46.0,22.0,32.0
20693616,2025/2026,51.0,29.0,23.0,34.0
20693916,2025/2026,31.0,52.0,36.0,29.0
20694534,2025/2026,18.0,7.0,8.0,47.0
20694535,2025,34.0,4.0,13.0,16.0
20694538,2025/2026,33.0,39.0,50.0,25.0
20694565,2025/2026,18.0,61.0,42.0,84.0
20694581,2025/2026,7.0,3.0,6.0,3.0
20694603,2025,42.0,49.0,32.0,35.0
20694610,2025/2026,55.0,30.0,17.0,16.0
20694845,2025/2026,110.0,52.0,31.0,47.0
20707891,2025/2026,22.0,7.0,7.0,28.0
20708316,2025/2026,113.0,33.0,20.0,18.0
20708321,2025/2026,,,,
20708323,2025/2026,25.0,13.0,18.0,40.0
20708339,2025,19.0,21.0,17.0,59.0
20708375,2025/2026,43.0,19.0,18.0,109.0
20708418,2025/2026,32.0,25.0,11.0,89.0
20708455,2025/2026,,,,
20708615,2025/2026,6.0,16.0,22.0,8.0
20708618,2025/2026,,,,
20716535,2025/2026,40.0,15.0,17.0,56.0
20716539,2025/2026,44.0,17.0,20.0,18.0
20716592,2025,43.0,29.0,20.0,11.0
20716664,2025/2026,,,,
20716706,2025/2026,37.0,40.0,56.0,131.0
20716748,2025/2026,33.0,23.0,15.0,60.0
20811174,2025/2026,27.0,18.0,8.0,56.0
20968514,2025/2026,5.0,10.0,30.0,6.0
21035934,2025,,,,
21036519,2025/2026,56.0,22.0,18.0,39.0
21036522,2025/2026,59.0,61.0,29.0,23.0
21036566,2025/2026,62.0,30.0,14.0,111.0
21036567,2025/2026,,,,
21036576,2025,,,,
21036668,2025,,,,
21036703,2025/2026,30.0,5.0,11.0,1.0
21036704,2025/2026,40.0,7.0,11.0,14.0
21036708,2025/2026,56.0,47.0,23.0,23.0
21036789,2025/2026,9.0,25.0,39.0,28.0
21036790,2025/2026,10.0,41.0,42.0,104.0
21045321,2025/2026,,,,
21045781,2025/2026,7.0,29.0,56.0,4.0
21045799,2025/2026,18.0,23.0,36.0,14.0
21053529,2025/2026,17.0,19.0,16.0,53.0
21053590,2025,,,,
21054111,2025/2026,43.0,44.0,11.0,58.0
21054114,2025/2026,15.0,12.0,6.0,15.0
21054117,2025/2026,34.0,66.0,56.0,84.0
21054142,2025/2026,,,,
21054226,2025/2026,31.0,16.0,5.0,36.0
21054646,2025/2026,39.0,3.0,11.0,
21054658,2025/2026,79.0,71.0,54.0,32.0
21054668,2025,,,,
21054882,2025/2026,,,,
21054910,2025/2026,16.0,2.0,14.0,2.0
21054913,2025/2026,,,,
21054928,2025/2026,17.0,55.0,35.0,98.0
21065066,2025/2026,44.0,10.0,10.0,17.0
21065074,2025/2026,41.0,18.0,16.0,7.0
21065097,2025/2026,13.0,5.0,20.0,2.0
21072549,2025/2026,34.0,4.0,14.0,28.0
21072676,2025/2026,12.0,10.0,3.0,1.0
21072794,2025,,,,
21072805,2025/2026,,,,
21072807,2025/2026,20.0,11.0,13.0,5.0
21072808,2025/2026,49.0,18.0,4.0,9.0
21072839,2025/2026,,,,
21072869,2025/2026,41.0,6.0,6.0,40.0
21072870,2025/2026,62.0,62.0,57.0,86.0
21072902,2025,,,,
21073414,2025,28.0,5.0,9.0,7.0
21089947,2025/2026,46.0,98.0,73.0,113.0
21089949,2025/2026,15.0,57.0,61.0,23.0
21185478,2025/2026,,,,
21318547,2025/2026,,,,
21394426,2025/2026,16.0,47.0,15.0,4.0
21394902,2025/2026,10.0,4.0,38.0,42.0
21394947,2025/2026,,,,
21395025,2025/2026,,,,
21395027,2025/2026,,,,
21404427,2025/2026,6.0,33.0,15.0,18.0
21404430,2025/2026,33.0,43.0,37.0,109.0
21404648,2025/2026,18.0,1.0,21.0,9.0
21412317,2025/2026,,,,
21412318,2025/2026,29.0,25.0,29.0,18.0
21412335,2025/2026,,,,
21412352,2025/2026,43.0,8.0,10.0,
21412787,2025,,,,
21412791,2025/2026,26.0,49.0,22.0,34.0
21412958,2025/2026,43.0,34.0,11.0,27.0
21412970,2025/2026,,,,
21412995,2025/2026,45.0,21.0,56.0,9.0
21412999,2025,33.0,23.0,15.0,70.0
21413000,2025/2026,58.0,22.0,16.0,20.0
21413047,2025,,,,
21413458,2025,,,,
21413459,2025,,,,
21413490,2025,,,,
21413492,2025/2026,28.0,2.0,5.0,9.0
21413511,2025/2026,21.0,60.0,33.0,47.0
21413524,2025/2026,,,,
21413525,2025/2026,22.0,11.0,12.0,15.0
21413548,2025,,,,
21413993,2025/2026,32.0,11.0,20.0,2.0
21413994,2025/2026,30.0,11.0,16.0,21.0
21414082,2025/2026,41.0,22.0,22.0,53.0
21414133,2025,,,,
21414144,2025/2026,,,,
21414310,2025/2026,,,,
21427246,2025/2026,28.0,12.0,14.0,
21427714,2025/2026,,,,
21427721,2025,,,,
21427729,2025/2026,,,,
21427973,2025/2026,,,,
21428734,2025/2026,44.0,8.0,3.0,3.0
21437335,2025,34.0,9.0,11.0,10.0
21437348,2025/2026,21.0,11.0,3.0,
21437534,2025/2026,,,,
21482928,2025/2026,18.0,47.0,30.0,39.0
21539177,2025/2026,,,,
21539180,2025/2026,56.0,26.0,16.0,3.0
21762174,2025,42.0,28.0,21.0,34.0
21762178,2025/2026,12.0,29.0,4.0,23.0
21762188,2025,,,,
21762194,2025/2026,,,,
21762215,2025/2026,,,,
21762216,2025/2026,,,,
21762788,2025/2026,56.0,109.0,82.0,72.0
21762789,2025/2026,27.0,22.0,10.0,146.0
21762790,2025/2026,48.0,25.0,8.0,11.0
21762796,2025,12.0,18.0,30.0,25.0
21762801,2025/2026,,,,
21763074,2025/2026,12.0,52.0,33.0,37.0
21763132,2025/2026,19.0,2.0,15.0,5.0
21763134,2025/2026,20.0,34.0,27.0,48.0
21772175,2025/2026,,,,
21772809,2025/2026,25.0,32.0,3.0,90.0
21772850,2025/2026,42.0,39.0,15.0,68.0
21772891,2025/2026,48.0,9.0,29.0,2.0
21773178,2025/2026,,,,
21773355,2025/2026,12.0,27.0,102.0,6.0
21781038,2025/2026,32.0,53.0,30.0,51.0
21781423,2025/2026,35.0,13.0,17.0,9.0
21781428,2025/2026,,,,
21781500,2025/2026,,,,
21781590,2025/2026,67.0,36.0,28.0,62.0
21781710,2025/2026,,,,
21781711,2025,21.0,32.0,59.0,7.0
21782184,2025/2026,52.0,66.0,38.0,39.0
21782194,2025/2026,26.0,47.0,48.0,53.0
21782219,2025/2026,,,,
21782251,2025,38.0,9.0,3.0,1.0
21782390,2025/2026,,,,
21782831,2025,,,,
21794403,2025,,,,
21794924,2025,,,,
21794930,2025,,,,
21802848,2025,,,,
21802856,2025/2026,,,,
21802858,2025/2026,8.0,11.0,6.0,31.0
21802961,2025/2026,25.0,3.0,33.0,2.0
21803027,2025/2026,68.0,42.0,34.0,72.0
21803033,2025/2026,,,,
21803040,2025/2026,12.0,6.0,29.0,5.0
21803059,2025/2026,36.0,6.0,13.0,1.0
21803060,2025/2026,,,,
21803109,2025/2026,18.0,35.0,35.0,61.0
21803152,2025/2026,,,,
21803301,2025/2026,44.0,10.0,16.0,7.0
21803309,2025,,,,
21820095,2025/2026,46.0,81.0,100.0,31.0
22126556,2025/2026,19.0,107.0,68.0,70.0
22126605,2025/2026,64.0,25.0,28.0,35.0
22126606,2025/2026,17.0,18.0,4.0,9.0
22136561,2025/2026,10.0,,17.0,5.0
22136576,2025/2026,35.0,14.0,9.0,4.0
22136582,2025/2026,33.0,5.0,12.0,3.0
22136583,2025/2026,50.0,47.0,27.0,131.0
22136633,2025/2026,28.0,8.0,14.0,6.0
22136636,2025,,,,
22136638,2025/2026,35.0,46.0,84.0,84.0
22136643,2025/2026,41.0,20.0,12.0,36.0
22136672,2025/2026,20.0,30.0,24.0,20.0
22136680,2025,14.0,19.0,18.0,40.0
22136685,2025/2026,49.0,53.0,41.0,157.0
22136687,2025/2026,14.0,43.0,22.0,34.0
22136693,2025/2026,,,,
22136807,2025/2026,32.0,10.0,10.0,22.0
22136830,2025/2026,25.0,20.0,3.0,18.0
22144751,2025,,,,
22144864,2025/2026,55.0,12.0,16.0,5.0
22145361,2025/2026,13.0,32.0,44.0,11.0
22145369,2025/2026,,,,
22145386,2025/2026,66.0,46.0,45.0,37.0
22145480,2025,,,,
22145899,2025,11.0,1.0,14.0,
22145977,2025/2026,,,,
22146103,2025,,,,
22158825,2025/2026,29.0,16.0,8.0,81.0
22158924,2025/2026,36.0,36.0,20.0,54.0
22158925,2025/2026,,,,
22158999,2025/2026,,,,
22168251,2025/2026,,,,
22168837,2025/2026,16.0,7.0,15.0,4.0
22168911,2025/2026,37.0,9.0,4.0,4.0
22168912,2025/2026,,,,
22168918,2025/2026,,,,
22169048,2025/2026,28.0,18.0,16.0,147.0
22169115,2025/2026,10.0,18.0,26.0,73.0
22169299,2025/2026,32.0,12.0,15.0,55.0
22169317,2025/2026,,,,
22169320,2025/2026,,,,
22169325,2025/2026,,,,
22229131,2025/2026,,,,
22262876,2025/2026,12.0,62.0,47.0,39.0
22493451,2025/2026,32.0,65.0,29.0,187.0
22493494,2025/2026,,,,
22493645,2025/2026,36.0,64.0,15.0,39.0
22504313,2025/2026,,,,
22504455,2025/2026,19.0,6.0,23.0,3.0
22504702,2025/2026,,,,
22513718,2025,,,,
22513937,2025/2026,,,,
22513958,2025/2026,,,,
22513974,2025/2026,57.0,10.0,35.0,15.0
22513979,2025/2026,50.0,14.0,10.0,1.0
22514377,2025/2026,,,,
22514393,2025/2026,48.0,29.0,28.0,40.0
22514444,2025/2026,38.0,40.0,12.0,149.0
22515272,2025/2026,26.0,47.0,51.0,9.0
22515422,2025/2026,5.0,36.0,25.0,89.0
22515510,2025/2026,,,,
22528446,2025/2026,,,,
22528448,2025,,,,
22528457,2025/2026,57.0,2.0,28.0,10.0
22528506,2025/2026,75.0,43.0,32.0,14.0
22528556,2025,,,,
22535982,2025/2026,58.0,31.0,16.0,48.0
22536024,2025/2026,52.0,33.0,46.0,26.0
22536030,2025/2026,,,,
22536031,2025/2026,8.0,5.0,5.0,7.0
22536139,2025/2026,55.0,48.0,14.0,59.0
22536150,2025/2026,37.0,34.0,6.0,4.0
22536218,2025/2026,43.0,11.0,6.0,3.0
22536228,2025/2026,13.0,25.0,15.0,43.0
22536393,2025/2026,,,,
22536394,2025,,,,
22536434,2025/2026,5.0,12.0,16.0,12.0
22859283,2025/2026,,,,
22859293,2025/2026,,,,
22859312,2025/2026,,,,
22859475,2025/2026,6.0,18.0,4.0,38.0
22860189,2025/2026,,,,
22860190,2025/2026,,,,
22860191,2025/2026,,,,
22860305,2025/2026,,,,
22860311,2025/2026,,,,
22860322,2025/2026,,,,
22868741,2025,,,,
22875839,2025,,,,
22877051,2025/2026,26.0,33.0,66.0,104.0
22877570,2025,,,,
22878483,2025/2026,7.0,59.0,102.0,5.0
22878488,2025/2026,,,,
22878566,2025/2026,74.0,63.0,56.0,94.0
22878573,2025/2026,,,,
22888816,2025,,,,
22889457,2025,,,,
22897208,2025/2026,18.0,16.0,13.0,5.0
23222415,2025/2026,,,,
23223360,2025/2026,26.0,14.0,18.0,88.0
23223363,2025/2026,28.0,21.0,39.0,22.0
23223402,2025,37.0,29.0,29.0,41.0
23223420,2025/2026,,,,
23223429,2025/2026,,,,
23233051,2025/2026,32.0,9.0,9.0,3.0
23233053,2025/2026,19.0,55.0,16.0,47.0
23233054,2025/2026,,,,
23233056,2025/2026,,,,
23241281,2025,,,,
23242223,2025/2026,44.0,11.0,33.0,17.0
23242254,2025/2026,,,,
23260661,2025,,,,
23269567,2025/2026,74.0,84.0,59.0,51.0
23269590,2025/2026,,,,
23269626,2025/2026,,,,
23269627,2025/2026,,,,
23269641,2025/2026,,,,
23269649,2025/2026,18.0,53.0,41.0,120.0
23269650,2025/2026,,,,
23269651,2025/2026,18.0,25.0,19.0,13.0
23269652,2025/2026,15.0,14.0,4.0,26.0
23269654,2025/2026,5.0,6.0,8.0,69.0
23269659,2025/2026,,,,
23269660,2025/2026,,,,
23269662,2025/2026,,,,
23269664,2025/2026,33.0,44.0,20.0,13.0
23269665,2025/2026,13.0,54.0,18.0,48.0
23269669,2025/2026,36.0,13.0,8.0,27.0
23269736,2025/2026,48.0,28.0,15.0,39.0
23269737,2025/2026,,,,
23269738,2025/2026,24.0,67.0,32.0,20.0
23269740,2025/2026,,,,
23269745,2025/2026,23.0,11.0,12.0,15.0
23269756,2025/2026,30.0,2.0,17.0,5.0
23269804,2025/2026,32.0,35.0,29.0,66.0
23269805,2025/2026,49.0,88.0,33.0,123.0
23269810,2025/2026,19.0,21.0,43.0,23.0
23269843,2025,,,,
23269844,2025/2026,36.0,16.0,28.0,67.0
23269960,2025/2026,8.0,30.0,33.0,16.0
23277810,2025/2026,14.0,33.0,35.0,111.0
23277855,2025/2026,14.0,57.0,20.0,24.0
23277866,2025/2026,54.0,9.0,23.0,1.0
23277869,2025/2026,,,,
23277904,2025/2026,33.0,5.0,12.0,10.0
23277906,2025/2026,59.0,14.0,48.0,294.0
23277907,2025/2026,24.0,29.0,88.0,8.0
23277918,2025/2026,70.0,59.0,12.0,13.0
23277919,2025/2026,33.0,21.0,12.0,87.0
23277923,2025/2026,,,,
23277943,2025/2026,45.0,42.0,12.0,79.0
23278579,2025/2026,59.0,62.0,27.0,48.0
23278609,2025/2026,21.0,12.0,13.0,22.0
23278610,2025/2026,,,,
23278611,2025/2026,45.0,2.0,16.0,7.0
23278660,2025/2026,,,,
23278664,2025/2026,,,,
23278665,2025/2026,49.0,33.0,37.0,13.0
23278666,2025/2026,17.0,9.0,4.0,1.0
23278674,2025/2026,,,,
23278675,2025/2026,37.0,9.0,43.0,15.0
23278676,2025,31.0,17.0,12.0,10.0
23278683,2025/2026,,,,
23278684,2025/2026,,,,
23278692,2025/2026,56.0,46.0,10.0,66.0
23278702,2025/2026,90.0,17.0,33.0,2.0
23278710,2025/2026,49.0,134.0,34.0,31.0
23278713,2025/2026,39.0,49.0,30.0,31.0
23279125,2025/2026,41.0,10.0,18.0,3.0
23279144,2025/2026,28.0,6.0,10.0,4.0
23279155,2025/2026,27.0,41.0,31.0,24.0
23279211,2025/2026,48.0,23.0,5.0,47.0
23287278,2025/2026,19.0,1.0,15.0,5.0
23287280,2025,48.0,53.0,30.0,59.0
23287473,2025/2026,13.0,5.0,11.0,27.0
23287490,2025/2026,,,,
23287507,2025,,,,
23287508,2025/2026,,,,
23287931,2025/2026,,,,
23288050,2025/2026,18.0,3.0,13.0,6.0
23288058,2025/2026,,,,
23288607,2025/2026,,,,
23288620,2025/2026,15.0,4.0,3.0,7.0
23301876,2025,,,,
23301896,2025/2026,15.0,20.0,10.0,54.0
23310979,2025,19.0,3.0,5.0,14.0
23310980,2025/2026,,,,
23311146,2025/2026,,,,
23311159,2025/2026,,,,
23637735,2025,28.0,40.0,27.0,27.0
23637798,2025,,,,
23637808,2025/2026,22.0,15.0,24.0,2.0
23638505,2025/2026,51.0,43.0,12.0,29.0
23651246,2025/2026,24.0,8.0,21.0,12.0
23651250,2025/2026,,,,
23651354,2025/2026,55.0,13.0,12.0,14.0
23651573,2025/2026,25.0,28.0,17.0,97.0
23660720,2025/2026,,,,
23661271,2025,21.0,10.0,21.0,17.0
23661272,2025/2026,,,,
23661346,2025/2026,17.0,15.0,7.0,10.0
23661347,2025/2026,28.0,18.0,8.0,17.0
23661349,2025/2026,78.0,25.0,35.0,155.0
23661353,2025/2026,25.0,157.0,77.0,106.0
23661354,2025/2026,22.0,22.0,46.0,8.0
23661356,2025/2026,19.0,4.0,10.0,2.0
23680687,2025/2026,19.0,81.0,42.0,37.0
23680697,2025,43.0,73.0,39.0,84.0
23680698,2025,11.0,135.0,46.0,110.0
23680812,2025/2026,34.0,19.0,28.0,26.0
23688806,2025/2026,18.0,7.0,3.0,15.0
23688829,2025/2026,50.0,14.0,8.0,107.0
23688843,2025/2026,47.0,49.0,7.0,38.0
23688862,2025/2026,25.0,22.0,21.0,27.0
23688922,2025/2026,,,,
23697429,2025/2026,47.0,45.0,40.0,37.0
23697440,2025/2026,25.0,48.0,18.0,26.0
23697498,2025,,,,
23697498,2025/2026,56.0,10.0,24.0,24.0
23697504,2025/2026,29.0,4.0,8.0,9.0
23697506,2025/2026,30.0,56.0,43.0,18.0
23697536,2025/2026,,,,
23697635,2025/2026,48.0,16.0,26.0,12.0
23697672,2025/2026,40.0,12.0,13.0,7.0
23697799,2025/2026,28.0,3.0,5.0,1.0
23697802,2025/2026,69.0,43.0,18.0,2.0
23697804,2025/2026,64.0,55.0,62.0,140.0
23697806,2025/2026,35.0,11.0,24.0,4.0
23697807,2025/2026,8.0,9.0,28.0,4.0
23697809,2025/2026,11.0,25.0,18.0,6.0
23697810,2025/2026,11.0,19.0,32.0,26.0
23697866,2025,58.0,29.0,10.0,101.0
23697870,2025,35.0,28.0,15.0,16.0
23697881,2025/2026,11.0,30.0,57.0,13.0
23697883,2025,40.0,24.0,44.0,46.0
23697916,2025/2026,21.0,7.0,12.0,4.0
23697933,2025/2026,9.0,22.0,87.0,4.0
23697963,2025,11.0,47.0,80.0,21.0
23697988,2025/2026,68.0,51.0,13.0,126.0
23697990,2025/2026,,,,
23698010,2025/2026,22.0,7.0,16.0,7.0
23698012,2025/2026,24.0,22.0,5.0,12.0
23698072,2025,11.0,4.0,9.0,1.0
23698073,2025,29.0,2.0,17.0,6.0
23698076,2025/2026,,,,
23698077,2025/2026,,,,
23698078,2025/2026,41.0,11.0,12.0,92.0
23698092,2025,60.0,60.0,95.0,75.0
23698134,2025/2026,12.0,2.0,8.0,
23698162,2025/2026,,,,
23707299,2025/2026,26.0,4.0,4.0,
23707305,2025,23.0,49.0,8.0,95.0
23707307,2025/2026,26.0,4.0,11.0,
23707367,2025/2026,,,,
23707369,2025/2026,27.0,4.0,5.0,6.0
23707373,2025/2026,,,,
23707377,2025/2026,,,,
23715920,2025/2026,37.0,86.0,93.0,184.0
23715924,2025,17.0,3.0,13.0,4.0
23715927,2025,45.0,31.0,32.0,12.0
23715932,2025,21.0,48.0,24.0,17.0
23715943,2025,,,,
23715943,2025/2026,19.0,2.0,2.0,2.0
23715946,2025,15.0,23.0,25.0,50.0
23715964,2025/2026,27.0,12.0,12.0,30.0
23715988,2025/2026,57.0,8.0,27.0,43.0
23715991,2025/2026,4.0,18.0,43.0,8.0
23715994,2025/2026,18.0,39.0,21.0,34.0
23716002,2025,,,,
23716007,2025/2026,24.0,30.0,34.0,23.0
23717733,2025,42.0,11.0,17.0,32.0
23717807,2025/2026,,,,
23717944,2025/2026,27.0,110.0,65.0,19.0
23738800,2025/2026,,,,
23738849,2025/2026,27.0,43.0,16.0,67.0
23738861,2025,,,,
23738868,2025,,,,
23738932,2025/2026,21.0,94.0,36.0,69.0
23739095,2025/2026,44.0,31.0,2.0,23.0
23739105,2025/2026,10.0,38.0,35.0,26.0
23739107,2025/2026,31.0,3.0,16.0,8.0
23739114,2025/2026,,,,
23739121,2025/2026,10.0,20.0,19.0,3.0
23739135,2025/2026,20.0,9.0,15.0,18.0
23739146,2025/2026,,,,
24065210,2025,,,,
24065255,2025/2026,,,,
24065261,2025/2026,15.0,18.0,28.0,9.0
24065263,2025/2026,,,,
24065379,2025/2026,33.0,6.0,17.0,7.0
24065383,2025/2026,,,,
24065384,2025/2026,,,,
24065388,2025/2026,,,,
24065400,2025/2026,29.0,31.0,24.0,20.0
24081081,2025/2026,47.0,7.0,21.0,10.0
24081488,2025/2026,,,,
24081648,2025/2026,17.0,41.0,20.0,21.0
24081649,2025/2026,33.0,81.0,81.0,46.0
24081688,2025/2026,27.0,51.0,10.0,34.0
24081691,2025/2026,5.0,8.0,14.0,5.0
24081698,2025,16.0,11.0,18.0,8.0
24081699,2025/2026,,,,
24081802,2025/2026,56.0,53.0,30.0,34.0
24082532,2025/2026,8.0,2.0,1.0,1.0
24082563,2025/2026,,,,
24092485,2025,,,,
24092545,2025/2026,,,,
24100318,2025/2026,18.0,11.0,11.0,3.0
24100326,2025/2026,34.0,22.0,3.0,33.0
24427761,2025/2026,54.0,23.0,35.0,15.0
24436859,2025/2026,12.0,1.0,7.0,1.0
24436866,2025/2026,84.0,102.0,19.0,103.0
24444768,2025/2026,,,,
24444983,2025,,,,
24445456,2025/2026,,,,
24445480,2025,,,,
24445509,2025/2026,,,,
24445516,2025/2026,,,,
24445569,2025/2026,22.0,7.0,10.0,4.0
24445595,2025,,,,
24445761,2025/2026,23.0,39.0,13.0,53.0
24445770,2025/2026,54.0,39.0,67.0,86.0
24445779,2025/2026,61.0,10.0,8.0,54.0
24446230,2025,,,,
24446234,2025/2026,,,,
24446328,2025/2026,,,,
24446334,2025/2026,,,,
24468965,2025/2026,,,,
24468966,2025/2026,45.0,28.0,20.0,31.0
24468970,2025/2026,,,,
24468971,2025/2026,55.0,69.0,55.0,19.0
24468972,2025/2026,23.0,50.0,45.0,35.0
24469059,2025/2026,38.0,49.0,52.0,74.0
24469115,2025/2026,,,,
24469159,2025/2026,,,,
24469162,2025/2026,,,,
24469185,2025/2026,23.0,4.0,5.0,3.0
24799845,2025/2026,,,,
24799852,2025,22.0,67.0,60.0,26.0
24799857,2025/2026,,,,
24799866,2025/2026,,,,
24799911,2025/2026,,,,
24799947,2025,12.0,15.0,25.0,
24799962,2025/2026,,,,
24799984,2025/2026,,,,
24816752,2025/2026,33.0,28.0,13.0,23.0
24816753,2025/2026,,,,
24816763,2025/2026,27.0,91.0,85.0,127.0
24816764,2025,31.0,9.0,27.0,61.0
24816767,2025/2026,4.0,20.0,21.0,3.0
24816771,2025/2026,,,,
24816773,2025/2026,,,,
24816774,2025/2026,36.0,34.0,17.0,146.0
24816778,2025/2026,27.0,7.0,7.0,29.0
24816822,2025,,,,
24816826,2025/2026,23.0,13.0,10.0,16.0
24816829,2025/2026,11.0,44.0,31.0,66.0
24816838,2025/2026,18.0,22.0,18.0,8.0
24816839,2025/2026,7.0,9.0,26.0,4.0
24816933,2025/2026,35.0,25.0,8.0,
24816995,2025/2026,,,,
24817006,2025/2026,21.0,28.0,33.0,19.0
24817045,2025/2026,,,,
24817070,2025/2026,,,,
24817071,2025,62.0,72.0,20.0,154.0
24817074,2025/2026,54.0,16.0,38.0,149.0
24817078,2025/2026,66.0,54.0,23.0,20.0
24817079,2025/2026,39.0,96.0,43.0,34.0
24817082,2025,30.0,4.0,2.0,15.0
24817083,2025,42.0,70.0,40.0,48.0
24817087,2025/2026,27.0,19.0,13.0,14.0
24817132,2025/2026,60.0,4.0,18.0,2.0
24817134,2025/2026,,,,
24817136,2025/2026,19.0,4.0,9.0,1.0
24817138,2025/2026,31.0,41.0,42.0,115.0
24817147,2025,28.0,3.0,14.0,43.0
24817149,2025,41.0,21.0,11.0,23.0
24817153,2025/2026,68.0,4.0,13.0,10.0
24817157,2025,29.0,30.0,4.0,36.0
24817158,2025,25.0,11.0,23.0,5.0
24817159,2025,10.0,91.0,21.0,63.0
24817160,2025,16.0,,1.0,2.0
24817169,2025/2026,10.0,10.0,9.0,6.0
24817170,2025/2026,55.0,22.0,32.0,36.0
24817174,2025/2026,29.0,14.0,2.0,2.0
24817180,2025,18.0,63.0,31.0,60.0
24817182,2025/2026,30.0,82.0,123.0,283.0
24817289,2025/2026,25.0,14.0,5.0,46.0
24817292,2025/2026,,,,
24817368,2025/2026,8.0,25.0,8.0,28.0
24817373,2025/2026,66.0,61.0,16.0,38.0
24817375,2025/2026,,,,
24817389,2025/2026,18.0,33.0,35.0,20.0
24817439,2025/2026,,,,
24817455,2025/2026,21.0,7.0,3.0,5.0
24817483,2025/2026,14.0,,4.0,1.0
24817485,2025/2026,50.0,28.0,18.0,53.0
24817496,2025/2026,47.0,21.0,17.0,8.0
24817990,2025/2026,14.0,3.0,11.0,6.0
24817991,2025/2026,42.0,33.0,18.0,101.0
24818005,2025/2026,66.0,21.0,21.0,31.0
24818150,2025/2026,23.0,7.0,15.0,11.0
24818229,2025/2026,10.0,136.0,55.0,148.0
24818234,2025/2026,8.0,18.0,38.0,1.0
24818280,2025/2026,,,,
24818355,2025/2026,,,,
24818366,2025/2026,,,,
24818801,2025/2026,16.0,35.0,55.0,5.0
24818802,2025,,,,
24818803,2025/2026,,,,
24818905,2025,,,,
24829972,2025/2026,28.0,89.0,52.0,154.0
24829992,2025/2026,40.0,88.0,52.0,25.0
24830070,2025/2026,50.0,21.0,4.0,69.0
24830085,2025/2026,,,,
24837496,2025/2026,36.0,33.0,9.0,12.0
24837924,2025/2026,16.0,53.0,55.0,25.0
24837941,2025/2026,,,,
24837947,2025/2026,43.0,38.0,46.0,64.0
24837955,2025/2026,5.0,,1.0,
24837993,2025,,,,
24838013,2025/2026,,,,
24838178,2025/2026,14.0,61.0,26.0,15.0
24838179,2025/2026,30.0,2.0,12.0,12.0
24838180,2025/2026,50.0,99.0,48.0,86.0
24838185,2025/2026,66.0,45.0,43.0,24.0
24838191,2025/2026,,,,
24838196,2025/2026,58.0,26.0,29.0,18.0
24838238,2025/2026,22.0,3.0,16.0,3.0
25169071,2025/2026,22.0,60.0,33.0,17.0
25169139,2025/2026,68.0,28.0,29.0,83.0
25169144,2025/2026,28.0,14.0,9.0,5.0
25177798,2025,,,,
25178232,2025/2026,,,,
25187252,2025,,,,
25188217,2025/2026,93.0,50.0,43.0,20.0
25188269,2025/2026,68.0,110.0,98.0,166.0
25206169,2025/2026,31.0,11.0,16.0,17.0
25206170,2025/2026,12.0,11.0,11.0,4.0
25206181,2025/2026,7.0,4.0,13.0,6.0
25206185,2025/2026,,,,
25206251,2025/2026,16.0,27.0,14.0,41.0
25217662,2025/2026,,,,
25217663,2025/2026,41.0,65.0,53.0,58.0
25217725,2025/2026,42.0,31.0,33.0,60.0
25217727,2025/2026,,,,
25548620,2025/2026,47.0,17.0,16.0,46.0
25548700,2025/2026,104.0,78.0,61.0,38.0
25548718,2025,31.0,26.0,10.0,82.0
25548783,2025/2026,15.0,20.0,84.0,8.0
25548825,2025/2026,17.0,37.0,42.0,10.0
25548847,2025/2026,36.0,31.0,11.0,31.0
25558182,2025,,,,
25567511,2025/2026,15.0,2.0,12.0,1.0
25567528,2025,,,,
25567988,2025/2026,32.0,39.0,24.0,212.0
25567998,2025,,,,
25568439,2025/2026,18.0,36.0,52.0,36.0
25568440,2025/2026,94.0,72.0,37.0,53.0
25568465,2025/2026,19.0,7.0,7.0,1.0
25568468,2025/2026,,,,
25590827,2025/2026,17.0,,10.0,3.0
25591317,2025/2026,6.0,60.0,43.0,11.0
25591343,2025/2026,42.0,5.0,10.0,4.0
25591385,2025,,,,
25591395,2025/2026,20.0,6.0,3.0,7.0
25591465,2025,30.0,43.0,37.0,45.0
25591503,2025/2026,,,,
25591532,2025/2026,52.0,30.0,32.0,32.0
25922067,2025/2026,19.0,7.0,3.0,
25922118,2025/2026,26.0,2.0,4.0,2.0
25922119,2025/2026,55.0,11.0,29.0,91.0
25922177,2025/2026,7.0,22.0,28.0,12.0
25922180,2025/2026,,,,
25922181,2025/2026,34.0,12.0,12.0,79.0
25922184,2025/2026,48.0,65.0,44.0,44.0
25922202,2025/2026,36.0,31.0,42.0,27.0
25922235,2025/2026,,,,
25929715,2025/2026,,,,
25930116,2025/2026,,,,
25930173,2025/2026,56.0,7.0,14.0,4.0
25930711,2025/2026,,,,
25930712,2025/2026,16.0,54.0,44.0,17.0
25930721,2025/2026,19.0,52.0,42.0,53.0
25930745,2025/2026,54.0,7.0,35.0,2.0
25930790,2025/2026,,,,
25930791,2025/2026,,,,
25931162,2025/2026,,,,
25931164,2025/2026,51.0,13.0,15.0,31.0
25939689,2025,17.0,39.0,34.0,14.0
25939795,2025/2026,58.0,22.0,24.0,66.0
25954296,2025/2026,,,,
25954318,2025/2026,7.0,3.0,3.0,1.0
25954320,2025/2026,70.0,27.0,14.0,24.0
25954329,2025/2026,30.0,15.0,26.0,13.0
25954348,2025,,,,
25962043,2025,40.0,17.0,16.0,5.0
26295918,2025/2026,25.0,28.0,,22.0
26304311,2025/2026,61.0,179.0,83.0,74.0
26313013,2025/2026,31.0,12.0,7.0,84.0
26313381,2025/2026,,,,
26313873,2025/2026,45.0,11.0,6.0,19.0
26313942,2025/2026,5.0,29.0,65.0,19.0
26328597,2025,,,,
26328601,2025/2026,,,,
26328628,2025/2026,13.0,7.0,19.0,9.0
26328631,2025,,,,
26328646,2025,,,,
26328646,2025/2026,,,,
26328662,2025,,,,
26328663,2025,,,,
26336812,2025/2026,,,,
26336813,2025/2026,17.0,22.0,17.0,10.0
26336984,2025/2026,4.0,12.0,15.0,12.0
26336992,2025/2026,44.0,111.0,73.0,98.0
26516441,2025/2026,3.0,20.0,26.0,3.0
26523850,2025/2026,,,,
26670084,2025/2026,8.0,4.0,4.0,6.0
26680560,2025/2026,,,,
26680561,2025/2026,,,,
26689551,2025/2026,27.0,76.0,42.0,40.0
26690037,2025/2026,,,,
26690058,2025,17.0,34.0,16.0,22.0
26690060,2025/2026,37.0,17.0,9.0,10.0
26690622,2025,,,,
26706499,2025,,,,
26715260,2025/2026,51.0,122.0,95.0,316.0
26715311,2025/2026,50.0,60.0,31.0,127.0
26715334,2025/2026,,,,
26715354,2025,,,,
26715430,2025/2026,83.0,107.0,9.0,82.0
26715438,2025/2026,,,,
26715449,2025/2026,31.0,6.0,11.0,12.0
27048385,2025/2026,22.0,56.0,51.0,15.0
27048484,2025/2026,29.0,11.0,7.0,7.0
27048712,2025/2026,40.0,23.0,9.0,20.0
27048713,2025/2026,37.0,10.0,22.0,7.0
27057594,2025/2026,33.0,4.0,25.0,6.0
27065896,2025/2026,34.0,8.0,3.0,31.0
27066455,2025/2026,23.0,80.0,51.0,27.0
27066456,2025/2026,25.0,7.0,9.0,2.0
27066516,2025/2026,51.0,6.0,15.0,15.0
27066567,2025/2026,,,,
27066685,2025/2026,9.0,10.0,18.0,60.0
27066690,2025/2026,50.0,16.0,22.0,50.0
27066711,2025/2026,10.0,26.0,19.0,3.0
27066712,2025/2026,,,,
27066734,2025/2026,27.0,47.0,64.0,51.0
27066735,2025/2026,47.0,12.0,14.0,15.0
27066902,2025/2026,,,,
27067011,2025/2026,53.0,6.0,16.0,9.0
27067051,2025/2026,33.0,17.0,5.0,17.0
27067053,2025/2026,41.0,29.0,27.0,13.0
27067060,2025/2026,55.0,74.0,109.0,193.0
27067062,2025/2026,,,,
27067202,2025/2026,23.0,115.0,42.0,41.0
27067450,2025/2026,5.0,9.0,4.0,9.0
27067959,2025/2026,25.0,10.0,14.0,
27068119,2025,,,,
27081112,2025/2026,,,,
27088818,2025/2026,40.0,103.0,41.0,138.0
27088904,2025/2026,,,,
27088972,2025/2026,,,,
27422475,2025/2026,27.0,2.0,5.0,1.0
27422477,2025/2026,20.0,38.0,39.0,7.0
27422479,2025/2026,20.0,34.0,36.0,19.0
27422485,2025/2026,38.0,6.0,6.0,25.0
27422644,2025/2026,,,,
27422645,2025/2026,26.0,3.0,13.0,15.0
27422646,2025/2026,26.0,34.0,17.0,13.0
27422647,2025,32.0,5.0,8.0,5.0
27422711,2025/2026,,,,
27440191,2025/2026,34.0,39.0,47.0,20.0
27440264,2025/2026,,,,
27440420,2025/2026,44.0,10.0,15.0,52.0
27440827,2025/2026,,,,
27441103,2025,46.0,5.0,23.0,24.0
27441105,2025,,,,
27441523,2025/2026,,,,
27441544,2025/2026,,,,
27453987,2025/2026,48.0,57.0,35.0,136.0
27454012,2025/2026,16.0,2.0,7.0,
27797020,2025/2026,14.0,47.0,34.0,21.0
27805158,2025/2026,65.0,18.0,10.0,58.0
27824276,2025/2026,56.0,35.0,21.0,98.0
27831728,2025/2026,13.0,45.0,21.0,70.0
27831769,2025/2026,26.0,18.0,19.0,42.0
28044507,2025/2026,29.0,20.0,15.0,11.0
28165497,2025,15.0,5.0,6.0,3.0
28176047,2025/2026,40.0,5.0,13.0,2.0
28543549,2025/2026,19.0,85.0,41.0,98.0
28543553,2025/2026,,,,
28543722,2025/2026,,,,
28543784,2025/2026,,,,
28543789,2025/2026,,,,
28543793,2025/2026,69.0,73.0,38.0,78.0
28543853,2025/2026,,,,
28543873,2025/2026,,,,
28543882,2025/2026,,,,
28543893,2025/2026,,,,
28543924,2025/2026,,,,
28543925,2025/2026,24.0,31.0,11.0,41.0
28551735,2025/2026,,,,
28551741,2025,,,,
28552312,2025/2026,74.0,31.0,52.0,170.0
28552787,2025/2026,,,,
28552793,2025,,,,
28552819,2025/2026,,,,
28552845,2025/2026,,,,
28571252,2025,21.0,134.0,53.0,113.0
28571255,2025/2026,50.0,57.0,14.0,71.0
28571312,2025/2026,35.0,24.0,8.0,22.0
28571322,2025/2026,11.0,36.0,79.0,109.0
28572155,2025/2026,21.0,51.0,79.0,30.0
28572704,2025,,,,
28572810,2025,,,,
28573702,2025/2026,45.0,7.0,4.0,4.0
28575640,2025/2026,,,,
28575644,2025/2026,,,,
28575647,2025/2026,,,,
28575648,2025/2026,,,,
28575652,2025/2026,12.0,2.0,4.0,2.0
28575672,2025/2026,12.0,17.0,18.0,13.0
28575692,2025/2026,23.0,46.0,42.0,29.0
28575695,2025/2026,39.0,5.0,11.0,55.0
28575697,2025/2026,20.0,37.0,101.0,18.0
28575700,2025/2026,,,,
28575704,2025/2026,28.0,90.0,53.0,29.0
28575705,2025/2026,47.0,48.0,31.0,22.0
28575708,2025/2026,46.0,10.0,9.0,56.0
28575725,2025/2026,,,,
28575734,2025/2026,19.0,34.0,26.0,33.0
28575743,2025/2026,31.0,33.0,29.0,34.0
28912193,2025/2026,,,,
28912195,2025/2026,,,,
28912681,2025,,,,
28912710,2025/2026,18.0,21.0,28.0,68.0
28912711,2025/2026,13.0,5.0,23.0,2.0
28912714,2025/2026,69.0,70.0,22.0,191.0
28912715,2025/2026,14.0,44.0,26.0,26.0
28912717,2025/2026,38.0,26.0,10.0,49.0
28912723,2025/2026,,,,
28912737,2025/2026,46.0,6.0,3.0,5.0
28912742,2025/2026,34.0,12.0,16.0,43.0
28912747,2025/2026,,,,
28912751,2025/2026,,,,
28912753,2025/2026,,,,
28912754,2025/2026,22.0,54.0,25.0,46.0
28912759,2025/2026,43.0,41.0,44.0,100.0
28912765,2025/2026,51.0,59.0,41.0,67.0
28912771,2025/2026,48.0,36.0,22.0,27.0
28912777,2025/2026,14.0,30.0,30.0,6.0
28912780,2025/2026,23.0,101.0,68.0,147.0
28912805,2025/2026,,,,
28912808,2025/2026,,,,
28912813,2025/2026,,,,
28912814,2025/2026,26.0,6.0,4.0,5.0
28912824,2025/2026,37.0,14.0,9.0,5.0
28912833,2025/2026,41.0,10.0,4.0,19.0
28912837,2025/2026,34.0,37.0,1.0,54.0
28912840,2025,15.0,61.0,38.0,32.0
28912852,2025,11.0,92.0,51.0,15.0
28912852,2025/2026,12.0,25.0,41.0,3.0
28912855,2025/2026,22.0,95.0,74.0,24.0
28912857,2025,26.0,4.0,8.0,10.0
28912973,2025/2026,37.0,47.0,23.0,85.0
28912974,2025/2026,59.0,10.0,15.0,21.0
28912976,2025/2026,,,,
28912981,2025/2026,16.0,9.0,4.0,3.0
28912998,2025/2026,35.0,9.0,1.0,2.0
28913023,2025/2026,59.0,31.0,16.0,162.0
28913030,2025/2026,,,,
28913055,2025/2026,59.0,20.0,2.0,22.0
28913058,2025/2026,35.0,60.0,33.0,91.0
28913085,2025/2026,,,,
28931566,2025/2026,52.0,17.0,19.0,8.0
28931567,2025/2026,36.0,26.0,31.0,60.0
28931574,2025/2026,,,,
28931592,2025,28.0,23.0,7.0,15.0
28931619,2025/2026,,,,
28931654,2025,,,,
28931733,2025/2026,,,,
28931735,2025,,,,
28932254,2025/2026,16.0,19.0,44.0,13.0
28932717,2025/2026,39.0,21.0,8.0,54.0
28944224,2025/2026,23.0,30.0,56.0,6.0
28944245,2025/2026,,,,
28952175,2025/2026,80.0,77.0,31.0,42.0
29294358,2025/2026,,,,
29294473,2025/2026,,,,
29303604,2025/2026,,,,
29303720,2025,,,,
29312076,2025,,,,
29313015,2025,,,,
29313203,2025/2026,,,,
29313248,2025/2026,,,,
29313250,2025,,,,
29313263,2025,,,,
29313293,2025/2026,8.0,33.0,25.0,38.0
29313301,2025,,,,
29313334,2025/2026,,,,
29313803,2025/2026,24.0,38.0,34.0,74.0
29313813,2025/2026,47.0,39.0,13.0,47.0
29313822,2025,,,,
29313856,2025,,,,
29313859,2025,,,,
29313887,2025,,,,
29313898,2025,,,,
29328203,2025/2026,43.0,13.0,14.0,7.0
29328210,2025,,,,
29328219,2025/2026,38.0,20.0,22.0,44.0
29328428,2025/2026,,,,
29328429,2025/2026,,,,
29328434,2025/2026,88.0,14.0,16.0,2.0
29328510,2025,,,,
29336632,2025/2026,,,,
29336648,2025,,,,
29336792,2025/2026,,,,
29336813,2025/2026,,,,
29336847,2025,,,,
29362075,2025,,,,
29416281,2025,33.0,24.0,15.0,8.0
29416283,2025,31.0,22.0,30.0,82.0
29419594,2025/2026,,,,
29674660,2025/2026,,,,
29674834,2025/2026,24.0,10.0,17.0,6.0
29674839,2025,,,,
29674841,2025,,,,
29674844,2025,,,,
29674861,2025,,,,
29685934,2025/2026,27.0,20.0,11.0,61.0
29695339,2025,,,,
29696577,2025,,,,
29697091,2025/2026,60.0,35.0,14.0,82.0
29697131,2025,,,,
29697134,2025,,,,
29709995,2025/2026,,,,
29709997,2025/2026,,,,
29710560,2025,,,,
29710694,2025,,,,
29710712,2025/2026,27.0,71.0,50.0,31.0
29720324,2025/2026,51.0,19.0,10.0,39.0
29735915,2025/2026,3.0,8.0,29.0,3.0
29763086,2025,,,,
29838710,2025/2026,,,,
29838727,2025/2026,,,,
30060714,2025,,,,
30071838,2025,,,,
30071839,2025,,,,
30071846,2025/2026,32.0,18.0,15.0,24.0
30081434,2025,,,,
30081448,2025,,,,
30081977,2025,,,,
30082003,2025/2026,,,,
30082121,2025/2026,21.0,5.0,9.0,1.0
30082134,2025/2026,,,,
30082135,2025/2026,,,,
30082139,2025/2026,,,,
30082140,2025/2026,,,,
30082144,2025/2026,,,,
30082198,2025,,,,
30082663,2025/2026,14.0,2.0,9.0,3.0
30082674,2025,,,,
30082746,2025/2026,39.0,22.0,10.0,29.0
30082775,2025/2026,,,,
30095970,2025,,,,
30095980,2025/2026,,,,
30096015,2025,,,,
30105866,2025/2026,32.0,7.0,30.0,
30105867,2025,,,,
30105982,2025,,,,
30151702,2025,,,,
30195919,2025,,,,
30287102,2025/2026,,,,
30446852,2025/2026,,,,
30446919,2025/2026,72.0,27.0,15.0,8.0
30446920,2025/2026,22.0,48.0,48.0,10.0
30446925,2025/2026,39.0,94.0,12.0,150.0
30446926,2025/2026,20.0,39.0,40.0,9.0
30446936,2025,9.0,40.0,45.0,18.0
30446969,2025/2026,23.0,18.0,11.0,2.0
30446971,2025,66.0,20.0,25.0,14.0
30446976,2025/2026,36.0,12.0,7.0,47.0
30446984,2025/2026,76.0,40.0,37.0,6.0
30446986,2025/2026,25.0,42.0,30.0,56.0
30446987,2025/2026,29.0,54.0,23.0,63.0
30446988,2025/2026,7.0,14.0,17.0,4.0
30466796,2025/2026,60.0,92.0,52.0,74.0
30467725,2025/2026,,,,
30467832,2025,,,,
30467832,2025/2026,8.0,,4.0,
30467944,2025/2026,38.0,62.0,38.0,78.0
30468508,2025,,,,
30468636,2025,,,,
30468646,2025/2026,72.0,29.0,22.0,77.0
30468674,2025/2026,30.0,5.0,14.0,3.0
30468677,2025/2026,,,,
30482214,2025,,,,
30491745,2025/2026,,,,
30841455,2025,5.0,7.0,28.0,1.0
30841486,2025/2026,26.0,53.0,25.0,101.0
30841552,2025/2026,24.0,54.0,34.0,57.0
30841685,2025,,,,
30850936,2025,7.0,6.0,35.0,
30851414,2025/2026,12.0,32.0,31.0,13.0
30851895,2025/2026,43.0,24.0,12.0,
30851922,2025,,,,
30851975,2025/2026,14.0,16.0,9.0,11.0
30851996,2025/2026,,,,
30852012,2025,23.0,22.0,16.0,36.0
30865988,2025/2026,,,,
30866021,2025,,,,
30866026,2025,,,,
30866040,2025/2026,79.0,45.0,17.0,31.0
30866134,2025/2026,46.0,8.0,25.0,5.0
30866147,2025,,,,
30875013,2025,,,,
30875515,2025/2026,26.0,45.0,69.0,14.0
30875535,2025,30.0,52.0,65.0,21.0
30875547,2025/2026,31.0,18.0,11.0,46.0
30875566,2025/2026,,,,
30878845,2025,,,,
30892128,2025,,,,
30900849,2025,,,,
30900849,2025/2026,44.0,23.0,22.0,10.0
30979492,2025/2026,42.0,56.0,40.0,80.0
31048449,2025,,,,
31092068,2025,,,,
31092068,2025/2026,22.0,23.0,10.0,6.0
31216826,2025,,,,
31217496,2025,,,,
31226216,2025/2026,41.0,13.0,10.0,4.0
31226217,2025/2026,18.0,39.0,65.0,4.0
31226325,2025/2026,,,,
31226528,2025/2026,33.0,21.0,14.0,44.0
31226601,2025/2026,,,,
31226692,2025/2026,33.0,28.0,8.0,93.0
31226838,2025/2026,,,,
31226947,2025/2026,,,,
31226971,2025/2026,15.0,17.0,7.0,24.0
31227524,2025/2026,,,,
31227544,2025/2026,,,,
31227680,2025/2026,,,,
31227807,2025/2026,,,,
31227980,2025/2026,,,,
31237395,2025/2026,,,,
31237432,2025,,,,
31238121,2025,16.0,29.0,110.0,7.0
31238168,2025/2026,56.0,17.0,14.0,8.0
31238171,2025/2026,42.0,13.0,7.0,19.0
31238186,2025/2026,,,,
31238191,2025/2026,30.0,33.0,21.0,20.0
31238222,2025/2026,93.0,30.0,38.0,8.0
31238249,2025,,,,
31238688,2025/2026,,,,
31238689,2025/2026,78.0,56.0,51.0,80.0
31238703,2025,,,,
31238808,2025/2026,35.0,6.0,9.0,3.0
31238809,2025,42.0,14.0,27.0,27.0
31238814,2025,,,,
31238815,2025,,,,
31238822,2025/2026,,,,
31238844,2025,,,,
31255281,2025,19.0,53.0,41.0,32.0
31255283,2025/2026,84.0,105.0,52.0,121.0
31255306,2025/2026,39.0,51.0,35.0,42.0
31255311,2025/2026,,,,
31255328,2025/2026,27.0,100.0,64.0,31.0
31255539,2025/2026,38.0,7.0,13.0,
31255596,2025/2026,18.0,4.0,8.0,8.0
31255612,2025,,,,
31255655,2025,,,,
31255673,2025/2026,24.0,6.0,8.0,
31264229,2025,,,,
31269271,2025,26.0,1.0,15.0,8.0
31284407,2025/2026,,,,
31290908,2025,,,,
31607875,2025,,,,
31607879,2025/2026,37.0,11.0,8.0,2.0
31616427,2025/2026,20.0,4.0,12.0,5.0
31616510,2025/2026,56.0,25.0,11.0,22.0
31616637,2025/2026,46.0,14.0,10.0,5.0
31616654,2025/2026,38.0,70.0,30.0,44.0
31625181,2025,,,,
31625208,2025,,,,
31625210,2025,,,,
31625665,2025/2026,31.0,46.0,35.0,29.0
31625666,2025/2026,18.0,32.0,50.0,5.0
31625796,2025/2026,,,,
31626002,2025/2026,,,,
31626030,2025,,,,
31626039,2025,,,,
31626041,2025,,,,
31626482,2025/2026,19.0,20.0,38.0,8.0
31626713,2025/2026,,,,
31626779,2025/2026,,,,
31626867,2025,,,,
31627343,2025,,,,
31627388,2025,,,,
31627433,2025/2026,,,,
31627451,2025,,,,
31640130,2025/2026,19.0,9.0,12.0,9.0
31640133,2025/2026,22.0,43.0,19.0,18.0
31640264,2025/2026,,,,
31640301,2025,,,,
31640302,2025,,,,
31648479,2025/2026,30.0,17.0,20.0,35.0
31720779,2025,,,,
31737830,2025,,,,
31991276,2025,,,,
31991277,2025,,,,
31991278,2025/2026,20.0,38.0,28.0,97.0
32002805,2025/2026,13.0,27.0,76.0,6.0
32002866,2025,,,,
32011446,2025,,,,
32012214,2025,,,,
32012826,2025/2026,12.0,46.0,23.0,29.0
32012834,2025,,,,
32012836,2025,,,,
32012857,2025,,,,
32012874,2025/2026,13.0,77.0,79.0,39.0
32012990,2025,,,,
32013082,2025/2026,,,,
32013100,2025,,,,
32013603,2025,,,,
32013716,2025/2026,26.0,27.0,64.0,103.0
32013727,2025/2026,8.0,35.0,12.0,8.0
32013730,2025,,,,
32013792,2025,,,,
32013797,2025/2026,31.0,50.0,28.0,55.0
32013799,2025,,,,
32013821,2025/2026,,,,
32031212,2025/2026,,,,
32031641,2025/2026,52.0,32.0,31.0,184.0
32031673,2025/2026,28.0,31.0,20.0,59.0
32031674,2025/2026,,,,
32031858,2025,,,,
32031884,2025/2026,45.0,10.0,18.0,17.0
32031885,2025/2026,22.0,34.0,46.0,19.0
32031895,2025/2026,58.0,18.0,37.0,78.0
32040952,2025,,,,
32041240,2025/2026,53.0,29.0,15.0,9.0
32258139,2025/2026,,,,
32386285,2025/2026,72.0,18.0,20.0,13.0
32387131,2025/2026,,,,
32387141,2025/2026,,,,
32404512,2025/2026,14.0,64.0,17.0,35.0
32404514,2025/2026,11.0,26.0,58.0,6.0
32404530,2025/2026,,,,
32404540,2025,,,,
32404898,2025/2026,25.0,74.0,60.0,109.0
32405545,2025/2026,44.0,21.0,18.0,6.0
32405592,2025,,,,
32405599,2025,,,,
32405608,2025/2026,,,,
32421883,2025,,,,
32421989,2025,,,,
32422627,2025/2026,23.0,77.0,81.0,32.0
32422655,2025,,,,
32422672,2025,,,,
32422758,2025/2026,31.0,8.0,8.0,6.0
32431114,2025/2026,31.0,6.0,18.0,115.0
32490407,2025/2026,17.0,7.0,10.0,5.0
32511094,2025,19.0,2.0,4.0,4.0
32665426,2025/2026,,,,
32769258,2025/2026,26.0,50.0,41.0,59.0
32776505,2025/2026,31.0,6.0,10.0,2.0
32777042,2025/2026,15.0,42.0,55.0,166.0
32777402,2025/2026,,,,
32777430,2025/2026,,,,
32777432,2025/2026,33.0,17.0,11.0,23.0
32777439,2025/2026,,,,
32777443,2025/2026,21.0,15.0,7.0,6.0
32777470,2025/2026,,,,
32777472,2025/2026,29.0,8.0,11.0,3.0
32777506,2025/2026,,,,
32777592,2025,23.0,54.0,32.0,21.0
32777732,2025/2026,41.0,4.0,15.0,16.0
32777738,2025/2026,,,,
32777741,2025,13.0,15.0,14.0,4.0
32785662,2025/2026,24.0,10.0,11.0,8.0
32785663,2025/2026,41.0,18.0,5.0,2.0
32785745,2025,46.0,24.0,10.0,10.0
32786777,2025/2026,35.0,75.0,56.0,7.0
32786780,2025/2026,,,,
32786785,2025/2026,3.0,4.0,23.0,3.0
32786881,2025/2026,70.0,51.0,25.0,20.0
32786884,2025/2026,34.0,4.0,17.0,46.0
32786894,2025,,,,
32786899,2025/2026,59.0,47.0,52.0,65.0
32795608,2025/2026,26.0,12.0,9.0,10.0
32795612,2025/2026,20.0,15.0,30.0,74.0
32795620,2025,36.0,4.0,7.0,15.0
32795621,2025,12.0,45.0,41.0,22.0
32796067,2025/2026,26.0,35.0,64.0,69.0
32796084,2025/2026,28.0,16.0,6.0,
32796115,2025/2026,,,,
32796120,2025/2026,,,,
32796125,2025/2026,81.0,15.0,1.0,35.0
32796136,2025/2026,37.0,10.0,13.0,4.0
32796138,2025/2026,,,,
32796298,2025,,,,
32796743,2025/2026,45.0,22.0,32.0,106.0
32796827,2025/2026,,,,
32796864,2025/2026,,,,
32796892,2025/2026,46.0,38.0,21.0,52.0
32796916,2025/2026,,,,
32810147,2025,,,,
32810148,2025,,,,
32810183,2025/2026,17.0,13.0,17.0,15.0
32810192,2025/2026,3.0,3.0,1.0,8.0
32810397,2025/2026,7.0,30.0,23.0,18.0
32819099,2025/2026,,,,
32819166,2025/2026,,,,
32819168,2025/2026,,,,
32819178,2025/2026,47.0,24.0,45.0,43.0
32819182,2025/2026,,,,
32819198,2025/2026,,,,
32819214,2025/2026,43.0,22.0,11.0,40.0
32819236,2025/2026,31.0,8.0,16.0,88.0
32860988,2025,,,,
33165760,2025,,,,
33165956,2025/2026,7.0,5.0,9.0,8.0
33165957,2025/2026,23.0,82.0,36.0,57.0
33165984,2025,,,,
33166012,2025/2026,,,,
33176937,2025/2026,21.0,2.0,4.0,1.0
33186404,2025/2026,11.0,15.0,42.0,10.0
33186792,2025,,,,
33186807,2025,41.0,72.0,51.0,60.0
33186827,2025/2026,38.0,86.0,69.0,73.0
33186828,2025/2026,41.0,15.0,36.0,30.0
33186836,2025/2026,,,,
33186843,2025/2026,36.0,6.0,4.0,
33186847,2025,,,,
33186870,2025,19.0,3.0,17.0,12.0
33186870,2025/2026,4.0,3.0,10.0,1.0
33186911,2025,,,,
33186968,2025,,,,
33187441,2025/2026,7.0,25.0,61.0,3.0
33187445,2025,,,,
33187545,2025/2026,19.0,3.0,12.0,2.0
33203864,2025,69.0,14.0,19.0,34.0
33203874,2025/2026,,,,
33213337,2025/2026,46.0,120.0,22.0,112.0
33213465,2025/2026,46.0,50.0,25.0,70.0
33561910,2025/2026,,,,
33561918,2025,25.0,22.0,7.0,29.0
33562761,2025/2026,48.0,79.0,28.0,22.0
33562821,2025,30.0,78.0,32.0,42.0
33576939,2025/2026,67.0,36.0,33.0,9.0
33577251,2025/2026,9.0,56.0,39.0,65.0
33577252,2025/2026,24.0,15.0,12.0,6.0
33577315,2025,67.0,45.0,65.0,90.0
33587119,2025,9.0,38.0,30.0,62.0
33587292,2025/2026,30.0,34.0,10.0,100.0
33587303,2025,,,,
33587417,2025/2026,,,,
33587428,2025/2026,53.0,43.0,41.0,131.0
33587448,2025/2026,,,,
33587451,2025/2026,6.0,1.0,2.0,
33587604,2025/2026,11.0,11.0,22.0,11.0
33587733,2025,,,,
33587741,2025/2026,14.0,10.0,32.0,19.0
33608159,2025,,,,
33608588,2025/2026,50.0,41.0,43.0,53.0
33608595,2025/2026,32.0,13.0,13.0,4.0
33608597,2025,,,,
33618239,2025/2026,16.0,42.0,57.0,9.0
33968872,2025/2026,50.0,29.0,25.0,50.0
33980082,2025,,,,
33980082,2025/2026,35.0,13.0,9.0,1.0
33980151,2025,22.0,11.0,13.0,8.0
33980252,2025/2026,,,,
33991167,2025/2026,,,,
33991728,2025/2026,30.0,8.0,31.0,1.0
33991731,2025/2026,,,,
33991811,2025/2026,28.0,80.0,88.0,43.0
33991824,2025/2026,7.0,11.0,43.0,4.0
33991891,2025/2026,,,,
33991953,2025,,,,
33991963,2025,,,,
33992004,2025/2026,14.0,28.0,42.0,9.0
33992424,2025,,,,
33992425,2025,,,,
33992579,2025,8.0,42.0,72.0,11.0
34016604,2025/2026,10.0,27.0,23.0,33.0
34127184,2025,,,,
34366945,2025/2026,15.0,41.0,16.0,44.0
34391412,2025,24.0,23.0,14.0,28.0
34391543,2025/2026,12.0,22.0,45.0,70.0
34392098,2025/2026,24.0,31.0,34.0,53.0
34392107,2025,31.0,20.0,12.0,19.0
34408111,2025,,,,
34408115,2025/2026,30.0,9.0,8.0,
34408119,2025/2026,26.0,62.0,56.0,65.0
34408158,2025,,,,
34422667,2025/2026,78.0,68.0,18.0,58.0
34422778,2025/2026,20.0,112.0,49.0,47.0
34422783,2025/2026,,,,
34422813,2025,,,,
34422888,2025,23.0,34.0,17.0,86.0
34422908,2025,33.0,19.0,14.0,25.0
34432414,2025,,,,
34443288,2025,,,,
34443308,2025/2026,,,,
34454248,2025,,,,
34454683,2025,,,,
34454700,2025/2026,17.0,56.0,20.0,43.0
34454776,2025,,,,
34455209,2025/2026,,,,
34455259,2025/2026,8.0,27.0,92.0,11.0
34455770,2025,,,,
34455781,2025,,,,
34455832,2025/2026,20.0,7.0,13.0,2.0
34455847,2025/2026,19.0,23.0,14.0,8.0
34455886,2025,,,,
34481476,2025/2026,26.0,17.0,7.0,21.0
34492317,2025/2026,58.0,19.0,9.0,24.0
34573358,2025,32.0,31.0,31.0,69.0
34844144,2025,42.0,63.0,52.0,128.0
34862149,2025/2026,,,,
34862151,2025/2026,,,,
34862161,2025/2026,,,,
34872776,2025,,,,
34872872,2025,,,,
34873426,2025/2026,30.0,19.0,16.0,70.0
34873442,2025/2026,43.0,9.0,15.0,10.0
34874034,2025,,,,
34874042,2025/2026,47.0,19.0,15.0,61.0
34874050,2025,,,,
34874050,2025/2026,20.0,6.0,7.0,4.0
34874535,2025/2026,45.0,11.0,21.0,14.0
34874605,2025,,,,
34898459,2025/2026,,,,
34898488,2025,31.0,52.0,23.0,59.0
34898488,2025/2026,21.0,15.0,5.0,30.0
34898568,2025,,,,
34907272,2025/2026,32.0,33.0,14.0,66.0
34907337,2025/2026,20.0,16.0,7.0,28.0
34907346,2025/2026,,,,
34907420,2025/2026,,,,
34907430,2025/2026,,,,
34972142,2025,27.0,9.0,26.0,15.0
35259777,2025/2026,48.0,28.0,22.0,11.0
35259800,2025/2026,34.0,122.0,71.0,197.0
35259805,2025,,,,
35260756,2025,,,,
35271244,2025/2026,,,,
35280464,2025,10.0,,4.0,1.0
35280470,2025/2026,52.0,8.0,15.0,20.0
35280474,2025/2026,57.0,56.0,23.0,56.0
35280552,2025/2026,,,,
35281050,2025/2026,20.0,47.0,8.0,68.0
35281051,2025/2026,,,,
35281052,2025/2026,,,,
35281061,2025,,,,
35281089,2025/2026,10.0,43.0,32.0,12.0
35281093,2025/2026,9.0,7.0,,1.0
35281100,2025/2026,27.0,24.0,29.0,86.0
35281116,2025/2026,47.0,85.0,52.0,123.0
35281164,2025/2026,,,,
35281182,2025/2026,,,,
35295855,2025,,,,
35503835,2025/2026,41.0,25.0,15.0,5.0
35659820,2025/2026,33.0,30.0,16.0,39.0
35659827,2025,,,,
35659857,2025,,,,
35671501,2025/2026,34.0,29.0,6.0,22.0
35682209,2025,7.0,21.0,61.0,
35683622,2025/2026,17.0,22.0,14.0,63.0
35683623,2025/2026,51.0,52.0,24.0,24.0
35683624,2025/2026,27.0,14.0,10.0,37.0
35683716,2025,,,,
35683728,2025/2026,13.0,54.0,36.0,8.0
35699452,2025/2026,119.0,51.0,36.0,42.0
35699874,2025/2026,21.0,37.0,42.0,62.0
35700168,2025/2026,12.0,18.0,17.0,13.0
35709045,2025/2026,34.0,105.0,71.0,86.0
35709049,2025/2026,30.0,34.0,36.0,10.0
35719439,2025,22.0,71.0,46.0,73.0
36062711,2025/2026,65.0,33.0,7.0,58.0
36063543,2025/2026,,,,
36063555,2025,,,,
36073933,2025/2026,,,,
36074367,2025,39.0,57.0,96.0,236.0
36074379,2025/2026,40.0,80.0,52.0,105.0
36083638,2025/2026,9.0,14.0,22.0,11.0
36083966,2025/2026,6.0,32.0,51.0,11.0
36083970,2025/2026,15.0,35.0,35.0,31.0
36084426,2025,,,,
36084461,2025/2026,27.0,8.0,9.0,
36084604,2025/2026,74.0,34.0,37.0,4.0
36084746,2025/2026,,,,
36084748,2025/2026,11.0,27.0,36.0,3.0
36084757,2025/2026,,,,
36084776,2025/2026,30.0,19.0,7.0,1.0
36084791,2025/2026,,,,
36085251,2025/2026,,,,
36085406,2025/2026,,,,
36085414,2025,,,,
36097118,2025/2026,27.0,17.0,19.0,18.0
36097543,2025,18.0,19.0,17.0,34.0
36097548,2025/2026,35.0,22.0,18.0,31.0
36097576,2025,,,,
36105897,2025/2026,,,,
36461011,2025/2026,,,,
36470084,2025,18.0,55.0,42.0,24.0
36470086,2025/2026,12.0,38.0,30.0,
36480865,2025,31.0,58.0,22.0,33.0
36480887,2025,,,,
36481011,2025,11.0,27.0,34.0,32.0
36481521,2025,,,,
36481521,2025/2026,,,,
36481539,2025/2026,,,,
36481668,2025,,,,
36481676,2025/2026,,,,
36481743,2025,,,,
36482322,2025,,,,
36482353,2025,,,,
36482401,2025,,,,
36864340,2025,,,,
36873516,2025,,,,
36873965,2025/2026,51.0,93.0,82.0,126.0
36873967,2025,,,,
36892796,2025,,,,
37249155,2025/2026,11.0,53.0,58.0,7.0
37249198,2025/2026,,,,
37250424,2025/2026,,,,
37250445,2025,30.0,8.0,3.0,4.0
37250916,2025,10.0,21.0,25.0,17.0
37251353,2025/2026,,,,
37251788,2025,20.0,114.0,48.0,35.0
37251789,2025/2026,11.0,40.0,39.0,11.0
37252155,2025,,,,
37252512,2025,71.0,45.0,21.0,9.0
37252515,2025/2026,49.0,28.0,38.0,149.0
37252519,2025/2026,72.0,49.0,31.0,253.0
37252524,2025/2026,44.0,5.0,5.0,1.0
37253373,2025/2026,63.0,51.0,22.0,99.0
37253379,2025/2026,46.0,98.0,44.0,7.0
37253391,2025/2026,16.0,1.0,15.0,1.0
37253416,2025/2026,38.0,38.0,19.0,36.0
37253440,2025/2026,,,,
37253461,2025,37.0,13.0,13.0,22.0
37253469,2025,,,,
37253472,2025/2026,51.0,24.0,13.0,32.0
37253489,2025/2026,29.0,38.0,38.0,44.0
37253490,2025,,,,
37253495,2025/2026,,,,
37253629,2025/2026,,,,
37253636,2025/2026,,,,
37254502,2025/2026,65.0,26.0,19.0,150.0
37254512,2025,,,,
37254512,2025/2026,,,,
37255783,2025/2026,,,,
37255791,2025/2026,,,,
37255815,2025/2026,,,,
37255818,2025/2026,66.0,21.0,33.0,85.0
37255821,2025/2026,3.0,3.0,,4.0
37255840,2025/2026,,,,
37255841,2025/2026,33.0,15.0,14.0,18.0
37255842,2025/2026,9.0,1.0,,1.0
37255845,2025/2026,22.0,29.0,14.0,32.0
37255847,2025,31.0,23.0,15.0,59.0
37255849,2025/2026,52.0,14.0,16.0,102.0
37255865,2025/2026,,,,
37257581,2025/2026,,,,
37257583,2025/2026,,,,
37257600,2025/2026,9.0,34.0,28.0,57.0
37257607,2025/2026,,,,
37257608,2025/2026,31.0,2.0,7.0,2.0
37257611,2025/2026,64.0,40.0,27.0,86.0
37257612,2025/2026,90.0,49.0,50.0,337.0
37257644,2025/2026,60.0,25.0,13.0,76.0
37257655,2025/2026,,,,
37257678,2025/2026,50.0,41.0,10.0,43.0
37257685,2025/2026,45.0,91.0,36.0,27.0
37257768,2025/2026,11.0,11.0,13.0,4.0
37257779,2025/2026,,,,
37257793,2025/2026,,,,
37257798,2025/2026,38.0,12.0,6.0,
37259099,2025,48.0,12.0,27.0,74.0
37259100,2025,44.0,9.0,30.0,6.0
37259101,2025/2026,,,,
37259123,2025/2026,,,,
37259128,2025/2026,,,,
37259133,2025/2026,41.0,64.0,92.0,152.0
37259153,2025/2026,26.0,15.0,5.0,53.0
37259158,2025/2026,47.0,84.0,93.0,65.0
37259161,2025/2026,11.0,6.0,17.0,2.0
37259162,2025,33.0,23.0,8.0,51.0
37259163,2025/2026,,,,
37259170,2025/2026,,,,
37259172,2025/2026,11.0,50.0,46.0,59.0
37259175,2025/2026,51.0,66.0,86.0,42.0
37259178,2025/2026,13.0,40.0,18.0,25.0
37259181,2025/2026,,,,
37259188,2025/2026,97.0,45.0,7.0,27.0
37259202,2025/2026,38.0,23.0,37.0,137.0
37259207,2025/2026,,,,
37259213,2025/2026,,,,
37259215,2025/2026,19.0,44.0,22.0,40.0
37259219,2025/2026,,,,
37259239,2025/2026,,,,
37259252,2025/2026,18.0,75.0,60.0,116.0
37259260,2025/2026,53.0,11.0,15.0,6.0
37259284,2025/2026,,,,
37259429,2025/2026,36.0,4.0,6.0,6.0
37259614,2025/2026,20.0,56.0,28.0,86.0
37259630,2025/2026,,,,
37259638,2025/2026,,,,
37259654,2025/2026,,,,
37259845,2025/2026,21.0,55.0,37.0,116.0
37259885,2025/2026,9.0,5.0,2.0,3.0
37259951,2025/2026,39.0,4.0,8.0,9.0
37259952,2025/2026,21.0,2.0,5.0,6.0
37259960,2025,,,,
37259977,2025/2026,19.0,22.0,15.0,87.0
37259994,2025/2026,33.0,49.0,9.0,59.0
37260000,2025/2026,10.0,10.0,11.0,50.0
37260011,2025/2026,74.0,37.0,16.0,16.0
37260050,2025/2026,16.0,5.0,5.0,8.0
37260107,2025/2026,18.0,15.0,5.0,13.0
37260110,2025/2026,9.0,6.0,22.0,4.0
37260164,2025,15.0,208.0,69.0,200.0
37260189,2025/2026,,,,
37260201,2025/2026,,,,
37260212,2025/2026,,,,
37260234,2025/2026,,,,
37260366,2025,12.0,14.0,19.0,9.0
37260431,2025/2026,,,,
37260443,2025/2026,45.0,19.0,10.0,1.0
37260500,2025/2026,26.0,70.0,32.0,58.0
37260515,2025/2026,79.0,30.0,31.0,72.0
37260519,2025,5.0,18.0,19.0,62.0
37260533,2025/2026,8.0,15.0,23.0,7.0
37260534,2025,46.0,19.0,30.0,48.0
37260548,2025/2026,24.0,11.0,10.0,15.0
37260591,2025/2026,,,,
37260639,2025/2026,51.0,20.0,5.0,42.0
37260720,2025/2026,15.0,2.0,2.0,8.0
37260757,2025/2026,25.0,10.0,9.0,21.0
37260778,2025/2026,11.0,18.0,16.0,96.0
37260790,2025/2026,21.0,11.0,15.0,14.0
37260808,2025/2026,18.0,31.0,32.0,32.0
37260874,2025,43.0,21.0,6.0,78.0
37260883,2025/2026,37.0,2.0,8.0,2.0
37260902,2025,30.0,37.0,16.0,132.0
37261082,2025,70.0,72.0,51.0,178.0
37261093,2025/2026,28.0,39.0,36.0,23.0
37261096,2025/2026,22.0,66.0,27.0,13.0
37261098,2025/2026,31.0,8.0,9.0,5.0
37261100,2025/2026,20.0,18.0,31.0,35.0
37261111,2025/2026,23.0,57.0,17.0,22.0
37261241,2025/2026,,,,
37261243,2025,,,,
37261249,2025,,,,
37261251,2025,,,,
37261254,2025,,,,
37261255,2025,,,,
37261258,2025,,,,
37261259,2025/2026,41.0,44.0,27.0,20.0
37261265,2025,,,,
37261272,2025,,,,
37261275,2025,,,,
37261276,2025,,,,
37261283,2025/2026,,,,
37261285,2025,,,,
37261286,2025,,,,
37261299,2025,,,,
37261308,2025,,,,
37261337,2025/2026,,,,
37261340,2025,,,,
37261344,2025/2026,37.0,26.0,11.0,53.0
37261432,2025,,,,
37261434,2025,,,,
37261436,2025/2026,,,,
37261443,2025,,,,
37261446,2025,,,,
37261496,2025/2026,,,,
37261500,2025/2026,,,,
37261505,2025/2026,6.0,21.0,42.0,2.0
37261597,2025/2026,,,,
37261659,2025/2026,,,,
37261696,2025/2026,42.0,10.0,6.0,28.0
37261700,2025,,,,
37261828,2025/2026,44.0,62.0,27.0,37.0
37261839,2025/2026,,,,
37261879,2025/2026,16.0,25.0,38.0,19.0
37261890,2025/2026,,,,
37261923,2025/2026,25.0,9.0,9.0,4.0
37261944,2025/2026,,,,
37261945,2025,,,,
37261947,2025,,,,
37261950,2025,,,,
37261988,2025,,,,
37261989,2025,,,,
37262046,2025,,,,
37262098,2025/2026,9.0,11.0,37.0,2.0
37262099,2025/2026,,,,
37262101,2025/2026,40.0,10.0,20.0,19.0
37262105,2025/2026,,,,
37262111,2025/2026,,,,
37262281,2025/2026,22.0,,6.0,5.0
37262283,2025/2026,16.0,53.0,100.0,6.0
37262336,2025/2026,19.0,42.0,93.0,23.0
37262396,2025/2026,14.0,14.0,93.0,3.0
37262442,2025/2026,87.0,31.0,13.0,50.0
37262491,2025/2026,48.0,44.0,14.0,14.0
37262571,2025/2026,54.0,7.0,17.0,3.0
37262613,2025/2026,,,,
37262701,2025/2026,20.0,3.0,2.0,2.0
37263769,2025/2026,,,,
37264051,2025,,,,
37264059,2025,,,,
37264063,2025,,,,
37264077,2025,,,,
37264182,2025/2026,,,,
37264438,2025/2026,13.0,54.0,71.0,25.0
37264940,2025/2026,26.0,18.0,18.0,59.0
37265653,2025/2026,60.0,36.0,18.0,112.0
37265818,2025/2026,,,,
37265896,2025/2026,,,,
37265918,2025/2026,,,,
37265961,2025/2026,53.0,19.0,22.0,3.0
37266013,2025/2026,,,,
37266015,2025/2026,14.0,58.0,57.0,5.0
37266026,2025/2026,57.0,46.0,43.0,20.0
37266071,2025,,,,
37266072,2025/2026,17.0,35.0,47.0,15.0
37266076,2025/2026,42.0,32.0,10.0,12.0
37266095,2025/2026,65.0,86.0,21.0,189.0
37266099,2025/2026,,,,
37266141,2025/2026,30.0,78.0,56.0,52.0
37266179,2025/2026,54.0,17.0,22.0,3.0
37266184,2025/2026,,,,
37266196,2025/2026,17.0,5.0,3.0,6.0
37266200,2025/2026,22.0,5.0,6.0,4.0
37266223,2025/2026,,,,
37266227,2025/2026,7.0,28.0,62.0,12.0
37266238,2025/2026,34.0,31.0,9.0,86.0
37266284,2025/2026,48.0,89.0,40.0,86.0
37266285,2025/2026,,,,
37266295,2025/2026,22.0,16.0,25.0,19.0
37266345,2025/2026,,,,
37266383,2025/2026,43.0,12.0,20.0,24.0
37266608,2025/2026,,,,
37282898,2025/2026,32.0,19.0,7.0,22.0
37282901,2025/2026,,,,
37282903,2025/2026,,,,
37285035,2025,35.0,64.0,39.0,60.0
37285874,2025/2026,34.0,34.0,9.0,29.0
37285879,2025/2026,,,,
37286727,2025/2026,45.0,95.0,46.0,32.0
37286732,2025/2026,,,,
37286738,2025/2026,,,,
37286743,2025/2026,59.0,12.0,12.0,32.0
37286793,2025/2026,17.0,25.0,109.0,18.0
37286795,2025/2026,25.0,84.0,55.0,28.0
37286823,2025/2026,,,,
37286838,2025/2026,17.0,22.0,15.0,54.0
37286953,2025/2026,26.0,49.0,24.0,10.0
37287237,2025/2026,23.0,27.0,26.0,19.0
37287274,2025/2026,,,,
37287534,2025/2026,65.0,121.0,34.0,47.0
37287588,2025/2026,19.0,18.0,35.0,95.0
37287745,2025/2026,,,,
37287999,2025/2026,25.0,7.0,27.0,4.0
37288001,2025/2026,,,,
37288022,2025/2026,13.0,40.0,42.0,40.0
37288025,2025,39.0,43.0,34.0,36.0
37288042,2025,47.0,15.0,8.0,34.0
37288044,2025,41.0,37.0,12.0,33.0
37288073,2025,,,,
37288079,2025,,,,
37288098,2025,,,,
37288102,2025,,,,
37288160,2025,,,,
37288332,2025/2026,,,,
37288420,2025/2026,,,,
37288422,2025/2026,,,,
37288445,2025/2026,,,,
37288749,2025/2026,,,,
37288974,2025/2026,31.0,57.0,49.0,63.0
37288977,2025/2026,,,,
37288979,2025/2026,,,,
37288990,2025/2026,34.0,23.0,15.0,10.0
37288992,2025/2026,63.0,21.0,33.0,31.0
37289001,2025/2026,47.0,66.0,27.0,141.0
37289020,2025/2026,25.0,59.0,32.0,53.0
37289022,2025/2026,,,,
37289032,2025/2026,,,,
37289085,2025/2026,18.0,4.0,23.0,
37289235,2025/2026,,,,
37289237,2025/2026,32.0,15.0,15.0,37.0
37289245,2025/2026,,,,
37289268,2025/2026,65.0,11.0,32.0,81.0
37289275,2025/2026,,,,
37289307,2025/2026,,,,
37289454,2025/2026,53.0,38.0,15.0,33.0
37289500,2025/2026,34.0,121.0,101.0,41.0
37289601,2025,24.0,83.0,24.0,58.0
37289787,2025/2026,17.0,5.0,13.0,3.0
37290013,2025,,,,
37291256,2025/2026,,,,
37291269,2025/2026,,,,
37291294,2025/2026,,,,
37291394,2025/2026,28.0,114.0,51.0,36.0
37291402,2025/2026,23.0,13.0,12.0,60.0
37291444,2025/2026,,,,
37293367,2025/2026,41.0,40.0,46.0,115.0
37293368,2025/2026,54.0,38.0,19.0,8.0
37293781,2025/2026,31.0,65.0,63.0,161.0
37295868,2025,28.0,18.0,7.0,26.0
37295870,2025,20.0,12.0,8.0,15.0
37295874,2025/2026,88.0,40.0,17.0,61.0
37295886,2025,48.0,39.0,19.0,50.0
37295905,2025,53.0,60.0,39.0,29.0
37295914,2025/2026,6.0,2.0,3.0,
37295923,2025,,,,
37295947,2025/2026,9.0,3.0,1.0,1.0
37295961,2025/2026,42.0,6.0,18.0,12.0
37296040,2025,53.0,23.0,41.0,34.0
37296121,2025/2026,66.0,33.0,7.0,70.0
37296129,2025/2026,59.0,49.0,28.0,23.0
37296163,2025/2026,19.0,19.0,25.0,63.0
37296197,2025/2026,28.0,25.0,25.0,23.0
37296248,2025/2026,,,,
37296250,2025/2026,66.0,47.0,21.0,75.0
37296251,2025/2026,35.0,12.0,7.0,144.0
37296256,2025/2026,28.0,121.0,72.0,147.0
37296279,2025,,,,
37296291,2025/2026,30.0,1.0,19.0,10.0
37296314,2025/2026,13.0,43.0,47.0,4.0
37296353,2025/2026,,,,
37296354,2025/2026,,,,
37296499,2025/2026,36.0,55.0,58.0,15.0
37296508,2025/2026,32.0,40.0,11.0,3.0
37296537,2025/2026,38.0,11.0,16.0,17.0
37296611,2025,29.0,62.0,108.0,51.0
37296655,2025/2026,63.0,109.0,49.0,144.0
37296692,2025/2026,,,,
37296701,2025,51.0,16.0,25.0,59.0
37296809,2025/2026,22.0,3.0,4.0,5.0
37296898,2025/2026,28.0,9.0,15.0,7.0
37297026,2025,29.0,6.0,19.0,38.0
37297042,2025/2026,42.0,81.0,63.0,12.0
37297124,2025/2026,,,,
37297313,2025/2026,,,,
37297461,2025/2026,48.0,40.0,16.0,111.0
37297497,2025/2026,123.0,91.0,9.0,69.0
37297544,2025/2026,,,,
37297898,2025,,,,
37297915,2025/2026,46.0,7.0,14.0,7.0
37297932,2025/2026,3.0,3.0,6.0,5.0
37297974,2025/2026,,,,
37298037,2025/2026,19.0,20.0,3.0,5.0
37298058,2025/2026,66.0,28.0,15.0,25.0
37298071,2025/2026,26.0,6.0,13.0,1.0
37298102,2025/2026,71.0,113.0,46.0,31.0
37303736,2025,10.0,44.0,69.0,5.0
37303791,2025/2026,,,,
37303896,2025,,,,
37303949,2025/2026,9.0,35.0,55.0,11.0
37304032,2025,95.0,34.0,32.0,19.0
37304050,2025/2026,,,,
37304119,2025/2026,43.0,62.0,62.0,50.0
37305554,2025/2026,,,,
37305555,2025/2026,,,,
37306822,2025/2026,,,,
37306825,2025/2026,75.0,9.0,28.0,28.0
37307704,2025,,,,
37307725,2025,,,,
37307734,2025,,,,
37307735,2025,,,,
37307786,2025,,,,
37307915,2025/2026,26.0,28.0,33.0,36.0
37307950,2025,,,,
37308090,2025/2026,12.0,35.0,25.0,12.0
37308096,2025/2026,17.0,6.0,9.0,20.0
37308191,2025/2026,53.0,42.0,11.0,53.0
37308195,2025/2026,31.0,56.0,24.0,121.0
37308208,2025/2026,83.0,34.0,44.0,111.0
37308223,2025/2026,26.0,13.0,3.0,22.0
37308225,2025/2026,,,,
37308231,2025/2026,,,,
37308234,2025/2026,16.0,46.0,77.0,5.0
37308393,2025/2026,127.0,279.0,101.0,74.0
37308442,2025/2026,43.0,48.0,60.0,110.0
37308536,2025/2026,,,,
37308595,2025/2026,48.0,61.0,24.0,59.0
37308633,2025/2026,53.0,29.0,16.0,10.0
37315618,2025,,,,
37315648,2025,,,,
37315654,2025,34.0,49.0,37.0,83.0
37315654,2025/2026,17.0,31.0,8.0,35.0
37315684,2025,23.0,28.0,12.0,18.0
37315722,2025/2026,,,,
37315731,2025,38.0,154.0,67.0,89.0
37315734,2025,,,,
37315821,2025,,,,
37315995,2025,46.0,49.0,61.0,34.0
37315995,2025/2026,24.0,23.0,28.0,18.0
37316220,2025/2026,,,,
37316225,2025/2026,7.0,29.0,32.0,13.0
37316303,2025/2026,,,,
37316333,2025,,,,
37316349,2025/2026,52.0,16.0,54.0,17.0
37316351,2025/2026,15.0,4.0,10.0,14.0
37316352,2025/2026,11.0,20.0,22.0,31.0
37316363,2025/2026,24.0,62.0,47.0,45.0
37316384,2025/2026,,,,
37316421,2025/2026,,,,
37316428,2025/2026,,,,
37316431,2025/2026,24.0,28.0,15.0,67.0
37316446,2025/2026,34.0,17.0,6.0,35.0
37316454,2025/2026,57.0,41.0,9.0,72.0
37316456,2025/2026,,,,
37316457,2025/2026,15.0,3.0,4.0,7.0
37316459,2025/2026,32.0,93.0,23.0,104.0
37316461,2025/2026,11.0,57.0,43.0,40.0
37316468,2025/2026,48.0,9.0,9.0,73.0
37316480,2025/2026,,,,
37316483,2025/2026,,,,
37316485,2025/2026,,,,
37316487,2025/2026,,,,
37316489,2025/2026,60.0,50.0,31.0,27.0
37316505,2025/2026,,,,
37316507,2025/2026,48.0,101.0,120.0,148.0
37316508,2025/2026,53.0,33.0,33.0,42.0
37316515,2025/2026,61.0,70.0,57.0,83.0
37316517,2025/2026,31.0,85.0,52.0,94.0
37316521,2025/2026,35.0,12.0,17.0,2.0
37316524,2025/2026,22.0,2.0,10.0,1.0
37316525,2025/2026,44.0,6.0,6.0,15.0
37316544,2025/2026,62.0,47.0,27.0,58.0
37316549,2025/2026,,,,
37316593,2025/2026,64.0,34.0,25.0,54.0
37316600,2025/2026,,,,
37316612,2025/2026,,,,
37316661,2025/2026,43.0,16.0,13.0,21.0
37316797,2025,38.0,54.0,46.0,52.0
37316807,2025,16.0,41.0,23.0,32.0
37316835,2025/2026,,,,
37316836,2025/2026,,,,
37316848,2025/2026,,,,
37316858,2025/2026,,,,
37316876,2025/2026,10.0,11.0,49.0,5.0
37316916,2025/2026,77.0,78.0,27.0,72.0
37316934,2025/2026,,,,
37316993,2025/2026,53.0,18.0,9.0,
37317013,2025/2026,19.0,12.0,7.0,4.0
37317015,2025/2026,,,,
37317122,2025/2026,,,,
37317238,2025/2026,,,,
37317326,2025/2026,56.0,12.0,12.0,17.0
37317328,2025/2026,15.0,50.0,38.0,46.0
37317367,2025/2026,,,,
37317369,2025/2026,,,,
37317372,2025/2026,46.0,22.0,41.0,13.0
37317375,2025/2026,18.0,6.0,16.0,8.0
37317387,2025/2026,19.0,24.0,18.0,22.0
37317388,2025/2026,40.0,43.0,21.0,234.0
37317392,2025/2026,,,,
37317398,2025/2026,28.0,29.0,30.0,19.0
37317411,2025/2026,47.0,43.0,42.0,15.0
37317417,2025/2026,10.0,33.0,22.0,
37317420,2025/2026,24.0,22.0,11.0,7.0
37317432,2025/2026,86.0,51.0,25.0,53.0
37317433,2025/2026,10.0,9.0,3.0,20.0
37317434,2025/2026,33.0,86.0,91.0,19.0
37317438,2025/2026,6.0,32.0,18.0,22.0
37317439,2025/2026,10.0,42.0,19.0,58.0
37317440,2025/2026,,,,
37317459,2025/2026,,,,
37317478,2025/2026,32.0,38.0,57.0,142.0
37322758,2025/2026,28.0,79.0,24.0,66.0
37324853,2025/2026,50.0,21.0,13.0,46.0
37324871,2025,,,,
37324879,2025/2026,52.0,20.0,24.0,26.0
37324933,2025/2026,20.0,15.0,25.0,94.0
37324936,2025,25.0,86.0,39.0,35.0
37324938,2025,17.0,56.0,73.0,57.0
37324946,2025/2026,36.0,60.0,26.0,169.0
37324950,2025,21.0,15.0,13.0,
37324989,2025/2026,,,,
37324991,2025/2026,19.0,39.0,22.0,48.0
37324994,2025/2026,20.0,20.0,15.0,16.0
37325004,2025/2026,,,,
37325005,2025/2026,23.0,5.0,3.0,7.0
37325006,2025/2026,55.0,34.0,18.0,44.0
37325009,2025/2026,9.0,1.0,3.0,1.0
37325012,2025/2026,,,,
37325013,2025,35.0,66.0,80.0,84.0
37325018,2025/2026,19.0,5.0,2.0,3.0
37325021,2025/2026,31.0,26.0,12.0,24.0
37325022,2025/2026,34.0,5.0,19.0,3.0
37325025,2025,21.0,29.0,23.0,19.0
37325139,2025/2026,8.0,29.0,19.0,35.0
37325163,2025/2026,47.0,17.0,20.0,40.0
37325287,2025/2026,59.0,11.0,37.0,4.0
37325683,2025/2026,,,,
37325707,2025/2026,51.0,10.0,12.0,3.0
37325813,2025/2026,42.0,77.0,62.0,32.0
37326087,2025/2026,,,,
37326106,2025/2026,35.0,44.0,48.0,142.0
37326110,2025/2026,76.0,10.0,50.0,145.0
37326494,2025/2026,31.0,27.0,16.0,43.0
37326498,2025/2026,,,,
37326502,2025/2026,52.0,33.0,10.0,22.0
37326731,2025/2026,46.0,27.0,31.0,204.0
37327906,2025/2026,19.0,49.0,71.0,12.0
37327976,2025/2026,26.0,55.0,33.0,40.0
37327999,2025/2026,42.0,24.0,29.0,4.0
37328006,2025/2026,,,,
37328010,2025/2026,,,,
37328012,2025/2026,7.0,28.0,30.0,3.0
37328023,2025/2026,80.0,23.0,19.0,7.0
37328039,2025/2026,69.0,45.0,35.0,6.0
37328049,2025/2026,10.0,15.0,23.0,9.0
37328073,2025/2026,36.0,11.0,6.0,11.0
37328080,2025,64.0,15.0,10.0,11.0
37328083,2025,27.0,,6.0,1.0
37328091,2025/2026,24.0,3.0,4.0,23.0
37328092,2025/2026,29.0,98.0,82.0,55.0
37328095,2025/2026,,,,
37328101,2025/2026,47.0,35.0,12.0,13.0
37328110,2025,11.0,16.0,18.0,4.0
37328117,2025/2026,43.0,5.0,16.0,
37328128,2025/2026,,,,
37328157,2025,15.0,48.0,30.0,62.0
37329351,2025/2026,,,,
37331565,2025/2026,34.0,76.0,46.0,106.0
37331662,2025/2026,,,,
37331665,2025/2026,10.0,46.0,30.0,47.0
37331671,2025/2026,,,,
37331699,2025/2026,39.0,23.0,33.0,72.0
37332018,2025/2026,34.0,2.0,7.0,2.0
37332035,2025/2026,26.0,16.0,31.0,43.0
37332067,2025/2026,,,,
37332072,2025,,,,
37332130,2025/2026,43.0,25.0,16.0,28.0
37332131,2025/2026,,,,
37332141,2025/2026,32.0,48.0,28.0,115.0
37332149,2025/2026,8.0,36.0,78.0,3.0
37332158,2025/2026,29.0,26.0,12.0,9.0
37332164,2025/2026,12.0,18.0,33.0,3.0
37332198,2025/2026,25.0,30.0,23.0,100.0
37332388,2025/2026,,,,
37332392,2025,,,,
37332618,2025/2026,68.0,13.0,18.0,61.0
37332624,2025/2026,21.0,23.0,29.0,4.0
37332629,2025/2026,,,,
37332637,2025/2026,50.0,48.0,47.0,20.0
37332647,2025/2026,14.0,19.0,4.0,56.0
37332715,2025/2026,29.0,3.0,21.0,3.0
37332722,2025/2026,17.0,17.0,9.0,27.0
37335083,2025/2026,32.0,53.0,28.0,15.0
37335120,2025,,,,
37336100,2025/2026,21.0,22.0,24.0,62.0
37336106,2025,,,,
37336169,2025/2026,,,,
37336215,2025/2026,13.0,13.0,1.0,25.0
37336217,2025,35.0,42.0,36.0,21.0
37336218,2025/2026,30.0,24.0,15.0,23.0
37336219,2025/2026,18.0,64.0,36.0,14.0
37336347,2025/2026,46.0,14.0,15.0,13.0
37336356,2025/2026,,,,
37336532,2025/2026,71.0,14.0,16.0,3.0
37336543,2025/2026,45.0,44.0,10.0,28.0
37336580,2025,,,,
37336616,2025/2026,14.0,39.0,58.0,45.0
37336699,2025,40.0,6.0,18.0,6.0
37336701,2025/2026,18.0,19.0,12.0,64.0
37336719,2025,,,,
37336764,2025/2026,14.0,23.0,24.0,6.0
37336765,2025/2026,21.0,99.0,39.0,20.0
37336786,2025,80.0,106.0,45.0,243.0
37336808,2025/2026,12.0,11.0,34.0,2.0
37336819,2025/2026,28.0,19.0,8.0,127.0
37336830,2025/2026,28.0,14.0,5.0,12.0
37336849,2025/2026,34.0,80.0,64.0,89.0
37336851,2025/2026,74.0,90.0,51.0,60.0
37336861,2025/2026,18.0,31.0,30.0,26.0
37336898,2025/2026,5.0,26.0,14.0,14.0
37336910,2025/2026,18.0,6.0,6.0,1.0
37336919,2025/2026,30.0,26.0,14.0,6.0
37336936,2025/2026,61.0,36.0,23.0,66.0
37336951,2025/2026,21.0,23.0,83.0,9.0
37336952,2025/2026,17.0,13.0,11.0,6.0
37336961,2025/2026,21.0,19.0,20.0,17.0
37336968,2025/2026,43.0,5.0,5.0,3.0
37336976,2025/2026,14.0,15.0,5.0,4.0
37336978,2025/2026,,,,
37336983,2025/2026,24.0,9.0,8.0,41.0
37336993,2025/2026,,,,
37336994,2025/2026,51.0,72.0,21.0,87.0
37337021,2025/2026,49.0,56.0,37.0,21.0
37337029,2025/2026,31.0,108.0,68.0,60.0
37337035,2025/2026,46.0,32.0,17.0,14.0
37337041,2025/2026,,,,
37337048,2025/2026,11.0,26.0,28.0,9.0
37337085,2025/2026,39.0,40.0,22.0,1.0
37337089,2025/2026,20.0,24.0,13.0,26.0
37337090,2025/2026,51.0,7.0,13.0,5.0
37337093,2025/2026,18.0,1.0,13.0,1.0
37337095,2025/2026,19.0,8.0,11.0,7.0
37337096,2025/2026,50.0,51.0,34.0,40.0
37337103,2025/2026,43.0,20.0,16.0,5.0
37337109,2025/2026,18.0,5.0,4.0,55.0
37337110,2025/2026,32.0,5.0,4.0,3.0
37337124,2025/2026,19.0,15.0,3.0,76.0
37337128,2025/2026,84.0,26.0,11.0,8.0
37337129,2025/2026,,,,
37337131,2025/2026,28.0,20.0,15.0,5.0
37337132,2025/2026,40.0,70.0,22.0,45.0
37337133,2025/2026,,,,
37337162,2025/2026,25.0,10.0,5.0,15.0
37337174,2025,,,,
37337203,2025/2026,39.0,47.0,13.0,50.0
37337212,2025/2026,32.0,13.0,31.0,153.0
37337214,2025/2026,29.0,12.0,4.0,7.0
37337217,2025/2026,28.0,54.0,69.0,136.0
37337514,2025/2026,47.0,48.0,74.0,184.0
37337543,2025/2026,,,,
37337584,2025/2026,33.0,55.0,72.0,44.0
37337715,2025/2026,,,,
37337720,2025/2026,71.0,41.0,22.0,28.0
37341724,2025/2026,36.0,45.0,88.0,28.0
37341761,2025/2026,6.0,9.0,28.0,12.0
37341800,2025/2026,43.0,12.0,14.0,15.0
37341806,2025/2026,,,,
37341807,2025/2026,,,,
37341812,2025/2026,,,,
37341813,2025/2026,41.0,16.0,2.0,6.0
37341820,2025,,,,
37341835,2025/2026,35.0,44.0,20.0,44.0
37341836,2025/2026,49.0,18.0,25.0,6.0
37341839,2025/2026,,,,
37341853,2025/2026,49.0,44.0,8.0,9.0
37341855,2025/2026,30.0,32.0,21.0,8.0
37341859,2025/2026,17.0,48.0,51.0,13.0
37341869,2025/2026,33.0,20.0,23.0,2.0
37341879,2025/2026,,,,
37341882,2025/2026,31.0,113.0,35.0,35.0
37341883,2025/2026,29.0,23.0,11.0,3.0
37341884,2025/2026,43.0,82.0,96.0,91.0
37341887,2025/2026,23.0,63.0,60.0,15.0
37341889,2025/2026,,,,
37341902,2025,,,,
37341905,2025/2026,24.0,67.0,58.0,83.0
37341910,2025,,,,
37341910,2025/2026,,,,
37341952,2025/2026,,,,
37341965,2025/2026,15.0,20.0,20.0,4.0
37341980,2025/2026,,,,
37342581,2025/2026,65.0,40.0,4.0,34.0
37342582,2025/2026,21.0,9.0,2.0,
37342596,2025/2026,39.0,9.0,8.0,
37342603,2025/2026,,,,
37342613,2025/2026,41.0,20.0,6.0,30.0
37342616,2025/2026,,,,
37342617,2025/2026,,,,
37342672,2025/2026,,,,
37342676,2025,31.0,51.0,62.0,27.0
37342694,2025/2026,,,,
37342695,2025/2026,25.0,86.0,96.0,34.0
37342696,2025,19.0,91.0,41.0,36.0
37342704,2025/2026,24.0,28.0,24.0,12.0
37342706,2025/2026,27.0,64.0,52.0,59.0
37342718,2025/2026,42.0,4.0,11.0,8.0
37342720,2025/2026,67.0,35.0,34.0,127.0
37342723,2025/2026,48.0,59.0,54.0,142.0
37342730,2025,,,,
37342740,2025,,,,
37342751,2025,,,,
37342926,2025,,,,
37342926,2025/2026,45.0,25.0,6.0,65.0
37342990,2025,,,,
37342991,2025,,,,
37342993,2025/2026,,,,
37342994,2025,,,,
37342996,2025/2026,,,,
37343000,2025,,,,
37343046,2025/2026,,,,
37343072,2025/2026,24.0,11.0,31.0,14.0
37343081,2025/2026,,,,
37343085,2025/2026,,,,
37343953,2025/2026,53.0,12.0,17.0,29.0
37343963,2025/2026,,,,
37343966,2025/2026,,,,
37343967,2025/2026,70.0,50.0,30.0,78.0
37343970,2025/2026,18.0,13.0,15.0,81.0
37344019,2025,30.0,11.0,4.0,12.0
37344021,2025,37.0,44.0,36.0,53.0
37344022,2025,23.0,101.0,24.0,99.0
37344023,2025,26.0,90.0,36.0,58.0
37344028,2025/2026,22.0,16.0,5.0,16.0
37344032,2025/2026,50.0,7.0,8.0,1.0
37344084,2025/2026,38.0,8.0,15.0,8.0
37344112,2025/2026,,,,
37344113,2025/2026,50.0,44.0,64.0,13.0
37344114,2025/2026,45.0,5.0,8.0,17.0
37344211,2025/2026,43.0,8.0,23.0,15.0
37344222,2025/2026,49.0,27.0,20.0,12.0
37344229,2025,9.0,21.0,21.0,9.0
37344239,2025/2026,26.0,6.0,2.0,3.0
37344240,2025/2026,64.0,61.0,102.0,124.0
37344294,2025/2026,,,,
37344296,2025/2026,,,,
37344300,2025/2026,53.0,31.0,20.0,113.0
37344301,2025/2026,,,,
37344302,2025/2026,38.0,20.0,7.0,22.0
37344304,2025/2026,58.0,44.0,12.0,14.0
37344305,2025/2026,29.0,23.0,8.0,8.0
37344313,2025/2026,30.0,44.0,89.0,19.0
37344318,2025/2026,31.0,43.0,20.0,93.0
37344344,2025/2026,26.0,57.0,32.0,58.0
37345884,2025/2026,,,,
37345941,2025/2026,,,,
37345947,2025/2026,41.0,57.0,33.0,42.0
37346887,2025/2026,15.0,15.0,42.0,75.0
37346907,2025/2026,,,,
37346912,2025/2026,30.0,134.0,49.0,204.0
37346915,2025,,,,
37347343,2025/2026,74.0,23.0,36.0,56.0
37347355,2025/2026,44.0,7.0,14.0,4.0
37348888,2025/2026,58.0,34.0,16.0,146.0
37348900,2025/2026,,,,
37348933,2025,,,,
37350009,2025,,,,
37350031,2025/2026,20.0,4.0,5.0,8.0
37350060,2025/2026,29.0,17.0,8.0,19.0
37350663,2025,,,,
37350704,2025/2026,,,,
37350707,2025/2026,32.0,12.0,22.0,56.0
37350709,2025/2026,50.0,35.0,15.0,51.0
37351238,2025/2026,8.0,77.0,58.0,53.0
37351292,2025/2026,,,,
37351304,2025/2026,16.0,2.0,18.0,4.0
37352353,2025,,,,
37352710,2025/2026,,,,
37352769,2025/2026,54.0,16.0,24.0,38.0
37352773,2025,,,,
37352806,2025/2026,59.0,83.0,31.0,162.0
37352825,2025/2026,7.0,35.0,36.0,55.0
37354634,2025/2026,,,,
37354699,2025/2026,,,,
37354790,2025/2026,45.0,41.0,5.0,30.0
37354793,2025,9.0,5.0,8.0,6.0
37354828,2025/2026,31.0,8.0,18.0,5.0
37354835,2025/2026,45.0,15.0,6.0,28.0
37354841,2025/2026,,,,
37354853,2025/2026,17.0,9.0,8.0,20.0
37354868,2025/2026,35.0,27.0,12.0,2.0
37354878,2025/2026,13.0,48.0,44.0,7.0
37354899,2025/2026,4.0,11.0,19.0,3.0
37356232,2025/2026,72.0,52.0,28.0,181.0
37356233,2025/2026,21.0,35.0,17.0,54.0
37356242,2025/2026,,,,
37356247,2025/2026,24.0,17.0,15.0,13.0
37356253,2025/2026,14.0,77.0,32.0,28.0
37356259,2025/2026,9.0,5.0,5.0,
37356289,2025,30.0,1.0,33.0,
37356473,2025/2026,,,,
37356477,2025/2026,35.0,,16.0,1.0
37356480,2025/2026,26.0,112.0,66.0,34.0
37356489,2025/2026,,,,
37356504,2025/2026,28.0,1.0,18.0,
37356513,2025/2026,24.0,4.0,12.0,1.0
37356515,2025/2026,,,,
37356526,2025/2026,20.0,37.0,18.0,8.0
37357222,2025,,,,
37357223,2025,,,,
37357256,2025/2026,25.0,13.0,8.0,59.0
37357270,2025,,,,
37357337,2025/2026,76.0,18.0,42.0,162.0
37357400,2025/2026,49.0,9.0,6.0,12.0
37357401,2025/2026,50.0,69.0,30.0,87.0
37357406,2025/2026,8.0,16.0,13.0,21.0
37357411,2025/2026,23.0,33.0,25.0,16.0
37357444,2025/2026,27.0,11.0,22.0,49.0
37357451,2025/2026,29.0,17.0,9.0,36.0
37357454,2025/2026,31.0,14.0,4.0,15.0
37357498,2025/2026,24.0,18.0,17.0,72.0
37357510,2025/2026,,,,
37357595,2025/2026,5.0,29.0,48.0,6.0
37357804,2025/2026,47.0,64.0,18.0,69.0
37357816,2025/2026,22.0,66.0,42.0,50.0
37357850,2025/2026,22.0,48.0,52.0,21.0
37359706,2025/2026,,,,
37359724,2025/2026,,,,
37359726,2025/2026,,,,
37359733,2025/2026,,,,
37359737,2025/2026,,,,
37359754,2025/2026,60.0,23.0,16.0,5.0
37359775,2025/2026,,,,
37359791,2025/2026,,,,
37359793,2025/2026,,,,
37359797,2025/2026,,,,
37359803,2025/2026,,12.0,21.0,6.0
37359822,2025/2026,,,,
37360814,2025,,,,
37360817,2025/2026,15.0,3.0,2.0,
37360835,2025/2026,,,,
37361394,2025/2026,26.0,8.0,7.0,2.0
37361402,2025/2026,,,,
37361459,2025/2026,29.0,1.0,16.0,8.0
37361490,2025/2026,23.0,10.0,14.0,2.0
37361501,2025/2026,48.0,39.0,21.0,104.0
37363315,2025/2026,59.0,21.0,15.0,3.0
37363316,2025/2026,67.0,27.0,11.0,6.0
37365878,2025/2026,27.0,11.0,11.0,97.0
37365883,2025/2026,13.0,23.0,36.0,2.0
37366407,2025,65.0,8.0,33.0,200.0
37366459,2025/2026,34.0,42.0,35.0,44.0
37366611,2025/2026,18.0,23.0,25.0,55.0
37367990,2025/2026,,,,
37367993,2025/2026,53.0,6.0,18.0,8.0
37368045,2025/2026,,,,
37368077,2025/2026,,,,
37369292,2025/2026,42.0,64.0,23.0,22.0
37369302,2025/2026,,,,
37369330,2025/2026,23.0,34.0,23.0,10.0
37369432,2025/2026,8.0,19.0,25.0,4.0
37370533,2025,,,,
37370535,2025/2026,49.0,27.0,34.0,181.0
37371069,2025/2026,33.0,60.0,42.0,24.0
37371087,2025/2026,,,,
37371160,2025/2026,,,,
37371200,2025/2026,24.0,1.0,3.0,2.0
37371218,2025/2026,,,,
37371265,2025/2026,,,,
37372352,2025/2026,12.0,74.0,37.0,61.0
37372364,2025/2026,33.0,10.0,29.0,8.0
37372371,2025/2026,,,,
37372373,2025/2026,30.0,2.0,21.0,2.0
37372396,2025/2026,,,,
37373524,2025/2026,9.0,33.0,60.0,3.0
37373537,2025/2026,,,,
37373574,2025/2026,,,,
37373575,2025/2026,11.0,5.0,6.0,5.0
37374545,2025/2026,69.0,9.0,15.0,2.0
37374546,2025/2026,,,,
37374560,2025/2026,,,,
37375087,2025,,,,
37375101,2025/2026,21.0,65.0,64.0,11.0
37375192,2025/2026,,,,
37375221,2025/2026,57.0,65.0,24.0,54.0
37375228,2025/2026,,,,
37375296,2025/2026,,,,
37375376,2025/2026,11.0,2.0,5.0,2.0
37375494,2025/2026,,,,
37375677,2025/2026,,,,
37375833,2025/2026,14.0,5.0,3.0,2.0
37376834,2025/2026,,,,
37376860,2025,,,,
37376863,2025,,,,
37376874,2025/2026,35.0,23.0,21.0,49.0
37379118,2025/2026,,,,
37380581,2025/2026,,,,
37380649,2025/2026,,,,
37380652,2025/2026,,,,
37380667,2025/2026,,,,
37380668,2025/2026,,,,
37380684,2025,8.0,16.0,6.0,8.0
37381778,2025/2026,,,,
37381798,2025/2026,,,,
37382883,2025/2026,15.0,22.0,22.0,12.0
37382886,2025/2026,,,,
37384355,2025/2026,,,,
37384356,2025/2026,,,,
37384363,2025/2026,38.0,28.0,5.0,49.0
37384374,2025/2026,,,,
37385333,2025/2026,67.0,40.0,12.0,45.0
37385364,2025,,,,
37385369,2025/2026,30.0,27.0,57.0,110.0
37386302,2025/2026,19.0,18.0,3.0,2.0
37386306,2025/2026,16.0,1.0,2.0,1.0
37387197,2025,,,,
37387704,2025/2026,28.0,63.0,44.0,105.0
37387707,2025/2026,37.0,40.0,52.0,8.0
37388628,2025/2026,,,,
37388639,2025/2026,44.0,22.0,102.0,16.0
37389552,2025/2026,19.0,9.0,7.0,36.0
37391020,2025/2026,30.0,73.0,20.0,109.0
37391070,2025/2026,69.0,16.0,30.0,41.0
37391177,2025/2026,34.0,20.0,24.0,17.0
37391182,2025/2026,,,,
37391183,2025/2026,44.0,30.0,25.0,17.0
37391203,2025/2026,51.0,12.0,36.0,1.0
37391216,2025/2026,79.0,107.0,27.0,123.0
37391226,2025/2026,,,,
37391230,2025/2026,,,,
37391237,2025/2026,,,,
37391242,2025,33.0,85.0,73.0,152.0
37391405,2025/2026,,,,
37391410,2025/2026,,,,
37391415,2025/2026,,,,
37391454,2025/2026,27.0,84.0,63.0,91.0
37391470,2025/2026,77.0,41.0,17.0,185.0
37391474,2025,45.0,15.0,35.0,40.0
37391477,2025/2026,,,,
37391481,2025,30.0,9.0,9.0,9.0
37391490,2025/2026,99.0,36.0,48.0,37.0
37391497,2025/2026,49.0,38.0,65.0,45.0
37391499,2025/2026,53.0,6.0,11.0,78.0
37391514,2025/2026,50.0,36.0,85.0,146.0
37391524,2025/2026,,,,
37391533,2025/2026,38.0,1.0,13.0,10.0
37391534,2025/2026,8.0,12.0,9.0,3.0
37391535,2025/2026,54.0,93.0,87.0,20.0
37391576,2025/2026,38.0,50.0,52.0,43.0
37391587,2025/2026,16.0,6.0,9.0,9.0
37391609,2025/2026,30.0,9.0,23.0,37.0
37391629,2025/2026,,,,
37391635,2025/2026,85.0,10.0,2.0,79.0
37391640,2025/2026,66.0,120.0,55.0,39.0
37391641,2025/2026,21.0,40.0,41.0,5.0
37391642,2025/2026,6.0,11.0,20.0,7.0
37391667,2025/2026,,,,
37391713,2025/2026,,,,
37391725,2025/2026,,,,
37391727,2025/2026,17.0,6.0,16.0,2.0
37391728,2025/2026,,,,
37391786,2025/2026,,,,
37391788,2025/2026,21.0,1.0,4.0,1.0
37392847,2025/2026,46.0,29.0,24.0,115.0
37392849,2025/2026,,,,
37392896,2025/2026,,,,
37392942,2025/2026,,,,
37392958,2025/2026,43.0,11.0,29.0,33.0
37392977,2025/2026,52.0,15.0,19.0,11.0
37392986,2025/2026,26.0,59.0,67.0,113.0
37395342,2025/2026,,,,
37395414,2025/2026,36.0,40.0,51.0,36.0
37395418,2025/2026,40.0,20.0,4.0,33.0
37395420,2025/2026,62.0,27.0,24.0,93.0
37396533,2025,28.0,52.0,10.0,94.0
37396571,2025/2026,,,,
37396572,2025/2026,30.0,7.0,19.0,
37396588,2025/2026,48.0,101.0,54.0,151.0
37397110,2025,,,,
37397191,2025/2026,,,,
37397209,2025/2026,28.0,22.0,10.0,36.0
37397231,2025/2026,,,,
37397253,2025/2026,27.0,11.0,11.0,27.0
37397347,2025,,,,
37397348,2025,,,,
37400377,2025/2026,74.0,26.0,16.0,36.0
37400388,2025/2026,15.0,9.0,19.0,41.0
37400390,2025/2026,50.0,34.0,31.0,35.0
37400391,2025/2026,37.0,33.0,34.0,19.0
37400393,2025/2026,7.0,17.0,22.0,12.0
37400403,2025/2026,60.0,12.0,14.0,17.0
37400404,2025/2026,43.0,15.0,19.0,13.0
37400483,2025,,,,
37400484,2025/2026,,,,
37400489,2025/2026,26.0,116.0,78.0,142.0
37402078,2025/2026,,,,
37402212,2025/2026,29.0,13.0,15.0,24.0
37402313,2025,,,,
37402331,2025/2026,,,,
37402336,2025,,,,
37402346,2025/2026,,,,
37402348,2025/2026,,,,
37402349,2025/2026,52.0,41.0,60.0,23.0
37402350,2025/2026,,,,
37402386,2025/2026,,3.0,6.0,
37404054,2025/2026,54.0,39.0,25.0,222.0
37404802,2025/2026,28.0,76.0,25.0,71.0
37404855,2025,,,,
37404861,2025/2026,67.0,61.0,30.0,109.0
37405012,2025/2026,36.0,30.0,67.0,127.0
37405085,2025,,,,
37405086,2025,,,,
37405190,2025,14.0,124.0,31.0,65.0
37407010,2025/2026,47.0,8.0,19.0,7.0
37407034,2025/2026,24.0,31.0,18.0,12.0
37407035,2025,48.0,28.0,24.0,24.0
37407101,2025,,,,
37407168,2025/2026,,,,
37407204,2025/2026,,,,
37407219,2025/2026,10.0,35.0,16.0,60.0
37407220,2025/2026,,,,
37407279,2025,,,,
37407284,2025/2026,,,,
37407300,2025,39.0,24.0,16.0,47.0
37407307,2025/2026,34.0,43.0,67.0,13.0
37407313,2025/2026,53.0,3.0,5.0,4.0
37407346,2025,,,,
37407347,2025,,,,
37407352,2025/2026,47.0,10.0,19.0,19.0
37407368,2025/2026,,,,
37407422,2025/2026,,,,
37407423,2025,14.0,16.0,50.0,3.0
37407443,2025,22.0,7.0,9.0,25.0
37407448,2025/2026,25.0,72.0,61.0,129.0
37407453,2025,,,,
37407457,2025,,,,
37407460,2025,,,,
37407475,2025/2026,6.0,1.0,1.0,
37409506,2025,,,,
37409508,2025/2026,7.0,41.0,64.0,2.0
37409532,2025,,,,
37409534,2025,,,,
37410234,2025,,,,
37410235,2025/2026,,,,
37410271,2025,,,,
37410288,2025,,,,
37410354,2025,,,,
37410360,2025,,,,
37410369,2025,,,,
37410379,2025,,,,
37410381,2025,,,,
37410398,2025/2026,57.0,37.0,24.0,116.0
37410481,2025,35.0,61.0,11.0,65.0
37410636,2025/2026,42.0,123.0,57.0,99.0
37412367,2025/2026,24.0,58.0,33.0,54.0
37412405,2025/2026,,,,
37412416,2025/2026,,,,
37412535,2025/2026,2.0,1.0,1.0,1.0
37414270,2025,,,,
37414276,2025,,,,
37414279,2025/2026,47.0,101.0,25.0,103.0
37414289,2025,,,,
37414312,2025/2026,25.0,7.0,11.0,
37414368,2025/2026,21.0,8.0,4.0,3.0
37414388,2025/2026,,,,
37414397,2025/2026,55.0,25.0,30.0,79.0
37414398,2025/2026,45.0,107.0,37.0,28.0
37414406,2025,,,,
37414417,2025/2026,,,,
37415964,2025,,,,
37416691,2025/2026,24.0,29.0,8.0,37.0
37416732,2025,,,,
37416750,2025/2026,,,,
37416771,2025/2026,57.0,22.0,14.0,11.0
37416813,2025/2026,24.0,1.0,11.0,1.0
37416814,2025,,,,
37416827,2025/2026,36.0,60.0,27.0,60.0
37416924,2025/2026,,,,
37417027,2025/2026,,,,
37417042,2025/2026,,,,
37418655,2025,,,,
37418703,2025,,,,
37418746,2025/2026,17.0,11.0,46.0,7.0
37418756,2025/2026,,,,
37418810,2025/2026,,,,
37418816,2025,53.0,15.0,11.0,40.0
37418831,2025/2026,43.0,12.0,16.0,3.0
37420346,2025,,,,
37420358,2025,,,,
37420363,2025/2026,43.0,23.0,16.0,87.0
37420383,2025/2026,,,,
37420406,2025,,,,
37420434,2025/2026,19.0,16.0,5.0,6.0
37421942,2025,,,,
37421962,2025/2026,,,,
37421998,2025,,,,
37422913,2025/2026,47.0,4.0,5.0,12.0
37422917,2025,25.0,35.0,63.0,7.0
37422925,2025/2026,,,,
37422926,2025,,,,
37422928,2025/2026,,,,
37422937,2025/2026,35.0,73.0,48.0,95.0
37422942,2025,,,,
37422949,2025,,,,
37422953,2025,,,,
37422957,2025/2026,3.0,11.0,16.0,1.0
37422976,2025,,,,
37422979,2025/2026,,,,
37422980,2025/2026,37.0,18.0,22.0,4.0
37423008,2025/2026,,,,
37423017,2025/2026,,,,
37423023,2025,24.0,2.0,8.0,5.0
37423023,2025/2026,17.0,1.0,5.0,1.0
37423025,2025/2026,28.0,11.0,7.0,40.0
37423071,2025/2026,42.0,21.0,18.0,42.0
37423072,2025,56.0,37.0,12.0,50.0
37423073,2025/2026,44.0,13.0,10.0,4.0
37423077,2025/2026,19.0,20.0,48.0,3.0
37423121,2025/2026,20.0,1.0,14.0,15.0
37423131,2025/2026,39.0,50.0,6.0,52.0
37423141,2025/2026,,,,
37423161,2025/2026,28.0,85.0,29.0,32.0
37423212,2025/2026,49.0,13.0,8.0,10.0
37425061,2025,,,,
37425145,2025/2026,18.0,13.0,2.0,28.0
37425257,2025/2026,22.0,64.0,27.0,42.0
37426989,2025/2026,3.0,14.0,21.0,3.0
37428010,2025,,,,
37428177,2025/2026,22.0,22.0,17.0,24.0
37429014,2025,,,,
37429017,2025/2026,9.0,3.0,5.0,1.0
37429185,2025,,,,
37429209,2025,,,,
37429211,2025,,,,
37429220,2025,,,,
37429222,2025,,,,
37429228,2025,,,,
37429229,2025/2026,70.0,26.0,20.0,47.0
37429243,2025,22.0,22.0,13.0,4.0
37429246,2025/2026,,,,
37429295,2025,,,,
37429477,2025/2026,,,,
37430138,2025/2026,30.0,7.0,8.0,6.0
37430160,2025,38.0,19.0,11.0,9.0
37430164,2025/2026,13.0,3.0,10.0,
37430166,2025/2026,3.0,35.0,21.0,3.0
37430182,2025/2026,31.0,11.0,17.0,7.0
37430204,2025,,,,
37430235,2025,,,,
37430362,2025/2026,40.0,26.0,6.0,36.0
37430417,2025/2026,45.0,79.0,56.0,86.0
37430467,2025,,,,
37430761,2025/2026,7.0,29.0,28.0,14.0
37430769,2025/2026,,,,
37430894,2025/2026,,,,
37430897,2025,28.0,84.0,47.0,21.0
37431025,2025,,,,
37434598,2025/2026,42.0,32.0,34.0,32.0
37434608,2025,,,,
37434642,2025/2026,24.0,4.0,6.0,1.0
37434647,2025/2026,39.0,42.0,60.0,28.0
37434651,2025/2026,30.0,8.0,32.0,53.0
37434662,2025/2026,53.0,30.0,38.0,52.0
37434673,2025/2026,,,,
37434677,2025,44.0,60.0,53.0,25.0
37436238,2025/2026,46.0,15.0,20.0,6.0
37436258,2025/2026,,,,
37436288,2025,,,,
37436321,2025/2026,29.0,5.0,12.0,7.0
37436322,2025/2026,41.0,126.0,51.0,169.0
37436336,2025,,,,
37436346,2025/2026,43.0,10.0,18.0,6.0
37436347,2025/2026,37.0,58.0,38.0,202.0
37436348,2025/2026,21.0,6.0,4.0,10.0
37436362,2025,,,,
37436364,2025/2026,81.0,22.0,7.0,34.0
37437764,2025/2026,,,,
37437772,2025,40.0,27.0,40.0,140.0
37437775,2025/2026,,,,
37437777,2025,20.0,22.0,18.0,16.0
37437778,2025,32.0,29.0,57.0,246.0
37437784,2025/2026,8.0,21.0,5.0,20.0
37438629,2025,,,,
37438632,2025/2026,,,,
37438667,2025/2026,,,,
37438742,2025/2026,15.0,1.0,5.0,1.0
37438756,2025,,,,
37439031,2025/2026,28.0,5.0,20.0,7.0
37439044,2025/2026,52.0,5.0,7.0,7.0
37440599,2025/2026,20.0,3.0,8.0,
37440603,2025/2026,40.0,22.0,15.0,29.0
37440604,2025/2026,24.0,12.0,5.0,18.0
37440611,2025/2026,17.0,27.0,72.0,6.0
37440615,2025,,,,
37440673,2025/2026,93.0,23.0,9.0,7.0
37442615,2025,,,,
37442628,2025/2026,9.0,28.0,15.0,73.0
37442672,2025/2026,53.0,41.0,39.0,24.0
37442705,2025/2026,10.0,31.0,36.0,2.0
37445049,2025/2026,42.0,12.0,14.0,13.0
37445050,2025,,,,
37445066,2025/2026,,,,
37445073,2025/2026,49.0,12.0,6.0,25.0
37445075,2025/2026,80.0,33.0,49.0,51.0
37445076,2025/2026,,,,
37445077,2025/2026,,,,
37445078,2025/2026,21.0,15.0,6.0,7.0
37445117,2025,42.0,31.0,40.0,32.0
37445125,2025,,,,
37445138,2025,,,,
37445141,2025,,,,
37445144,2025,,,,
37445147,2025,,,,
37445147,2025/2026,29.0,50.0,26.0,35.0
37445197,2025/2026,36.0,30.0,24.0,18.0
37445256,2025/2026,52.0,75.0,67.0,103.0
37445315,2025/2026,38.0,20.0,9.0,37.0
37445323,2025/2026,,,,
37447052,2025,,,,
37447070,2025/2026,,,,
37447145,2025/2026,30.0,14.0,17.0,2.0
37447153,2025/2026,72.0,53.0,19.0,66.0
37447169,2025,,,,
37447182,2025/2026,,,,
37448754,2025,,,,
37448761,2025,,,,
37450396,2025,,,,
37450476,2025,,,,
37451196,2025,68.0,59.0,24.0,129.0
37451258,2025/2026,30.0,14.0,4.0,36.0
37451259,2025/2026,34.0,19.0,19.0,52.0
37451261,2025/2026,29.0,69.0,60.0,26.0
37451267,2025,,,,
37451272,2025,,,,
37451273,2025/2026,41.0,86.0,33.0,27.0
37451281,2025,,,,
37451282,2025,,,,
37451385,2025/2026,46.0,11.0,6.0,17.0
37451396,2025,,,,
37451396,2025/2026,,,,
37452952,2025/2026,29.0,9.0,18.0,3.0
37452955,2025/2026,62.0,61.0,39.0,68.0
37452967,2025/2026,78.0,52.0,17.0,22.0
37452983,2025/2026,17.0,62.0,17.0,18.0
37453012,2025/2026,35.0,6.0,8.0,1.0
37455133,2025/2026,19.0,19.0,20.0,68.0
37455152,2025/2026,41.0,26.0,35.0,15.0
37457506,2025/2026,47.0,11.0,18.0,17.0
37457507,2025/2026,19.0,30.0,24.0,52.0
37457534,2025,,,,
37457547,2025,,,,
37459012,2025/2026,68.0,29.0,15.0,11.0
37459022,2025/2026,,,,
37459033,2025/2026,10.0,45.0,33.0,52.0
37459055,2025/2026,43.0,5.0,11.0,8.0
37459056,2025/2026,,,,
37459060,2025/2026,16.0,6.0,8.0,6.0
37459062,2025/2026,97.0,39.0,9.0,12.0
37459063,2025/2026,,,,
37459070,2025/2026,,,,
37459072,2025/2026,,,,
37459082,2025/2026,31.0,1.0,11.0,1.0
37459085,2025/2026,23.0,8.0,7.0,81.0
37459086,2025,83.0,46.0,30.0,10.0
37459092,2025/2026,5.0,4.0,26.0,6.0
37460505,2025,,,,
37460646,2025,14.0,1.0,2.0,2.0
37462005,2025/2026,37.0,19.0,31.0,10.0
37462731,2025/2026,16.0,23.0,57.0,21.0
37472133,2025,,,,
37473352,2025,33.0,26.0,12.0,20.0
37476492,2025/2026,32.0,22.0,11.0,4.0
37483225,2025/2026,,,,
37489044,2025/2026,29.0,22.0,17.0,93.0
37492922,2025/2026,39.0,31.0,34.0,60.0
37499633,2025/2026,25.0,35.0,17.0,25.0
37500741,2025/2026,56.0,38.0,52.0,30.0
37502959,2025/2026,,,,
37503567,2025/2026,49.0,29.0,17.0,65.0
37503616,2025/2026,31.0,94.0,103.0,98.0
37503638,2025/2026,36.0,23.0,15.0,38.0
37503640,2025/2026,16.0,28.0,23.0,9.0
37503643,2025,33.0,44.0,74.0,8.0
37503644,2025/2026,18.0,51.0,33.0,92.0
37505264,2025/2026,40.0,32.0,11.0,51.0
37505275,2025/2026,19.0,41.0,82.0,36.0
37505287,2025/2026,24.0,47.0,71.0,45.0
37507390,2025/2026,38.0,30.0,27.0,17.0
37507439,2025/2026,29.0,27.0,8.0,48.0
37508678,2025/2026,33.0,142.0,80.0,104.0
37508679,2025/2026,18.0,38.0,18.0,14.0
37509367,2025,58.0,38.0,23.0,12.0
37509377,2025,34.0,11.0,23.0,14.0
37509395,2025/2026,,,,
37509421,2025,,,,
37509454,2025/2026,28.0,26.0,29.0,82.0
37509472,2025/2026,33.0,3.0,1.0,1.0
37509506,2025/2026,25.0,4.0,2.0,2.0
37509545,2025,53.0,133.0,52.0,75.0
37509553,2025,13.0,24.0,23.0,17.0
37510947,2025,19.0,3.0,24.0,1.0
37510948,2025,44.0,44.0,13.0,67.0
37512280,2025/2026,32.0,13.0,14.0,17.0
37512281,2025/2026,26.0,70.0,48.0,20.0
37512304,2025/2026,,,,
37512314,2025/2026,,,,
37512318,2025/2026,21.0,31.0,31.0,86.0
37514124,2025/2026,23.0,10.0,20.0,5.0
37514174,2025,13.0,31.0,34.0,17.0
37514185,2025,13.0,120.0,76.0,163.0
37514189,2025/2026,28.0,81.0,53.0,40.0
37514210,2025,29.0,2.0,1.0,7.0
37514220,2025/2026,,,,
37514223,2025/2026,12.0,18.0,29.0,8.0
37515561,2025/2026,7.0,21.0,42.0,4.0
37515591,2025,18.0,5.0,8.0,17.0
37515593,2025,16.0,35.0,30.0,22.0
37516937,2025/2026,19.0,26.0,25.0,45.0
37516954,2025/2026,40.0,28.0,7.0,46.0
37516975,2025/2026,30.0,23.0,16.0,79.0
37516978,2025/2026,6.0,46.0,23.0,11.0
37518779,2025/2026,,,,
37518782,2025/2026,20.0,24.0,28.0,55.0
37518783,2025/2026,37.0,11.0,11.0,16.0
37518809,2025/2026,6.0,,3.0,2.0
37518832,2025/2026,36.0,13.0,37.0,13.0
37518850,2025/2026,,,,
37518852,2025/2026,11.0,32.0,34.0,20.0
37520082,2025,17.0,10.0,34.0,29.0
37520089,2025/2026,34.0,30.0,46.0,112.0
37520097,2025,39.0,39.0,30.0,15.0
37520117,2025,19.0,135.0,45.0,43.0
37520128,2025/2026,15.0,18.0,13.0,22.0
37520818,2025/2026,12.0,9.0,26.0,8.0
37520822,2025/2026,2.0,10.0,47.0,4.0
37521190,2025/2026,36.0,5.0,18.0,4.0
37521543,2025,,,,
37521587,2025,56.0,15.0,31.0,34.0
37522043,2025/2026,34.0,12.0,15.0,137.0
37522371,2025,9.0,14.0,40.0,8.0
37522574,2025,,,,
37522713,2025/2026,42.0,29.0,13.0,10.0
37522719,2025/2026,11.0,29.0,35.0,9.0
37522720,2025/2026,20.0,21.0,21.0,11.0
37522757,2025/2026,20.0,34.0,27.0,89.0
37522785,2025/2026,46.0,9.0,11.0,4.0
37525682,2025,4.0,12.0,43.0,5.0
37525713,2025,,,,
37525718,2025,,,,
37525727,2025,,,,
37525729,2025,,,,
37525890,2025/2026,20.0,54.0,40.0,12.0
37525992,2025/2026,8.0,7.0,15.0,3.0
37526007,2025/2026,,,,
37526008,2025/2026,44.0,95.0,51.0,39.0
37526017,2025,33.0,11.0,6.0,4.0
37526125,2025,,,,
37526155,2025,,,,
37526157,2025/2026,,,,
37526197,2025/2026,45.0,12.0,31.0,10.0
37526198,2025/2026,30.0,31.0,69.0,28.0
37526217,2025/2026,51.0,12.0,2.0,15.0
37526237,2025/2026,18.0,49.0,57.0,36.0
37526248,2025/2026,18.0,66.0,40.0,32.0
37526249,2025/2026,29.0,93.0,65.0,70.0
37526281,2025/2026,,,,
37526323,2025/2026,15.0,18.0,11.0,27.0
37526437,2025/2026,36.0,13.0,6.0,30.0
37526457,2025/2026,43.0,36.0,39.0,75.0
37526467,2025,14.0,23.0,15.0,25.0
37526505,2025/2026,42.0,26.0,24.0,17.0
37526506,2025/2026,46.0,30.0,11.0,84.0
37526530,2025,4.0,2.0,4.0,
37526538,2025,59.0,20.0,15.0,16.0
37527073,2025,33.0,8.0,13.0,3.0
37527162,2025/2026,,,,
37527167,2025/2026,28.0,56.0,69.0,58.0
37527309,2025/2026,10.0,2.0,8.0,
37527313,2025,21.0,8.0,19.0,6.0
37527341,2025/2026,12.0,33.0,19.0,48.0
37527355,2025/2026,29.0,4.0,12.0,5.0
37527390,2025,,,,
37527442,2025/2026,17.0,27.0,25.0,3.0
37527453,2025/2026,27.0,37.0,10.0,101.0
37527466,2025/2026,31.0,16.0,15.0,7.0
37527469,2025/2026,,,,
37527677,2025/2026,25.0,69.0,30.0,29.0
37527764,2025/2026,42.0,29.0,38.0,28.0
37527786,2025,,,,
37527805,2025,3.0,9.0,2.0,4.0
37527850,2025,13.0,4.0,8.0,13.0
37527859,2025/2026,41.0,16.0,18.0,102.0
37527860,2025/2026,28.0,13.0,19.0,47.0
37527863,2025/2026,21.0,25.0,37.0,41.0
37527872,2025,,,,
37527957,2025/2026,,,,
37527996,2025/2026,38.0,6.0,4.0,12.0
37528284,2025/2026,11.0,91.0,52.0,62.0
37528298,2025/2026,31.0,14.0,3.0,18.0
37528332,2025/2026,,,,
37528335,2025/2026,23.0,1.0,10.0,3.0
37528365,2025/2026,52.0,157.0,86.0,119.0
37528499,2025,29.0,72.0,33.0,28.0
37528546,2025/2026,53.0,42.0,30.0,21.0
37528549,2025,10.0,7.0,2.0,2.0
37528559,2025/2026,19.0,2.0,11.0,2.0
37528574,2025/2026,6.0,11.0,54.0,1.0
37528665,2025/2026,27.0,25.0,20.0,40.0
37528667,2025/2026,,,,
37528669,2025/2026,,,,
37528713,2025/2026,,,,
37528754,2025/2026,,,,
37528756,2025,23.0,18.0,28.0,31.0
37528761,2025/2026,,,,
37528864,2025/2026,,,,
37528875,2025/2026,,,,
37528877,2025/2026,18.0,10.0,11.0,71.0
37528881,2025,31.0,15.0,22.0,13.0
37528918,2025/2026,41.0,4.0,24.0,3.0
37528964,2025/2026,,,,
37529168,2025/2026,35.0,3.0,6.0,4.0
37529236,2025/2026,64.0,30.0,36.0,6.0
37529297,2025/2026,,,,
37529299,2025,19.0,16.0,4.0,30.0
37529302,2025,30.0,27.0,18.0,33.0
37529349,2025/2026,,,,
37529350,2025,,,,
37529478,2025,43.0,68.0,21.0,151.0
37529483,2025/2026,19.0,61.0,55.0,200.0
37529525,2025/2026,,,,
37529570,2025/2026,,,,
37529571,2025,,,,
37529619,2025/2026,,,,
37529645,2025/2026,,,,
37529658,2025/2026,36.0,24.0,14.0,14.0
37529707,2025/2026,25.0,6.0,17.0,46.0
37529708,2025/2026,24.0,126.0,60.0,70.0
37529715,2025/2026,,,,
37529748,2025/2026,,,,
37529749,2025/2026,,,,
37529773,2025/2026,,,,
37529791,2025/2026,,,,
37529807,2025/2026,52.0,26.0,48.0,75.0
37529815,2025/2026,,,,
37529816,2025/2026,,,,
37529818,2025/2026,,,,
37529822,2025/2026,,,,
37529826,2025/2026,46.0,39.0,10.0,57.0
37529827,2025/2026,52.0,24.0,18.0,72.0
37529837,2025/2026,38.0,50.0,30.0,52.0
37529846,2025/2026,18.0,45.0,46.0,28.0
37529951,2025/2026,49.0,79.0,66.0,100.0
37529954,2025/2026,38.0,59.0,61.0,47.0
37529955,2025/2026,22.0,9.0,16.0,10.0
37530184,2025/2026,,,,
37530231,2025/2026,30.0,29.0,20.0,24.0
37530358,2025/2026,68.0,57.0,25.0,111.0
37530454,2025/2026,,,,
37530466,2025/2026,46.0,13.0,18.0,10.0
37530614,2025/2026,2.0,7.0,2.0,2.0
37530626,2025/2026,24.0,66.0,23.0,45.0
37530649,2025/2026,,,,
37530658,2025/2026,21.0,81.0,24.0,46.0
37530760,2025/2026,35.0,20.0,21.0,120.0
37530761,2025/2026,16.0,19.0,42.0,13.0
37530791,2025/2026,30.0,86.0,15.0,34.0
37530805,2025/2026,,,,
37530812,2025/2026,,,,
37530838,2025/2026,29.0,4.0,10.0,1.0
37530859,2025/2026,,,,
37530882,2025/2026,34.0,4.0,1.0,5.0
37530900,2025/2026,37.0,6.0,12.0,25.0
37530901,2025/2026,,,,
37530985,2025/2026,,,,
37530987,2025/2026,49.0,17.0,11.0,4.0
37531000,2025/2026,,,,
37531009,2025,10.0,36.0,64.0,10.0
37531058,2025/2026,15.0,4.0,5.0,3.0
37531158,2025/2026,59.0,28.0,9.0,30.0
37531164,2025/2026,35.0,9.0,9.0,41.0
37531184,2025/2026,,,,
37531228,2025,,,,
37531343,2025/2026,20.0,5.0,7.0,
37531458,2025,,,,
37531471,2025/2026,40.0,5.0,15.0,2.0
37531504,2025/2026,,,,
37531505,2025/2026,34.0,6.0,10.0,6.0
37531507,2025/2026,,,,
37531515,2025,,,,
37531538,2025,32.0,117.0,70.0,94.0
37531779,2025/2026,50.0,41.0,12.0,20.0
37531908,2025/2026,26.0,46.0,40.0,58.0
37531927,2025/2026,8.0,16.0,24.0,33.0
37532026,2025,33.0,42.0,13.0,14.0
37532252,2025/2026,16.0,48.0,53.0,17.0
37532287,2025/2026,4.0,23.0,12.0,26.0
37532344,2025/2026,,,,
37532463,2025/2026,30.0,30.0,77.0,35.0
37532507,2025,13.0,13.0,29.0,3.0
37532529,2025/2026,18.0,39.0,27.0,37.0
37532635,2025/2026,9.0,9.0,4.0,25.0
37532696,2025/2026,33.0,6.0,15.0,4.0
37532705,2025/2026,23.0,26.0,27.0,9.0
37532822,2025/2026,67.0,47.0,23.0,69.0
37532830,2025/2026,1.0,,,
37532884,2025/2026,55.0,34.0,10.0,94.0
37532911,2025/2026,28.0,22.0,10.0,17.0
37532941,2025/2026,9.0,20.0,39.0,3.0
37532950,2025/2026,10.0,5.0,21.0,17.0
37532973,2025/2026,26.0,38.0,16.0,57.0
37532984,2025,,,,
37532994,2025/2026,,,,
37533141,2025/2026,24.0,74.0,38.0,62.0
37533201,2025/2026,44.0,10.0,18.0,4.0
37533245,2025/2026,,,,
37533505,2025/2026,,,,
37533508,2025/2026,20.0,30.0,85.0,7.0
37533513,2025,,,,
37533537,2025/2026,35.0,7.0,4.0,11.0
37533560,2025/2026,,,,
37533562,2025/2026,59.0,63.0,34.0,109.0
37533716,2025/2026,37.0,17.0,9.0,51.0
37533726,2025/2026,29.0,55.0,27.0,62.0
37533856,2025/2026,42.0,9.0,37.0,15.0
37535531,2025,18.0,1.0,4.0,4.0
37535538,2025/2026,14.0,18.0,9.0,12.0
37536197,2025/2026,,,,
37536292,2025/2026,51.0,43.0,18.0,6.0
37536305,2025/2026,35.0,58.0,51.0,28.0
37536352,2025/2026,,,,
37536353,2025/2026,16.0,6.0,8.0,4.0
37536410,2025/2026,9.0,16.0,50.0,15.0
37536423,2025/2026,,,,
37536482,2025/2026,,,,
37536533,2025/2026,55.0,66.0,59.0,128.0
37536543,2025/2026,,,,
37536549,2025/2026,93.0,16.0,32.0,19.0
37536719,2025/2026,11.0,20.0,43.0,73.0
37536721,2025/2026,18.0,14.0,18.0,8.0
37536785,2025/2026,11.0,6.0,11.0,16.0
37536795,2025/2026,,,,
37536801,2025/2026,27.0,7.0,6.0,3.0
37536802,2025/2026,,,,
37536867,2025/2026,34.0,14.0,16.0,14.0
37536872,2025/2026,,,,
37536910,2025/2026,3.0,4.0,1.0,1.0
37536911,2025/2026,,,,
37536953,2025/2026,,,,
37536974,2025/2026,52.0,34.0,9.0,1.0
37536975,2025/2026,11.0,24.0,53.0,36.0
37537043,2025/2026,7.0,12.0,15.0,7.0
37537142,2025/2026,28.0,11.0,15.0,13.0
37537143,2025/2026,28.0,25.0,21.0,5.0
37537180,2025/2026,39.0,16.0,11.0,58.0
37537190,2025/2026,,,,
37537191,2025/2026,,,,
37537197,2025,,,,
37537521,2025/2026,21.0,45.0,45.0,10.0
37537567,2025,16.0,44.0,24.0,63.0
37537567,2025/2026,27.0,26.0,22.0,14.0
37537603,2025/2026,32.0,7.0,3.0,10.0
37537631,2025/2026,39.0,27.0,17.0,34.0
37537653,2025/2026,35.0,35.0,22.0,86.0
37537730,2025/2026,59.0,128.0,51.0,38.0
37537755,2025/2026,26.0,20.0,24.0,13.0
37537770,2025/2026,33.0,17.0,25.0,20.0
37537777,2025,,,,
37537821,2025,,,,
37537848,2025/2026,45.0,111.0,66.0,11.0
37537864,2025/2026,,,,
37537875,2025/2026,53.0,34.0,26.0,57.0
37537876,2025/2026,36.0,23.0,7.0,31.0
37537882,2025/2026,29.0,5.0,14.0,8.0
37537922,2025/2026,35.0,17.0,17.0,6.0
37537951,2025/2026,98.0,65.0,36.0,96.0
37537954,2025/2026,,,,
37537978,2025/2026,40.0,96.0,44.0,73.0
37538006,2025/2026,31.0,15.0,3.0,3.0
37538035,2025/2026,,,,
37538103,2025/2026,43.0,73.0,54.0,12.0
37538104,2025/2026,15.0,15.0,16.0,33.0
37538137,2025/2026,,,,
37538197,2025,,,,
37538208,2025/2026,27.0,25.0,14.0,122.0
37538243,2025/2026,13.0,13.0,20.0,3.0
37538265,2025/2026,,,,
37538351,2025/2026,44.0,60.0,19.0,31.0
37538406,2025/2026,,,,
37538492,2025/2026,21.0,43.0,38.0,10.0
37538498,2025/2026,38.0,48.0,14.0,64.0
37538503,2025,,,,
37538531,2025,79.0,35.0,21.0,4.0
37538539,2025/2026,,,,
37538544,2025,,,,
37538546,2025/2026,51.0,44.0,48.0,30.0
37538549,2025,,,,
37538552,2025/2026,38.0,7.0,14.0,
37538558,2025,,,,
37538647,2025/2026,,,,
37538664,2025/2026,,,,
37538779,2025/2026,3.0,40.0,27.0,17.0
37538823,2025/2026,29.0,58.0,43.0,51.0
37538832,2025/2026,,,,
37538834,2025/2026,32.0,4.0,8.0,1.0
37538924,2025/2026,42.0,5.0,16.0,137.0
37538991,2025/2026,5.0,15.0,38.0,7.0
37539027,2025/2026,15.0,51.0,34.0,20.0
37539094,2025,1.0,,2.0,
37539144,2025/2026,30.0,81.0,30.0,33.0
37539206,2025/2026,19.0,12.0,9.0,19.0
37539290,2025/2026,23.0,3.0,3.0,9.0
37539305,2025/2026,25.0,8.0,49.0,73.0
37539329,2025,,,,
37539330,2025,,,,
37539341,2025/2026,22.0,74.0,36.0,41.0
37539349,2025/2026,,,,
37539360,2025/2026,,,,
37539372,2025/2026,,,,
37539380,2025/2026,,,,
37539405,2025/2026,58.0,36.0,39.0,103.0
37539406,2025/2026,,,,
37539410,2025/2026,,,,
37539415,2025/2026,23.0,65.0,32.0,161.0
37539418,2025/2026,12.0,52.0,21.0,36.0
37539420,2025/2026,,,,
37539436,2025/2026,,,,
37539460,2025/2026,,,,
37539461,2025/2026,17.0,59.0,36.0,18.0
37539471,2025/2026,29.0,28.0,8.0,73.0
37539472,2025,,,,
37539566,2025/2026,71.0,22.0,17.0,15.0
37539571,2025/2026,,,,
37539574,2025/2026,24.0,60.0,88.0,121.0
37539575,2025/2026,50.0,20.0,9.0,28.0
37539577,2025/2026,,,,
37539679,2025/2026,98.0,21.0,41.0,12.0
37539707,2025/2026,29.0,69.0,81.0,11.0
37539712,2025/2026,,,,
37539733,2025/2026,,,,
37539795,2025/2026,,,,
37539823,2025/2026,111.0,49.0,23.0,11.0
37539845,2025/2026,44.0,12.0,15.0,48.0
37539848,2025,40.0,19.0,14.0,9.0
37539853,2025/2026,4.0,4.0,5.0,
37539856,2025,47.0,75.0,32.0,100.0
37539879,2025/2026,44.0,78.0,62.0,69.0
37539966,2025,,,,
37539967,2025,,,,
37540005,2025,28.0,34.0,6.0,28.0
37540007,2025,31.0,14.0,8.0,28.0
37540052,2025,,,,
37540122,2025/2026,42.0,135.0,66.0,76.0
37540162,2025,,,,
37540163,2025,,,,
37540222,2025/2026,,,,
37540233,2025/2026,,,,
37540234,2025/2026,,,,
37540313,2025,,,,
37540319,2025/2026,11.0,25.0,24.0,36.0
37540324,2025/2026,49.0,17.0,10.0,1.0
37540357,2025,,,,
37540371,2025/2026,75.0,70.0,17.0,22.0
37540396,2025/2026,,,,
37540460,2025/2026,,,,
37540578,2025/2026,25.0,2.0,18.0,6.0
37540621,2025/2026,,,,
37540689,2025/2026,,,,
37540713,2025/2026,,,,
37540758,2025/2026,48.0,143.0,51.0,99.0
37540780,2025/2026,43.0,66.0,70.0,83.0
37540851,2025/2026,27.0,122.0,86.0,198.0
37540866,2025/2026,6.0,6.0,6.0,10.0
37540897,2025/2026,,3.0,11.0,1.0
37540917,2025/2026,,,,
37540937,2025/2026,25.0,28.0,21.0,69.0
37540938,2025/2026,48.0,26.0,37.0,59.0
37541067,2025/2026,41.0,13.0,24.0,6.0
37541125,2025/2026,20.0,25.0,7.0,34.0
37541179,2025/2026,33.0,89.0,39.0,64.0
37541244,2025/2026,,,,
37541292,2025/2026,19.0,3.0,1.0,4.0
37541437,2025/2026,66.0,27.0,9.0,3.0
37541438,2025/2026,,,,
37541512,2025/2026,,,,
37541645,2025/2026,37.0,21.0,6.0,97.0
37542080,2025/2026,,,,
37542362,2025/2026,25.0,96.0,35.0,79.0
37542376,2025/2026,,,,
37542382,2025/2026,40.0,23.0,20.0,10.0
37542430,2025/2026,11.0,4.0,1.0,10.0
37542470,2025/2026,,,,
37542688,2025/2026,,,,
37542711,2025/2026,,,,
37542737,2025/2026,,,,
37542757,2025/2026,,,,
37542779,2025/2026,,,,
37542792,2025/2026,,,,
37543123,2025/2026,48.0,15.0,21.0,9.0
37543226,2025/2026,37.0,76.0,74.0,61.0
37543233,2025/2026,,,,
37543234,2025/2026,,,,
37543248,2025/2026,,,,
37543251,2025/2026,2.0,2.0,20.0,1.0
37543256,2025,58.0,13.0,27.0,21.0
37543258,2025/2026,,,,
37543259,2025/2026,31.0,17.0,23.0,20.0
37543334,2025,27.0,7.0,6.0,3.0
37543352,2025,20.0,60.0,45.0,14.0
37543371,2025/2026,32.0,28.0,18.0,22.0
37543378,2025/2026,37.0,12.0,8.0,4.0
37543383,2025/2026,41.0,14.0,7.0,56.0
37543393,2025/2026,,,,
37543406,2025/2026,65.0,31.0,19.0,3.0
37543407,2025/2026,13.0,7.0,8.0,24.0
37543437,2025/2026,49.0,101.0,26.0,113.0
37543468,2025/2026,10.0,2.0,3.0,2.0
37543473,2025,,,,
37543515,2025/2026,17.0,21.0,41.0,1.0
37543638,2025/2026,18.0,9.0,12.0,1.0
37543787,2025/2026,41.0,14.0,2.0,27.0
37543844,2025/2026,,,,
37543901,2025/2026,,,,
37544065,2025/2026,,,,
37544107,2025/2026,83.0,64.0,24.0,67.0
37544113,2025/2026,25.0,23.0,18.0,16.0
37544115,2025/2026,,,,
37544140,2025/2026,,,,
37544226,2025/2026,,,,
37544283,2025/2026,10.0,,4.0,9.0
37544284,2025/2026,34.0,99.0,41.0,135.0
37544304,2025/2026,8.0,,4.0,4.0
37544385,2025/2026,17.0,58.0,32.0,13.0
37544405,2025/2026,33.0,36.0,101.0,10.0
37544409,2025/2026,,,,
37544496,2025,,,,
37544512,2025,,,,
37544512,2025/2026,32.0,46.0,35.0,22.0
37544516,2025/2026,39.0,22.0,23.0,12.0
37544761,2025/2026,77.0,187.0,130.0,218.0
37544802,2025/2026,,,,
37544805,2025/2026,,,,
37544959,2025/2026,23.0,51.0,11.0,45.0
37544963,2025/2026,1.0,,,
37545024,2025/2026,33.0,32.0,19.0,17.0
37545267,2025/2026,25.0,84.0,32.0,22.0
37545348,2025,,,,
37545353,2025,,,,
37545357,2025,,,,
37545365,2025,,,,
37545368,2025,,,,
37545384,2025/2026,,,,
37545389,2025,,,,
37545393,2025,,,,
37545409,2025/2026,26.0,4.0,11.0,3.0
37545468,2025/2026,38.0,31.0,29.0,2.0
37545659,2025/2026,,,,
37545660,2025/2026,,,,
37545689,2025/2026,22.0,36.0,27.0,57.0
37545768,2025/2026,,,,
37545771,2025/2026,,,,
37545801,2025,,,,
37545809,2025/2026,28.0,85.0,39.0,21.0
37546057,2025/2026,8.0,46.0,36.0,43.0
37546144,2025,,,,
37546213,2025,,,,
37546337,2025/2026,,,,
37546356,2025,,,,
37546475,2025/2026,,,,
37546524,2025,,,,
37546557,2025,,,,
37546619,2025/2026,28.0,17.0,29.0,37.0
37546751,2025/2026,11.0,19.0,15.0,107.0
37546752,2025/2026,35.0,54.0,43.0,66.0
37546792,2025/2026,61.0,60.0,59.0,93.0
37546818,2025/2026,,,,
37546830,2025,,,,
37546837,2025/2026,38.0,77.0,44.0,110.0
37546842,2025/2026,23.0,28.0,76.0,12.0
37546857,2025/2026,26.0,22.0,21.0,39.0
37546917,2025/2026,14.0,20.0,30.0,48.0
37546932,2025/2026,2.0,14.0,18.0,2.0
37547002,2025,,,,
37547007,2025,,,,
37547014,2025/2026,,,,
37547015,2025,,,,
37547033,2025/2026,24.0,36.0,21.0,14.0
37547037,2025,,,,
37547037,2025/2026,,,,
37547039,2025,,,,
37547043,2025,,,,
37547044,2025,,,,
37547063,2025/2026,,,,
37547070,2025,,,,
37547164,2025/2026,18.0,57.0,44.0,58.0
37547175,2025,,,,
37547261,2025/2026,10.0,15.0,21.0,65.0
37547377,2025/2026,30.0,21.0,14.0,3.0
37547394,2025,26.0,29.0,16.0,12.0
37547467,2025/2026,,,,
37547506,2025/2026,60.0,69.0,55.0,21.0
37547524,2025/2026,31.0,61.0,22.0,11.0
37547541,2025/2026,,,,
37547548,2025/2026,,,,
37547554,2025/2026,6.0,18.0,33.0,10.0
37547629,2025/2026,38.0,35.0,98.0,25.0
37547635,2025/2026,5.0,18.0,24.0,10.0
37547709,2025/2026,43.0,38.0,36.0,68.0
37547774,2025/2026,44.0,38.0,17.0,87.0
37547842,2025/2026,,,,
37547845,2025,,,,
37547904,2025,,,,
37547929,2025,,,,
37548017,2025/2026,,,,
37548062,2025/2026,,,,
37548112,2025/2026,30.0,3.0,8.0,1.0
37548175,2025/2026,34.0,6.0,10.0,13.0
37548245,2025,,,,
37548361,2025/2026,,,,
37548385,2025/2026,,,,
37548423,2025/2026,22.0,4.0,7.0,3.0
37548465,2025,,,,
37548535,2025/2026,20.0,40.0,79.0,6.0
37548599,2025/2026,,,,
37548602,2025/2026,16.0,25.0,13.0,32.0
37548864,2025,,,,
37548865,2025,,,,
37548869,2025,,,,
37548877,2025/2026,,,,
37548899,2025/2026,,,,
37548905,2025/2026,,,,
37549063,2025/2026,5.0,38.0,71.0,23.0
37549074,2025/2026,44.0,13.0,22.0,29.0
37549175,2025/2026,22.0,23.0,15.0,48.0
37549208,2025,33.0,7.0,9.0,2.0
37549289,2025/2026,23.0,10.0,4.0,9.0
37549420,2025/2026,,,,
37549513,2025/2026,29.0,55.0,33.0,17.0
37549543,2025,26.0,69.0,53.0,66.0
37549544,2025/2026,21.0,14.0,6.0,27.0
37549591,2025/2026,44.0,50.0,12.0,72.0
37549628,2025,40.0,58.0,19.0,79.0
37549637,2025/2026,24.0,21.0,14.0,26.0
37549638,2025/2026,18.0,94.0,59.0,85.0
37549776,2025/2026,24.0,20.0,8.0,33.0
37549847,2025/2026,49.0,45.0,31.0,113.0
37549864,2025/2026,,,,
37549936,2025/2026,55.0,55.0,17.0,37.0
37549955,2025/2026,1.0,1.0,4.0,8.0
37549971,2025/2026,54.0,33.0,10.0,54.0
37550002,2025,,,,
37550033,2025,,,,
37550041,2025,,,,
37550063,2025,,,,
37550074,2025/2026,28.0,95.0,51.0,67.0
37550109,2025/2026,32.0,4.0,20.0,6.0
37550144,2025/2026,64.0,40.0,15.0,70.0
37550161,2025,,,,
37550161,2025/2026,71.0,19.0,26.0,57.0
37550194,2025/2026,30.0,13.0,6.0,3.0
37550236,2025/2026,,,,
37550265,2025/2026,,,,
37550266,2025,,,,
37550436,2025/2026,,,,
37550443,2025/2026,,,,
37550449,2025/2026,,,,
37550457,2025/2026,58.0,21.0,3.0,20.0
37550458,2025/2026,21.0,3.0,7.0,9.0
37550460,2025/2026,25.0,64.0,88.0,66.0
37550477,2025/2026,48.0,19.0,15.0,91.0
37550498,2025/2026,34.0,15.0,11.0,2.0
37550640,2025/2026,22.0,4.0,8.0,
37550680,2025/2026,,,,
37550720,2025/2026,,,,
37550743,2025/2026,,,,
37550744,2025/2026,,,,
37550754,2025/2026,14.0,12.0,12.0,17.0
37550766,2025/2026,48.0,39.0,41.0,149.0
37550814,2025/2026,,,,
37550824,2025/2026,,,,
37550839,2025/2026,,,,
37550846,2025/2026,,,,
37550873,2025/2026,,,,
37550888,2025/2026,,,,
37550997,2025/2026,21.0,9.0,1.0,3.0
37550999,2025/2026,58.0,75.0,38.0,81.0
37551006,2025/2026,,,,
37551076,2025,,,,
37551076,2025/2026,76.0,34.0,59.0,19.0
37551089,2025/2026,,,,
37551107,2025/2026,15.0,27.0,15.0,17.0
37551146,2025/2026,53.0,176.0,100.0,64.0
37551200,2025/2026,,,,
37551216,2025/2026,,,,
37551245,2025/2026,,,,
37551291,2025/2026,95.0,28.0,20.0,16.0
37551325,2025/2026,,,,
37551328,2025/2026,,,,
37551340,2025/2026,,,,
37551341,2025/2026,,,,
37551348,2025/2026,20.0,,7.0,6.0
37551349,2025/2026,36.0,52.0,19.0,36.0
37551351,2025/2026,25.0,34.0,67.0,9.0
37551386,2025/2026,,,,
37551387,2025/2026,,,,
37551389,2025/2026,,,,
37551395,2025/2026,58.0,57.0,11.0,42.0
37551401,2025/2026,53.0,23.0,13.0,13.0
37551403,2025,,,,
37551413,2025/2026,,,,
37551416,2025/2026,21.0,42.0,18.0,74.0
37551489,2025/2026,21.0,72.0,41.0,1.0
37551591,2025/2026,,,,
37551600,2025/2026,,,,
37551612,2025/2026,38.0,57.0,20.0,33.0
37551627,2025/2026,,,,
37551650,2025/2026,,,,
37551656,2025/2026,,,,
37551798,2025/2026,18.0,,1.0,
37551836,2025/2026,,,,
37551892,2025,,,,
37551901,2025/2026,37.0,70.0,47.0,58.0
37552031,2025/2026,,,,
37552074,2025/2026,18.0,33.0,47.0,50.0
37552077,2025/2026,7.0,21.0,7.0,13.0
37552103,2025/2026,27.0,12.0,4.0,4.0
37552116,2025/2026,3.0,5.0,9.0,2.0
37552182,2025/2026,18.0,105.0,70.0,18.0
37552296,2025,,,,
37552301,2025,,,,
37552408,2025/2026,14.0,35.0,24.0,13.0
37552452,2025/2026,79.0,24.0,5.0,43.0
37552712,2025/2026,,,,
37552766,2025/2026,62.0,55.0,43.0,99.0
37552776,2025/2026,34.0,58.0,50.0,8.0
37552817,2025/2026,17.0,53.0,20.0,61.0
37552836,2025/2026,31.0,31.0,48.0,14.0
37552837,2025/2026,19.0,61.0,43.0,17.0
37552849,2025/2026,,,,
37552857,2025,,,,
37552872,2025/2026,,,,
37552911,2025,10.0,66.0,37.0,35.0
37552945,2025,,,,
37552990,2025,,,,
37552996,2025/2026,,,,
37553003,2025,,,,
37553010,2025/2026,,,,
37553012,2025,,,,
37553040,2025/2026,,,,
37553141,2025/2026,22.0,52.0,53.0,37.0
37553159,2025/2026,32.0,72.0,30.0,40.0
37553160,2025/2026,5.0,27.0,39.0,6.0
37553211,2025/2026,92.0,58.0,27.0,84.0
37553212,2025/2026,,,,
37553227,2025/2026,,,,
37553342,2025,,,,
37553446,2025/2026,87.0,42.0,63.0,24.0
37553480,2025/2026,,,,
37553494,2025/2026,35.0,13.0,13.0,12.0
37553515,2025/2026,,,,
37553526,2025/2026,57.0,16.0,5.0,4.0
37553559,2025/2026,21.0,8.0,15.0,4.0
37553613,2025/2026,,,,
37553622,2025/2026,14.0,30.0,30.0,146.0
37553664,2025/2026,8.0,9.0,36.0,3.0
37553666,2025/2026,35.0,87.0,44.0,46.0
37553667,2025,17.0,108.0,58.0,117.0
37553674,2025/2026,,,,
37554127,2025,,,,
37554184,2025/2026,45.0,16.0,5.0,84.0
37554299,2025/2026,,,,
37554457,2025/2026,88.0,80.0,26.0,11.0
37554459,2025/2026,30.0,39.0,42.0,45.0
37554475,2025/2026,16.0,4.0,8.0,3.0
37554531,2025/2026,50.0,2.0,10.0,1.0
37554535,2025/2026,30.0,21.0,21.0,9.0
37554536,2025/2026,12.0,4.0,4.0,3.0
37554541,2025/2026,7.0,1.0,2.0,2.0
37554558,2025/2026,37.0,7.0,10.0,
37554596,2025/2026,33.0,75.0,42.0,67.0
37554639,2025,,,,
37554677,2025/2026,26.0,4.0,10.0,5.0
37554722,2025/2026,16.0,27.0,33.0,10.0
37554726,2025/2026,25.0,83.0,40.0,90.0
37554762,2025/2026,,,,
37554905,2025/2026,52.0,21.0,12.0,8.0
37554917,2025/2026,,,,
37554928,2025,,,,
37554950,2025/2026,36.0,49.0,49.0,64.0
37555012,2025,,,,
37555035,2025/2026,26.0,61.0,43.0,47.0
37555036,2025/2026,30.0,9.0,10.0,52.0
37555087,2025/2026,,,,
37555256,2025,,,,
37555410,2025/2026,19.0,26.0,17.0,74.0
37555431,2025,,,,
37555434,2025/2026,14.0,20.0,18.0,5.0
37555446,2025/2026,,,,
37555542,2025/2026,28.0,35.0,13.0,41.0
37555634,2025/2026,25.0,31.0,21.0,45.0
37555654,2025/2026,16.0,7.0,5.0,25.0
37555730,2025,,,,
37555734,2025,,,,
37555736,2025,,,,
37555757,2025/2026,29.0,6.0,28.0,4.0
37555775,2025/2026,,,,
37555777,2025/2026,27.0,32.0,31.0,28.0
37555815,2025/2026,32.0,83.0,47.0,76.0
37555816,2025/2026,,,,
37555824,2025,42.0,25.0,31.0,72.0
37555865,2025,5.0,31.0,12.0,19.0
37555964,2025/2026,,,,
37556018,2025/2026,17.0,85.0,51.0,112.0
37556019,2025/2026,,,,
37556043,2025/2026,35.0,10.0,9.0,
37556092,2025,,,,
37556109,2025,,,,
37556151,2025,,,,
37556300,2025/2026,,,,
37556322,2025/2026,26.0,53.0,38.0,20.0
37556426,2025,,,,
37556433,2025,,,,
37556463,2025,,,,
37556463,2025/2026,,,,
37556736,2025/2026,,,,
37556744,2025/2026,25.0,5.0,14.0,7.0
37556777,2025/2026,17.0,39.0,31.0,8.0
37556783,2025,3.0,15.0,8.0,11.0
37556802,2025/2026,27.0,5.0,15.0,13.0
37556808,2025/2026,,,,
37556926,2025/2026,9.0,11.0,3.0,20.0
37557152,2025/2026,10.0,1.0,7.0,
37557472,2025/2026,25.0,27.0,13.0,68.0
37557681,2025/2026,,,,
37557848,2025,,,,
37557853,2025,,,,
37557862,2025,,,,
37558443,2025/2026,51.0,64.0,45.0,42.0
37558468,2025/2026,,,,
37558511,2025/2026,11.0,13.0,8.0,16.0
37558976,2025/2026,61.0,61.0,17.0,48.0
37558983,2025/2026,,,,
37558984,2025/2026,,,,
37558989,2025/2026,55.0,24.0,11.0,32.0
37558991,2025/2026,,,,
37558992,2025/2026,48.0,15.0,4.0,13.0
37559107,2025/2026,17.0,32.0,31.0,38.0
37559109,2025/2026,,,,
37559112,2025/2026,65.0,24.0,13.0,163.0
37559113,2025/2026,12.0,36.0,12.0,41.0
37559115,2025/2026,16.0,53.0,77.0,20.0
37559122,2025/2026,26.0,46.0,79.0,67.0
37559293,2025,,,,
37559294,2025,,,,
37559583,2025/2026,7.0,12.0,15.0,52.0
37559585,2025/2026,43.0,4.0,16.0,4.0
37559586,2025/2026,58.0,49.0,15.0,35.0
37559590,2025/2026,10.0,45.0,22.0,37.0
37559667,2025/2026,44.0,12.0,10.0,45.0
37559758,2025/2026,,,,
37559762,2025/2026,13.0,8.0,8.0,4.0
37559770,2025/2026,57.0,79.0,27.0,86.0
37559772,2025/2026,35.0,29.0,44.0,125.0
37559801,2025/2026,5.0,1.0,4.0,1.0
37559806,2025/2026,25.0,33.0,39.0,12.0
37560186,2025/2026,27.0,21.0,7.0,6.0
37560228,2025/2026,,,,
37560485,2025/2026,76.0,55.0,18.0,47.0
37560659,2025,20.0,15.0,28.0,50.0
37560660,2025,58.0,24.0,39.0,24.0
37560671,2025/2026,4.0,25.0,29.0,12.0
37560677,2025/2026,15.0,4.0,3.0,8.0
37560704,2025,,,,
37560752,2025,,,,
37560802,2025/2026,33.0,5.0,8.0,1.0
37560879,2025,,,,
37560881,2025/2026,,,,
37560892,2025/2026,23.0,90.0,90.0,16.0
37560897,2025/2026,44.0,264.0,112.0,188.0
37560901,2025/2026,60.0,9.0,30.0,19.0
37560904,2025/2026,34.0,82.0,47.0,54.0
37560925,2025/2026,18.0,37.0,18.0,32.0
37560941,2025,26.0,96.0,39.0,21.0
37560950,2025/2026,13.0,21.0,82.0,6.0
37561025,2025/2026,,,,
37561034,2025/2026,57.0,9.0,13.0,18.0
37561087,2025/2026,12.0,75.0,68.0,63.0
37561089,2025/2026,10.0,41.0,17.0,41.0
37561096,2025/2026,22.0,70.0,47.0,28.0
37561110,2025/2026,,,,
37561116,2025/2026,10.0,37.0,18.0,5.0
37561117,2025/2026,54.0,55.0,11.0,3.0
37561124,2025/2026,33.0,14.0,7.0,6.0
37561164,2025/2026,15.0,48.0,35.0,10.0
37561281,2025,,,,
37561373,2025/2026,,,,
37561382,2025/2026,25.0,4.0,11.0,4.0
37561387,2025/2026,28.0,93.0,37.0,46.0
37561448,2025/2026,,,,
37561520,2025,,,,
37561561,2025/2026,,,,
37561582,2025/2026,23.0,10.0,2.0,18.0
37561591,2025/2026,21.0,7.0,3.0,3.0
37561620,2025,,,,
37561625,2025/2026,,,,
37561628,2025/2026,,,,
37561722,2025/2026,6.0,22.0,14.0,29.0
37561786,2025,,,,
37561805,2025/2026,3.0,2.0,2.0,
37561821,2025/2026,15.0,30.0,46.0,8.0
37561861,2025,,,,
37561872,2025,20.0,174.0,36.0,104.0
37561914,2025/2026,5.0,47.0,65.0,26.0
37561941,2025/2026,47.0,67.0,63.0,175.0
37561957,2025/2026,56.0,33.0,28.0,21.0
37561990,2025/2026,20.0,9.0,3.0,12.0
37562040,2025/2026,,,,
37562125,2025/2026,25.0,70.0,42.0,53.0
37562127,2025,,,,
37562128,2025/2026,,,,
37562129,2025/2026,,,,
37562138,2025/2026,17.0,15.0,4.0,6.0
37562153,2025/2026,,,,
37562168,2025,,,,
37562171,2025/2026,,,,
37562176,2025/2026,95.0,23.0,17.0,9.0
37562177,2025,,,,
37562213,2025/2026,1.0,9.0,14.0,1.0
37562296,2025,,,,
37562329,2025/2026,,,,
37562339,2025/2026,28.0,49.0,65.0,17.0
37562347,2025/2026,,,,
37562348,2025/2026,49.0,23.0,4.0,10.0
37562363,2025/2026,19.0,37.0,116.0,18.0
37562368,2025,,,,
37562487,2025/2026,,,,
37562598,2025/2026,,,,
37562699,2025/2026,17.0,52.0,50.0,14.0
37562704,2025/2026,12.0,16.0,8.0,64.0
37562705,2025/2026,4.0,46.0,25.0,52.0
37562724,2025,,,,
37562740,2025/2026,,,,
37562822,2025/2026,,1.0,2.0,1.0
37562870,2025/2026,12.0,2.0,2.0,3.0
37562877,2025/2026,14.0,23.0,38.0,65.0
37562940,2025/2026,,,,
37562949,2025,,,,
37562973,2025/2026,,,,
37563018,2025/2026,,,,
37563154,2025/2026,,,,
37563155,2025/2026,,,,
37563161,2025,,,,
37563181,2025/2026,32.0,19.0,3.0,7.0
37563189,2025/2026,,,,
37563219,2025/2026,7.0,13.0,44.0,14.0
37563356,2025/2026,,,,
37563424,2025/2026,,,,
37563550,2025/2026,45.0,63.0,43.0,54.0
37563597,2025/2026,44.0,169.0,62.0,57.0
37563601,2025/2026,31.0,47.0,72.0,109.0
37563663,2025/2026,,,,
37563793,2025/2026,,,,
37563833,2025/2026,41.0,112.0,72.0,75.0
37563837,2025,,,,
37563842,2025,,,,
37563866,2025/2026,23.0,20.0,16.0,2.0
37563872,2025,,,,
37563876,2025/2026,,,,
37563877,2025,,,,
37563879,2025/2026,,,,
37563897,2025/2026,22.0,7.0,27.0,51.0
37563919,2025,,,,
37563930,2025/2026,58.0,55.0,18.0,102.0
37563931,2025/2026,28.0,50.0,86.0,22.0
37563937,2025/2026,28.0,18.0,13.0,13.0
37564162,2025/2026,,,,
37564163,2025,,,,
37564186,2025,,,,
37564234,2025/2026,,,,
37564256,2025,,,,
37564257,2025,,,,
37564277,2025/2026,6.0,24.0,30.0,7.0
37564280,2025,,,,
37564290,2025,,,,
37564291,2025,,,,
37564298,2025/2026,57.0,64.0,26.0,7.0
37564320,2025,,,,
37564332,2025/2026,,,,
37564372,2025/2026,,,,
37564390,2025/2026,20.0,5.0,14.0,3.0
37564402,2025/2026,9.0,23.0,37.0,27.0
37564434,2025/2026,,,,
37564541,2025/2026,,,,
37564566,2025/2026,,,,
37564574,2025/2026,47.0,63.0,11.0,70.0
37564612,2025/2026,,,,
37564614,2025/2026,,,,
37564616,2025/2026,13.0,13.0,4.0,25.0
37564717,2025/2026,28.0,1.0,14.0,
37564767,2025/2026,87.0,16.0,14.0,7.0
37564774,2025/2026,10.0,58.0,38.0,25.0
37564966,2025,,,,
37565025,2025/2026,33.0,30.0,4.0,38.0
37565027,2025/2026,29.0,18.0,17.0,7.0
37565028,2025/2026,46.0,127.0,105.0,86.0
37565034,2025/2026,,,,
37565080,2025/2026,53.0,26.0,11.0,2.0
37565112,2025,,,,
37565251,2025/2026,,,,
37565255,2025/2026,57.0,12.0,35.0,6.0
37565263,2025,,,,
37565350,2025/2026,45.0,9.0,25.0,49.0
37565351,2025/2026,42.0,40.0,9.0,23.0
37565352,2025/2026,24.0,16.0,14.0,55.0
37565359,2025/2026,26.0,44.0,49.0,38.0
37565360,2025,21.0,76.0,52.0,52.0
37565370,2025,,,,
37565377,2025,17.0,37.0,25.0,26.0
37565378,2025/2026,9.0,10.0,6.0,36.0
37565390,2025/2026,20.0,8.0,3.0,32.0
37565394,2025,34.0,62.0,15.0,38.0
37565415,2025,,,,
37565487,2025,,,,
37565524,2025/2026,20.0,23.0,58.0,12.0
37565546,2025,32.0,112.0,39.0,108.0
37565574,2025,,,,
37565641,2025/2026,81.0,29.0,18.0,6.0
37565702,2025/2026,30.0,10.0,3.0,34.0
37566061,2025/2026,,,,
37566178,2025,,,,
37566179,2025,,,,
37566216,2025,,,,
37566225,2025/2026,,,,
37566231,2025,,,,
37566467,2025/2026,47.0,71.0,47.0,52.0
37566486,2025/2026,,,,
37566503,2025/2026,24.0,2.0,3.0,2.0
37566511,2025/2026,,2.0,4.0,1.0
37566512,2025/2026,18.0,28.0,8.0,54.0
37566514,2025/2026,41.0,14.0,22.0,50.0
37566543,2025/2026,,,,
37566616,2025,,,,
37566650,2025/2026,6.0,41.0,41.0,24.0
37566703,2025/2026,26.0,15.0,4.0,7.0
37566882,2025/2026,,,,
37566951,2025/2026,,,,
37566955,2025,,,,
37566967,2025,,,,
37567226,2025,,,,
37567261,2025/2026,,,,
37567267,2025,,,,
37567268,2025/2026,,,,
37567290,2025/2026,34.0,15.0,3.0,56.0
37567292,2025,,,,
37567295,2025,,,,
37567301,2025,,,,
37567320,2025/2026,23.0,44.0,37.0,27.0
37567325,2025/2026,53.0,22.0,11.0,4.0
37567337,2025/2026,,,,
37567341,2025/2026,21.0,14.0,14.0,30.0
37567350,2025/2026,,,,
37567566,2025,,,,
37567578,2025,,,,
37567581,2025,,,,
37567586,2025,,,,
37567627,2025/2026,38.0,115.0,74.0,69.0
37567732,2025,,,,
37567879,2025/2026,71.0,43.0,56.0,64.0
37567950,2025/2026,38.0,49.0,22.0,3.0
37567969,2025,,,,
37568010,2025/2026,10.0,28.0,32.0,7.0
37568117,2025/2026,41.0,50.0,34.0,55.0
37568118,2025,,,,
37568128,2025,,,,
37568131,2025,,,,
37568164,2025,,,,
37568165,2025,,,,
37568174,2025,,,,
37568228,2025/2026,49.0,44.0,24.0,21.0
37568266,2025/2026,95.0,9.0,24.0,36.0
37568273,2025/2026,5.0,,2.0,8.0
37568407,2025/2026,7.0,26.0,38.0,1.0
37568411,2025/2026,,,,
37568428,2025/2026,40.0,21.0,26.0,25.0
37568443,2025/2026,,,,
37568445,2025/2026,,,,
37568448,2025,,,,
37568510,2025/2026,29.0,10.0,14.0,4.0
37568511,2025/2026,,,,
37568512,2025/2026,45.0,21.0,12.0,9.0
37568513,2025/2026,12.0,6.0,1.0,2.0
37568560,2025/2026,29.0,44.0,37.0,24.0
37568596,2025/2026,22.0,82.0,41.0,113.0
37568634,2025/2026,,,,
37568635,2025,60.0,26.0,16.0,102.0
37568636,2025,,,,
37568652,2025/2026,,,,
37568657,2025/2026,,,,
37568662,2025/2026,,,,
37568690,2025/2026,,,,
37568721,2025/2026,,,,
37568775,2025,,,,
37568811,2025/2026,6.0,3.0,6.0,2.0
37568833,2025,,,,
37568887,2025,,,,
37568967,2025/2026,,,,
37569099,2025/2026,15.0,9.0,8.0,14.0
37569216,2025/2026,9.0,2.0,4.0,7.0
37569242,2025,,,,
37569271,2025/2026,,,,
37569279,2025/2026,,,,
37569291,2025,59.0,16.0,22.0,12.0
37569294,2025,,,,
37569295,2025,19.0,9.0,14.0,2.0
37569313,2025,,,,
37569331,2025,,,,
37569376,2025/2026,,,,
37569395,2025,47.0,28.0,27.0,30.0
37569480,2025,,,,
37569514,2025/2026,60.0,39.0,65.0,174.0
37569577,2025/2026,66.0,20.0,22.0,16.0
37569676,2025/2026,33.0,31.0,30.0,99.0
37569702,2025,31.0,20.0,9.0,3.0
37569718,2025,13.0,8.0,23.0,18.0
37569718,2025/2026,22.0,3.0,8.0,12.0
37569737,2025,39.0,23.0,8.0,7.0
37569765,2025/2026,4.0,23.0,70.0,4.0
37569777,2025/2026,49.0,39.0,35.0,53.0
37569787,2025/2026,,,,
37569789,2025/2026,16.0,68.0,50.0,85.0
37569795,2025/2026,23.0,4.0,3.0,2.0
37569798,2025/2026,46.0,41.0,37.0,26.0
37569822,2025,33.0,25.0,15.0,75.0
37569838,2025/2026,35.0,11.0,14.0,5.0
37569853,2025/2026,33.0,64.0,21.0,61.0
37569970,2025,23.0,34.0,14.0,35.0
37570057,2025/2026,29.0,74.0,29.0,90.0
37570080,2025,5.0,21.0,26.0,2.0
37570131,2025/2026,46.0,7.0,11.0,8.0
37570132,2025/2026,17.0,21.0,14.0,39.0
37570133,2025/2026,46.0,90.0,41.0,53.0
37570167,2025,30.0,27.0,17.0,53.0
37570226,2025/2026,16.0,30.0,94.0,8.0
37570287,2025/2026,26.0,47.0,19.0,18.0
37570290,2025,,,,
37570374,2025,,,,
37570379,2025/2026,,,,
37570438,2025,,,,
37570526,2025/2026,82.0,57.0,42.0,82.0
37570527,2025/2026,36.0,5.0,12.0,11.0
37570534,2025/2026,40.0,54.0,32.0,99.0
37570548,2025/2026,48.0,52.0,18.0,56.0
37570554,2025/2026,18.0,21.0,15.0,6.0
37570555,2025/2026,12.0,13.0,21.0,4.0
37570657,2025/2026,68.0,28.0,22.0,8.0
37570658,2025,,,,
37570698,2025,,,,
37570968,2025,49.0,23.0,38.0,27.0
37570974,2025/2026,58.0,123.0,37.0,19.0
37571011,2025/2026,,,,
37571016,2025/2026,,,,
37571119,2025/2026,,,,
37571152,2025/2026,,,,
37571435,2025/2026,11.0,12.0,14.0,2.0
37571576,2025/2026,26.0,13.0,21.0,20.0
37571578,2025/2026,24.0,,4.0,3.0
37571579,2025/2026,,,,
37571660,2025/2026,13.0,14.0,23.0,40.0
37571731,2025/2026,22.0,107.0,40.0,56.0
37571856,2025,,,,
37571858,2025,,,,
37572036,2025/2026,25.0,5.0,10.0,2.0
37572122,2025/2026,,,,
37572161,2025/2026,31.0,60.0,33.0,24.0
37572227,2025/2026,14.0,40.0,28.0,13.0
37572246,2025/2026,19.0,65.0,70.0,3.0
37572774,2025/2026,,,,
37572964,2025,24.0,19.0,15.0,10.0
37573014,2025,18.0,58.0,34.0,42.0
37573338,2025/2026,52.0,93.0,20.0,98.0
37573439,2025,,,,
37573487,2025,,,,
37573490,2025,,,,
37573493,2025,,,,
37573836,2025/2026,,,,
37573859,2025/2026,62.0,9.0,11.0,14.0
37573873,2025,17.0,15.0,8.0,39.0
37573971,2025/2026,21.0,3.0,6.0,
37573979,2025,25.0,35.0,75.0,33.0
37573980,2025/2026,52.0,53.0,28.0,27.0
37574048,2025/2026,28.0,32.0,40.0,20.0
37574119,2025/2026,62.0,27.0,5.0,3.0
37574291,2025,57.0,19.0,11.0,41.0
37574295,2025,10.0,44.0,28.0,35.0
37574339,2025,33.0,185.0,70.0,89.0
37574398,2025/2026,22.0,11.0,18.0,1.0
37574526,2025,,,,
37574620,2025,,,,
37574748,2025,,,,
37575224,2025,50.0,23.0,38.0,91.0
37575227,2025/2026,34.0,15.0,11.0,6.0
37575276,2025,17.0,7.0,10.0,1.0
37575276,2025/2026,18.0,2.0,6.0,2.0
37575295,2025,50.0,39.0,44.0,69.0
37575363,2025/2026,28.0,15.0,15.0,18.0
37575391,2025/2026,,,,
37575646,2025,,,,
37575659,2025/2026,43.0,29.0,26.0,35.0
37575663,2025/2026,15.0,16.0,39.0,19.0
37575719,2025/2026,43.0,21.0,11.0,14.0
37575935,2025/2026,22.0,53.0,78.0,12.0
37576062,2025/2026,14.0,9.0,14.0,3.0
37576138,2025,23.0,29.0,17.0,3.0
37576149,2025,18.0,45.0,38.0,25.0
37576154,2025,5.0,19.0,27.0,11.0
37576167,2025,,,,
37576176,2025,,,,
37576183,2025,,,,
37576195,2025/2026,38.0,14.0,14.0,7.0
37576215,2025/2026,35.0,4.0,3.0,6.0
37576229,2025/2026,42.0,3.0,20.0,4.0
37576271,2025,,,,
37576368,2025,22.0,101.0,24.0,65.0
37576441,2025/2026,,,,
37576496,2025/2026,15.0,26.0,10.0,22.0
37576529,2025/2026,30.0,40.0,46.0,107.0
37576587,2025/2026,,,,
37576589,2025/2026,48.0,50.0,16.0,64.0
37576865,2025/2026,28.0,20.0,29.0,14.0
37576907,2025/2026,58.0,36.0,12.0,10.0
37576910,2025/2026,,,,
37577007,2025/2026,29.0,88.0,59.0,79.0
37577112,2025,,,,
37577120,2025,,,,
37577340,2025/2026,18.0,37.0,17.0,42.0
37577345,2025,35.0,112.0,50.0,77.0
37577431,2025/2026,16.0,14.0,8.0,22.0
37577436,2025/2026,48.0,14.0,8.0,22.0
37577438,2025,51.0,27.0,25.0,8.0
37577439,2025/2026,29.0,14.0,7.0,27.0
37577443,2025,,,,
37577447,2025/2026,,,,
37577454,2025/2026,12.0,24.0,89.0,2.0
37577457,2025/2026,29.0,17.0,10.0,16.0
37577459,2025/2026,45.0,18.0,31.0,3.0
37577470,2025/2026,,,,
37577572,2025/2026,14.0,84.0,33.0,68.0
37577573,2025/2026,34.0,9.0,10.0,9.0
37577576,2025/2026,28.0,10.0,11.0,6.0
37577577,2025/2026,63.0,23.0,16.0,50.0
37577578,2025/2026,11.0,20.0,31.0,9.0
37577580,2025/2026,29.0,10.0,13.0,3.0
37577592,2025/2026,,,,
37577656,2025/2026,47.0,11.0,21.0,26.0
37577657,2025/2026,,,,
37577669,2025/2026,34.0,45.0,38.0,44.0
37577671,2025/2026,31.0,64.0,20.0,58.0
37577682,2025/2026,36.0,69.0,38.0,29.0
37577727,2025/2026,,,,
37577730,2025,,,,
37577731,2025,,,,
37577741,2025,,,,
37577745,2025/2026,30.0,16.0,8.0,85.0
37577749,2025/2026,15.0,34.0,32.0,8.0
37577760,2025/2026,17.0,79.0,102.0,11.0
37577761,2025/2026,43.0,27.0,16.0,4.0
37577764,2025/2026,24.0,65.0,50.0,52.0
37577768,2025/2026,25.0,60.0,18.0,16.0
37577772,2025/2026,36.0,9.0,11.0,2.0
37577782,2025/2026,32.0,46.0,29.0,17.0
37577783,2025/2026,49.0,51.0,43.0,68.0
37577787,2025/2026,21.0,13.0,6.0,2.0
37577799,2025,,,,
37577821,2025,,,,
37577857,2025,,,,
37577874,2025/2026,7.0,10.0,9.0,9.0
37577891,2025/2026,38.0,33.0,6.0,24.0
37577892,2025/2026,38.0,65.0,38.0,30.0
37577901,2025/2026,34.0,27.0,14.0,9.0
37577905,2025/2026,51.0,27.0,27.0,4.0
37578142,2025/2026,33.0,10.0,16.0,2.0
37578156,2025/2026,25.0,18.0,5.0,10.0
37578299,2025/2026,,,,
37578333,2025/2026,18.0,67.0,30.0,12.0
37578364,2025/2026,33.0,27.0,32.0,27.0
37578441,2025/2026,55.0,44.0,33.0,27.0
37578473,2025,,,,
37578628,2025/2026,52.0,142.0,54.0,41.0
37578682,2025/2026,,,,
37578744,2025/2026,,,,
37578751,2025/2026,10.0,6.0,4.0,4.0
37578799,2025/2026,,,,
37578808,2025/2026,41.0,20.0,33.0,28.0
37578809,2025/2026,45.0,27.0,7.0,53.0
37578836,2025/2026,,,,
37578940,2025/2026,,,,
37578943,2025/2026,8.0,10.0,20.0,15.0
37579201,2025/2026,50.0,29.0,14.0,102.0
37579203,2025/2026,,,,
37579276,2025/2026,39.0,4.0,28.0,8.0
37579294,2025,13.0,49.0,24.0,14.0
37579452,2025/2026,22.0,92.0,50.0,87.0
37579543,2025/2026,,,,
37579642,2025,,,,
37579644,2025/2026,,,,
37579645,2025/2026,6.0,28.0,23.0,19.0
37579647,2025/2026,,,,
37579655,2025/2026,48.0,8.0,32.0,3.0
37579661,2025/2026,37.0,74.0,62.0,111.0
37579662,2025/2026,29.0,24.0,18.0,2.0
37579663,2025/2026,71.0,13.0,16.0,6.0
37579667,2025,,,,
37579675,2025,,,,
37579735,2025/2026,29.0,37.0,75.0,15.0
37579740,2025/2026,59.0,12.0,17.0,43.0
37579757,2025/2026,15.0,55.0,16.0,17.0
37579762,2025/2026,38.0,6.0,5.0,4.0
37579791,2025/2026,55.0,9.0,12.0,1.0
37579793,2025/2026,30.0,9.0,11.0,5.0
37579794,2025/2026,57.0,21.0,15.0,11.0
37579899,2025/2026,,,,
37579902,2025/2026,61.0,23.0,17.0,43.0
37579906,2025/2026,7.0,45.0,30.0,34.0
37579912,2025/2026,53.0,43.0,53.0,41.0
37579945,2025/2026,54.0,35.0,22.0,215.0
37579970,2025/2026,,,,
37579972,2025/2026,25.0,153.0,77.0,214.0
37579985,2025,19.0,71.0,40.0,37.0
37579987,2025,45.0,18.0,12.0,30.0
37579989,2025,33.0,1.0,8.0,7.0
37579990,2025,15.0,17.0,26.0,4.0
37579996,2025,27.0,3.0,14.0,37.0
37580074,2025,12.0,3.0,19.0,12.0
37580080,2025,35.0,18.0,20.0,5.0
37580151,2025/2026,24.0,9.0,7.0,32.0
37580157,2025/2026,54.0,35.0,28.0,78.0
37580203,2025/2026,55.0,25.0,33.0,99.0
37580230,2025/2026,,,,
37580239,2025/2026,51.0,30.0,13.0,77.0
37580298,2025/2026,31.0,19.0,14.0,14.0
37580360,2025/2026,31.0,26.0,26.0,63.0
37580491,2025/2026,26.0,38.0,24.0,98.0
37580681,2025/2026,20.0,54.0,28.0,32.0
37580768,2025/2026,,,,
37580784,2025/2026,35.0,24.0,8.0,14.0
37580787,2025/2026,56.0,19.0,17.0,13.0
37580790,2025/2026,13.0,17.0,16.0,12.0
37580800,2025/2026,37.0,,16.0,1.0
37580802,2025/2026,62.0,29.0,8.0,70.0
37580918,2025/2026,20.0,42.0,70.0,28.0
37580983,2025/2026,52.0,31.0,23.0,7.0
37581095,2025/2026,41.0,73.0,40.0,45.0
37581176,2025/2026,14.0,11.0,9.0,4.0
37581338,2025/2026,59.0,45.0,53.0,42.0
37581519,2025/2026,,,,
37581522,2025/2026,,,,
37581526,2025/2026,61.0,79.0,39.0,83.0
37581538,2025/2026,18.0,39.0,32.0,20.0
37581618,2025/2026,16.0,24.0,22.0,7.0
37581683,2025/2026,41.0,46.0,46.0,14.0
37581715,2025/2026,,,,
37581716,2025/2026,32.0,89.0,57.0,94.0
37581727,2025/2026,36.0,10.0,5.0,9.0
37581741,2025/2026,,,,
37581746,2025/2026,13.0,16.0,16.0,2.0
37581752,2025/2026,24.0,41.0,24.0,30.0
37581761,2025/2026,8.0,2.0,4.0,2.0
37581766,2025/2026,3.0,23.0,1.0,2.0
37581770,2025/2026,,,,
37581777,2025/2026,,,,
37581786,2025/2026,55.0,32.0,32.0,63.0
37581796,2025/2026,,,,
37581800,2025/2026,14.0,24.0,30.0,8.0
37581805,2025/2026,42.0,63.0,41.0,225.0
37581877,2025/2026,,,,
37581916,2025/2026,33.0,102.0,25.0,124.0
37581919,2025/2026,,,,
37581976,2025/2026,27.0,58.0,45.0,105.0
37581984,2025/2026,,,,
37581992,2025/2026,,,,
37582044,2025/2026,,,,
37582045,2025/2026,43.0,31.0,33.0,26.0
37582048,2025/2026,45.0,35.0,44.0,120.0
37582090,2025/2026,51.0,20.0,14.0,18.0
37582096,2025/2026,19.0,8.0,1.0,5.0
37582150,2025/2026,,,,
37582178,2025/2026,,,,
37582217,2025/2026,,,,
37582220,2025/2026,69.0,52.0,27.0,60.0
37582257,2025,3.0,33.0,28.0,6.0
37582282,2025/2026,8.0,43.0,52.0,8.0
37582479,2025/2026,31.0,9.0,8.0,2.0
37582487,2025/2026,,,,
37582492,2025/2026,,,,
37582531,2025/2026,,,,
37582649,2025/2026,22.0,4.0,17.0,1.0
37582656,2025/2026,,,,
37582671,2025,,,,
37582741,2025/2026,,,,
37582788,2025/2026,16.0,53.0,39.0,43.0
37582792,2025/2026,23.0,63.0,54.0,10.0
37582883,2025/2026,51.0,11.0,12.0,6.0
37582980,2025/2026,53.0,37.0,9.0,28.0
37583160,2025/2026,24.0,20.0,18.0,5.0
37583216,2025/2026,,,,
37583292,2025,19.0,4.0,2.0,7.0
37583299,2025/2026,,,,
37583387,2025/2026,59.0,49.0,34.0,39.0
37583412,2025,,,,
37583419,2025/2026,,,,
37583444,2025/2026,17.0,7.0,8.0,
37583460,2025/2026,22.0,36.0,27.0,80.0
37583469,2025,19.0,70.0,48.0,54.0
37583501,2025/2026,41.0,27.0,18.0,38.0
37583510,2025/2026,39.0,71.0,72.0,38.0
37583524,2025/2026,14.0,5.0,5.0,
37583526,2025/2026,15.0,18.0,23.0,11.0
37583535,2025/2026,45.0,84.0,96.0,229.0
37583696,2025/2026,21.0,47.0,36.0,50.0
37583711,2025/2026,60.0,47.0,27.0,25.0
37583742,2025/2026,6.0,16.0,23.0,5.0
37583799,2025/2026,12.0,34.0,23.0,25.0
37583801,2025/2026,10.0,36.0,15.0,7.0
37583806,2025/2026,19.0,24.0,13.0,45.0
37583815,2025/2026,31.0,87.0,52.0,81.0
37583819,2025/2026,63.0,11.0,5.0,31.0
37583841,2025/2026,46.0,18.0,15.0,54.0
37583864,2025/2026,23.0,76.0,49.0,41.0
37583868,2025/2026,19.0,96.0,68.0,76.0
37583881,2025/2026,27.0,18.0,13.0,9.0
37583888,2025/2026,,,,
37583918,2025/2026,,,,
37583926,2025/2026,,,,
37583966,2025/2026,,,,
37583968,2025/2026,,,,
37584098,2025/2026,,,,
37584115,2025/2026,,,,
37584176,2025/2026,,,,
37584184,2025/2026,13.0,46.0,38.0,116.0
37584205,2025,,,,
37584206,2025,,,,
37584218,2025,30.0,101.0,46.0,39.0
37584629,2025/2026,5.0,16.0,12.0,2.0
37584653,2025/2026,38.0,34.0,40.0,14.0
37584657,2025/2026,5.0,20.0,20.0,15.0
37584705,2025/2026,,,,
37584715,2025/2026,40.0,18.0,4.0,13.0
37584732,2025/2026,10.0,18.0,34.0,10.0
37584913,2025/2026,22.0,71.0,34.0,41.0
37584916,2025/2026,86.0,42.0,31.0,53.0
37584917,2025,49.0,36.0,29.0,8.0
37584996,2025/2026,22.0,93.0,37.0,26.0
37585284,2025/2026,,,,
37585365,2025/2026,27.0,70.0,52.0,26.0
37585738,2025/2026,58.0,27.0,13.0,62.0
37585962,2025/2026,,,,
37586227,2025/2026,19.0,76.0,66.0,32.0
37586235,2025/2026,64.0,22.0,22.0,30.0
37586328,2025/2026,24.0,6.0,6.0,12.0
37586333,2025,39.0,27.0,18.0,7.0
37586345,2025,14.0,37.0,28.0,2.0
37586352,2025,15.0,20.0,20.0,37.0
37586356,2025,19.0,119.0,18.0,68.0
37586360,2025,19.0,7.0,6.0,9.0
37586403,2025/2026,,,,
37586635,2025/2026,50.0,11.0,8.0,5.0
37586671,2025/2026,,,,
37586673,2025/2026,,,,
37586696,2025/2026,29.0,7.0,20.0,
37586707,2025/2026,10.0,11.0,7.0,20.0
37586867,2025/2026,64.0,47.0,11.0,76.0
37587202,2025/2026,,,,
37587261,2025/2026,34.0,8.0,10.0,36.0
37587263,2025/2026,16.0,34.0,21.0,11.0
37587454,2025/2026,,,,
37587471,2025/2026,37.0,16.0,21.0,4.0
37587571,2025/2026,24.0,16.0,5.0,1.0
37587573,2025/2026,29.0,70.0,78.0,12.0
37587651,2025/2026,24.0,3.0,4.0,
37587781,2025,,,,
37587867,2025/2026,,,,
37587979,2025,,,,
37588118,2025/2026,61.0,57.0,24.0,63.0
37588122,2025/2026,46.0,22.0,8.0,3.0
37588220,2025/2026,46.0,54.0,33.0,166.0
37588255,2025/2026,22.0,21.0,8.0,26.0
37588296,2025/2026,29.0,60.0,101.0,16.0
37588320,2025/2026,44.0,34.0,32.0,14.0
37588341,2025/2026,41.0,41.0,49.0,20.0
37588370,2025/2026,12.0,6.0,6.0,1.0
37588823,2025/2026,,,,
37589293,2025/2026,18.0,37.0,69.0,98.0
37589301,2025/2026,61.0,43.0,21.0,80.0
37589323,2025/2026,28.0,45.0,5.0,20.0
37589326,2025/2026,39.0,7.0,8.0,4.0
37589368,2025/2026,,,,
37589396,2025/2026,39.0,21.0,8.0,28.0
37589427,2025/2026,18.0,49.0,20.0,43.0
37589553,2025/2026,33.0,34.0,42.0,48.0
37589606,2025/2026,46.0,49.0,54.0,15.0
37589619,2025/2026,21.0,17.0,20.0,1.0
37589700,2025/2026,18.0,51.0,45.0,86.0
37589712,2025/2026,21.0,8.0,13.0,30.0
37589869,2025/2026,35.0,90.0,70.0,21.0
37589980,2025/2026,37.0,8.0,7.0,9.0
37589995,2025/2026,22.0,59.0,65.0,179.0
37590005,2025/2026,,,,
37590076,2025/2026,26.0,45.0,43.0,109.0
37590176,2025/2026,,,,
37590188,2025/2026,8.0,,1.0,1.0
37590192,2025,23.0,17.0,13.0,118.0
37590214,2025/2026,53.0,40.0,68.0,49.0
37590232,2025,23.0,1.0,3.0,4.0
37590239,2025/2026,,,,
37590278,2025/2026,,,,
37590295,2025,41.0,117.0,58.0,22.0
37590296,2025/2026,26.0,24.0,7.0,48.0
37590338,2025/2026,79.0,48.0,22.0,30.0
37590339,2025/2026,,,,
37590340,2025/2026,,,,
37590367,2025/2026,37.0,21.0,11.0,36.0
37590383,2025/2026,2.0,10.0,11.0,6.0
37590406,2025/2026,31.0,12.0,15.0,9.0
37590567,2025,,,,
37590606,2025/2026,55.0,94.0,25.0,23.0
37590610,2025/2026,30.0,54.0,34.0,70.0
37590611,2025/2026,,,,
37590615,2025/2026,52.0,74.0,43.0,30.0
37590624,2025/2026,43.0,19.0,15.0,9.0
37590625,2025/2026,88.0,56.0,23.0,17.0
37590627,2025/2026,53.0,38.0,32.0,43.0
37590632,2025/2026,22.0,39.0,10.0,14.0
37590634,2025/2026,,,,
37590639,2025/2026,17.0,11.0,6.0,47.0
37590696,2025/2026,2.0,25.0,46.0,2.0
37590697,2025/2026,,,,
37590699,2025/2026,,,,
37590763,2025/2026,66.0,38.0,18.0,133.0
37590770,2025/2026,56.0,41.0,38.0,41.0
37590843,2025/2026,39.0,53.0,27.0,211.0
37590846,2025/2026,6.0,14.0,12.0,8.0
37590847,2025/2026,,,,
37590857,2025/2026,21.0,31.0,35.0,40.0
37590868,2025/2026,,,,
37590869,2025/2026,35.0,16.0,4.0,15.0
37590886,2025/2026,13.0,42.0,31.0,6.0
37590895,2025/2026,32.0,20.0,7.0,26.0
37590907,2025/2026,13.0,60.0,32.0,32.0
37590934,2025/2026,,,,
37590937,2025/2026,,,,
37590938,2025/2026,,,,
37590953,2025/2026,,,,
37591021,2025/2026,44.0,33.0,10.0,52.0
37591060,2025,17.0,9.0,20.0,5.0
37591117,2025/2026,56.0,72.0,43.0,9.0
37591131,2025,,,,
37591206,2025/2026,26.0,46.0,35.0,89.0
37591574,2025/2026,50.0,23.0,17.0,16.0
37591583,2025/2026,,,,
37591584,2025/2026,13.0,26.0,68.0,5.0
37591585,2025/2026,19.0,64.0,38.0,26.0
37591643,2025/2026,23.0,146.0,68.0,42.0
37591679,2025/2026,20.0,16.0,6.0,34.0
37591823,2025/2026,14.0,129.0,106.0,96.0
37591826,2025/2026,,,,
37591971,2025/2026,,,,
37592022,2025/2026,47.0,19.0,23.0,12.0
37592026,2025/2026,15.0,2.0,2.0,4.0
37592030,2025/2026,,,,
37592095,2025/2026,,,,
37592147,2025/2026,60.0,56.0,71.0,178.0
37592183,2025/2026,42.0,23.0,26.0,4.0
37592228,2025/2026,,,,
37592231,2025/2026,,,,
37592294,2025/2026,30.0,4.0,9.0,3.0
37592300,2025/2026,,,,
37592404,2025/2026,31.0,26.0,29.0,74.0
37592411,2025/2026,,,,
37592451,2025/2026,23.0,21.0,11.0,11.0
37592468,2025/2026,17.0,35.0,51.0,74.0
37592544,2025/2026,,,,
37592574,2025/2026,26.0,31.0,41.0,5.0
37592644,2025/2026,,,,
37592680,2025/2026,23.0,10.0,7.0,33.0
37592682,2025/2026,17.0,8.0,5.0,21.0
37592700,2025/2026,35.0,39.0,27.0,20.0
37592714,2025/2026,1.0,,1.0,
37592729,2025/2026,,,,
37592732,2025/2026,4.0,15.0,21.0,1.0
37592734,2025/2026,,,,
37592738,2025/2026,,,,
37592739,2025,63.0,75.0,61.0,43.0
37592741,2025,23.0,58.0,54.0,60.0
37592742,2025/2026,32.0,33.0,31.0,24.0
37592744,2025/2026,38.0,81.0,61.0,66.0
37592747,2025/2026,33.0,12.0,13.0,8.0
37592761,2025/2026,10.0,2.0,8.0,
37592765,2025/2026,18.0,26.0,11.0,15.0
37592778,2025,5.0,7.0,8.0,1.0
37592783,2025/2026,45.0,32.0,14.0,82.0
37592787,2025/2026,,,,
37592788,2025/2026,12.0,79.0,35.0,21.0
37592790,2025/2026,19.0,54.0,23.0,23.0
37592900,2025/2026,18.0,17.0,6.0,16.0
37592942,2025/2026,,,,
37592951,2025/2026,14.0,41.0,38.0,12.0
37593151,2025/2026,33.0,19.0,12.0,37.0
37593153,2025/2026,,,,
37593154,2025/2026,,,,
37593161,2025/2026,60.0,84.0,40.0,84.0
37593165,2025/2026,41.0,64.0,39.0,133.0
37593166,2025/2026,38.0,36.0,14.0,7.0
37593176,2025/2026,41.0,17.0,4.0,33.0
37593182,2025/2026,20.0,83.0,22.0,51.0
37593191,2025/2026,14.0,13.0,3.0,6.0
37593192,2025/2026,43.0,20.0,15.0,10.0
37593199,2025/2026,45.0,27.0,14.0,77.0
37593202,2025/2026,17.0,16.0,20.0,20.0
37593237,2025/2026,,,,
37593240,2025/2026,,,,
37593246,2025/2026,51.0,21.0,14.0,15.0
37593247,2025/2026,27.0,15.0,13.0,4.0
37593253,2025/2026,,,,
37593264,2025/2026,1.0,2.0,,9.0
37593325,2025/2026,23.0,49.0,25.0,51.0
37593371,2025/2026,42.0,71.0,46.0,24.0
37593375,2025/2026,29.0,4.0,11.0,
37593466,2025,5.0,81.0,42.0,26.0
37593787,2025/2026,9.0,56.0,46.0,8.0
37593800,2025,30.0,17.0,45.0,32.0
37593902,2025/2026,44.0,6.0,10.0,
37594329,2025/2026,51.0,68.0,56.0,47.0
37594411,2025/2026,52.0,94.0,36.0,20.0
37594485,2025/2026,9.0,14.0,47.0,14.0
37594544,2025/2026,46.0,11.0,36.0,6.0
37594597,2025,,,,
37594634,2025/2026,33.0,18.0,11.0,108.0
37594780,2025,32.0,26.0,14.0,22.0
37594785,2025/2026,29.0,30.0,22.0,28.0
37594798,2025/2026,33.0,97.0,68.0,24.0
37594800,2025/2026,8.0,9.0,2.0,3.0
37595082,2025/2026,,,,
37595214,2025,25.0,50.0,29.0,70.0
37595214,2025/2026,37.0,16.0,8.0,45.0
37595218,2025/2026,,,,
37595219,2025/2026,5.0,14.0,19.0,3.0
37595227,2025/2026,,,,
37595363,2025/2026,31.0,31.0,21.0,10.0
37595379,2025/2026,,,,
37595444,2025/2026,50.0,59.0,17.0,31.0
37595523,2025/2026,29.0,65.0,76.0,7.0
37595644,2025/2026,22.0,59.0,41.0,191.0
37595692,2025/2026,16.0,107.0,55.0,44.0
37595819,2025/2026,,,,
37595853,2025,,,,
37595855,2025/2026,12.0,2.0,7.0,7.0
37595859,2025/2026,22.0,15.0,15.0,33.0
37595860,2025/2026,71.0,95.0,38.0,114.0
37595897,2025,68.0,28.0,26.0,15.0
37595901,2025,13.0,50.0,51.0,47.0
37595913,2025/2026,,,,
37595970,2025/2026,8.0,22.0,12.0,23.0
37595988,2025/2026,89.0,26.0,8.0,4.0
37596209,2025/2026,35.0,10.0,6.0,8.0
37596210,2025/2026,67.0,21.0,22.0,21.0
37596222,2025/2026,35.0,3.0,6.0,3.0
37596225,2025/2026,35.0,11.0,3.0,2.0
37596354,2025/2026,56.0,17.0,25.0,4.0
37596356,2025,,,,
37596356,2025/2026,30.0,12.0,1.0,22.0
37596363,2025/2026,,,,
37596373,2025/2026,,,,
37596384,2025/2026,,,,
37596430,2025/2026,29.0,27.0,11.0,115.0
37596437,2025/2026,25.0,38.0,25.0,79.0
37596440,2025/2026,27.0,9.0,7.0,53.0
37596443,2025/2026,68.0,70.0,73.0,19.0
37596447,2025/2026,1.0,5.0,17.0,1.0
37596481,2025/2026,37.0,2.0,8.0,1.0
37596491,2025/2026,23.0,9.0,10.0,31.0
37596506,2025/2026,,,,
37596517,2025/2026,7.0,18.0,33.0,5.0
37596530,2025/2026,48.0,5.0,27.0,12.0
37596541,2025/2026,20.0,7.0,14.0,26.0
37596566,2025,25.0,20.0,28.0,28.0
37596668,2025/2026,38.0,12.0,14.0,11.0
37596742,2025/2026,11.0,44.0,21.0,23.0
37596750,2025/2026,52.0,57.0,30.0,119.0
37596751,2025/2026,31.0,12.0,5.0,7.0
37596774,2025/2026,57.0,27.0,19.0,2.0
37596932,2025/2026,,,,
37596971,2025/2026,8.0,37.0,50.0,4.0
37596973,2025/2026,,,,
37596980,2025/2026,,,,
37596982,2025/2026,,,,
37597012,2025/2026,22.0,11.0,9.0,4.0
37597013,2025/2026,67.0,120.0,57.0,66.0
37597066,2025/2026,,,,
37597160,2025/2026,41.0,39.0,19.0,6.0
37597177,2025/2026,20.0,16.0,12.0,23.0
37597184,2025/2026,14.0,1.0,11.0,1.0
37597195,2025/2026,18.0,30.0,7.0,18.0
37597229,2025/2026,63.0,28.0,19.0,18.0
37597231,2025/2026,16.0,57.0,33.0,30.0
37597391,2025/2026,23.0,43.0,25.0,19.0
37597409,2025,,,,
37597447,2025/2026,33.0,36.0,38.0,10.0
37597519,2025/2026,24.0,2.0,6.0,3.0
37597520,2025/2026,5.0,30.0,32.0,14.0
37597524,2025/2026,26.0,3.0,7.0,5.0
37597528,2025/2026,39.0,158.0,87.0,154.0
37597531,2025/2026,42.0,46.0,50.0,168.0
37597539,2025/2026,16.0,,7.0,
37597571,2025,39.0,18.0,15.0,28.0
37597583,2025/2026,43.0,36.0,31.0,29.0
37597737,2025/2026,,,,
37597759,2025/2026,5.0,6.0,1.0,6.0
37597769,2025/2026,10.0,22.0,29.0,77.0
37597771,2025/2026,15.0,43.0,43.0,10.0
37597888,2025/2026,38.0,10.0,7.0,4.0
37597889,2025/2026,30.0,68.0,25.0,25.0
37597897,2025/2026,27.0,25.0,7.0,22.0
37597898,2025/2026,30.0,12.0,11.0,1.0
37597901,2025/2026,67.0,18.0,12.0,3.0
37597902,2025/2026,24.0,5.0,12.0,4.0
37597939,2025/2026,36.0,18.0,13.0,1.0
37597941,2025/2026,79.0,53.0,29.0,220.0
37597971,2025/2026,16.0,4.0,8.0,1.0
37597987,2025/2026,32.0,28.0,22.0,5.0
37598113,2025/2026,16.0,29.0,39.0,14.0
37598148,2025/2026,,,,
37598304,2025/2026,28.0,18.0,11.0,41.0
37598324,2025/2026,47.0,23.0,9.0,14.0
37598617,2025/2026,,,,
37598720,2025/2026,,,,
37598725,2025/2026,,,,
37598726,2025/2026,,,,
37598728,2025/2026,,,,
37598749,2025/2026,19.0,6.0,3.0,7.0
37598755,2025/2026,,,,
37598763,2025/2026,45.0,30.0,10.0,64.0
37598778,2025,18.0,39.0,13.0,9.0
37598782,2025/2026,33.0,45.0,10.0,77.0
37598783,2025,33.0,50.0,16.0,18.0
37598793,2025,18.0,44.0,20.0,25.0
37598806,2025,12.0,20.0,29.0,5.0
37598811,2025/2026,24.0,5.0,6.0,11.0
37598813,2025/2026,12.0,5.0,2.0,4.0
37598825,2025/2026,34.0,9.0,3.0,
37598882,2025,40.0,51.0,13.0,65.0
37598896,2025/2026,,,,
37599084,2025/2026,37.0,30.0,18.0,25.0
37599085,2025/2026,31.0,193.0,86.0,103.0
37599167,2025/2026,4.0,14.0,34.0,4.0
37599292,2025,,,,
37599299,2025/2026,25.0,17.0,12.0,14.0
37599315,2025/2026,13.0,9.0,18.0,39.0
37599445,2025,,,,
37599454,2025,13.0,3.0,,2.0
37599456,2025/2026,69.0,34.0,21.0,66.0
37599458,2025/2026,,,,
37599469,2025/2026,54.0,54.0,23.0,117.0
37599471,2025/2026,,,,
37599597,2025/2026,13.0,68.0,27.0,124.0
37599633,2025/2026,33.0,99.0,43.0,123.0
37599659,2025/2026,34.0,3.0,11.0,6.0
37599918,2025/2026,7.0,4.0,,1.0
37599980,2025/2026,52.0,69.0,19.0,62.0
37599990,2025/2026,8.0,5.0,7.0,2.0
37599992,2025/2026,,,,
37600053,2025/2026,103.0,40.0,14.0,42.0
37600063,2025/2026,,,,
37600075,2025/2026,,,,
37600173,2025/2026,35.0,22.0,34.0,24.0
37600197,2025/2026,28.0,31.0,19.0,80.0
37600243,2025/2026,,,,
37600244,2025/2026,,,,
37600255,2025/2026,7.0,10.0,36.0,1.0
37600262,2025/2026,,,,
37600273,2025/2026,,,,
37600274,2025/2026,,,,
37600277,2025/2026,,,,
37600284,2025/2026,,,,
37600291,2025/2026,15.0,34.0,34.0,49.0
37600305,2025/2026,,,,
37600315,2025/2026,32.0,17.0,31.0,15.0
37600317,2025/2026,29.0,53.0,16.0,6.0
37600320,2025/2026,59.0,22.0,10.0,11.0
37600340,2025,,,,
37600357,2025/2026,,,,
37600364,2025/2026,32.0,29.0,9.0,49.0
37600506,2025/2026,46.0,27.0,12.0,17.0
37600507,2025/2026,14.0,4.0,2.0,6.0
37600510,2025/2026,32.0,33.0,32.0,17.0
37600525,2025/2026,61.0,40.0,27.0,70.0
37600527,2025/2026,67.0,5.0,19.0,6.0
37600539,2025/2026,25.0,5.0,7.0,2.0
37600543,2025/2026,,,,
37600565,2025/2026,55.0,81.0,33.0,78.0
37600577,2025/2026,5.0,16.0,15.0,17.0
37600585,2025/2026,20.0,36.0,12.0,4.0
37600592,2025/2026,35.0,24.0,13.0,12.0
37600595,2025/2026,,,,
37600639,2025/2026,31.0,52.0,32.0,64.0
37600648,2025/2026,23.0,19.0,9.0,34.0
37600650,2025/2026,39.0,14.0,74.0,30.0
37600660,2025/2026,22.0,11.0,9.0,1.0
37600665,2025/2026,56.0,21.0,28.0,14.0
37600775,2025/2026,47.0,62.0,58.0,34.0
37600806,2025/2026,35.0,11.0,16.0,7.0
37600810,2025/2026,31.0,34.0,17.0,28.0
37600817,2025,21.0,35.0,15.0,20.0
37600886,2025,12.0,62.0,52.0,6.0
37600887,2025/2026,16.0,23.0,56.0,114.0
37600924,2025/2026,29.0,35.0,16.0,42.0
37600933,2025/2026,33.0,20.0,14.0,6.0
37600942,2025/2026,,,,
37600943,2025/2026,10.0,49.0,23.0,40.0
37601089,2025/2026,39.0,11.0,5.0,12.0
37601118,2025/2026,,,,
37601122,2025/2026,46.0,105.0,93.0,44.0
37601242,2025/2026,,,,
37601247,2025/2026,38.0,5.0,9.0,14.0
37601251,2025/2026,,,,
37601270,2025/2026,18.0,21.0,10.0,15.0
37601281,2025/2026,14.0,13.0,24.0,21.0
37601328,2025/2026,,,,
37601341,2025/2026,18.0,40.0,57.0,7.0
37601346,2025/2026,,,,
37601347,2025/2026,11.0,81.0,69.0,25.0
37601720,2025/2026,,,,
37601796,2025/2026,29.0,7.0,17.0,7.0
37601797,2025/2026,20.0,27.0,23.0,27.0
37601802,2025/2026,,,,
37601803,2025/2026,,,,
37601827,2025,20.0,6.0,11.0,2.0
37601905,2025/2026,21.0,,12.0,2.0
37601918,2025/2026,35.0,19.0,14.0,28.0
37601923,2025/2026,24.0,51.0,45.0,66.0
37601984,2025,15.0,101.0,38.0,79.0
37601998,2025/2026,17.0,15.0,10.0,10.0
37602079,2025/2026,,,,
37602080,2025/2026,,,,
37602083,2025/2026,22.0,10.0,16.0,10.0
37602122,2025/2026,,,,
37602220,2025/2026,,,,
37602253,2025/2026,10.0,17.0,17.0,11.0
37602299,2025/2026,24.0,17.0,18.0,77.0
37602306,2025,,,,
37602459,2025/2026,40.0,18.0,18.0,32.0
37602698,2025,,,,
37602698,2025/2026,,,,
37602709,2025/2026,39.0,32.0,29.0,51.0
37602739,2025/2026,6.0,23.0,24.0,1.0
37603157,2025/2026,7.0,23.0,37.0,7.0
37603238,2025/2026,,,,
37603273,2025/2026,,,,
37603288,2025/2026,4.0,49.0,39.0,2.0
37603723,2025,22.0,32.0,73.0,9.0
37603723,2025/2026,5.0,9.0,21.0,3.0
37603728,2025,,,,
37603833,2025/2026,41.0,19.0,22.0,45.0
37603838,2025/2026,32.0,74.0,50.0,49.0
37603864,2025,,,,
37604204,2025/2026,,,,
37604529,2025/2026,,,,
37604611,2025/2026,18.0,2.0,3.0,2.0
37604612,2025,,,,
37604639,2025/2026,27.0,56.0,36.0,103.0
37604640,2025,,,,
37604659,2025/2026,13.0,11.0,2.0,14.0
37604669,2025/2026,,,,
37604680,2025/2026,30.0,10.0,7.0,6.0
37604832,2025/2026,20.0,65.0,15.0,49.0
37605117,2025/2026,,,,
37605120,2025/2026,27.0,32.0,14.0,14.0
37605216,2025,,,,
37605221,2025,,,,
37605429,2025/2026,77.0,18.0,12.0,42.0
37605430,2025/2026,36.0,30.0,14.0,36.0
37605433,2025/2026,19.0,5.0,10.0,4.0
37605472,2025,,,,
37605585,2025,,,,
37606041,2025/2026,,,,
37606065,2025/2026,36.0,27.0,20.0,32.0
37606520,2025/2026,,,,
37606732,2025,,,,
37606827,2025/2026,30.0,9.0,10.0,13.0
37606829,2025/2026,,,,
37606838,2025,33.0,54.0,35.0,34.0
37606887,2025/2026,39.0,44.0,26.0,25.0
37606891,2025/2026,36.0,16.0,4.0,6.0
37606904,2025/2026,,,,
37606984,2025/2026,,,,
37607139,2025/2026,,,,
37607151,2025/2026,,,,
37607177,2025/2026,146.0,46.0,28.0,11.0
37607181,2025/2026,24.0,1.0,4.0,1.0
37607212,2025,26.0,26.0,16.0,34.0
37607213,2025,33.0,98.0,28.0,44.0
37607213,2025/2026,21.0,44.0,27.0,35.0
37607334,2025/2026,,,,
37607389,2025/2026,19.0,6.0,1.0,2.0
37607729,2025/2026,,,,
37608051,2025,,,,
37608175,2025,63.0,46.0,41.0,150.0
37608197,2025,,,,
37608393,2025/2026,36.0,21.0,3.0,22.0
37608417,2025/2026,20.0,54.0,45.0,53.0
37608472,2025/2026,26.0,69.0,84.0,15.0
37608513,2025/2026,,,,
37608597,2025/2026,109.0,101.0,35.0,93.0
37608598,2025,104.0,39.0,42.0,5.0
37608676,2025/2026,27.0,54.0,34.0,60.0
37608777,2025/2026,19.0,11.0,54.0,10.0
37608791,2025,,,,
37608809,2025/2026,29.0,17.0,14.0,7.0
37608855,2025/2026,44.0,67.0,15.0,278.0
37608896,2025/2026,42.0,5.0,9.0,4.0
37608909,2025/2026,,,,
37608961,2025/2026,76.0,7.0,17.0,8.0
37608964,2025/2026,,,,
37608995,2025,,,,
37608995,2025/2026,,,,
37609025,2025/2026,,4.0,26.0,
37609085,2025/2026,28.0,5.0,10.0,2.0
37609122,2025/2026,35.0,10.0,10.0,1.0
37609137,2025/2026,13.0,39.0,16.0,14.0
37609158,2025/2026,,,,
37609179,2025/2026,10.0,13.0,16.0,13.0
37609216,2025/2026,34.0,14.0,23.0,10.0
37609229,2025/2026,16.0,20.0,30.0,5.0
37609274,2025/2026,23.0,45.0,25.0,31.0
37609291,2025/2026,16.0,9.0,6.0,7.0
37609296,2025/2026,64.0,40.0,22.0,33.0
37609326,2025/2026,,,,
37609357,2025/2026,8.0,14.0,30.0,14.0
37609422,2025/2026,25.0,102.0,78.0,65.0
37609440,2025,39.0,43.0,28.0,24.0
37609474,2025/2026,,,,
37609475,2025/2026,,,,
37609526,2025/2026,,,,
37609642,2025/2026,20.0,8.0,16.0,31.0
37609650,2025/2026,,,,
37609781,2025/2026,,,,
37609783,2025/2026,,,,
37609794,2025/2026,,,,
37609819,2025/2026,,,,
37609863,2025,,,,
37609873,2025/2026,23.0,7.0,13.0,24.0
37610161,2025/2026,29.0,14.0,9.0,5.0
37610435,2025/2026,,,,
37610595,2025/2026,35.0,93.0,40.0,80.0
37610637,2025/2026,30.0,33.0,33.0,25.0
37610686,2025/2026,7.0,12.0,29.0,
37610733,2025/2026,26.0,29.0,4.0,70.0
37610883,2025/2026,36.0,45.0,12.0,25.0
37611059,2025/2026,46.0,47.0,25.0,81.0
37611109,2025/2026,22.0,8.0,18.0,5.0
37611555,2025,,,,
37611704,2025,,,,
37611771,2025,24.0,168.0,38.0,89.0
37611833,2025/2026,45.0,28.0,13.0,18.0
37611839,2025/2026,16.0,22.0,23.0,66.0
37611869,2025/2026,18.0,21.0,16.0,15.0
37611872,2025/2026,30.0,32.0,27.0,6.0
37611899,2025/2026,,,,
37611902,2025/2026,56.0,21.0,16.0,61.0
37611904,2025/2026,12.0,2.0,4.0,1.0
37611939,2025/2026,27.0,14.0,4.0,4.0
37611940,2025/2026,52.0,23.0,6.0,17.0
37611943,2025/2026,54.0,42.0,50.0,90.0
37611954,2025/2026,44.0,37.0,27.0,2.0
37611980,2025/2026,58.0,40.0,8.0,91.0
37611981,2025/2026,5.0,17.0,21.0,26.0
37611999,2025/2026,34.0,167.0,98.0,121.0
37612030,2025/2026,46.0,26.0,8.0,36.0
37612033,2025/2026,93.0,48.0,24.0,111.0
37612034,2025/2026,23.0,22.0,9.0,2.0
37612035,2025/2026,39.0,49.0,38.0,24.0
37612045,2025/2026,,,,
37612108,2025/2026,,,,
37612112,2025/2026,,,,
37612234,2025/2026,13.0,30.0,54.0,5.0
37612250,2025/2026,21.0,34.0,11.0,19.0
37612468,2025/2026,53.0,31.0,24.0,6.0
37612500,2025,,,,
37612525,2025/2026,20.0,11.0,8.0,17.0
37612542,2025/2026,,,,
37612548,2025/2026,32.0,26.0,45.0,21.0
37612552,2025/2026,6.0,8.0,3.0,1.0
37612555,2025,56.0,73.0,50.0,10.0
37612558,2025/2026,57.0,15.0,4.0,5.0
37612567,2025/2026,39.0,18.0,23.0,9.0
37612626,2025/2026,29.0,23.0,20.0,73.0
37612641,2025/2026,51.0,65.0,31.0,45.0
37612654,2025/2026,41.0,26.0,33.0,8.0
37612659,2025/2026,,,,
37612732,2025/2026,31.0,19.0,13.0,52.0
37612958,2025/2026,23.0,38.0,43.0,12.0
37613353,2025/2026,,,,
37613423,2025/2026,,,,
37613441,2025/2026,,,,
37613453,2025/2026,31.0,12.0,2.0,1.0
37613457,2025/2026,28.0,90.0,32.0,12.0
37613533,2025/2026,19.0,46.0,41.0,60.0
37613757,2025/2026,24.0,32.0,15.0,28.0
37613797,2025/2026,,,,
37613821,2025/2026,12.0,5.0,2.0,
37613882,2025/2026,22.0,14.0,5.0,8.0
37613944,2025/2026,15.0,12.0,10.0,16.0
37613951,2025/2026,24.0,9.0,3.0,43.0
37613986,2025,,,,
37614038,2025/2026,,,,
37614062,2025/2026,43.0,23.0,13.0,80.0
37614081,2025/2026,,,,
37614088,2025/2026,,,,
37614089,2025/2026,,,,
37614138,2025/2026,32.0,33.0,18.0,7.0
37614468,2025/2026,4.0,9.0,15.0,6.0
37614523,2025/2026,16.0,37.0,36.0,3.0
37614687,2025/2026,,,,
37614710,2025/2026,30.0,13.0,22.0,
37614713,2025/2026,37.0,88.0,59.0,41.0
37614769,2025/2026,16.0,60.0,14.0,111.0
37614781,2025,,,,
37614783,2025,37.0,2.0,11.0,1.0
37614792,2025,,,,
37614805,2025,,,,
37614807,2025,,,,
37614889,2025/2026,38.0,8.0,11.0,2.0
37614987,2025/2026,90.0,33.0,24.0,4.0
37614996,2025/2026,33.0,15.0,26.0,36.0
37614998,2025/2026,34.0,34.0,20.0,103.0
37615015,2025,,,,
37615088,2025,,,,
37615100,2025/2026,,,,
37615218,2025/2026,,,,
37615311,2025/2026,,,,
37615328,2025/2026,21.0,54.0,22.0,61.0
37615337,2025,,,,
37615479,2025/2026,26.0,98.0,18.0,70.0
37615614,2025,,,,
37615615,2025/2026,,,,
37615618,2025/2026,,,,
37615677,2025/2026,2.0,14.0,7.0,5.0
37615695,2025,19.0,17.0,9.0,65.0
37615735,2025/2026,,,,
37615782,2025/2026,32.0,19.0,6.0,2.0
37615861,2025/2026,68.0,80.0,22.0,134.0
37615862,2025/2026,,,,
37615882,2025/2026,33.0,4.0,9.0,23.0
37615912,2025/2026,20.0,29.0,53.0,18.0
37615913,2025/2026,65.0,28.0,29.0,4.0
37615968,2025,,,,
37615973,2025/2026,31.0,71.0,71.0,26.0
37616075,2025/2026,28.0,29.0,21.0,14.0
37616144,2025/2026,53.0,44.0,23.0,112.0
37616175,2025/2026,,,,
37616197,2025,,,,
37616209,2025,,,,
37616220,2025,,,,
37616221,2025,,,,
37616242,2025,,,,
37616277,2025/2026,19.0,3.0,3.0,3.0
37616290,2025,56.0,39.0,26.0,56.0
37616317,2025,,,,
37616318,2025,,,,
37616318,2025/2026,40.0,27.0,32.0,37.0
37616319,2025,,,,
37616325,2025/2026,82.0,63.0,15.0,18.0
37616329,2025/2026,,,,
37616338,2025,,,,
37616342,2025/2026,29.0,17.0,15.0,40.0
37616359,2025/2026,57.0,29.0,7.0,40.0
37616360,2025/2026,18.0,21.0,18.0,24.0
37616409,2025/2026,73.0,34.0,26.0,41.0
37616430,2025,,,,
37616513,2025/2026,8.0,25.0,11.0,16.0
37616518,2025/2026,,,,
37616601,2025,,,,
37616605,2025,,,,
37616612,2025/2026,4.0,10.0,7.0,
37616665,2025,8.0,56.0,39.0,60.0
37616665,2025/2026,18.0,107.0,63.0,72.0
37616671,2025,,,,
37616725,2025/2026,,,,
37616895,2025/2026,16.0,116.0,35.0,31.0
37617118,2025,,,,
37617138,2025/2026,,,,
37617195,2025/2026,,,,
37617297,2025/2026,17.0,49.0,29.0,29.0
37617612,2025,,,,
37617618,2025,,,,
37617621,2025,,,,
37617936,2025,,,,
37617939,2025,,,,
37618080,2025,,,,
37618081,2025,,,,
37618146,2025,,,,
37618166,2025/2026,41.0,22.0,15.0,14.0
37618190,2025/2026,3.0,3.0,4.0,2.0
37618252,2025,,,,
37618286,2025/2026,,,,
37618295,2025/2026,47.0,24.0,5.0,22.0
37618338,2025,,,,
37618353,2025/2026,,,,
37618415,2025/2026,39.0,7.0,16.0,2.0
37618417,2025,,,,
37618432,2025,,,,
37618434,2025,,,,
37618437,2025,,,,
37618454,2025,,,,
37618515,2025,,,,
37618516,2025,,,,
37618570,2025/2026,11.0,,11.0,3.0
37618577,2025/2026,,,,
37618642,2025/2026,,,,
37618798,2025,,,,
37618896,2025/2026,,,,
37618899,2025/2026,12.0,34.0,23.0,13.0
37618925,2025/2026,20.0,12.0,4.0,5.0
37618936,2025,,,,
37618940,2025,,,,
37618974,2025,,,,
37618987,2025/2026,,,,
37618989,2025/2026,,,,
37619101,2025,,,,
37619143,2025,,,,
37619216,2025/2026,8.0,7.0,9.0,5.0
37619241,2025/2026,28.0,56.0,19.0,31.0
37619272,2025/2026,42.0,34.0,43.0,89.0
37619355,2025/2026,23.0,37.0,22.0,32.0
37619370,2025,48.0,73.0,74.0,38.0
37619380,2025/2026,12.0,14.0,36.0,4.0
37619409,2025,,,,
37619423,2025,,,,
37619423,2025/2026,15.0,3.0,7.0,2.0
37619425,2025,,,,
37619436,2025,,,,
37619443,2025/2026,11.0,43.0,33.0,14.0
37619465,2025,,,,
37619473,2025/2026,73.0,109.0,34.0,72.0
37619476,2025,,,,
37619479,2025,,,,
37619499,2025,,,,
37619518,2025,,,,
37619560,2025/2026,,,,
37619593,2025,,,,
37619628,2025,,,,
37619734,2025,,,,
37619738,2025/2026,28.0,31.0,33.0,9.0
37619910,2025,,,,
37619940,2025,,,,
37619977,2025/2026,,,,
37620346,2025,,,,
37620406,2025/2026,17.0,68.0,40.0,37.0
37620415,2025/2026,26.0,41.0,16.0,64.0
37620495,2025,,,,
37620534,2025,24.0,16.0,16.0,3.0
37620538,2025,24.0,64.0,30.0,20.0
37620669,2025/2026,,,,
37620694,2025,,,,
37620818,2025/2026,13.0,2.0,7.0,1.0
37620896,2025/2026,,,,
37620939,2025/2026,,,,
37621056,2025/2026,19.0,48.0,24.0,36.0
37621057,2025/2026,64.0,32.0,61.0,161.0
37621234,2025/2026,33.0,18.0,6.0,10.0
37621257,2025/2026,22.0,11.0,34.0,3.0
37621326,2025/2026,46.0,81.0,48.0,31.0
37621397,2025/2026,83.0,77.0,36.0,26.0
37621442,2025/2026,63.0,45.0,34.0,19.0
37621483,2025,,,,
37621484,2025,,,,
37621484,2025/2026,61.0,14.0,13.0,3.0
37621495,2025,26.0,5.0,,
37621635,2025/2026,18.0,1.0,5.0,2.0
37621811,2025,,,,
37622005,2025/2026,11.0,,4.0,
37622028,2025,,,,
37622131,2025/2026,6.0,9.0,8.0,8.0
37622162,2025/2026,,,,
37622173,2025/2026,12.0,22.0,6.0,2.0
37622174,2025/2026,,,,
37622253,2025,,,,
37622265,2025,,,,
37622274,2025/2026,4.0,45.0,56.0,5.0
37622366,2025,,,,
37622442,2025/2026,,,,
37622498,2025/2026,,,,
37622501,2025/2026,,,,
37622504,2025/2026,,,,
37622541,2025/2026,19.0,53.0,51.0,50.0
37622795,2025/2026,,2.0,,
37622796,2025/2026,,,,
37622856,2025/2026,19.0,19.0,16.0,30.0
37622962,2025/2026,23.0,6.0,13.0,2.0
37622976,2025/2026,,,,
37622985,2025/2026,39.0,6.0,2.0,10.0
37623025,2025/2026,,,,
37623087,2025,,,,
37623170,2025/2026,,,,
37623217,2025,,,,
37623366,2025,,,,
37623367,2025,,,,
37623379,2025,,,,
37623397,2025/2026,20.0,83.0,32.0,59.0
37623398,2025/2026,25.0,114.0,48.0,130.0
37623459,2025/2026,,,,
37623466,2025/2026,52.0,75.0,8.0,81.0
37623507,2025,,,,
37623986,2025/2026,45.0,35.0,32.0,28.0
37623996,2025/2026,45.0,34.0,13.0,20.0
37623997,2025,18.0,15.0,11.0,20.0
37624009,2025/2026,,,,
37624034,2025/2026,20.0,40.0,27.0,34.0
37624037,2025,,,,
37624112,2025/2026,8.0,7.0,30.0,2.0
37624122,2025/2026,43.0,16.0,11.0,10.0
37624126,2025/2026,,,,
37624127,2025/2026,29.0,8.0,13.0,
37624135,2025/2026,12.0,16.0,8.0,30.0
37624150,2025/2026,57.0,13.0,19.0,56.0
37624308,2025/2026,,,,
37624317,2025/2026,30.0,21.0,3.0,3.0
37624325,2025/2026,,,,
37624330,2025/2026,41.0,10.0,19.0,4.0
37624430,2025/2026,57.0,38.0,12.0,58.0
37624531,2025/2026,31.0,56.0,10.0,25.0
37624889,2025/2026,39.0,56.0,6.0,59.0
37624914,2025/2026,54.0,23.0,20.0,118.0
37625047,2025/2026,16.0,15.0,16.0,3.0
37625152,2025/2026,6.0,26.0,24.0,5.0
37625229,2025,,,,
37625254,2025,,,,
37625320,2025,,,,
37625337,2025,,,,
37625343,2025/2026,,,,
37625389,2025/2026,16.0,2.0,6.0,2.0
37625391,2025/2026,6.0,9.0,9.0,2.0
37625402,2025/2026,,,,
37625409,2025/2026,,,,
37625414,2025,,,,
37625440,2025,,1.0,1.0,1.0
37625524,2025/2026,33.0,19.0,14.0,18.0
37625553,2025/2026,,,,
37625569,2025/2026,,,,
37625601,2025/2026,38.0,26.0,28.0,12.0
37625632,2025,,,,
37625635,2025,,,,
37625673,2025/2026,30.0,30.0,9.0,44.0
37625680,2025,,,,
37625723,2025,,,,
37625727,2025,,,,
37625728,2025/2026,15.0,78.0,40.0,44.0
37625742,2025,,,,
37625756,2025,,,,
37625756,2025/2026,,,,
37625763,2025,,,,
37625767,2025/2026,23.0,103.0,45.0,72.0
37625786,2025,,,,
37625843,2025,,,,
37625846,2025,,,,
37625846,2025/2026,31.0,41.0,23.0,34.0
37625886,2025,,,,
37625898,2025/2026,35.0,40.0,23.0,68.0
37625928,2025,,,,
37625980,2025,,,,
37626229,2025/2026,,,,
37626598,2025/2026,14.0,51.0,57.0,23.0
37627015,2025,,,,
37627017,2025/2026,47.0,19.0,25.0,4.0
37627033,2025/2026,32.0,7.0,16.0,2.0
37627035,2025,,,,
37627036,2025/2026,,,,
37627037,2025/2026,33.0,54.0,22.0,124.0
37627084,2025,,,,
37627119,2025/2026,9.0,23.0,27.0,4.0
37627140,2025/2026,17.0,109.0,61.0,66.0
37627178,2025,,,,
37627254,2025/2026,,,,
37627277,2025/2026,11.0,6.0,1.0,3.0
37627285,2025,,,,
37627298,2025,,,,
37627306,2025/2026,11.0,2.0,2.0,
37627450,2025/2026,11.0,24.0,13.0,14.0
37627475,2025/2026,45.0,83.0,79.0,12.0
37627492,2025/2026,38.0,42.0,16.0,13.0
37627539,2025,19.0,32.0,23.0,12.0
37627677,2025,24.0,4.0,14.0,27.0
37627677,2025/2026,,,,
37627691,2025/2026,19.0,45.0,76.0,7.0
37627750,2025,,,,
37627803,2025/2026,,,,
37627957,2025/2026,,,,
37628353,2025/2026,,,,
37628398,2025/2026,,,,
37628426,2025,,,,
37629262,2025/2026,42.0,14.0,15.0,12.0
37629263,2025/2026,56.0,32.0,16.0,5.0
37629333,2025,,,,
37629335,2025/2026,,,,
37629344,2025/2026,18.0,7.0,3.0,4.0
37629354,2025/2026,34.0,25.0,22.0,26.0
37629495,2025/2026,3.0,24.0,18.0,1.0
37629622,2025,,,,
37629662,2025,,,,
37629697,2025/2026,16.0,7.0,2.0,1.0
37629707,2025,37.0,19.0,14.0,45.0
37629725,2025,10.0,17.0,37.0,21.0
37629733,2025,19.0,2.0,10.0,10.0
37629799,2025/2026,19.0,21.0,30.0,47.0
37629806,2025/2026,41.0,29.0,23.0,87.0
37630179,2025/2026,,,,
37630514,2025/2026,,,,
37630678,2025/2026,,,,
37630690,2025/2026,9.0,11.0,3.0,7.0
37630720,2025/2026,,,,
37630829,2025/2026,11.0,21.0,20.0,16.0
37631118,2025,,,,
37631334,2025/2026,17.0,53.0,32.0,36.0
37631440,2025,,,,
37631457,2025,15.0,2.0,3.0,2.0
37631459,2025,20.0,3.0,10.0,1.0
37631468,2025,,,,
37631481,2025/2026,,,,
37631592,2025/2026,,,,
37631667,2025/2026,,,,
37631794,2025/2026,41.0,104.0,52.0,73.0
37631801,2025/2026,13.0,37.0,44.0,58.0
37631810,2025/2026,49.0,19.0,6.0,8.0
37631854,2025/2026,25.0,16.0,14.0,7.0
37631855,2025/2026,33.0,95.0,77.0,133.0
37631909,2025/2026,,,,
37631941,2025/2026,,,,
37631961,2025/2026,28.0,18.0,14.0,24.0
37631969,2025/2026,,,,
37632001,2025/2026,45.0,101.0,37.0,79.0
37632003,2025/2026,,,,
37632006,2025/2026,27.0,23.0,10.0,8.0
37632013,2025/2026,36.0,11.0,6.0,1.0
37632132,2025/2026,,,,
37632244,2025/2026,53.0,12.0,1.0,4.0
37632254,2025/2026,,,,
37632306,2025/2026,,,,
37632336,2025/2026,,,,
37632340,2025/2026,35.0,31.0,16.0,37.0
37632369,2025,38.0,32.0,17.0,30.0
37632375,2025/2026,32.0,3.0,6.0,6.0
37632376,2025/2026,2.0,3.0,5.0,2.0
37632412,2025/2026,24.0,38.0,25.0,15.0
37632488,2025,19.0,52.0,32.0,43.0
37632496,2025/2026,51.0,67.0,54.0,40.0
37633086,2025,,,,
37633094,2025,,,,
37633238,2025/2026,23.0,34.0,14.0,4.0
37633249,2025/2026,,,,
37633394,2025/2026,,,,
37633439,2025,,,,
37633493,2025,,,,
37633535,2025,,,,
37633598,2025,,,,
37633737,2025/2026,18.0,16.0,10.0,4.0
37633767,2025/2026,21.0,9.0,6.0,32.0
37633774,2025/2026,,,,
37633778,2025/2026,15.0,47.0,43.0,12.0
37633810,2025,,,,
37633823,2025/2026,,,,
37633890,2025/2026,20.0,12.0,12.0,3.0
37633994,2025,,,,
37633996,2025,,,,
37634227,2025/2026,,,,
37634230,2025/2026,,,,
37634360,2025/2026,42.0,10.0,20.0,4.0
37634431,2025,8.0,44.0,52.0,5.0
37634467,2025,,,,
37634561,2025/2026,34.0,29.0,7.0,12.0
37634563,2025/2026,8.0,26.0,11.0,12.0
37634585,2025,25.0,86.0,53.0,78.0
37634597,2025/2026,54.0,75.0,54.0,36.0
37634609,2025/2026,19.0,15.0,23.0,21.0
37634651,2025/2026,55.0,38.0,23.0,30.0
37634695,2025/2026,29.0,4.0,7.0,18.0
37634710,2025/2026,46.0,9.0,7.0,4.0
37634711,2025/2026,14.0,38.0,79.0,15.0
37634715,2025,,,,
37634775,2025/2026,33.0,11.0,2.0,20.0
37634805,2025,,,,
37634850,2025/2026,8.0,68.0,22.0,27.0
37634874,2025/2026,52.0,12.0,8.0,5.0
37634919,2025,12.0,91.0,30.0,78.0
37634930,2025/2026,47.0,99.0,66.0,37.0
37634976,2025,,,,
37635010,2025/2026,14.0,53.0,24.0,80.0
37635121,2025/2026,22.0,37.0,4.0,34.0
37635151,2025/2026,29.0,25.0,15.0,66.0
37635411,2025,,,,
37635414,2025,,,,
37635461,2025/2026,34.0,6.0,14.0,1.0
37635665,2025,63.0,13.0,25.0,22.0
37635741,2025/2026,,,,
37635823,2025/2026,18.0,19.0,29.0,25.0
37635855,2025,27.0,6.0,10.0,3.0
37635944,2025/2026,,,,
37636967,2025,,,,
37637006,2025,,,,
37637019,2025,,,,
37637025,2025/2026,,,,
37637098,2025/2026,,,,
37637100,2025/2026,27.0,121.0,42.0,56.0
37637178,2025,75.0,9.0,16.0,25.0
37637485,2025/2026,19.0,23.0,15.0,37.0
37637487,2025/2026,52.0,81.0,19.0,71.0
37637488,2025/2026,7.0,10.0,12.0,6.0
37638475,2025/2026,12.0,37.0,36.0,8.0
37639082,2025,,,,
37639893,2025/2026,,,,
37639894,2025/2026,,,,
37639937,2025/2026,16.0,3.0,8.0,7.0
37639956,2025/2026,,,,
37640040,2025/2026,11.0,11.0,25.0,1.0
37640046,2025/2026,17.0,44.0,31.0,33.0
37640060,2025,,,,
37640109,2025,17.0,21.0,10.0,16.0
37640297,2025/2026,26.0,4.0,12.0,1.0
37640300,2025/2026,13.0,25.0,34.0,11.0
37640360,2025/2026,,,,
37640364,2025/2026,32.0,58.0,41.0,54.0
37640408,2025/2026,25.0,10.0,15.0,13.0
37640735,2025/2026,35.0,40.0,27.0,52.0
37640769,2025/2026,18.0,57.0,109.0,18.0
37641032,2025/2026,,,,
37642062,2025,10.0,,6.0,
37642063,2025,10.0,30.0,8.0,13.0
37642097,2025/2026,21.0,17.0,15.0,54.0
37642120,2025,38.0,8.0,8.0,8.0
37642169,2025,16.0,50.0,27.0,12.0
37642337,2025/2026,,,,
37642338,2025/2026,,,,
37642392,2025/2026,45.0,30.0,5.0,4.0
37642432,2025,,,,
37642548,2025,,,,
37642555,2025/2026,24.0,4.0,16.0,
37642562,2025,26.0,58.0,23.0,51.0
37642615,2025/2026,23.0,13.0,13.0,1.0
37642627,2025/2026,42.0,11.0,3.0,13.0
37642676,2025/2026,,,,
37642679,2025/2026,,,,
37642698,2025/2026,40.0,38.0,9.0,18.0
37642941,2025/2026,27.0,62.0,18.0,16.0
37643071,2025/2026,,,,
37643184,2025/2026,16.0,25.0,35.0,39.0
37643308,2025/2026,26.0,10.0,17.0,12.0
37643310,2025/2026,27.0,5.0,12.0,15.0
37643524,2025/2026,32.0,33.0,16.0,35.0
37643529,2025/2026,45.0,116.0,90.0,65.0
37643535,2025/2026,34.0,16.0,24.0,10.0
37643538,2025/2026,,,,
37643544,2025/2026,53.0,94.0,53.0,62.0
37643592,2025/2026,58.0,84.0,33.0,56.0
37643651,2025,17.0,15.0,12.0,10.0
37643676,2025/2026,37.0,31.0,36.0,37.0
37643700,2025/2026,17.0,15.0,11.0,27.0
37643753,2025/2026,74.0,24.0,41.0,29.0
37643754,2025/2026,38.0,36.0,21.0,57.0
37643891,2025,39.0,39.0,65.0,10.0
37643914,2025,33.0,22.0,5.0,17.0
37643922,2025/2026,23.0,22.0,5.0,3.0
37644034,2025/2026,17.0,19.0,7.0,12.0
37644042,2025/2026,,,,
37644137,2025/2026,,,,
37644692,2025,65.0,56.0,21.0,58.0
37644699,2025/2026,23.0,12.0,14.0,9.0
37644701,2025/2026,42.0,17.0,62.0,5.0
37644759,2025/2026,41.0,23.0,3.0,9.0
37644859,2025,,,,
37644885,2025/2026,22.0,61.0,22.0,48.0
37644990,2025/2026,24.0,18.0,9.0,7.0
37645043,2025/2026,,,,
37645066,2025/2026,,,,
37645082,2025/2026,,,,
37645233,2025/2026,,,,
37645487,2025/2026,22.0,21.0,15.0,41.0
37645622,2025,,,,
37645627,2025,,,,
37645673,2025/2026,36.0,12.0,23.0,5.0
37645698,2025/2026,39.0,10.0,9.0,1.0
37645868,2025/2026,42.0,14.0,18.0,18.0
37645951,2025/2026,18.0,3.0,8.0,1.0
37646066,2025/2026,41.0,4.0,13.0,1.0
37646077,2025/2026,,,,
37646139,2025/2026,24.0,17.0,27.0,20.0
37646144,2025/2026,,,,
37646276,2025/2026,,,,
37646280,2025/2026,70.0,8.0,15.0,11.0
37646373,2025/2026,28.0,63.0,88.0,147.0
37646374,2025,,,,
37646420,2025/2026,,,,
37646456,2025/2026,21.0,10.0,6.0,53.0
37646609,2025/2026,22.0,132.0,50.0,57.0
37646668,2025/2026,29.0,9.0,12.0,2.0
37646866,2025/2026,,,,
37646911,2025/2026,41.0,6.0,13.0,6.0
37646932,2025/2026,,,,
37646945,2025/2026,31.0,20.0,13.0,46.0
37646947,2025/2026,28.0,7.0,9.0,8.0
37646965,2025/2026,16.0,7.0,8.0,3.0
37646970,2025/2026,64.0,2.0,27.0,70.0
37646978,2025/2026,27.0,65.0,53.0,16.0
37647009,2025/2026,,,,
37647086,2025/2026,25.0,21.0,6.0,18.0
37647137,2025/2026,17.0,12.0,4.0,1.0
37647202,2025/2026,44.0,58.0,33.0,65.0
37647406,2025/2026,48.0,106.0,46.0,38.0
37648056,2025/2026,34.0,105.0,62.0,102.0
37648153,2025/2026,,,,
37648164,2025,39.0,44.0,11.0,37.0
37648182,2025/2026,,,,
37648269,2025/2026,,,,
37648294,2025/2026,44.0,21.0,33.0,23.0
37648332,2025,,,,
37648341,2025,65.0,162.0,59.0,38.0
37648345,2025/2026,36.0,20.0,10.0,72.0
37648356,2025,,,,
37648526,2025/2026,14.0,10.0,1.0,2.0
37648572,2025/2026,,,,
37648573,2025/2026,,,,
37648765,2025/2026,36.0,21.0,3.0,21.0
37648771,2025/2026,13.0,42.0,19.0,14.0
37648799,2025/2026,26.0,39.0,29.0,22.0
37648862,2025/2026,48.0,32.0,11.0,38.0
37648900,2025/2026,14.0,26.0,20.0,15.0
37648988,2025/2026,51.0,113.0,51.0,39.0
37648997,2025/2026,,,,
37649287,2025,60.0,36.0,10.0,41.0
37649361,2025/2026,,,,
37649368,2025/2026,,,,
37649471,2025,,,,
37649604,2025/2026,21.0,89.0,37.0,65.0
37649860,2025/2026,48.0,59.0,16.0,50.0
37649866,2025/2026,20.0,20.0,7.0,97.0
37649896,2025/2026,30.0,21.0,15.0,19.0
37649990,2025/2026,36.0,106.0,88.0,133.0
37649995,2025/2026,22.0,38.0,51.0,15.0
37650065,2025/2026,33.0,23.0,7.0,28.0
37650081,2025/2026,29.0,40.0,27.0,23.0
37650095,2025/2026,,,,
37650242,2025/2026,18.0,4.0,6.0,1.0
37650245,2025/2026,58.0,36.0,15.0,11.0
37650284,2025/2026,27.0,9.0,10.0,
37650304,2025/2026,21.0,34.0,31.0,52.0
37650450,2025/2026,20.0,9.0,1.0,19.0
37650664,2025/2026,,,,
37650696,2025/2026,,,,
37651047,2025/2026,47.0,40.0,44.0,54.0
37651091,2025/2026,,,,
37651099,2025/2026,22.0,116.0,62.0,49.0
37651108,2025/2026,14.0,20.0,15.0,20.0
37651113,2025,34.0,108.0,40.0,95.0
37651115,2025/2026,46.0,15.0,12.0,4.0
37651201,2025/2026,9.0,16.0,17.0,15.0
37651204,2025/2026,11.0,26.0,11.0,35.0
37651207,2025/2026,59.0,15.0,8.0,2.0
37651214,2025/2026,40.0,13.0,2.0,17.0
37651216,2025/2026,,,,
37651291,2025,,,,
37651540,2025/2026,59.0,18.0,16.0,28.0
37651542,2025/2026,30.0,50.0,85.0,27.0
37651569,2025,13.0,18.0,7.0,26.0
37651572,2025/2026,71.0,58.0,34.0,112.0
37651669,2025/2026,29.0,53.0,73.0,54.0
37651709,2025/2026,15.0,102.0,94.0,16.0
37651721,2025,15.0,9.0,2.0,11.0
37651968,2025,26.0,57.0,3.0,103.0
37652335,2025/2026,37.0,10.0,9.0,2.0
37652381,2025/2026,11.0,1.0,4.0,
37652434,2025/2026,7.0,15.0,14.0,3.0
37652511,2025/2026,25.0,20.0,11.0,43.0
37652746,2025/2026,20.0,21.0,10.0,10.0
37652750,2025/2026,,,,
37652756,2025/2026,18.0,42.0,48.0,18.0
37652784,2025/2026,,,,
37652787,2025/2026,53.0,21.0,10.0,46.0
37652789,2025/2026,47.0,17.0,10.0,4.0
37652792,2025/2026,47.0,61.0,40.0,32.0
37652794,2025/2026,34.0,38.0,36.0,66.0
37652796,2025/2026,17.0,39.0,21.0,7.0
37652834,2025/2026,16.0,39.0,38.0,1.0
37652954,2025/2026,32.0,46.0,21.0,18.0
37652963,2025/2026,62.0,39.0,15.0,34.0
37653160,2025/2026,,,,
37653166,2025,48.0,17.0,5.0,34.0
37653176,2025/2026,,,,
37653207,2025,,,,
37653208,2025,,,,
37653219,2025,,,,
37653242,2025/2026,15.0,42.0,47.0,36.0
37653247,2025/2026,16.0,14.0,27.0,9.0
37653289,2025/2026,,,,
37653303,2025/2026,,,,
37653323,2025/2026,43.0,10.0,7.0,38.0
37653343,2025/2026,8.0,25.0,31.0,7.0
37653418,2025/2026,,,,
37653423,2025/2026,,,,
37653544,2025/2026,,,,
37653582,2025/2026,,,,
37653586,2025/2026,41.0,45.0,27.0,128.0
37653600,2025/2026,29.0,34.0,21.0,32.0
37653649,2025/2026,,,,
37653813,2025/2026,36.0,35.0,7.0,30.0
37653907,2025/2026,,,,
37654118,2025/2026,22.0,84.0,45.0,63.0
37654184,2025/2026,,,,
37654185,2025/2026,,,,
37654194,2025/2026,8.0,30.0,38.0,6.0
37654241,2025,,,,
37654301,2025/2026,36.0,67.0,40.0,37.0
37655226,2025/2026,,,,
37655233,2025/2026,,,,
37655312,2025,27.0,8.0,6.0,10.0
37655336,2025/2026,,,,
37655682,2025/2026,28.0,3.0,3.0,
37655846,2025/2026,37.0,8.0,10.0,
37656012,2025/2026,28.0,15.0,9.0,37.0
37656028,2025/2026,15.0,24.0,24.0,14.0
37656038,2025/2026,,,,
37656039,2025/2026,,,,
37656051,2025/2026,28.0,11.0,15.0,10.0
37656065,2025,14.0,48.0,18.0,11.0
37656066,2025/2026,92.0,87.0,59.0,135.0
37656068,2025/2026,22.0,3.0,7.0,1.0
37656089,2025/2026,,,,
37656165,2025/2026,12.0,50.0,35.0,15.0
37656166,2025/2026,21.0,8.0,27.0,1.0
37656174,2025/2026,16.0,40.0,19.0,55.0
37656175,2025/2026,25.0,11.0,21.0,34.0
37656179,2025/2026,,,,
37656201,2025/2026,9.0,26.0,56.0,3.0
37656331,2025/2026,21.0,38.0,17.0,43.0
37656398,2025/2026,,,,
37656403,2025/2026,,,,
37656406,2025/2026,,,,
37656474,2025/2026,9.0,4.0,,13.0
37656475,2025/2026,15.0,32.0,37.0,60.0
37656477,2025/2026,2.0,3.0,7.0,
37656480,2025/2026,29.0,62.0,40.0,23.0
37656525,2025,,,,
37656551,2025/2026,22.0,12.0,15.0,6.0
37656640,2025/2026,,,,
37656696,2025/2026,19.0,9.0,12.0,23.0
37656745,2025/2026,82.0,86.0,35.0,94.0
37656783,2025/2026,,,,
37656790,2025/2026,,,,
37656803,2025/2026,21.0,50.0,37.0,73.0
37656811,2025/2026,35.0,9.0,15.0,7.0
37656831,2025/2026,37.0,23.0,6.0,16.0
37656833,2025/2026,38.0,8.0,6.0,
37656835,2025/2026,36.0,25.0,18.0,6.0
37656838,2025/2026,,,,
37656896,2025/2026,34.0,75.0,26.0,44.0
37656924,2025/2026,,,,
37656956,2025/2026,19.0,7.0,11.0,7.0
37657032,2025/2026,29.0,43.0,43.0,39.0
37657045,2025/2026,,,,
37657054,2025/2026,,,,
37657271,2025/2026,,,,
37657274,2025,5.0,8.0,34.0,3.0
37657286,2025/2026,,,,
37657409,2025/2026,29.0,22.0,22.0,11.0
37657586,2025,14.0,5.0,11.0,8.0
37657587,2025/2026,,,,
37657765,2025/2026,62.0,30.0,20.0,21.0
37657770,2025/2026,17.0,27.0,9.0,28.0
37657970,2025/2026,29.0,17.0,13.0,16.0
37657971,2025/2026,16.0,57.0,28.0,101.0
37657986,2025/2026,32.0,18.0,2.0,1.0
37658167,2025/2026,42.0,58.0,25.0,15.0
37658191,2025/2026,49.0,40.0,7.0,5.0
37658194,2025/2026,,,,
37658223,2025/2026,29.0,20.0,11.0,2.0
37658280,2025/2026,,,,
37658386,2025/2026,38.0,35.0,57.0,100.0
37658655,2025,20.0,65.0,45.0,25.0
37658680,2025/2026,,,,
37658682,2025/2026,22.0,9.0,6.0,1.0
37658956,2025/2026,16.0,85.0,60.0,99.0
37659140,2025/2026,30.0,21.0,18.0,2.0
37659154,2025/2026,,,,
37659619,2025/2026,38.0,32.0,27.0,11.0
37659711,2025/2026,12.0,13.0,21.0,12.0
37659713,2025/2026,36.0,70.0,66.0,96.0
37660009,2025/2026,20.0,14.0,2.0,20.0
37660011,2025/2026,52.0,22.0,13.0,10.0
37660069,2025/2026,,,,
37660075,2025/2026,67.0,18.0,24.0,19.0
37660429,2025/2026,,,,
37661011,2025/2026,36.0,18.0,4.0,1.0
37661377,2025/2026,9.0,23.0,26.0,5.0
37661388,2025/2026,,,,
37661391,2025/2026,,,,
37661422,2025/2026,35.0,16.0,10.0,35.0
37661731,2025/2026,56.0,18.0,15.0,23.0
37661739,2025/2026,40.0,15.0,11.0,5.0
37661750,2025,,,,
37661752,2025,,,,
37661760,2025,,,,
37661770,2025/2026,20.0,83.0,40.0,19.0
37661771,2025/2026,14.0,62.0,31.0,46.0
37661850,2025/2026,12.0,8.0,2.0,4.0
37661864,2025/2026,8.0,8.0,3.0,2.0
37661898,2025/2026,,,,
37662099,2025/2026,28.0,78.0,37.0,16.0
37662241,2025/2026,,,,
37662242,2025/2026,24.0,76.0,33.0,50.0
37662406,2025/2026,,,,
37662728,2025/2026,19.0,28.0,36.0,2.0
37662761,2025/2026,91.0,57.0,38.0,16.0
37662845,2025/2026,,,,
37663120,2025/2026,46.0,97.0,37.0,38.0
37663130,2025/2026,55.0,63.0,67.0,25.0
37663254,2025,,,,
37663291,2025/2026,,,,
37663313,2025/2026,55.0,26.0,29.0,7.0
37663391,2025/2026,,,,
37663600,2025,19.0,16.0,8.0,5.0
37663603,2025,21.0,28.0,24.0,38.0
37663604,2025,43.0,39.0,32.0,15.0
37663608,2025/2026,25.0,13.0,10.0,69.0
37663620,2025/2026,,,,
37663659,2025/2026,56.0,34.0,27.0,194.0
37663728,2025/2026,20.0,35.0,10.0,7.0
37663889,2025/2026,21.0,4.0,5.0,7.0
37663893,2025/2026,44.0,76.0,102.0,15.0
37663935,2025,,,,
37663941,2025,12.0,34.0,30.0,22.0
37664151,2025,,,,
37664165,2025/2026,8.0,67.0,20.0,32.0
37664291,2025/2026,23.0,21.0,29.0,63.0
37664351,2025/2026,15.0,61.0,41.0,49.0
37664672,2025,,,,
37664703,2025,19.0,59.0,35.0,6.0
37664761,2025/2026,,,,
37664762,2025/2026,,,,
37664964,2025/2026,,,,
37665154,2025,,,,
37665227,2025/2026,27.0,16.0,16.0,31.0
37665416,2025/2026,5.0,18.0,27.0,2.0
37666322,2025/2026,11.0,76.0,72.0,84.0
37666438,2025/2026,30.0,66.0,32.0,1.0
37666445,2025/2026,,,,
37666500,2025/2026,31.0,19.0,25.0,44.0
37666501,2025/2026,55.0,32.0,36.0,98.0
37666757,2025/2026,19.0,13.0,20.0,4.0
37666773,2025/2026,,,,
37666800,2025,30.0,19.0,11.0,19.0
37666904,2025/2026,37.0,29.0,18.0,9.0
37666937,2025/2026,20.0,11.0,19.0,16.0
37667026,2025/2026,11.0,26.0,16.0,9.0
37667128,2025/2026,24.0,13.0,21.0,24.0
37667163,2025,,,,
37667172,2025/2026,,,,
37667180,2025/2026,25.0,5.0,7.0,5.0
37667194,2025/2026,20.0,27.0,13.0,41.0
37667248,2025/2026,46.0,55.0,11.0,19.0
37667251,2025/2026,,,,
37667253,2025,15.0,58.0,85.0,4.0
37667273,2025/2026,,,,
37667282,2025/2026,34.0,6.0,24.0,5.0
37667301,2025/2026,53.0,52.0,36.0,49.0
37667333,2025/2026,32.0,30.0,6.0,31.0
37667383,2025/2026,16.0,8.0,21.0,1.0
37667491,2025/2026,,,,
37667492,2025/2026,33.0,4.0,4.0,4.0
37667571,2025/2026,57.0,32.0,14.0,41.0
37667846,2025/2026,26.0,10.0,24.0,4.0
37667858,2025,,,,
37668276,2025/2026,26.0,33.0,43.0,8.0
37668391,2025/2026,13.0,25.0,6.0,19.0
37668465,2025/2026,14.0,,,
37668555,2025/2026,18.0,19.0,15.0,26.0
37668568,2025/2026,30.0,8.0,,13.0
37668617,2025/2026,20.0,30.0,5.0,30.0
37668623,2025/2026,21.0,24.0,13.0,32.0
37668630,2025/2026,28.0,23.0,12.0,16.0
37668633,2025/2026,,,,
37668634,2025/2026,64.0,6.0,5.0,5.0
37668679,2025/2026,10.0,6.0,2.0,14.0
37668705,2025/2026,64.0,44.0,47.0,65.0
37668735,2025/2026,54.0,13.0,29.0,5.0
37668736,2025/2026,15.0,1.0,6.0,7.0
37668740,2025/2026,47.0,18.0,15.0,48.0
37668906,2025/2026,22.0,33.0,38.0,38.0
37668930,2025/2026,30.0,30.0,53.0,26.0
37668964,2025/2026,89.0,84.0,12.0,110.0
37669126,2025/2026,,,,
37669268,2025/2026,,,,
37669313,2025/2026,7.0,20.0,45.0,5.0
37669463,2025/2026,,,,
37669532,2025/2026,78.0,62.0,35.0,100.0
37669673,2025,,,,
37669686,2025/2026,,,,
37669790,2025/2026,,,,
37670509,2025/2026,24.0,44.0,40.0,22.0
37671345,2025/2026,31.0,6.0,14.0,1.0
37671350,2025/2026,25.0,33.0,9.0,19.0
37671351,2025/2026,15.0,21.0,41.0,2.0
37671513,2025/2026,23.0,117.0,62.0,21.0
37672028,2025/2026,,,,
37672299,2025/2026,,,,
37672326,2025/2026,15.0,10.0,6.0,7.0
37672471,2025/2026,42.0,140.0,44.0,84.0
37672990,2025/2026,57.0,23.0,20.0,6.0
37673104,2025/2026,,,,
37673148,2025/2026,79.0,36.0,23.0,57.0
37673205,2025/2026,,,,
37673329,2025/2026,,,,
37673330,2025/2026,,,,
37673597,2025/2026,39.0,34.0,21.0,10.0
37673599,2025/2026,16.0,32.0,36.0,8.0
37673610,2025/2026,32.0,32.0,24.0,19.0
37673672,2025/2026,27.0,5.0,19.0,7.0
37674242,2025/2026,50.0,45.0,39.0,26.0
37674290,2025/2026,,,,
37674431,2025/2026,35.0,31.0,73.0,180.0
37674475,2025/2026,49.0,37.0,21.0,29.0
37674628,2025/2026,,,,
37674862,2025/2026,,,,
37675248,2025/2026,,,,
37675261,2025/2026,,,,
37675276,2025/2026,62.0,23.0,16.0,36.0
37675278,2025/2026,54.0,37.0,25.0,9.0
37675777,2025/2026,,,,
37675893,2025/2026,37.0,24.0,13.0,31.0
37675898,2025/2026,,,,
37676046,2025/2026,26.0,22.0,25.0,22.0
37676076,2025/2026,,,,
37676103,2025/2026,,,,
37676114,2025/2026,18.0,9.0,,1.0
37676285,2025/2026,22.0,27.0,23.0,13.0
37676360,2025/2026,22.0,20.0,8.0,23.0
37676403,2025/2026,30.0,27.0,13.0,39.0
37676502,2025/2026,26.0,51.0,42.0,19.0
37676504,2025/2026,18.0,12.0,8.0,4.0
37676531,2025/2026,32.0,20.0,9.0,42.0
37676562,2025/2026,38.0,17.0,12.0,6.0
37676590,2025,,,,
37676603,2025/2026,,,,
37676630,2025/2026,,,,
37676740,2025/2026,41.0,20.0,4.0,50.0
37676786,2025/2026,,,,
37676882,2025/2026,16.0,30.0,28.0,26.0
37676891,2025/2026,,,,
37676914,2025/2026,,,,
37676995,2025/2026,,,,
37677173,2025/2026,28.0,25.0,16.0,12.0
37677217,2025/2026,50.0,59.0,10.0,54.0
37677315,2025/2026,,,,
37677692,2025,,,,
37677869,2025,,,,
37677894,2025/2026,12.0,3.0,9.0,1.0
37677926,2025/2026,41.0,22.0,13.0,3.0
37677939,2025,,,,
37678084,2025,,,,
37678196,2025/2026,41.0,17.0,16.0,13.0
37678224,2025/2026,23.0,52.0,75.0,6.0
37678250,2025/2026,14.0,22.0,23.0,7.0
37678432,2025/2026,15.0,21.0,23.0,35.0
37678433,2025,28.0,5.0,7.0,1.0
37678433,2025/2026,,,,
37678458,2025,50.0,52.0,22.0,124.0
37678621,2025/2026,42.0,14.0,33.0,10.0
37678797,2025/2026,,,,
37678844,2025/2026,17.0,24.0,25.0,15.0
37678884,2025/2026,,,,
37678956,2025,,,,
37679014,2025,,,,
37679014,2025/2026,54.0,14.0,12.0,9.0
37679132,2025/2026,,,,
37679210,2025/2026,,,,
37679253,2025/2026,,,,
37679381,2025,,,,
37679543,2025,,,,
37679565,2025,,,,
37679567,2025,,,,
37679567,2025/2026,,,,
37679571,2025/2026,4.0,1.0,,2.0
37679599,2025/2026,41.0,13.0,14.0,13.0
37679600,2025,47.0,32.0,22.0,210.0
37679601,2025,84.0,25.0,24.0,6.0
37679641,2025/2026,33.0,131.0,68.0,171.0
37679653,2025,,,,
37679662,2025,,,,
37679674,2025,,,,
37680026,2025/2026,9.0,24.0,42.0,1.0
37680048,2025/2026,,,,
37680237,2025/2026,12.0,4.0,,2.0
37680258,2025/2026,,,,
37680349,2025/2026,64.0,32.0,31.0,16.0
37680350,2025/2026,,,,
37680389,2025/2026,,,,
37680390,2025,9.0,22.0,37.0,4.0
37680392,2025/2026,43.0,61.0,17.0,35.0
37680394,2025/2026,73.0,13.0,10.0,
37680470,2025/2026,64.0,48.0,43.0,77.0
37680481,2025,23.0,10.0,,5.0
37680487,2025,34.0,74.0,33.0,72.0
37680579,2025/2026,17.0,46.0,27.0,51.0
37680617,2025/2026,,,,
37680634,2025,,,,
37680644,2025/2026,,,,
37680791,2025/2026,,,,
37680874,2025/2026,30.0,41.0,23.0,61.0
37681081,2025/2026,,,,
37681099,2025/2026,,,,
37681121,2025/2026,,,,
37681191,2025,,,,
37681307,2025,37.0,23.0,8.0,32.0
37681430,2025/2026,,,,
37681446,2025/2026,24.0,42.0,53.0,19.0
37681494,2025/2026,8.0,47.0,29.0,19.0
37681539,2025,,,,
37681543,2025/2026,19.0,9.0,4.0,1.0
37681555,2025,,,,
37681576,2025/2026,,,,
37681606,2025,,,,
37681766,2025,,,,
37681820,2025/2026,57.0,50.0,23.0,15.0
37681831,2025/2026,32.0,28.0,4.0,27.0
37681890,2025/2026,20.0,19.0,10.0,
37681944,2025,,,,
37682151,2025,,,,
37682223,2025/2026,48.0,20.0,22.0,11.0
37682243,2025/2026,,,,
37682332,2025/2026,23.0,23.0,13.0,7.0
37682621,2025/2026,,,,
37682805,2025/2026,25.0,56.0,38.0,23.0
37682875,2025,13.0,7.0,8.0,26.0
37682949,2025,31.0,15.0,9.0,13.0
37682971,2025,,,,
37683059,2025/2026,,,,
37683099,2025,,,,
37683160,2025/2026,,,,
37683410,2025/2026,,,,
37683421,2025,48.0,59.0,35.0,19.0
37683424,2025,24.0,3.0,13.0,5.0
37683488,2025,,,,
37683500,2025/2026,,,,
37683507,2025/2026,,,,
37683587,2025/2026,,,,
37683588,2025/2026,,,,
37683589,2025/2026,,,,
37683590,2025/2026,26.0,7.0,6.0,2.0
37683594,2025/2026,,,,
37683596,2025/2026,5.0,13.0,11.0,5.0
37683654,2025,7.0,19.0,36.0,
37683710,2025/2026,97.0,35.0,12.0,54.0
37683782,2025,9.0,21.0,44.0,70.0
37683794,2025,19.0,35.0,49.0,8.0
37683821,2025/2026,,,,
37683869,2025,17.0,13.0,5.0,8.0
37683887,2025/2026,10.0,57.0,42.0,49.0
37683890,2025/2026,14.0,56.0,100.0,8.0
37684017,2025/2026,,,,
37684057,2025/2026,23.0,2.0,4.0,7.0
37684160,2025/2026,,,,
37684319,2025/2026,,,,
37684384,2025,,,,
37684446,2025/2026,49.0,62.0,39.0,77.0
37684480,2025/2026,29.0,2.0,9.0,1.0
37684491,2025/2026,20.0,71.0,14.0,15.0
37684630,2025/2026,,,,
37684739,2025/2026,22.0,58.0,35.0,108.0
37684749,2025,19.0,44.0,21.0,36.0
37684783,2025/2026,21.0,6.0,4.0,17.0
37684814,2025,,,,
37684845,2025/2026,75.0,93.0,37.0,83.0
37684846,2025/2026,52.0,12.0,10.0,15.0
37684847,2025/2026,26.0,34.0,26.0,18.0
37684902,2025/2026,19.0,10.0,4.0,8.0
37684943,2025,19.0,14.0,19.0,7.0
37685095,2025/2026,25.0,21.0,12.0,21.0
37685096,2025/2026,33.0,47.0,25.0,42.0
37685381,2025/2026,,,,
37685614,2025,11.0,29.0,16.0,54.0
37685630,2025/2026,,,,
37685669,2025,8.0,6.0,8.0,2.0
37685699,2025/2026,57.0,45.0,15.0,130.0
37685870,2025/2026,,,,
37685911,2025/2026,28.0,79.0,36.0,19.0
37686119,2025,,,,
37686120,2025/2026,36.0,23.0,88.0,7.0
37686147,2025/2026,,,,
37686296,2025/2026,40.0,20.0,12.0,5.0
37686328,2025/2026,34.0,4.0,6.0,
37686329,2025,,,,
37686491,2025/2026,33.0,50.0,3.0,22.0
37686724,2025,,,,
37686805,2025,29.0,2.0,4.0,23.0
37687021,2025,,,,
37687068,2025/2026,6.0,14.0,49.0,1.0
37687097,2025/2026,,,,
37687109,2025,,,,
37687218,2025,,,,
37687219,2025,,,,
37687410,2025,,,,
37687494,2025/2026,52.0,28.0,10.0,32.0
37687496,2025/2026,53.0,34.0,40.0,46.0
37687549,2025/2026,39.0,92.0,28.0,18.0
37687845,2025/2026,17.0,35.0,27.0,21.0
37687848,2025/2026,,,,
37687910,2025,16.0,19.0,21.0,23.0
37687921,2025/2026,7.0,18.0,24.0,15.0
37687947,2025/2026,17.0,62.0,32.0,109.0
37688014,2025/2026,23.0,45.0,10.0,58.0
37688070,2025/2026,64.0,84.0,30.0,152.0
37688142,2025/2026,38.0,15.0,14.0,5.0
37688181,2025/2026,,,,
37688184,2025/2026,,,,
37688197,2025/2026,26.0,11.0,11.0,27.0
37688200,2025/2026,18.0,10.0,6.0,15.0
37688205,2025/2026,15.0,19.0,41.0,3.0
37688240,2025/2026,19.0,10.0,6.0,1.0
37688266,2025/2026,28.0,52.0,31.0,30.0
37688270,2025,,,,
37688552,2025/2026,39.0,1.0,8.0,3.0
37688661,2025,,,,
37688779,2025/2026,,,,
37688780,2025/2026,,,,
37688968,2025/2026,11.0,15.0,14.0,8.0
37689167,2025,,,,
37689169,2025,14.0,11.0,15.0,89.0
37689236,2025/2026,23.0,65.0,49.0,42.0
37689252,2025/2026,61.0,32.0,23.0,53.0
37689295,2025/2026,59.0,28.0,12.0,24.0
37689357,2025/2026,24.0,4.0,7.0,5.0
37689358,2025/2026,11.0,6.0,3.0,1.0
37689538,2025/2026,,,,
37689556,2025,,,,
37689559,2025/2026,,,,
37689575,2025,,,,
37689784,2025,,,,
37689817,2025/2026,21.0,24.0,21.0,20.0
37689864,2025/2026,39.0,11.0,5.0,6.0
37690121,2025,41.0,11.0,3.0,3.0
37690158,2025/2026,50.0,32.0,9.0,7.0
37690197,2025/2026,25.0,40.0,16.0,41.0
37690218,2025/2026,4.0,11.0,16.0,3.0
37690276,2025,33.0,36.0,31.0,3.0
37690403,2025/2026,8.0,1.0,4.0,4.0
37690413,2025,,,,
37690418,2025,,,,
37690439,2025,,,,
37690641,2025/2026,64.0,32.0,19.0,89.0
37690743,2025/2026,,,,
37690872,2025/2026,11.0,17.0,26.0,22.0
37691085,2025/2026,,,,
37691370,2025,,,,
37691402,2025,,,,
37691426,2025,,,,
37691445,2025,,,,
37691462,2025/2026,20.0,83.0,32.0,87.0
37691505,2025/2026,48.0,12.0,17.0,5.0
37691580,2025/2026,,,,
37691588,2025/2026,,,,
37691638,2025,,,,
37691722,2025,,,,
37691726,2025/2026,25.0,9.0,10.0,1.0
37691778,2025,,,,
37691828,2025,36.0,43.0,25.0,26.0
37691835,2025,16.0,2.0,10.0,3.0
37691885,2025/2026,29.0,9.0,11.0,2.0
37691888,2025,25.0,40.0,89.0,54.0
37692095,2025/2026,,,,
37692363,2025/2026,8.0,10.0,6.0,
37692397,2025,35.0,10.0,12.0,1.0
37692636,2025,70.0,80.0,7.0,42.0
37692747,2025,13.0,92.0,40.0,39.0
37692873,2025/2026,18.0,42.0,38.0,25.0
37692903,2025,,,,
37693096,2025,,,,
37693642,2025,,,,
37693924,2025/2026,24.0,35.0,27.0,7.0
37693973,2025/2026,38.0,30.0,21.0,63.0
37693996,2025/2026,42.0,42.0,29.0,32.0
37693999,2025/2026,12.0,23.0,44.0,16.0
37694071,2025/2026,69.0,24.0,11.0,10.0
37694115,2025/2026,31.0,26.0,7.0,28.0
37694165,2025,13.0,67.0,31.0,89.0
37694165,2025/2026,,,,
37694304,2025/2026,24.0,8.0,13.0,9.0
37694306,2025/2026,,,,
37694353,2025/2026,11.0,17.0,15.0,13.0
37694399,2025/2026,27.0,52.0,36.0,58.0
37694419,2025/2026,47.0,40.0,53.0,11.0
37694961,2025/2026,,,,
37695114,2025,45.0,20.0,21.0,9.0
37695330,2025/2026,,,,
37695373,2025/2026,,,,
37695458,2025/2026,22.0,9.0,,23.0
37695473,2025,,,,
37695492,2025,,,,
37695603,2025/2026,18.0,,7.0,5.0
37695662,2025,23.0,38.0,17.0,53.0
37695717,2025/2026,45.0,34.0,15.0,22.0
37695979,2025/2026,22.0,25.0,60.0,44.0
37696103,2025/2026,34.0,28.0,3.0,5.0
37696190,2025,,,,
37696370,2025/2026,78.0,34.0,18.0,36.0
37696417,2025/2026,27.0,16.0,21.0,13.0
37696515,2025/2026,59.0,40.0,14.0,6.0
37696569,2025/2026,11.0,4.0,5.0,2.0
37696582,2025/2026,19.0,4.0,5.0,14.0
37696592,2025/2026,48.0,43.0,6.0,33.0
37696593,2025,,,,
37696979,2025/2026,44.0,11.0,10.0,1.0
37697001,2025/2026,41.0,62.0,21.0,86.0
37697230,2025/2026,,,,
37697289,2025/2026,2.0,7.0,7.0,10.0
37697380,2025/2026,2.0,2.0,12.0,
37697405,2025/2026,62.0,35.0,21.0,35.0
37697417,2025/2026,,,,
37697418,2025/2026,8.0,2.0,18.0,
37697452,2025/2026,25.0,22.0,10.0,16.0
37697595,2025/2026,38.0,12.0,5.0,21.0
37698005,2025/2026,,,,
37698192,2025/2026,30.0,10.0,10.0,22.0
37698283,2025,,,,
37698549,2025/2026,21.0,7.0,13.0,4.0
37698715,2025/2026,57.0,60.0,5.0,58.0
37698736,2025,10.0,28.0,37.0,5.0
37699171,2025/2026,5.0,9.0,12.0,10.0
37699443,2025/2026,,,,
37699612,2025/2026,21.0,94.0,53.0,11.0
37699619,2025,,,,
37699703,2025,,,,
37699787,2025/2026,,,,
37699836,2025/2026,,,,
37700158,2025/2026,24.0,53.0,46.0,29.0
37700505,2025/2026,17.0,27.0,21.0,69.0
37700699,2025,64.0,66.0,16.0,142.0
37700705,2025/2026,17.0,6.0,3.0,63.0
37700750,2025/2026,18.0,65.0,12.0,59.0
37700931,2025,,,,
37701260,2025/2026,28.0,42.0,23.0,11.0
37701291,2025,25.0,3.0,18.0,
37701412,2025/2026,,,,
37701534,2025,,,,
37701535,2025,,,,
37701655,2025,33.0,40.0,8.0,42.0
37701746,2025,,,,
37701796,2025/2026,38.0,31.0,6.0,48.0
37701806,2025/2026,36.0,42.0,25.0,20.0
37701865,2025,88.0,44.0,33.0,80.0
37701954,2025,36.0,39.0,13.0,13.0
37702000,2025,,,,
37702039,2025/2026,,,,
37702055,2025,11.0,13.0,24.0,5.0
37702120,2025/2026,,,,
37702211,2025/2026,,,,
37702219,2025,,,,
37702398,2025/2026,,,,
37702404,2025,29.0,47.0,18.0,16.0
37702500,2025/2026,,,,
37702588,2025/2026,37.0,43.0,7.0,30.0
37702590,2025,62.0,31.0,1.0,5.0
37702608,2025/2026,22.0,19.0,9.0,15.0
37702630,2025/2026,16.0,14.0,10.0,40.0
37702638,2025/2026,46.0,51.0,35.0,30.0
37702642,2025/2026,79.0,18.0,25.0,34.0
37702672,2025/2026,10.0,12.0,34.0,3.0
37702705,2025,,,,
37702810,2025/2026,,,,
37702841,2025,19.0,34.0,21.0,11.0
37702848,2025/2026,75.0,15.0,31.0,57.0
37702897,2025/2026,13.0,64.0,15.0,31.0
37703240,2025/2026,,,,
37703244,2025/2026,70.0,14.0,7.0,39.0
37703250,2025/2026,34.0,13.0,9.0,11.0
37703252,2025/2026,60.0,24.0,12.0,9.0
37703378,2025/2026,,,,
37703433,2025/2026,24.0,43.0,33.0,121.0
37703449,2025/2026,20.0,7.0,6.0,
37703450,2025,24.0,26.0,35.0,58.0
37703532,2025,,,,
37703563,2025,,,,
37703964,2025/2026,50.0,50.0,37.0,16.0
37704221,2025/2026,26.0,15.0,6.0,23.0
37704240,2025/2026,43.0,20.0,12.0,6.0
37704300,2025/2026,47.0,33.0,80.0,43.0
37704328,2025/2026,23.0,12.0,6.0,1.0
37704463,2025/2026,14.0,35.0,28.0,5.0
37704500,2025,16.0,11.0,7.0,11.0
37704507,2025/2026,48.0,28.0,6.0,39.0
37704597,2025/2026,46.0,77.0,50.0,31.0
37704641,2025,,,,
37704770,2025/2026,36.0,35.0,20.0,22.0
37704786,2025/2026,87.0,48.0,17.0,15.0
37704799,2025/2026,3.0,4.0,2.0,3.0
37704804,2025/2026,6.0,20.0,20.0,9.0
37704919,2025/2026,29.0,12.0,16.0,13.0
37704990,2025/2026,40.0,35.0,17.0,45.0
37704994,2025/2026,21.0,10.0,10.0,5.0
37704997,2025/2026,18.0,60.0,24.0,17.0
37705033,2025/2026,26.0,38.0,56.0,30.0
37705435,2025/2026,,,,
37705524,2025/2026,36.0,48.0,26.0,101.0
37705612,2025/2026,,,,
37705618,2025/2026,42.0,19.0,22.0,1.0
37705665,2025/2026,42.0,14.0,10.0,23.0
37705747,2025/2026,37.0,28.0,46.0,18.0
37705839,2025/2026,17.0,15.0,18.0,23.0
37705841,2025/2026,13.0,57.0,42.0,16.0
37705846,2025,14.0,10.0,6.0,8.0
37705883,2025/2026,89.0,62.0,26.0,136.0
37705907,2025,,,,
37705907,2025/2026,,,,
37706028,2025/2026,41.0,5.0,5.0,2.0
37706035,2025/2026,,,,
37706036,2025/2026,,,,
37706179,2025/2026,,,,
37706392,2025/2026,33.0,26.0,15.0,35.0
37706450,2025/2026,10.0,14.0,20.0,1.0
37706709,2025/2026,8.0,35.0,31.0,12.0
37706738,2025/2026,12.0,35.0,34.0,35.0
37706787,2025/2026,24.0,13.0,32.0,5.0
37707016,2025,18.0,62.0,37.0,52.0
37707206,2025/2026,,,,
37707467,2025,,,,
37707588,2025/2026,29.0,84.0,36.0,20.0
37707615,2025,61.0,30.0,17.0,61.0
37707846,2025/2026,,,,
37707848,2025/2026,15.0,3.0,3.0,4.0
37708547,2025/2026,20.0,15.0,18.0,8.0
37708556,2025/2026,,,,
37708558,2025/2026,,,,
37708605,2025/2026,,,,
37708606,2025/2026,,,,
37708644,2025/2026,33.0,5.0,14.0,4.0
37708736,2025/2026,43.0,22.0,12.0,8.0
37708783,2025,,,,
37708923,2025/2026,,,,
37709264,2025/2026,6.0,3.0,2.0,1.0
37709599,2025/2026,,,,
37709605,2025/2026,,,,
37709607,2025/2026,,,,
37709608,2025/2026,,,,
37709615,2025/2026,23.0,20.0,17.0,4.0
37709746,2025/2026,11.0,18.0,5.0,18.0
37709987,2025,36.0,6.0,13.0,4.0
37710043,2025/2026,8.0,31.0,39.0,4.0
37710045,2025/2026,55.0,21.0,14.0,10.0
37710129,2025/2026,,,,
37710199,2025,5.0,4.0,2.0,3.0
37710212,2025/2026,45.0,33.0,21.0,10.0
37710213,2025,55.0,25.0,12.0,3.0
37710225,2025,77.0,48.0,24.0,45.0
37710239,2025/2026,,,,
37710543,2025/2026,38.0,56.0,41.0,37.0
37710548,2025/2026,49.0,28.0,11.0,25.0
37710703,2025/2026,5.0,17.0,8.0,5.0
37711071,2025/2026,23.0,20.0,4.0,39.0
37711162,2025/2026,58.0,57.0,21.0,26.0
37711163,2025/2026,17.0,21.0,37.0,4.0
37711265,2025/2026,28.0,11.0,7.0,46.0
37711330,2025,,,,
37711399,2025/2026,,,,
37711410,2025,42.0,71.0,9.0,28.0
37711533,2025/2026,,,,
37711542,2025/2026,37.0,19.0,25.0,47.0
37711713,2025/2026,,,,
37711755,2025/2026,29.0,8.0,12.0,2.0
37711815,2025/2026,,,,
37711853,2025/2026,,,,
37711930,2025/2026,44.0,32.0,18.0,13.0
37712012,2025/2026,26.0,22.0,16.0,3.0
37712144,2025,21.0,36.0,11.0,46.0
37712369,2025/2026,,,,
37712527,2025/2026,,,,
37712685,2025/2026,33.0,22.0,12.0,5.0
37713957,2025,26.0,45.0,40.0,18.0
37714004,2025/2026,43.0,11.0,3.0,2.0
37714017,2025/2026,9.0,22.0,28.0,7.0
37714126,2025/2026,7.0,3.0,7.0,3.0
37714190,2025/2026,,,,
37714261,2025/2026,,,,
37714535,2025/2026,22.0,48.0,57.0,80.0
37714553,2025/2026,18.0,16.0,4.0,57.0
37714559,2025/2026,40.0,137.0,37.0,38.0
37714620,2025/2026,40.0,86.0,60.0,13.0
37714857,2025/2026,,,,
37714987,2025/2026,15.0,24.0,37.0,16.0
37715071,2025/2026,,,,
37715072,2025/2026,,,,
37715073,2025/2026,,,,
37715079,2025/2026,,,,
37715082,2025/2026,,,,
37715192,2025/2026,,,,
37715302,2025/2026,,,,
37715330,2025/2026,22.0,14.0,9.0,21.0
37715335,2025/2026,26.0,23.0,23.0,18.0
37715349,2025/2026,,,,
37715432,2025/2026,,,,
37715435,2025/2026,40.0,65.0,43.0,25.0
37715690,2025,43.0,11.0,16.0,6.0
37715697,2025/2026,,,,
37715699,2025/2026,,,,
37715764,2025,18.0,45.0,30.0,34.0
37715786,2025/2026,9.0,64.0,33.0,57.0
37715797,2025/2026,16.0,29.0,14.0,20.0
37715799,2025/2026,17.0,14.0,7.0,35.0
37715883,2025/2026,,,,
37716028,2025/2026,10.0,15.0,46.0,4.0
37716529,2025/2026,,,,
37716600,2025/2026,40.0,73.0,52.0,86.0
37716602,2025/2026,29.0,23.0,22.0,9.0
37716699,2025/2026,10.0,35.0,28.0,96.0
37716722,2025/2026,51.0,43.0,61.0,76.0
37716962,2025/2026,,,,
37716963,2025/2026,,,,
37717176,2025/2026,,,,
37717195,2025/2026,31.0,21.0,11.0,3.0
37717305,2025/2026,45.0,4.0,3.0,4.0
37717408,2025/2026,53.0,31.0,8.0,7.0
37717672,2025/2026,20.0,31.0,12.0,5.0
37717736,2025,,,,
37717821,2025/2026,,,,
37717875,2025/2026,,,,
37717886,2025/2026,55.0,28.0,11.0,7.0
37718039,2025/2026,18.0,11.0,10.0,3.0
37718071,2025/2026,,,,
37718104,2025/2026,54.0,32.0,9.0,40.0
37718224,2025/2026,22.0,49.0,25.0,18.0
37718246,2025/2026,,,,
37718363,2025/2026,,,,
37718555,2025/2026,,,,
37718557,2025/2026,,,,
37718559,2025/2026,,,,
37718672,2025/2026,21.0,25.0,24.0,43.0
37718673,2025/2026,36.0,18.0,22.0,20.0
37718674,2025/2026,11.0,23.0,26.0,6.0
37718994,2025/2026,3.0,34.0,52.0,9.0
37719051,2025/2026,43.0,28.0,23.0,32.0
37719239,2025/2026,35.0,22.0,13.0,4.0
37719250,2025/2026,26.0,41.0,20.0,40.0
37719386,2025/2026,31.0,28.0,32.0,25.0
37719435,2025/2026,43.0,4.0,20.0,19.0
37719502,2025,,,,
37719514,2025/2026,11.0,19.0,27.0,2.0
37719515,2025/2026,17.0,67.0,41.0,142.0
37719653,2025/2026,,,,
37719716,2025/2026,,,,
37719905,2025/2026,26.0,21.0,6.0,6.0
37719994,2025/2026,,,,
37720110,2025,,,,
37720268,2025/2026,42.0,15.0,3.0,1.0
37720296,2025,,,,
37720652,2025/2026,,,,
37720742,2025/2026,8.0,24.0,8.0,13.0
37720772,2025/2026,,,,
37720968,2025/2026,25.0,7.0,5.0,6.0
37721018,2025/2026,,,,
37721019,2025/2026,,,,
37721036,2025,68.0,9.0,14.0,7.0
37721043,2025/2026,,,,
37721100,2025/2026,29.0,63.0,22.0,17.0
37721104,2025/2026,19.0,58.0,23.0,22.0
37721163,2025/2026,85.0,43.0,12.0,56.0
37721205,2025/2026,25.0,4.0,3.0,1.0
37721206,2025/2026,10.0,2.0,7.0,
37721211,2025/2026,,1.0,,
37721238,2025/2026,38.0,15.0,10.0,2.0
37721278,2025,3.0,2.0,1.0,1.0
37721281,2025,33.0,39.0,11.0,65.0
37721308,2025/2026,9.0,3.0,4.0,4.0
37721337,2025/2026,34.0,54.0,5.0,29.0
37721359,2025/2026,,,,
37721360,2025/2026,,,,
37721365,2025/2026,,,,
37721379,2025/2026,,,,
37721466,2025/2026,38.0,20.0,29.0,6.0
37721764,2025/2026,35.0,23.0,11.0,3.0
37722327,2025/2026,,,,
37722503,2025/2026,44.0,19.0,26.0,30.0
37722644,2025/2026,15.0,3.0,5.0,1.0
37722751,2025/2026,37.0,32.0,6.0,30.0
37722752,2025/2026,48.0,20.0,59.0,9.0
37722753,2025/2026,35.0,28.0,47.0,17.0
37722784,2025/2026,57.0,14.0,4.0,6.0
37722787,2025/2026,16.0,,11.0,1.0
37722794,2025/2026,25.0,20.0,18.0,2.0
37722795,2025/2026,47.0,11.0,10.0,1.0
37722914,2025/2026,63.0,30.0,20.0,6.0
37722917,2025/2026,42.0,28.0,12.0,7.0
37722931,2025/2026,54.0,24.0,10.0,37.0
37722932,2025/2026,12.0,9.0,6.0,9.0
37722934,2025/2026,17.0,91.0,42.0,37.0
37723121,2025/2026,26.0,47.0,38.0,56.0
37723164,2025/2026,23.0,77.0,41.0,24.0
37723169,2025/2026,14.0,36.0,26.0,26.0
37723258,2025,,,,
37723424,2025/2026,,,,
37723526,2025/2026,25.0,24.0,23.0,25.0
37723654,2025/2026,31.0,20.0,4.0,16.0
37723662,2025/2026,32.0,93.0,50.0,73.0
37723753,2025/2026,11.0,24.0,37.0,5.0
37723761,2025/2026,17.0,18.0,8.0,36.0
37723871,2025/2026,24.0,34.0,8.0,37.0
37724269,2025/2026,40.0,44.0,15.0,48.0
37724444,2025/2026,28.0,13.0,6.0,5.0
37724507,2025/2026,7.0,13.0,5.0,5.0
37724508,2025/2026,25.0,108.0,62.0,44.0
37724664,2025/2026,27.0,18.0,1.0,52.0
37724665,2025/2026,67.0,78.0,38.0,118.0
37725115,2025/2026,29.0,13.0,24.0,24.0
37725116,2025/2026,10.0,29.0,21.0,20.0
37725122,2025/2026,40.0,30.0,14.0,14.0
37725606,2025/2026,8.0,15.0,37.0,4.0
37725780,2025/2026,14.0,17.0,17.0,8.0
37725782,2025/2026,34.0,47.0,63.0,14.0
37725959,2025/2026,17.0,109.0,44.0,25.0
37726030,2025/2026,7.0,11.0,27.0,3.0
37726101,2025/2026,,,,
37726575,2025/2026,,,,
37726587,2025/2026,47.0,22.0,7.0,7.0
37726595,2025/2026,44.0,40.0,16.0,5.0
37726622,2025/2026,20.0,41.0,24.0,20.0
37726724,2025,,,,
37727058,2025/2026,12.0,74.0,42.0,36.0
37727083,2025,,,,
37727091,2025/2026,22.0,5.0,12.0,2.0
37727866,2025/2026,,,,
37728208,2025/2026,53.0,34.0,8.0,91.0
37728406,2025/2026,25.0,22.0,18.0,12.0
37728549,2025/2026,7.0,66.0,33.0,109.0
37728553,2025/2026,28.0,3.0,6.0,19.0
37729240,2025/2026,,,,
37729389,2025/2026,22.0,86.0,31.0,34.0
37729574,2025,,,,
37729623,2025,,,,
37729623,2025/2026,,,,
37729625,2025,,,,
37729802,2025/2026,30.0,74.0,50.0,32.0
37729902,2025/2026,27.0,58.0,42.0,55.0
37730008,2025/2026,10.0,57.0,32.0,16.0
37730032,2025/2026,18.0,26.0,6.0,11.0
37730059,2025/2026,14.0,32.0,15.0,23.0
37730080,2025/2026,36.0,53.0,10.0,35.0
37730180,2025/2026,,,,
37730306,2025/2026,,,,
37730404,2025/2026,47.0,13.0,18.0,2.0
37730406,2025/2026,26.0,26.0,16.0,8.0
37730479,2025/2026,22.0,52.0,18.0,50.0
37730515,2025,,,,
37731112,2025/2026,,,,
37731203,2025/2026,,,,
37731227,2025,17.0,43.0,30.0,49.0
37731254,2025/2026,55.0,38.0,19.0,39.0
37731298,2025/2026,,,,
37731365,2025/2026,15.0,38.0,49.0,47.0
37732161,2025/2026,,,,
37732292,2025/2026,28.0,32.0,24.0,7.0
37732436,2025/2026,33.0,40.0,15.0,40.0
37732502,2025/2026,17.0,9.0,7.0,1.0
37732699,2025/2026,8.0,17.0,20.0,1.0
37732903,2025/2026,,,,
37732949,2025/2026,,,,
37733019,2025/2026,45.0,35.0,19.0,7.0
37733327,2025/2026,,,,
37733807,2025/2026,30.0,26.0,14.0,7.0
37734019,2025/2026,39.0,23.0,13.0,12.0
37734185,2025,,,,
37734277,2025/2026,4.0,12.0,34.0,10.0
37734293,2025/2026,15.0,8.0,5.0,2.0
37734644,2025/2026,,,,
37734717,2025/2026,27.0,13.0,16.0,13.0
37734763,2025/2026,47.0,23.0,4.0,20.0
37735343,2025,,,,
37735347,2025,,,,
37735348,2025/2026,38.0,70.0,92.0,9.0
37735519,2025/2026,,,,
37735852,2025/2026,10.0,,7.0,
37735899,2025/2026,,,,
37736024,2025/2026,60.0,47.0,30.0,21.0
37736026,2025/2026,22.0,26.0,36.0,99.0
37736094,2025/2026,,,,
37736095,2025/2026,43.0,35.0,17.0,43.0
37736118,2025/2026,26.0,29.0,16.0,22.0
37736209,2025/2026,18.0,18.0,21.0,2.0
37736282,2025,,,,
37736497,2025/2026,49.0,21.0,16.0,14.0
37736501,2025,,,,
37736669,2025,,,,
37736801,2025/2026,18.0,101.0,33.0,84.0
37736809,2025/2026,9.0,31.0,75.0,11.0
37736884,2025/2026,46.0,15.0,18.0,16.0
37736885,2025,,,,
37736987,2025/2026,32.0,51.0,32.0,54.0
37737192,2025,,,,
37737195,2025,30.0,25.0,17.0,9.0
37737205,2025,,,,
37737209,2025,,,,
37737371,2025,,,,
37737382,2025/2026,63.0,107.0,48.0,103.0
37737392,2025,,,,
37737459,2025/2026,26.0,49.0,15.0,45.0
37737615,2025,,,,
37737620,2025/2026,,,,
37737871,2025/2026,,,,
37738002,2025/2026,,,,
37738103,2025,,,,
37738301,2025/2026,8.0,21.0,37.0,22.0
37738333,2025/2026,,,,
37738599,2025/2026,18.0,57.0,53.0,14.0
37738669,2025,,,,
37738684,2025/2026,,,,
37738877,2025/2026,47.0,29.0,14.0,3.0
37738960,2025,36.0,43.0,98.0,18.0
37739098,2025,30.0,21.0,22.0,6.0
37739100,2025/2026,20.0,43.0,16.0,43.0
37739152,2025/2026,7.0,12.0,37.0,1.0
37739232,2025/2026,,,,
37739269,2025/2026,30.0,128.0,76.0,44.0
37739331,2025/2026,34.0,25.0,8.0,1.0
37739373,2025/2026,,,,
37739582,2025,,,,
37739641,2025,,,,
37739767,2025,,,,
37739833,2025,,,,
37739835,2025,,,,
37739839,2025,,,,
37739870,2025,,,,
37739884,2025/2026,,,,
37739911,2025,,,,
37740000,2025/2026,,,,
37740037,2025,,,,
37740042,2025,42.0,27.0,1.0,25.0
37740065,2025,,,,
37740183,2025,12.0,27.0,44.0,6.0
37740218,2025,,,,
37740474,2025,,,,
37740614,2025/2026,11.0,66.0,7.0,27.0
37740713,2025,,,,
37740773,2025/2026,15.0,78.0,43.0,31.0
37740814,2025/2026,,,,
37740883,2025/2026,,,,
37741519,2025/2026,1.0,1.0,2.0,1.0
37741522,2025/2026,14.0,12.0,5.0,
37741530,2025/2026,39.0,58.0,48.0,60.0
37741798,2025,,,,
37742189,2025/2026,18.0,16.0,12.0,25.0
37742265,2025/2026,33.0,32.0,16.0,82.0
37742403,2025,,,,
37742478,2025,,,,
37742824,2025/2026,,,,
37743069,2025,14.0,8.0,11.0,3.0
37743072,2025,9.0,34.0,8.0,28.0
37743077,2025,,,,
37743121,2025/2026,,,,
37743157,2025,,,,
37743310,2025/2026,87.0,30.0,6.0,1.0
37743371,2025/2026,3.0,22.0,18.0,2.0
37743678,2025/2026,1.0,5.0,1.0,1.0
37743689,2025/2026,14.0,12.0,2.0,2.0
37743805,2025/2026,20.0,11.0,9.0,4.0
37744332,2025,8.0,40.0,35.0,29.0
37744511,2025/2026,29.0,90.0,67.0,70.0
37744553,2025/2026,24.0,79.0,50.0,35.0
37744628,2025/2026,41.0,24.0,7.0,4.0
37744741,2025/2026,2.0,9.0,4.0,6.0
37744774,2025,,,,
37745035,2025/2026,32.0,35.0,80.0,139.0
37745418,2025/2026,29.0,35.0,27.0,30.0
37745878,2025/2026,21.0,105.0,54.0,72.0
37745992,2025/2026,40.0,20.0,14.0,4.0
37746416,2025/2026,,,,
37746545,2025,,,,
37746546,2025,,,,
37746870,2025/2026,23.0,13.0,27.0,33.0
37747296,2025/2026,23.0,29.0,15.0,41.0
37747412,2025,,,,
37747533,2025,,,,
37747572,2025,,,,
37747728,2025/2026,,,,
37747809,2025/2026,15.0,28.0,15.0,6.0
37747932,2025/2026,21.0,6.0,6.0,3.0
37748134,2025,,,,
37748161,2025,,,,
37748224,2025/2026,9.0,23.0,18.0,24.0
37748294,2025,,,,
37748381,2025/2026,27.0,66.0,35.0,52.0
37748515,2025,,,,
37748618,2025,17.0,172.0,20.0,93.0
37748959,2025/2026,26.0,28.0,12.0,
37749199,2025/2026,12.0,57.0,41.0,68.0
37749385,2025,,,,
37750086,2025/2026,,,,
37750233,2025,60.0,63.0,12.0,163.0
37750257,2025/2026,21.0,24.0,11.0,5.0
37750482,2025,21.0,17.0,14.0,2.0
37750900,2025/2026,17.0,38.0,17.0,18.0
37750901,2025/2026,10.0,17.0,33.0,6.0
37751396,2025,,,,
37751584,2025,,,,
37751603,2025/2026,22.0,5.0,6.0,
37751912,2025/2026,35.0,10.0,21.0,13.0
37751917,2025/2026,24.0,30.0,24.0,36.0
37752140,2025/2026,50.0,130.0,86.0,114.0
37752312,2025/2026,21.0,11.0,6.0,4.0
37752675,2025/2026,,,,
37753106,2025/2026,29.0,13.0,13.0,3.0
37753871,2025/2026,23.0,14.0,5.0,10.0
37754869,2025,,,,
37755168,2025/2026,33.0,86.0,41.0,84.0
37755206,2025/2026,29.0,31.0,16.0,14.0
37755983,2025/2026,26.0,71.0,22.0,25.0
37756082,2025/2026,73.0,22.0,1.0,22.0
37756111,2025/2026,91.0,61.0,27.0,13.0
37757373,2025/2026,3.0,15.0,23.0,22.0
37757395,2025/2026,14.0,3.0,13.0,8.0
37757421,2025,,,,
37757933,2025/2026,21.0,14.0,9.0,16.0
37758059,2025/2026,44.0,13.0,14.0,29.0
37758075,2025,,,,
37758113,2025/2026,20.0,92.0,82.0,75.0
37758240,2025/2026,,,,
37758795,2025,,,,
37759675,2025/2026,46.0,47.0,56.0,95.0
37759678,2025,,,,
37759706,2025/2026,,,,
37759770,2025/2026,,,,
37759934,2025/2026,,,,
37760405,2025,5.0,,1.0,
37760424,2025/2026,19.0,19.0,20.0,15.0
37760510,2025/2026,,,,
37760511,2025/2026,,,,
37760730,2025/2026,35.0,9.0,7.0,
37760969,2025/2026,,,,
37761070,2025/2026,28.0,27.0,44.0,8.0
37761103,2025/2026,49.0,63.0,23.0,28.0
37761121,2025/2026,38.0,90.0,60.0,39.0
37761133,2025/2026,,,,
37761258,2025,,,,
37761346,2025/2026,51.0,26.0,16.0,36.0
37761823,2025/2026,30.0,43.0,28.0,39.0
37761941,2025/2026,34.0,31.0,10.0,47.0
37762049,2025,25.0,57.0,16.0,84.0
37762068,2025/2026,29.0,8.0,24.0,7.0
37762071,2025/2026,91.0,43.0,13.0,19.0
37762072,2025/2026,,,,
37762150,2025/2026,57.0,46.0,20.0,6.0
37762152,2025,,,,
37762356,2025/2026,25.0,21.0,16.0,11.0
37762377,2025,30.0,4.0,18.0,4.0
37762481,2025,,,,
37762874,2025/2026,26.0,26.0,49.0,42.0
37763434,2025/2026,77.0,27.0,5.0,64.0
37763844,2025/2026,,,,
37764339,2025/2026,16.0,23.0,3.0,29.0
37764499,2025/2026,,,,
37764537,2025/2026,,,,
37764546,2025/2026,37.0,25.0,13.0,12.0
37764605,2025/2026,41.0,5.0,23.0,2.0
37764801,2025/2026,1.0,7.0,5.0,1.0
37764816,2025/2026,12.0,44.0,55.0,15.0
37765103,2025/2026,48.0,20.0,6.0,12.0
37765329,2025/2026,,,,
37765540,2025/2026,44.0,40.0,18.0,52.0
37766974,2025/2026,46.0,15.0,12.0,4.0
37766975,2025/2026,21.0,32.0,23.0,25.0
37767518,2025/2026,30.0,30.0,24.0,51.0
37767705,2025/2026,9.0,18.0,19.0,1.0
37767711,2025/2026,68.0,82.0,78.0,70.0
37767882,2025/2026,,,,
37768065,2025/2026,,,,
37768886,2025/2026,8.0,42.0,34.0,16.0
37769079,2025/2026,,,,
37769563,2025/2026,31.0,17.0,6.0,31.0
37769567,2025/2026,12.0,39.0,35.0,3.0
37769580,2025/2026,,,,
37769627,2025/2026,46.0,15.0,3.0,17.0
37769787,2025/2026,28.0,5.0,6.0,10.0
37769831,2025/2026,,,,
37769833,2025/2026,,,,
37769835,2025/2026,,,,
37769988,2025/2026,26.0,18.0,29.0,8.0
37770015,2025/2026,,,,
37770028,2025/2026,53.0,61.0,3.0,30.0
37771026,2025/2026,,,,
37771674,2025/2026,,,,
37771701,2025/2026,30.0,78.0,50.0,45.0
37772015,2025,4.0,32.0,27.0,10.0
37773021,2025/2026,14.0,17.0,20.0,31.0
37773053,2025/2026,,,,
37773120,2025/2026,10.0,5.0,4.0,2.0
37773259,2025/2026,10.0,27.0,28.0,8.0
37773399,2025/2026,23.0,94.0,35.0,80.0
37773415,2025/2026,44.0,10.0,4.0,
37773792,2025/2026,,,,
37773793,2025/2026,,,,
37773800,2025/2026,,,,
37774107,2025/2026,35.0,4.0,6.0,2.0
37774860,2025/2026,23.0,39.0,72.0,18.0
37775431,2025/2026,25.0,29.0,43.0,84.0
37776499,2025/2026,22.0,48.0,37.0,90.0
37777286,2025,17.0,67.0,51.0,36.0
37777468,2025/2026,33.0,49.0,26.0,92.0
37778220,2025/2026,16.0,76.0,61.0,29.0
37778502,2025/2026,,,,
37778516,2025/2026,12.0,50.0,27.0,88.0
37778646,2025,,,,
37778646,2025/2026,26.0,30.0,9.0,20.0
37779137,2025/2026,,,,
37779259,2025/2026,,,,
37779568,2025/2026,13.0,23.0,28.0,6.0
37779728,2025/2026,,,,
37779790,2025/2026,12.0,56.0,26.0,16.0
37780238,2025,,,,
37780433,2025,,,,
37780593,2025/2026,41.0,4.0,26.0,4.0
37780754,2025,,,,
37781207,2025,1.0,4.0,15.0,2.0
37782390,2025/2026,5.0,18.0,33.0,1.0
37783267,2025/2026,17.0,12.0,7.0,1.0
37783476,2025/2026,,,,
37783485,2025/2026,59.0,22.0,30.0,198.0
37783542,2025,,,,
37783548,2025/2026,30.0,16.0,6.0,14.0
37784340,2025/2026,8.0,26.0,35.0,4.0
37784451,2025/2026,,,,
37784459,2025/2026,36.0,8.0,3.0,4.0
37786259,2025/2026,48.0,37.0,33.0,34.0
37787101,2025,31.0,35.0,20.0,22.0
37787102,2025,11.0,24.0,4.0,3.0
37787315,2025/2026,,,,
37787350,2025/2026,,,,
37787358,2025/2026,,,,
37787359,2025/2026,,,,
37787735,2025/2026,,,,
37787740,2025/2026,29.0,27.0,25.0,33.0
37787854,2025/2026,,,,
37787934,2025/2026,58.0,47.0,18.0,47.0
37788159,2025/2026,,,,
37788209,2025/2026,,,,
37788413,2025/2026,,,,
37788798,2025/2026,15.0,33.0,31.0,82.0
37788996,2025/2026,25.0,7.0,7.0,1.0
37789244,2025/2026,,,,
37789905,2025/2026,,,,
37789939,2025/2026,,,,
37904226,2025/2026,,,,
37906758,2025/2026,12.0,18.0,23.0,63.0
37907119,2025/2026,25.0,78.0,51.0,17.0
37907411,2025/2026,41.0,12.0,16.0,2.0
37907468,2025/2026,,,,
37907681,2025/2026,26.0,33.0,41.0,41.0
37907684,2025/2026,61.0,47.0,12.0,15.0
37907686,2025/2026,46.0,43.0,11.0,65.0
37908101,2025/2026,31.0,42.0,29.0,26.0
37908172,2025/2026,,,,
37909215,2025/2026,37.0,5.0,7.0,2.0
37909881,2025/2026,27.0,22.0,16.0,11.0
37910046,2025/2026,14.0,21.0,23.0,61.0
37910133,2025,,,,
37910186,2025,,,,
37910190,2025,,,,
37910641,2025,,,,
37910690,2025/2026,,,,
37910724,2025,,,,
37910733,2025,,,,
37911049,2025/2026,15.0,7.0,40.0,7.0
37911551,2025,,,,
37911643,2025/2026,,,,
37912237,2025/2026,,,,
37912266,2025/2026,35.0,33.0,23.0,42.0
37912348,2025/2026,38.0,46.0,28.0,15.0
37912519,2025,,,,
37912519,2025/2026,14.0,2.0,2.0,1.0
37912861,2025/2026,,,,
37913592,2025,,,,
37913635,2025,,,,
37913910,2025,,,,
37913913,2025,,,,
37914624,2025/2026,,,,
37914848,2025/2026,,,,
37914945,2025,11.0,26.0,60.0,7.0
37915430,2025/2026,48.0,23.0,8.0,18.0
37915480,2025,31.0,12.0,23.0,11.0
37915518,2025/2026,15.0,59.0,18.0,32.0
37915521,2025/2026,,,,
37915710,2025/2026,4.0,13.0,23.0,6.0
37915762,2025,,,,
37916293,2025/2026,14.0,63.0,45.0,8.0
37916297,2025/2026,27.0,12.0,7.0,37.0
37916674,2025,,,,
37916809,2025,,,,
37917457,2025,,,,
37918301,2025,,,,
37919162,2025,,,,
37919244,2025/2026,,,,
37919770,2025,6.0,17.0,19.0,3.0
37919886,2025,45.0,26.0,7.0,58.0
37920220,2025/2026,74.0,47.0,36.0,21.0
37920608,2025,24.0,35.0,11.0,8.0
37920608,2025/2026,31.0,18.0,27.0,4.0
37920611,2025,34.0,12.0,9.0,9.0
37920612,2025,17.0,49.0,22.0,34.0
37920613,2025,16.0,21.0,37.0,2.0
37920793,2025/2026,37.0,1.0,3.0,2.0
37921647,2025/2026,28.0,178.0,79.0,63.0
37921852,2025,20.0,22.0,24.0,17.0
37921904,2025,27.0,23.0,11.0,9.0
37921981,2025/2026,24.0,17.0,11.0,33.0
37922937,2025/2026,,,,
37923324,2025/2026,34.0,21.0,16.0,38.0
37923844,2025,,,,
37923969,2025,,,,
37924015,2025,3.0,44.0,13.0,13.0
37924016,2025,16.0,36.0,39.0,17.0
37924102,2025/2026,,1.0,,4.0
37924407,2025,,,,
37924965,2025,,,,
37924970,2025,,,,
37927678,2025/2026,25.0,5.0,2.0,6.0
37928897,2025/2026,3.0,2.0,1.0,1.0
37932437,2025/2026,,,,
37933263,2025/2026,,,,
37933462,2025/2026,,,,
37937828,2025/2026,34.0,4.0,4.0,4.0
37938591,2025/2026,24.0,3.0,6.0,5.0
37939253,2025/2026,50.0,30.0,31.0,16.0
37941554,2025,,,,
37944337,2025/2026,,,,
37944920,2025/2026,,,,
37944931,2025/2026,22.0,22.0,23.0,6.0
37944932,2025/2026,26.0,58.0,27.0,19.0
37947728,2025/2026,,,,
37953970,2025/2026,9.0,34.0,15.0,31.0
37954129,2025/2026,104.0,44.0,22.0,16.0
38099631,2025/2026,,,,
38126973,2025/2026,,,,
38126975,2025/2026,,,,
38150397,2025/2026,,,,
38150399,2025/2026,,,,
38200096,2025/2026,24.0,7.0,2.0,13.0
38200900,2025/2026,,,,
38200924,2025/2026,,,,
38200926,2025/2026,,,,
38201174,2025/2026,12.0,30.0,30.0,9.0
38201175,2025/2026,20.0,2.0,6.0,
38201194,2025/2026,16.0,18.0,16.0,59.0
38201214,2025/2026,24.0,68.0,17.0,7.0
38201417,2025/2026,,,,
38201421,2025/2026,,,,
38201501,2025/2026,,,,
38201502,2025/2026,,,,
38201504,2025/2026,,,,
38201505,2025/2026,,,,
38201512,2025/2026,,,,
38201788,2025/2026,39.0,29.0,11.0,10.0
38201790,2025/2026,34.0,12.0,16.0,5.0
38201799,2025/2026,35.0,22.0,23.0,12.0
38201949,2025/2026,14.0,41.0,59.0,5.0
38202036,2025/2026,,3.0,2.0,
38202127,2025/2026,26.0,12.0,8.0,9.0
38202150,2025/2026,48.0,101.0,59.0,37.0
38202256,2025/2026,18.0,5.0,7.0,2.0
38202267,2025/2026,28.0,17.0,17.0,6.0
38203952,2025/2026,29.0,6.0,4.0,4.0
38204727,2025/2026,57.0,36.0,18.0,7.0
38204755,2025/2026,21.0,4.0,8.0,17.0
38204785,2025/2026,,,,
38204937,2025/2026,27.0,17.0,3.0,55.0
38205101,2025/2026,46.0,34.0,10.0,23.0
38206179,2025/2026,17.0,22.0,49.0,26.0
38207416,2025/2026,17.0,28.0,12.0,4.0
38207426,2025/2026,16.0,13.0,12.0,28.0
38207464,2025/2026,66.0,29.0,24.0,7.0
38208042,2025/2026,11.0,14.0,17.0,25.0
38208576,2025/2026,,,,
38208729,2025/2026,,,,
38208752,2025/2026,,,,
